Campaign,Ad Group,Ad type,Labels,Headline 1,Headline 1 position,Headline 2,Headline 2 position,Headline 3,Headline 3 position,Headline 4,Headline 4 position,Headline 5,Headline 5 position,Headline 6,Headline 6 position,Headline 7,Headline 7 position,Headline 8,Headline 8 position,Headline 9,Headline 9 position,Headline 10,Headline 10 position,Headline 11,Headline 11 position,Headline 12,Headline 12 position,Headline 13,Headline 13 position,Headline 14,Headline 14 position,Headline 15,Headline 15 position,Description 1,Description 1 position,Description 2,Description 2 position,Description 3,Description 3 position,Description 4,Description 4 position,Path 1,Path 2,Final URL,Final mobile URL,Tracking template,Final URL suffix,Custom parameters,Campaign Status,Ad Group Status,Status,Approval Status,Ad strength,Comment
SZ_Search_BayArea_Hyper_ExactPhrase_2026_v3,Geo San Francisco Repair,Responsive search ad,hyper12000_urgency,Sub-Zero Repair San Francisco,1,San Francisco Sub-Zero Service,,"Call Now, Book in Minutes",,Fast Bay Area Response,,No Work Without Approval,,Independent Service Team,,Insured Local Technicians,,180-Day Parts Warranty,,180-Day Labor Warranty,,$99 Fee Credited,,Clear On-Site Diagnosis,,Sub-Zero Service Experts,,Book Your Service Window,,Repair Focused Results,,Get Priority Scheduling,,Same-day or next-day slots. Fast SMS confirmation for your service window.,,$99 service call is credited toward repair when you approve the work.,,"Independent, insured team. 180-day warranty on labor and installed parts.",,Book now for clear diagnosis and high-value Sub-Zero repair in Bay Area.,,san-francisco,repair,https://my-appliance-repair.pro/subzero/,,,,,Enabled,Enabled,Enabled,,,Hyper-segmented RSA variant
SZ_Search_BayArea_Hyper_ExactPhrase_2026_v3,Geo San Francisco Repair,Responsive search ad,hyper12000_trust,Sub-Zero Repair San Francisco,1,San Francisco Sub-Zero Service,,Independent Repair Experts,,Fast Bay Area Response,,No Work Without Approval,,Independent Service Team,,Insured Local Technicians,,180-Day Parts Warranty,,180-Day Labor Warranty,,$99 Fee Credited,,Clear On-Site Diagnosis,,Sub-Zero Service Experts,,Book Your Service Window,,Repair Focused Results,,Get Priority Scheduling,,Independent Sub-Zero repair service. Not affiliated with any manufacturer.,,Insured technicians and 180-day warranty on labor and installed parts.,,Clear diagnosis first. You approve all work before any repair starts.,,"Professional communication, clean service, and reliable follow-through.",,san-francisco,repair,https://my-appliance-repair.pro/subzero/,,,,,Enabled,Enabled,Enabled,,,Hyper-segmented RSA variant
SZ_Search_BayArea_Hyper_ExactPhrase_2026_v3,Geo San Francisco Repair,Responsive search ad,hyper12000_conversion,Sub-Zero Repair San Francisco,1,San Francisco Sub-Zero Service,,Focused on Real Repairs,,Fast Bay Area Response,,No Work Without Approval,,Independent Service Team,,Insured Local Technicians,,180-Day Parts Warranty,,180-Day Labor Warranty,,$99 Fee Credited,,Clear On-Site Diagnosis,,Sub-Zero Service Experts,,Book Your Service Window,,Repair Focused Results,,Get Priority Scheduling,,Book quickly online or by phone. We confirm your window fast.,,$99 diagnostic is credited when you proceed with approved repair work.,,"We focus on cooling, freezing, leak, ice, and control system failures.",,"Short, clear process designed for fast, qualified service leads.",,san-francisco,repair,https://my-appliance-repair.pro/subzero/,,,,,Enabled,Enabled,Enabled,,,Hyper-segmented RSA variant
SZ_Search_BayArea_Hyper_ExactPhrase_2026_v3,Geo San Jose Repair,Responsive search ad,hyper12000_urgency,Sub-Zero Repair San Jose,1,San Jose Sub-Zero Service,,"Call Now, Book in Minutes",,Fast Bay Area Response,,No Work Without Approval,,Independent Service Team,,Insured Local Technicians,,180-Day Parts Warranty,,180-Day Labor Warranty,,$99 Fee Credited,,Clear On-Site Diagnosis,,Sub-Zero Service Experts,,Book Your Service Window,,Repair Focused Results,,Get Priority Scheduling,,Same-day or next-day slots. Fast SMS confirmation for your service window.,,$99 service call is credited toward repair when you approve the work.,,"Independent, insured team. 180-day warranty on labor and installed parts.",,Book now for clear diagnosis and high-value Sub-Zero repair in Bay Area.,,san-jose,repair,https://my-appliance-repair.pro/subzero/,,,,,Enabled,Enabled,Enabled,,,Hyper-segmented RSA variant
SZ_Search_BayArea_Hyper_ExactPhrase_2026_v3,Geo San Jose Repair,Responsive search ad,hyper12000_trust,Sub-Zero Repair San Jose,1,San Jose Sub-Zero Service,,Independent Repair Experts,,Fast Bay Area Response,,No Work Without Approval,,Independent Service Team,,Insured Local Technicians,,180-Day Parts Warranty,,180-Day Labor Warranty,,$99 Fee Credited,,Clear On-Site Diagnosis,,Sub-Zero Service Experts,,Book Your Service Window,,Repair Focused Results,,Get Priority Scheduling,,Independent Sub-Zero repair service. Not affiliated with any manufacturer.,,Insured technicians and 180-day warranty on labor and installed parts.,,Clear diagnosis first. You approve all work before any repair starts.,,"Professional communication, clean service, and reliable follow-through.",,san-jose,repair,https://my-appliance-repair.pro/subzero/,,,,,Enabled,Enabled,Enabled,,,Hyper-segmented RSA variant
SZ_Search_BayArea_Hyper_ExactPhrase_2026_v3,Geo San Jose Repair,Responsive search ad,hyper12000_conversion,Sub-Zero Repair San Jose,1,San Jose Sub-Zero Service,,Focused on Real Repairs,,Fast Bay Area Response,,No Work Without Approval,,Independent Service Team,,Insured Local Technicians,,180-Day Parts Warranty,,180-Day Labor Warranty,,$99 Fee Credited,,Clear On-Site Diagnosis,,Sub-Zero Service Experts,,Book Your Service Window,,Repair Focused Results,,Get Priority Scheduling,,Book quickly online or by phone. We confirm your window fast.,,$99 diagnostic is credited when you proceed with approved repair work.,,"We focus on cooling, freezing, leak, ice, and control system failures.",,"Short, clear process designed for fast, qualified service leads.",,san-jose,repair,https://my-appliance-repair.pro/subzero/,,,,,Enabled,Enabled,Enabled,,,Hyper-segmented RSA variant
SZ_Search_BayArea_Hyper_ExactPhrase_2026_v3,Geo Oakland Repair,Responsive search ad,hyper12000_urgency,Sub-Zero Repair Oakland,1,Oakland Sub-Zero Service,,"Call Now, Book in Minutes",,Fast Bay Area Response,,No Work Without Approval,,Independent Service Team,,Insured Local Technicians,,180-Day Parts Warranty,,180-Day Labor Warranty,,$99 Fee Credited,,Clear On-Site Diagnosis,,Sub-Zero Service Experts,,Book Your Service Window,,Repair Focused Results,,Get Priority Scheduling,,Same-day or next-day slots. Fast SMS confirmation for your service window.,,$99 service call is credited toward repair when you approve the work.,,"Independent, insured team. 180-day warranty on labor and installed parts.",,Book now for clear diagnosis and high-value Sub-Zero repair in Bay Area.,,oakland,repair,https://my-appliance-repair.pro/subzero/,,,,,Enabled,Enabled,Enabled,,,Hyper-segmented RSA variant
SZ_Search_BayArea_Hyper_ExactPhrase_2026_v3,Geo Oakland Repair,Responsive search ad,hyper12000_trust,Sub-Zero Repair Oakland,1,Oakland Sub-Zero Service,,Independent Repair Experts,,Fast Bay Area Response,,No Work Without Approval,,Independent Service Team,,Insured Local Technicians,,180-Day Parts Warranty,,180-Day Labor Warranty,,$99 Fee Credited,,Clear On-Site Diagnosis,,Sub-Zero Service Experts,,Book Your Service Window,,Repair Focused Results,,Get Priority Scheduling,,Independent Sub-Zero repair service. Not affiliated with any manufacturer.,,Insured technicians and 180-day warranty on labor and installed parts.,,Clear diagnosis first. You approve all work before any repair starts.,,"Professional communication, clean service, and reliable follow-through.",,oakland,repair,https://my-appliance-repair.pro/subzero/,,,,,Enabled,Enabled,Enabled,,,Hyper-segmented RSA variant
SZ_Search_BayArea_Hyper_ExactPhrase_2026_v3,Geo Oakland Repair,Responsive search ad,hyper12000_conversion,Sub-Zero Repair Oakland,1,Oakland Sub-Zero Service,,Focused on Real Repairs,,Fast Bay Area Response,,No Work Without Approval,,Independent Service Team,,Insured Local Technicians,,180-Day Parts Warranty,,180-Day Labor Warranty,,$99 Fee Credited,,Clear On-Site Diagnosis,,Sub-Zero Service Experts,,Book Your Service Window,,Repair Focused Results,,Get Priority Scheduling,,Book quickly online or by phone. We confirm your window fast.,,$99 diagnostic is credited when you proceed with approved repair work.,,"We focus on cooling, freezing, leak, ice, and control system failures.",,"Short, clear process designed for fast, qualified service leads.",,oakland,repair,https://my-appliance-repair.pro/subzero/,,,,,Enabled,Enabled,Enabled,,,Hyper-segmented RSA variant
SZ_Search_BayArea_Hyper_ExactPhrase_2026_v3,Geo Palo Alto Repair,Responsive search ad,hyper12000_urgency,Sub-Zero Repair Palo Alto,1,Palo Alto Sub-Zero Service,,"Call Now, Book in Minutes",,Fast Bay Area Response,,No Work Without Approval,,Independent Service Team,,Insured Local Technicians,,180-Day Parts Warranty,,180-Day Labor Warranty,,$99 Fee Credited,,Clear On-Site Diagnosis,,Sub-Zero Service Experts,,Book Your Service Window,,Repair Focused Results,,Get Priority Scheduling,,Same-day or next-day slots. Fast SMS confirmation for your service window.,,$99 service call is credited toward repair when you approve the work.,,"Independent, insured team. 180-day warranty on labor and installed parts.",,Book now for clear diagnosis and high-value Sub-Zero repair in Bay Area.,,palo-alto,repair,https://my-appliance-repair.pro/subzero/,,,,,Enabled,Enabled,Enabled,,,Hyper-segmented RSA variant
SZ_Search_BayArea_Hyper_ExactPhrase_2026_v3,Geo Palo Alto Repair,Responsive search ad,hyper12000_trust,Sub-Zero Repair Palo Alto,1,Palo Alto Sub-Zero Service,,Independent Repair Experts,,Fast Bay Area Response,,No Work Without Approval,,Independent Service Team,,Insured Local Technicians,,180-Day Parts Warranty,,180-Day Labor Warranty,,$99 Fee Credited,,Clear On-Site Diagnosis,,Sub-Zero Service Experts,,Book Your Service Window,,Repair Focused Results,,Get Priority Scheduling,,Independent Sub-Zero repair service. Not affiliated with any manufacturer.,,Insured technicians and 180-day warranty on labor and installed parts.,,Clear diagnosis first. You approve all work before any repair starts.,,"Professional communication, clean service, and reliable follow-through.",,palo-alto,repair,https://my-appliance-repair.pro/subzero/,,,,,Enabled,Enabled,Enabled,,,Hyper-segmented RSA variant
SZ_Search_BayArea_Hyper_ExactPhrase_2026_v3,Geo Palo Alto Repair,Responsive search ad,hyper12000_conversion,Sub-Zero Repair Palo Alto,1,Palo Alto Sub-Zero Service,,Focused on Real Repairs,,Fast Bay Area Response,,No Work Without Approval,,Independent Service Team,,Insured Local Technicians,,180-Day Parts Warranty,,180-Day Labor Warranty,,$99 Fee Credited,,Clear On-Site Diagnosis,,Sub-Zero Service Experts,,Book Your Service Window,,Repair Focused Results,,Get Priority Scheduling,,Book quickly online or by phone. We confirm your window fast.,,$99 diagnostic is credited when you proceed with approved repair work.,,"We focus on cooling, freezing, leak, ice, and control system failures.",,"Short, clear process designed for fast, qualified service leads.",,palo-alto,repair,https://my-appliance-repair.pro/subzero/,,,,,Enabled,Enabled,Enabled,,,Hyper-segmented RSA variant
SZ_Search_BayArea_Hyper_ExactPhrase_2026_v3,Geo Mountain View Repair,Responsive search ad,hyper12000_urgency,Sub-Zero Repair Mountain View,1,Mountain View Sub-Zero Service,,"Call Now, Book in Minutes",,Fast Bay Area Response,,No Work Without Approval,,Independent Service Team,,Insured Local Technicians,,180-Day Parts Warranty,,180-Day Labor Warranty,,$99 Fee Credited,,Clear On-Site Diagnosis,,Sub-Zero Service Experts,,Book Your Service Window,,Repair Focused Results,,Get Priority Scheduling,,Same-day or next-day slots. Fast SMS confirmation for your service window.,,$99 service call is credited toward repair when you approve the work.,,"Independent, insured team. 180-day warranty on labor and installed parts.",,Book now for clear diagnosis and high-value Sub-Zero repair in Bay Area.,,mountain-view,repair,https://my-appliance-repair.pro/subzero/,,,,,Enabled,Enabled,Enabled,,,Hyper-segmented RSA variant
SZ_Search_BayArea_Hyper_ExactPhrase_2026_v3,Geo Mountain View Repair,Responsive search ad,hyper12000_trust,Sub-Zero Repair Mountain View,1,Mountain View Sub-Zero Service,,Independent Repair Experts,,Fast Bay Area Response,,No Work Without Approval,,Independent Service Team,,Insured Local Technicians,,180-Day Parts Warranty,,180-Day Labor Warranty,,$99 Fee Credited,,Clear On-Site Diagnosis,,Sub-Zero Service Experts,,Book Your Service Window,,Repair Focused Results,,Get Priority Scheduling,,Independent Sub-Zero repair service. Not affiliated with any manufacturer.,,Insured technicians and 180-day warranty on labor and installed parts.,,Clear diagnosis first. You approve all work before any repair starts.,,"Professional communication, clean service, and reliable follow-through.",,mountain-view,repair,https://my-appliance-repair.pro/subzero/,,,,,Enabled,Enabled,Enabled,,,Hyper-segmented RSA variant
SZ_Search_BayArea_Hyper_ExactPhrase_2026_v3,Geo Mountain View Repair,Responsive search ad,hyper12000_conversion,Sub-Zero Repair Mountain View,1,Mountain View Sub-Zero Service,,Focused on Real Repairs,,Fast Bay Area Response,,No Work Without Approval,,Independent Service Team,,Insured Local Technicians,,180-Day Parts Warranty,,180-Day Labor Warranty,,$99 Fee Credited,,Clear On-Site Diagnosis,,Sub-Zero Service Experts,,Book Your Service Window,,Repair Focused Results,,Get Priority Scheduling,,Book quickly online or by phone. We confirm your window fast.,,$99 diagnostic is credited when you proceed with approved repair work.,,"We focus on cooling, freezing, leak, ice, and control system failures.",,"Short, clear process designed for fast, qualified service leads.",,mountain-view,repair,https://my-appliance-repair.pro/subzero/,,,,,Enabled,Enabled,Enabled,,,Hyper-segmented RSA variant
SZ_Search_BayArea_Hyper_ExactPhrase_2026_v3,Geo Sunnyvale Repair,Responsive search ad,hyper12000_urgency,Sub-Zero Repair Sunnyvale,1,Sunnyvale Sub-Zero Service,,"Call Now, Book in Minutes",,Fast Bay Area Response,,No Work Without Approval,,Independent Service Team,,Insured Local Technicians,,180-Day Parts Warranty,,180-Day Labor Warranty,,$99 Fee Credited,,Clear On-Site Diagnosis,,Sub-Zero Service Experts,,Book Your Service Window,,Repair Focused Results,,Get Priority Scheduling,,Same-day or next-day slots. Fast SMS confirmation for your service window.,,$99 service call is credited toward repair when you approve the work.,,"Independent, insured team. 180-day warranty on labor and installed parts.",,Book now for clear diagnosis and high-value Sub-Zero repair in Bay Area.,,sunnyvale,repair,https://my-appliance-repair.pro/subzero/,,,,,Enabled,Enabled,Enabled,,,Hyper-segmented RSA variant
SZ_Search_BayArea_Hyper_ExactPhrase_2026_v3,Geo Sunnyvale Repair,Responsive search ad,hyper12000_trust,Sub-Zero Repair Sunnyvale,1,Sunnyvale Sub-Zero Service,,Independent Repair Experts,,Fast Bay Area Response,,No Work Without Approval,,Independent Service Team,,Insured Local Technicians,,180-Day Parts Warranty,,180-Day Labor Warranty,,$99 Fee Credited,,Clear On-Site Diagnosis,,Sub-Zero Service Experts,,Book Your Service Window,,Repair Focused Results,,Get Priority Scheduling,,Independent Sub-Zero repair service. Not affiliated with any manufacturer.,,Insured technicians and 180-day warranty on labor and installed parts.,,Clear diagnosis first. You approve all work before any repair starts.,,"Professional communication, clean service, and reliable follow-through.",,sunnyvale,repair,https://my-appliance-repair.pro/subzero/,,,,,Enabled,Enabled,Enabled,,,Hyper-segmented RSA variant
SZ_Search_BayArea_Hyper_ExactPhrase_2026_v3,Geo Sunnyvale Repair,Responsive search ad,hyper12000_conversion,Sub-Zero Repair Sunnyvale,1,Sunnyvale Sub-Zero Service,,Focused on Real Repairs,,Fast Bay Area Response,,No Work Without Approval,,Independent Service Team,,Insured Local Technicians,,180-Day Parts Warranty,,180-Day Labor Warranty,,$99 Fee Credited,,Clear On-Site Diagnosis,,Sub-Zero Service Experts,,Book Your Service Window,,Repair Focused Results,,Get Priority Scheduling,,Book quickly online or by phone. We confirm your window fast.,,$99 diagnostic is credited when you proceed with approved repair work.,,"We focus on cooling, freezing, leak, ice, and control system failures.",,"Short, clear process designed for fast, qualified service leads.",,sunnyvale,repair,https://my-appliance-repair.pro/subzero/,,,,,Enabled,Enabled,Enabled,,,Hyper-segmented RSA variant
SZ_Search_BayArea_Hyper_ExactPhrase_2026_v3,Geo San Mateo Repair,Responsive search ad,hyper12000_urgency,Sub-Zero Repair San Mateo,1,San Mateo Sub-Zero Service,,"Call Now, Book in Minutes",,Fast Bay Area Response,,No Work Without Approval,,Independent Service Team,,Insured Local Technicians,,180-Day Parts Warranty,,180-Day Labor Warranty,,$99 Fee Credited,,Clear On-Site Diagnosis,,Sub-Zero Service Experts,,Book Your Service Window,,Repair Focused Results,,Get Priority Scheduling,,Same-day or next-day slots. Fast SMS confirmation for your service window.,,$99 service call is credited toward repair when you approve the work.,,"Independent, insured team. 180-day warranty on labor and installed parts.",,Book now for clear diagnosis and high-value Sub-Zero repair in Bay Area.,,san-mateo,repair,https://my-appliance-repair.pro/subzero/,,,,,Enabled,Enabled,Enabled,,,Hyper-segmented RSA variant
SZ_Search_BayArea_Hyper_ExactPhrase_2026_v3,Geo San Mateo Repair,Responsive search ad,hyper12000_trust,Sub-Zero Repair San Mateo,1,San Mateo Sub-Zero Service,,Independent Repair Experts,,Fast Bay Area Response,,No Work Without Approval,,Independent Service Team,,Insured Local Technicians,,180-Day Parts Warranty,,180-Day Labor Warranty,,$99 Fee Credited,,Clear On-Site Diagnosis,,Sub-Zero Service Experts,,Book Your Service Window,,Repair Focused Results,,Get Priority Scheduling,,Independent Sub-Zero repair service. Not affiliated with any manufacturer.,,Insured technicians and 180-day warranty on labor and installed parts.,,Clear diagnosis first. You approve all work before any repair starts.,,"Professional communication, clean service, and reliable follow-through.",,san-mateo,repair,https://my-appliance-repair.pro/subzero/,,,,,Enabled,Enabled,Enabled,,,Hyper-segmented RSA variant
SZ_Search_BayArea_Hyper_ExactPhrase_2026_v3,Geo San Mateo Repair,Responsive search ad,hyper12000_conversion,Sub-Zero Repair San Mateo,1,San Mateo Sub-Zero Service,,Focused on Real Repairs,,Fast Bay Area Response,,No Work Without Approval,,Independent Service Team,,Insured Local Technicians,,180-Day Parts Warranty,,180-Day Labor Warranty,,$99 Fee Credited,,Clear On-Site Diagnosis,,Sub-Zero Service Experts,,Book Your Service Window,,Repair Focused Results,,Get Priority Scheduling,,Book quickly online or by phone. We confirm your window fast.,,$99 diagnostic is credited when you proceed with approved repair work.,,"We focus on cooling, freezing, leak, ice, and control system failures.",,"Short, clear process designed for fast, qualified service leads.",,san-mateo,repair,https://my-appliance-repair.pro/subzero/,,,,,Enabled,Enabled,Enabled,,,Hyper-segmented RSA variant
SZ_Search_BayArea_Hyper_ExactPhrase_2026_v3,Geo Redwood City Repair,Responsive search ad,hyper12000_urgency,Sub-Zero Repair Redwood City,1,Redwood City Sub-Zero Service,,"Call Now, Book in Minutes",,Fast Bay Area Response,,No Work Without Approval,,Independent Service Team,,Insured Local Technicians,,180-Day Parts Warranty,,180-Day Labor Warranty,,$99 Fee Credited,,Clear On-Site Diagnosis,,Sub-Zero Service Experts,,Book Your Service Window,,Repair Focused Results,,Get Priority Scheduling,,Same-day or next-day slots. Fast SMS confirmation for your service window.,,$99 service call is credited toward repair when you approve the work.,,"Independent, insured team. 180-day warranty on labor and installed parts.",,Book now for clear diagnosis and high-value Sub-Zero repair in Bay Area.,,redwood-city,repair,https://my-appliance-repair.pro/subzero/,,,,,Enabled,Enabled,Enabled,,,Hyper-segmented RSA variant
SZ_Search_BayArea_Hyper_ExactPhrase_2026_v3,Geo Redwood City Repair,Responsive search ad,hyper12000_trust,Sub-Zero Repair Redwood City,1,Redwood City Sub-Zero Service,,Independent Repair Experts,,Fast Bay Area Response,,No Work Without Approval,,Independent Service Team,,Insured Local Technicians,,180-Day Parts Warranty,,180-Day Labor Warranty,,$99 Fee Credited,,Clear On-Site Diagnosis,,Sub-Zero Service Experts,,Book Your Service Window,,Repair Focused Results,,Get Priority Scheduling,,Independent Sub-Zero repair service. Not affiliated with any manufacturer.,,Insured technicians and 180-day warranty on labor and installed parts.,,Clear diagnosis first. You approve all work before any repair starts.,,"Professional communication, clean service, and reliable follow-through.",,redwood-city,repair,https://my-appliance-repair.pro/subzero/,,,,,Enabled,Enabled,Enabled,,,Hyper-segmented RSA variant
SZ_Search_BayArea_Hyper_ExactPhrase_2026_v3,Geo Redwood City Repair,Responsive search ad,hyper12000_conversion,Sub-Zero Repair Redwood City,1,Redwood City Sub-Zero Service,,Focused on Real Repairs,,Fast Bay Area Response,,No Work Without Approval,,Independent Service Team,,Insured Local Technicians,,180-Day Parts Warranty,,180-Day Labor Warranty,,$99 Fee Credited,,Clear On-Site Diagnosis,,Sub-Zero Service Experts,,Book Your Service Window,,Repair Focused Results,,Get Priority Scheduling,,Book quickly online or by phone. We confirm your window fast.,,$99 diagnostic is credited when you proceed with approved repair work.,,"We focus on cooling, freezing, leak, ice, and control system failures.",,"Short, clear process designed for fast, qualified service leads.",,redwood-city,repair,https://my-appliance-repair.pro/subzero/,,,,,Enabled,Enabled,Enabled,,,Hyper-segmented RSA variant
SZ_Search_BayArea_Hyper_ExactPhrase_2026_v3,Geo Santa Clara Repair,Responsive search ad,hyper12000_urgency,Sub-Zero Repair Santa Clara,1,Santa Clara Sub-Zero Service,,"Call Now, Book in Minutes",,Fast Bay Area Response,,No Work Without Approval,,Independent Service Team,,Insured Local Technicians,,180-Day Parts Warranty,,180-Day Labor Warranty,,$99 Fee Credited,,Clear On-Site Diagnosis,,Sub-Zero Service Experts,,Book Your Service Window,,Repair Focused Results,,Get Priority Scheduling,,Same-day or next-day slots. Fast SMS confirmation for your service window.,,$99 service call is credited toward repair when you approve the work.,,"Independent, insured team. 180-day warranty on labor and installed parts.",,Book now for clear diagnosis and high-value Sub-Zero repair in Bay Area.,,santa-clara,repair,https://my-appliance-repair.pro/subzero/,,,,,Enabled,Enabled,Enabled,,,Hyper-segmented RSA variant
SZ_Search_BayArea_Hyper_ExactPhrase_2026_v3,Geo Santa Clara Repair,Responsive search ad,hyper12000_trust,Sub-Zero Repair Santa Clara,1,Santa Clara Sub-Zero Service,,Independent Repair Experts,,Fast Bay Area Response,,No Work Without Approval,,Independent Service Team,,Insured Local Technicians,,180-Day Parts Warranty,,180-Day Labor Warranty,,$99 Fee Credited,,Clear On-Site Diagnosis,,Sub-Zero Service Experts,,Book Your Service Window,,Repair Focused Results,,Get Priority Scheduling,,Independent Sub-Zero repair service. Not affiliated with any manufacturer.,,Insured technicians and 180-day warranty on labor and installed parts.,,Clear diagnosis first. You approve all work before any repair starts.,,"Professional communication, clean service, and reliable follow-through.",,santa-clara,repair,https://my-appliance-repair.pro/subzero/,,,,,Enabled,Enabled,Enabled,,,Hyper-segmented RSA variant
SZ_Search_BayArea_Hyper_ExactPhrase_2026_v3,Geo Santa Clara Repair,Responsive search ad,hyper12000_conversion,Sub-Zero Repair Santa Clara,1,Santa Clara Sub-Zero Service,,Focused on Real Repairs,,Fast Bay Area Response,,No Work Without Approval,,Independent Service Team,,Insured Local Technicians,,180-Day Parts Warranty,,180-Day Labor Warranty,,$99 Fee Credited,,Clear On-Site Diagnosis,,Sub-Zero Service Experts,,Book Your Service Window,,Repair Focused Results,,Get Priority Scheduling,,Book quickly online or by phone. We confirm your window fast.,,$99 diagnostic is credited when you proceed with approved repair work.,,"We focus on cooling, freezing, leak, ice, and control system failures.",,"Short, clear process designed for fast, qualified service leads.",,santa-clara,repair,https://my-appliance-repair.pro/subzero/,,,,,Enabled,Enabled,Enabled,,,Hyper-segmented RSA variant
SZ_Search_BayArea_Hyper_ExactPhrase_2026_v3,Geo Fremont Repair,Responsive search ad,hyper12000_urgency,Sub-Zero Repair Fremont,1,Fremont Sub-Zero Service,,"Call Now, Book in Minutes",,Fast Bay Area Response,,No Work Without Approval,,Independent Service Team,,Insured Local Technicians,,180-Day Parts Warranty,,180-Day Labor Warranty,,$99 Fee Credited,,Clear On-Site Diagnosis,,Sub-Zero Service Experts,,Book Your Service Window,,Repair Focused Results,,Get Priority Scheduling,,Same-day or next-day slots. Fast SMS confirmation for your service window.,,$99 service call is credited toward repair when you approve the work.,,"Independent, insured team. 180-day warranty on labor and installed parts.",,Book now for clear diagnosis and high-value Sub-Zero repair in Bay Area.,,fremont,repair,https://my-appliance-repair.pro/subzero/,,,,,Enabled,Enabled,Enabled,,,Hyper-segmented RSA variant
SZ_Search_BayArea_Hyper_ExactPhrase_2026_v3,Geo Fremont Repair,Responsive search ad,hyper12000_trust,Sub-Zero Repair Fremont,1,Fremont Sub-Zero Service,,Independent Repair Experts,,Fast Bay Area Response,,No Work Without Approval,,Independent Service Team,,Insured Local Technicians,,180-Day Parts Warranty,,180-Day Labor Warranty,,$99 Fee Credited,,Clear On-Site Diagnosis,,Sub-Zero Service Experts,,Book Your Service Window,,Repair Focused Results,,Get Priority Scheduling,,Independent Sub-Zero repair service. Not affiliated with any manufacturer.,,Insured technicians and 180-day warranty on labor and installed parts.,,Clear diagnosis first. You approve all work before any repair starts.,,"Professional communication, clean service, and reliable follow-through.",,fremont,repair,https://my-appliance-repair.pro/subzero/,,,,,Enabled,Enabled,Enabled,,,Hyper-segmented RSA variant
SZ_Search_BayArea_Hyper_ExactPhrase_2026_v3,Geo Fremont Repair,Responsive search ad,hyper12000_conversion,Sub-Zero Repair Fremont,1,Fremont Sub-Zero Service,,Focused on Real Repairs,,Fast Bay Area Response,,No Work Without Approval,,Independent Service Team,,Insured Local Technicians,,180-Day Parts Warranty,,180-Day Labor Warranty,,$99 Fee Credited,,Clear On-Site Diagnosis,,Sub-Zero Service Experts,,Book Your Service Window,,Repair Focused Results,,Get Priority Scheduling,,Book quickly online or by phone. We confirm your window fast.,,$99 diagnostic is credited when you proceed with approved repair work.,,"We focus on cooling, freezing, leak, ice, and control system failures.",,"Short, clear process designed for fast, qualified service leads.",,fremont,repair,https://my-appliance-repair.pro/subzero/,,,,,Enabled,Enabled,Enabled,,,Hyper-segmented RSA variant
SZ_Search_BayArea_Hyper_ExactPhrase_2026_v3,Wine Cooler Repair,Responsive search ad,hyper12000_urgency,Sub-Zero Wine Cooler Fix,1,Sub Zero Wine Cooler Repair,,"Call Now, Book in Minutes",,Fast Bay Area Response,,No Work Without Approval,,Independent Service Team,,Insured Local Technicians,,180-Day Parts Warranty,,180-Day Labor Warranty,,$99 Fee Credited,,Clear On-Site Diagnosis,,Sub-Zero Service Experts,,Book Your Service Window,,Repair Focused Results,,Get Priority Scheduling,,Same-day or next-day slots. Fast SMS confirmation for your service window.,,$99 service call is credited toward repair when you approve the work.,,"Independent, insured team. 180-day warranty on labor and installed parts.",,Book now for clear diagnosis and high-value Sub-Zero repair in Bay Area.,,wine-cooler,repair,https://my-appliance-repair.pro/subzero/,,,,,Enabled,Enabled,Enabled,,,Hyper-segmented RSA variant
SZ_Search_BayArea_Hyper_ExactPhrase_2026_v3,Wine Cooler Repair,Responsive search ad,hyper12000_trust,Sub-Zero Wine Cooler Fix,1,Sub Zero Wine Cooler Repair,,Independent Repair Experts,,Fast Bay Area Response,,No Work Without Approval,,Independent Service Team,,Insured Local Technicians,,180-Day Parts Warranty,,180-Day Labor Warranty,,$99 Fee Credited,,Clear On-Site Diagnosis,,Sub-Zero Service Experts,,Book Your Service Window,,Repair Focused Results,,Get Priority Scheduling,,Independent Sub-Zero repair service. Not affiliated with any manufacturer.,,Insured technicians and 180-day warranty on labor and installed parts.,,Clear diagnosis first. You approve all work before any repair starts.,,"Professional communication, clean service, and reliable follow-through.",,wine-cooler,repair,https://my-appliance-repair.pro/subzero/,,,,,Enabled,Enabled,Enabled,,,Hyper-segmented RSA variant
SZ_Search_BayArea_Hyper_ExactPhrase_2026_v3,Wine Cooler Repair,Responsive search ad,hyper12000_conversion,Sub-Zero Wine Cooler Fix,1,Sub Zero Wine Cooler Repair,,Focused on Real Repairs,,Fast Bay Area Response,,No Work Without Approval,,Independent Service Team,,Insured Local Technicians,,180-Day Parts Warranty,,180-Day Labor Warranty,,$99 Fee Credited,,Clear On-Site Diagnosis,,Sub-Zero Service Experts,,Book Your Service Window,,Repair Focused Results,,Get Priority Scheduling,,Book quickly online or by phone. We confirm your window fast.,,$99 diagnostic is credited when you proceed with approved repair work.,,"We focus on cooling, freezing, leak, ice, and control system failures.",,"Short, clear process designed for fast, qualified service leads.",,wine-cooler,repair,https://my-appliance-repair.pro/subzero/,,,,,Enabled,Enabled,Enabled,,,Hyper-segmented RSA variant
SZ_Search_BayArea_Hyper_ExactPhrase_2026_v3,Wine Cooler Service,Responsive search ad,hyper12000_urgency,Sub-Zero Wine Cooler Fix,1,Sub Zero Wine Cooler Service,,"Call Now, Book in Minutes",,Fast Bay Area Response,,No Work Without Approval,,Independent Service Team,,Insured Local Technicians,,180-Day Parts Warranty,,180-Day Labor Warranty,,$99 Fee Credited,,Clear On-Site Diagnosis,,Sub-Zero Service Experts,,Book Your Service Window,,Repair Focused Results,,Get Priority Scheduling,,Same-day or next-day slots. Fast SMS confirmation for your service window.,,$99 service call is credited toward repair when you approve the work.,,"Independent, insured team. 180-day warranty on labor and installed parts.",,Book now for clear diagnosis and high-value Sub-Zero repair in Bay Area.,,wine-cooler,service,https://my-appliance-repair.pro/subzero/,,,,,Enabled,Enabled,Enabled,,,Hyper-segmented RSA variant
SZ_Search_BayArea_Hyper_ExactPhrase_2026_v3,Wine Cooler Service,Responsive search ad,hyper12000_trust,Sub-Zero Wine Cooler Fix,1,Sub Zero Wine Cooler Service,,Independent Repair Experts,,Fast Bay Area Response,,No Work Without Approval,,Independent Service Team,,Insured Local Technicians,,180-Day Parts Warranty,,180-Day Labor Warranty,,$99 Fee Credited,,Clear On-Site Diagnosis,,Sub-Zero Service Experts,,Book Your Service Window,,Repair Focused Results,,Get Priority Scheduling,,Independent Sub-Zero repair service. Not affiliated with any manufacturer.,,Insured technicians and 180-day warranty on labor and installed parts.,,Clear diagnosis first. You approve all work before any repair starts.,,"Professional communication, clean service, and reliable follow-through.",,wine-cooler,service,https://my-appliance-repair.pro/subzero/,,,,,Enabled,Enabled,Enabled,,,Hyper-segmented RSA variant
SZ_Search_BayArea_Hyper_ExactPhrase_2026_v3,Wine Cooler Service,Responsive search ad,hyper12000_conversion,Sub-Zero Wine Cooler Fix,1,Sub Zero Wine Cooler Service,,Focused on Real Repairs,,Fast Bay Area Response,,No Work Without Approval,,Independent Service Team,,Insured Local Technicians,,180-Day Parts Warranty,,180-Day Labor Warranty,,$99 Fee Credited,,Clear On-Site Diagnosis,,Sub-Zero Service Experts,,Book Your Service Window,,Repair Focused Results,,Get Priority Scheduling,,Book quickly online or by phone. We confirm your window fast.,,$99 diagnostic is credited when you proceed with approved repair work.,,"We focus on cooling, freezing, leak, ice, and control system failures.",,"Short, clear process designed for fast, qualified service leads.",,wine-cooler,service,https://my-appliance-repair.pro/subzero/,,,,,Enabled,Enabled,Enabled,,,Hyper-segmented RSA variant
SZ_Search_BayArea_Hyper_ExactPhrase_2026_v3,Wine Cooler Not Cooling,Responsive search ad,hyper12000_urgency,Sub-Zero Not Cooling,1,Sub Zero Wine Cooler Not,,"Call Now, Book in Minutes",,Fast Bay Area Response,,No Work Without Approval,,Independent Service Team,,Insured Local Technicians,,180-Day Parts Warranty,,180-Day Labor Warranty,,$99 Fee Credited,,Clear On-Site Diagnosis,,Sub-Zero Service Experts,,Book Your Service Window,,Repair Focused Results,,Get Priority Scheduling,,Same-day or next-day slots. Fast SMS confirmation for your service window.,,$99 service call is credited toward repair when you approve the work.,,"Independent, insured team. 180-day warranty on labor and installed parts.",,Book now for clear diagnosis and high-value Sub-Zero repair in Bay Area.,,wine-cooler,not-cooling,https://my-appliance-repair.pro/subzero/,,,,,Enabled,Enabled,Enabled,,,Hyper-segmented RSA variant
SZ_Search_BayArea_Hyper_ExactPhrase_2026_v3,Wine Cooler Not Cooling,Responsive search ad,hyper12000_trust,Sub-Zero Not Cooling,1,Sub Zero Wine Cooler Not,,Independent Repair Experts,,Fast Bay Area Response,,No Work Without Approval,,Independent Service Team,,Insured Local Technicians,,180-Day Parts Warranty,,180-Day Labor Warranty,,$99 Fee Credited,,Clear On-Site Diagnosis,,Sub-Zero Service Experts,,Book Your Service Window,,Repair Focused Results,,Get Priority Scheduling,,Independent Sub-Zero repair service. Not affiliated with any manufacturer.,,Insured technicians and 180-day warranty on labor and installed parts.,,Clear diagnosis first. You approve all work before any repair starts.,,"Professional communication, clean service, and reliable follow-through.",,wine-cooler,not-cooling,https://my-appliance-repair.pro/subzero/,,,,,Enabled,Enabled,Enabled,,,Hyper-segmented RSA variant
SZ_Search_BayArea_Hyper_ExactPhrase_2026_v3,Wine Cooler Not Cooling,Responsive search ad,hyper12000_conversion,Sub-Zero Not Cooling,1,Sub Zero Wine Cooler Not,,Focused on Real Repairs,,Fast Bay Area Response,,No Work Without Approval,,Independent Service Team,,Insured Local Technicians,,180-Day Parts Warranty,,180-Day Labor Warranty,,$99 Fee Credited,,Clear On-Site Diagnosis,,Sub-Zero Service Experts,,Book Your Service Window,,Repair Focused Results,,Get Priority Scheduling,,Book quickly online or by phone. We confirm your window fast.,,$99 diagnostic is credited when you proceed with approved repair work.,,"We focus on cooling, freezing, leak, ice, and control system failures.",,"Short, clear process designed for fast, qualified service leads.",,wine-cooler,not-cooling,https://my-appliance-repair.pro/subzero/,,,,,Enabled,Enabled,Enabled,,,Hyper-segmented RSA variant
SZ_Search_BayArea_Hyper_ExactPhrase_2026_v3,Wine Cooler Not Working,Responsive search ad,hyper12000_urgency,Sub-Zero Not Working,1,Sub Zero Wine Cooler Not,,"Call Now, Book in Minutes",,Fast Bay Area Response,,No Work Without Approval,,Independent Service Team,,Insured Local Technicians,,180-Day Parts Warranty,,180-Day Labor Warranty,,$99 Fee Credited,,Clear On-Site Diagnosis,,Sub-Zero Service Experts,,Book Your Service Window,,Repair Focused Results,,Get Priority Scheduling,,Same-day or next-day slots. Fast SMS confirmation for your service window.,,$99 service call is credited toward repair when you approve the work.,,"Independent, insured team. 180-day warranty on labor and installed parts.",,Book now for clear diagnosis and high-value Sub-Zero repair in Bay Area.,,wine-cooler,not-working,https://my-appliance-repair.pro/subzero/,,,,,Enabled,Enabled,Enabled,,,Hyper-segmented RSA variant
SZ_Search_BayArea_Hyper_ExactPhrase_2026_v3,Wine Cooler Not Working,Responsive search ad,hyper12000_trust,Sub-Zero Not Working,1,Sub Zero Wine Cooler Not,,Independent Repair Experts,,Fast Bay Area Response,,No Work Without Approval,,Independent Service Team,,Insured Local Technicians,,180-Day Parts Warranty,,180-Day Labor Warranty,,$99 Fee Credited,,Clear On-Site Diagnosis,,Sub-Zero Service Experts,,Book Your Service Window,,Repair Focused Results,,Get Priority Scheduling,,Independent Sub-Zero repair service. Not affiliated with any manufacturer.,,Insured technicians and 180-day warranty on labor and installed parts.,,Clear diagnosis first. You approve all work before any repair starts.,,"Professional communication, clean service, and reliable follow-through.",,wine-cooler,not-working,https://my-appliance-repair.pro/subzero/,,,,,Enabled,Enabled,Enabled,,,Hyper-segmented RSA variant
SZ_Search_BayArea_Hyper_ExactPhrase_2026_v3,Wine Cooler Not Working,Responsive search ad,hyper12000_conversion,Sub-Zero Not Working,1,Sub Zero Wine Cooler Not,,Focused on Real Repairs,,Fast Bay Area Response,,No Work Without Approval,,Independent Service Team,,Insured Local Technicians,,180-Day Parts Warranty,,180-Day Labor Warranty,,$99 Fee Credited,,Clear On-Site Diagnosis,,Sub-Zero Service Experts,,Book Your Service Window,,Repair Focused Results,,Get Priority Scheduling,,Book quickly online or by phone. We confirm your window fast.,,$99 diagnostic is credited when you proceed with approved repair work.,,"We focus on cooling, freezing, leak, ice, and control system failures.",,"Short, clear process designed for fast, qualified service leads.",,wine-cooler,not-working,https://my-appliance-repair.pro/subzero/,,,,,Enabled,Enabled,Enabled,,,Hyper-segmented RSA variant
SZ_Search_BayArea_Hyper_ExactPhrase_2026_v3,Ice Maker Repair,Responsive search ad,hyper12000_urgency,Sub-Zero Ice Maker Repair,1,Sub Zero Ice Maker Repair,,"Call Now, Book in Minutes",,Fast Bay Area Response,,No Work Without Approval,,Independent Service Team,,Insured Local Technicians,,180-Day Parts Warranty,,180-Day Labor Warranty,,$99 Fee Credited,,Clear On-Site Diagnosis,,Sub-Zero Service Experts,,Book Your Service Window,,Repair Focused Results,,Get Priority Scheduling,,Same-day or next-day slots. Fast SMS confirmation for your service window.,,$99 service call is credited toward repair when you approve the work.,,"Independent, insured team. 180-day warranty on labor and installed parts.",,Book now for clear diagnosis and high-value Sub-Zero repair in Bay Area.,,ice-maker,repair,https://my-appliance-repair.pro/subzero/,,,,,Enabled,Enabled,Enabled,,,Hyper-segmented RSA variant
SZ_Search_BayArea_Hyper_ExactPhrase_2026_v3,Ice Maker Repair,Responsive search ad,hyper12000_trust,Sub-Zero Ice Maker Repair,1,Sub Zero Ice Maker Repair,,Independent Repair Experts,,Fast Bay Area Response,,No Work Without Approval,,Independent Service Team,,Insured Local Technicians,,180-Day Parts Warranty,,180-Day Labor Warranty,,$99 Fee Credited,,Clear On-Site Diagnosis,,Sub-Zero Service Experts,,Book Your Service Window,,Repair Focused Results,,Get Priority Scheduling,,Independent Sub-Zero repair service. Not affiliated with any manufacturer.,,Insured technicians and 180-day warranty on labor and installed parts.,,Clear diagnosis first. You approve all work before any repair starts.,,"Professional communication, clean service, and reliable follow-through.",,ice-maker,repair,https://my-appliance-repair.pro/subzero/,,,,,Enabled,Enabled,Enabled,,,Hyper-segmented RSA variant
SZ_Search_BayArea_Hyper_ExactPhrase_2026_v3,Ice Maker Repair,Responsive search ad,hyper12000_conversion,Sub-Zero Ice Maker Repair,1,Sub Zero Ice Maker Repair,,Focused on Real Repairs,,Fast Bay Area Response,,No Work Without Approval,,Independent Service Team,,Insured Local Technicians,,180-Day Parts Warranty,,180-Day Labor Warranty,,$99 Fee Credited,,Clear On-Site Diagnosis,,Sub-Zero Service Experts,,Book Your Service Window,,Repair Focused Results,,Get Priority Scheduling,,Book quickly online or by phone. We confirm your window fast.,,$99 diagnostic is credited when you proceed with approved repair work.,,"We focus on cooling, freezing, leak, ice, and control system failures.",,"Short, clear process designed for fast, qualified service leads.",,ice-maker,repair,https://my-appliance-repair.pro/subzero/,,,,,Enabled,Enabled,Enabled,,,Hyper-segmented RSA variant
SZ_Search_BayArea_Hyper_ExactPhrase_2026_v3,Ice Maker Service,Responsive search ad,hyper12000_urgency,Sub-Zero Ice Maker Repair,1,Sub Zero Ice Maker Service,,"Call Now, Book in Minutes",,Fast Bay Area Response,,No Work Without Approval,,Independent Service Team,,Insured Local Technicians,,180-Day Parts Warranty,,180-Day Labor Warranty,,$99 Fee Credited,,Clear On-Site Diagnosis,,Sub-Zero Service Experts,,Book Your Service Window,,Repair Focused Results,,Get Priority Scheduling,,Same-day or next-day slots. Fast SMS confirmation for your service window.,,$99 service call is credited toward repair when you approve the work.,,"Independent, insured team. 180-day warranty on labor and installed parts.",,Book now for clear diagnosis and high-value Sub-Zero repair in Bay Area.,,ice-maker,service,https://my-appliance-repair.pro/subzero/,,,,,Enabled,Enabled,Enabled,,,Hyper-segmented RSA variant
SZ_Search_BayArea_Hyper_ExactPhrase_2026_v3,Ice Maker Service,Responsive search ad,hyper12000_trust,Sub-Zero Ice Maker Repair,1,Sub Zero Ice Maker Service,,Independent Repair Experts,,Fast Bay Area Response,,No Work Without Approval,,Independent Service Team,,Insured Local Technicians,,180-Day Parts Warranty,,180-Day Labor Warranty,,$99 Fee Credited,,Clear On-Site Diagnosis,,Sub-Zero Service Experts,,Book Your Service Window,,Repair Focused Results,,Get Priority Scheduling,,Independent Sub-Zero repair service. Not affiliated with any manufacturer.,,Insured technicians and 180-day warranty on labor and installed parts.,,Clear diagnosis first. You approve all work before any repair starts.,,"Professional communication, clean service, and reliable follow-through.",,ice-maker,service,https://my-appliance-repair.pro/subzero/,,,,,Enabled,Enabled,Enabled,,,Hyper-segmented RSA variant
SZ_Search_BayArea_Hyper_ExactPhrase_2026_v3,Ice Maker Service,Responsive search ad,hyper12000_conversion,Sub-Zero Ice Maker Repair,1,Sub Zero Ice Maker Service,,Focused on Real Repairs,,Fast Bay Area Response,,No Work Without Approval,,Independent Service Team,,Insured Local Technicians,,180-Day Parts Warranty,,180-Day Labor Warranty,,$99 Fee Credited,,Clear On-Site Diagnosis,,Sub-Zero Service Experts,,Book Your Service Window,,Repair Focused Results,,Get Priority Scheduling,,Book quickly online or by phone. We confirm your window fast.,,$99 diagnostic is credited when you proceed with approved repair work.,,"We focus on cooling, freezing, leak, ice, and control system failures.",,"Short, clear process designed for fast, qualified service leads.",,ice-maker,service,https://my-appliance-repair.pro/subzero/,,,,,Enabled,Enabled,Enabled,,,Hyper-segmented RSA variant
SZ_Search_BayArea_Hyper_ExactPhrase_2026_v3,Ice Maker Near Me,Responsive search ad,hyper12000_urgency,Sub-Zero Repair Near Me,1,Sub Zero Ice Maker Near Me,,"Call Now, Book in Minutes",,Fast Bay Area Response,,No Work Without Approval,,Independent Service Team,,Insured Local Technicians,,180-Day Parts Warranty,,180-Day Labor Warranty,,$99 Fee Credited,,Clear On-Site Diagnosis,,Sub-Zero Service Experts,,Book Your Service Window,,Repair Focused Results,,Get Priority Scheduling,,Same-day or next-day slots. Fast SMS confirmation for your service window.,,$99 service call is credited toward repair when you approve the work.,,"Independent, insured team. 180-day warranty on labor and installed parts.",,Book now for clear diagnosis and high-value Sub-Zero repair in Bay Area.,,ice-maker,near-me,https://my-appliance-repair.pro/subzero/,,,,,Enabled,Enabled,Enabled,,,Hyper-segmented RSA variant
SZ_Search_BayArea_Hyper_ExactPhrase_2026_v3,Ice Maker Near Me,Responsive search ad,hyper12000_trust,Sub-Zero Repair Near Me,1,Sub Zero Ice Maker Near Me,,Independent Repair Experts,,Fast Bay Area Response,,No Work Without Approval,,Independent Service Team,,Insured Local Technicians,,180-Day Parts Warranty,,180-Day Labor Warranty,,$99 Fee Credited,,Clear On-Site Diagnosis,,Sub-Zero Service Experts,,Book Your Service Window,,Repair Focused Results,,Get Priority Scheduling,,Independent Sub-Zero repair service. Not affiliated with any manufacturer.,,Insured technicians and 180-day warranty on labor and installed parts.,,Clear diagnosis first. You approve all work before any repair starts.,,"Professional communication, clean service, and reliable follow-through.",,ice-maker,near-me,https://my-appliance-repair.pro/subzero/,,,,,Enabled,Enabled,Enabled,,,Hyper-segmented RSA variant
SZ_Search_BayArea_Hyper_ExactPhrase_2026_v3,Ice Maker Near Me,Responsive search ad,hyper12000_conversion,Sub-Zero Repair Near Me,1,Sub Zero Ice Maker Near Me,,Focused on Real Repairs,,Fast Bay Area Response,,No Work Without Approval,,Independent Service Team,,Insured Local Technicians,,180-Day Parts Warranty,,180-Day Labor Warranty,,$99 Fee Credited,,Clear On-Site Diagnosis,,Sub-Zero Service Experts,,Book Your Service Window,,Repair Focused Results,,Get Priority Scheduling,,Book quickly online or by phone. We confirm your window fast.,,$99 diagnostic is credited when you proceed with approved repair work.,,"We focus on cooling, freezing, leak, ice, and control system failures.",,"Short, clear process designed for fast, qualified service leads.",,ice-maker,near-me,https://my-appliance-repair.pro/subzero/,,,,,Enabled,Enabled,Enabled,,,Hyper-segmented RSA variant
SZ_Search_BayArea_Hyper_ExactPhrase_2026_v3,Ice Maker Technician,Responsive search ad,hyper12000_urgency,Sub-Zero Technician,1,Sub Zero Ice Maker Technician,,"Call Now, Book in Minutes",,Fast Bay Area Response,,No Work Without Approval,,Independent Service Team,,Insured Local Technicians,,180-Day Parts Warranty,,180-Day Labor Warranty,,$99 Fee Credited,,Clear On-Site Diagnosis,,Sub-Zero Service Experts,,Book Your Service Window,,Repair Focused Results,,Get Priority Scheduling,,Same-day or next-day slots. Fast SMS confirmation for your service window.,,$99 service call is credited toward repair when you approve the work.,,"Independent, insured team. 180-day warranty on labor and installed parts.",,Book now for clear diagnosis and high-value Sub-Zero repair in Bay Area.,,ice-maker,technician,https://my-appliance-repair.pro/subzero/,,,,,Enabled,Enabled,Enabled,,,Hyper-segmented RSA variant
SZ_Search_BayArea_Hyper_ExactPhrase_2026_v3,Ice Maker Technician,Responsive search ad,hyper12000_trust,Sub-Zero Technician,1,Sub Zero Ice Maker Technician,,Independent Repair Experts,,Fast Bay Area Response,,No Work Without Approval,,Independent Service Team,,Insured Local Technicians,,180-Day Parts Warranty,,180-Day Labor Warranty,,$99 Fee Credited,,Clear On-Site Diagnosis,,Sub-Zero Service Experts,,Book Your Service Window,,Repair Focused Results,,Get Priority Scheduling,,Independent Sub-Zero repair service. Not affiliated with any manufacturer.,,Insured technicians and 180-day warranty on labor and installed parts.,,Clear diagnosis first. You approve all work before any repair starts.,,"Professional communication, clean service, and reliable follow-through.",,ice-maker,technician,https://my-appliance-repair.pro/subzero/,,,,,Enabled,Enabled,Enabled,,,Hyper-segmented RSA variant
SZ_Search_BayArea_Hyper_ExactPhrase_2026_v3,Ice Maker Technician,Responsive search ad,hyper12000_conversion,Sub-Zero Technician,1,Sub Zero Ice Maker Technician,,Focused on Real Repairs,,Fast Bay Area Response,,No Work Without Approval,,Independent Service Team,,Insured Local Technicians,,180-Day Parts Warranty,,180-Day Labor Warranty,,$99 Fee Credited,,Clear On-Site Diagnosis,,Sub-Zero Service Experts,,Book Your Service Window,,Repair Focused Results,,Get Priority Scheduling,,Book quickly online or by phone. We confirm your window fast.,,$99 diagnostic is credited when you proceed with approved repair work.,,"We focus on cooling, freezing, leak, ice, and control system failures.",,"Short, clear process designed for fast, qualified service leads.",,ice-maker,technician,https://my-appliance-repair.pro/subzero/,,,,,Enabled,Enabled,Enabled,,,Hyper-segmented RSA variant
SZ_Search_BayArea_Hyper_ExactPhrase_2026_v3,Ice Maker Not Working,Responsive search ad,hyper12000_urgency,Sub-Zero Not Working,1,Sub Zero Ice Maker Not Working,,"Call Now, Book in Minutes",,Fast Bay Area Response,,No Work Without Approval,,Independent Service Team,,Insured Local Technicians,,180-Day Parts Warranty,,180-Day Labor Warranty,,$99 Fee Credited,,Clear On-Site Diagnosis,,Sub-Zero Service Experts,,Book Your Service Window,,Repair Focused Results,,Get Priority Scheduling,,Same-day or next-day slots. Fast SMS confirmation for your service window.,,$99 service call is credited toward repair when you approve the work.,,"Independent, insured team. 180-day warranty on labor and installed parts.",,Book now for clear diagnosis and high-value Sub-Zero repair in Bay Area.,,ice-maker,not-working,https://my-appliance-repair.pro/subzero/,,,,,Enabled,Enabled,Enabled,,,Hyper-segmented RSA variant
SZ_Search_BayArea_Hyper_ExactPhrase_2026_v3,Ice Maker Not Working,Responsive search ad,hyper12000_trust,Sub-Zero Not Working,1,Sub Zero Ice Maker Not Working,,Independent Repair Experts,,Fast Bay Area Response,,No Work Without Approval,,Independent Service Team,,Insured Local Technicians,,180-Day Parts Warranty,,180-Day Labor Warranty,,$99 Fee Credited,,Clear On-Site Diagnosis,,Sub-Zero Service Experts,,Book Your Service Window,,Repair Focused Results,,Get Priority Scheduling,,Independent Sub-Zero repair service. Not affiliated with any manufacturer.,,Insured technicians and 180-day warranty on labor and installed parts.,,Clear diagnosis first. You approve all work before any repair starts.,,"Professional communication, clean service, and reliable follow-through.",,ice-maker,not-working,https://my-appliance-repair.pro/subzero/,,,,,Enabled,Enabled,Enabled,,,Hyper-segmented RSA variant
SZ_Search_BayArea_Hyper_ExactPhrase_2026_v3,Ice Maker Not Working,Responsive search ad,hyper12000_conversion,Sub-Zero Not Working,1,Sub Zero Ice Maker Not Working,,Focused on Real Repairs,,Fast Bay Area Response,,No Work Without Approval,,Independent Service Team,,Insured Local Technicians,,180-Day Parts Warranty,,180-Day Labor Warranty,,$99 Fee Credited,,Clear On-Site Diagnosis,,Sub-Zero Service Experts,,Book Your Service Window,,Repair Focused Results,,Get Priority Scheduling,,Book quickly online or by phone. We confirm your window fast.,,$99 diagnostic is credited when you proceed with approved repair work.,,"We focus on cooling, freezing, leak, ice, and control system failures.",,"Short, clear process designed for fast, qualified service leads.",,ice-maker,not-working,https://my-appliance-repair.pro/subzero/,,,,,Enabled,Enabled,Enabled,,,Hyper-segmented RSA variant
SZ_Search_BayArea_Hyper_ExactPhrase_2026_v3,Ice Maker Not Making Ice,Responsive search ad,hyper12000_urgency,Sub-Zero Not Making Ice,1,Sub Zero Ice Maker Not Making,,"Call Now, Book in Minutes",,Fast Bay Area Response,,No Work Without Approval,,Independent Service Team,,Insured Local Technicians,,180-Day Parts Warranty,,180-Day Labor Warranty,,$99 Fee Credited,,Clear On-Site Diagnosis,,Sub-Zero Service Experts,,Book Your Service Window,,Repair Focused Results,,Get Priority Scheduling,,Same-day or next-day slots. Fast SMS confirmation for your service window.,,$99 service call is credited toward repair when you approve the work.,,"Independent, insured team. 180-day warranty on labor and installed parts.",,Book now for clear diagnosis and high-value Sub-Zero repair in Bay Area.,,ice-maker,no-ice,https://my-appliance-repair.pro/subzero/,,,,,Enabled,Enabled,Enabled,,,Hyper-segmented RSA variant
SZ_Search_BayArea_Hyper_ExactPhrase_2026_v3,Ice Maker Not Making Ice,Responsive search ad,hyper12000_trust,Sub-Zero Not Making Ice,1,Sub Zero Ice Maker Not Making,,Independent Repair Experts,,Fast Bay Area Response,,No Work Without Approval,,Independent Service Team,,Insured Local Technicians,,180-Day Parts Warranty,,180-Day Labor Warranty,,$99 Fee Credited,,Clear On-Site Diagnosis,,Sub-Zero Service Experts,,Book Your Service Window,,Repair Focused Results,,Get Priority Scheduling,,Independent Sub-Zero repair service. Not affiliated with any manufacturer.,,Insured technicians and 180-day warranty on labor and installed parts.,,Clear diagnosis first. You approve all work before any repair starts.,,"Professional communication, clean service, and reliable follow-through.",,ice-maker,no-ice,https://my-appliance-repair.pro/subzero/,,,,,Enabled,Enabled,Enabled,,,Hyper-segmented RSA variant
SZ_Search_BayArea_Hyper_ExactPhrase_2026_v3,Ice Maker Not Making Ice,Responsive search ad,hyper12000_conversion,Sub-Zero Not Making Ice,1,Sub Zero Ice Maker Not Making,,Focused on Real Repairs,,Fast Bay Area Response,,No Work Without Approval,,Independent Service Team,,Insured Local Technicians,,180-Day Parts Warranty,,180-Day Labor Warranty,,$99 Fee Credited,,Clear On-Site Diagnosis,,Sub-Zero Service Experts,,Book Your Service Window,,Repair Focused Results,,Get Priority Scheduling,,Book quickly online or by phone. We confirm your window fast.,,$99 diagnostic is credited when you proceed with approved repair work.,,"We focus on cooling, freezing, leak, ice, and control system failures.",,"Short, clear process designed for fast, qualified service leads.",,ice-maker,no-ice,https://my-appliance-repair.pro/subzero/,,,,,Enabled,Enabled,Enabled,,,Hyper-segmented RSA variant
SZ_Search_BayArea_Hyper_ExactPhrase_2026_v3,Ice Maker Leaking,Responsive search ad,hyper12000_urgency,Sub-Zero Leak Repair,1,Sub Zero Ice Maker Leaking,,"Call Now, Book in Minutes",,Fast Bay Area Response,,No Work Without Approval,,Independent Service Team,,Insured Local Technicians,,180-Day Parts Warranty,,180-Day Labor Warranty,,$99 Fee Credited,,Clear On-Site Diagnosis,,Sub-Zero Service Experts,,Book Your Service Window,,Repair Focused Results,,Get Priority Scheduling,,Same-day or next-day slots. Fast SMS confirmation for your service window.,,$99 service call is credited toward repair when you approve the work.,,"Independent, insured team. 180-day warranty on labor and installed parts.",,Book now for clear diagnosis and high-value Sub-Zero repair in Bay Area.,,ice-maker,leaking,https://my-appliance-repair.pro/subzero/,,,,,Enabled,Enabled,Enabled,,,Hyper-segmented RSA variant
SZ_Search_BayArea_Hyper_ExactPhrase_2026_v3,Ice Maker Leaking,Responsive search ad,hyper12000_trust,Sub-Zero Leak Repair,1,Sub Zero Ice Maker Leaking,,Independent Repair Experts,,Fast Bay Area Response,,No Work Without Approval,,Independent Service Team,,Insured Local Technicians,,180-Day Parts Warranty,,180-Day Labor Warranty,,$99 Fee Credited,,Clear On-Site Diagnosis,,Sub-Zero Service Experts,,Book Your Service Window,,Repair Focused Results,,Get Priority Scheduling,,Independent Sub-Zero repair service. Not affiliated with any manufacturer.,,Insured technicians and 180-day warranty on labor and installed parts.,,Clear diagnosis first. You approve all work before any repair starts.,,"Professional communication, clean service, and reliable follow-through.",,ice-maker,leaking,https://my-appliance-repair.pro/subzero/,,,,,Enabled,Enabled,Enabled,,,Hyper-segmented RSA variant
SZ_Search_BayArea_Hyper_ExactPhrase_2026_v3,Ice Maker Leaking,Responsive search ad,hyper12000_conversion,Sub-Zero Leak Repair,1,Sub Zero Ice Maker Leaking,,Focused on Real Repairs,,Fast Bay Area Response,,No Work Without Approval,,Independent Service Team,,Insured Local Technicians,,180-Day Parts Warranty,,180-Day Labor Warranty,,$99 Fee Credited,,Clear On-Site Diagnosis,,Sub-Zero Service Experts,,Book Your Service Window,,Repair Focused Results,,Get Priority Scheduling,,Book quickly online or by phone. We confirm your window fast.,,$99 diagnostic is credited when you proceed with approved repair work.,,"We focus on cooling, freezing, leak, ice, and control system failures.",,"Short, clear process designed for fast, qualified service leads.",,ice-maker,leaking,https://my-appliance-repair.pro/subzero/,,,,,Enabled,Enabled,Enabled,,,Hyper-segmented RSA variant
SZ_Search_BayArea_Hyper_ExactPhrase_2026_v3,Ice Dispenser Not Working,Responsive search ad,hyper12000_urgency,Sub-Zero Ice Dispenser,1,Sub Zero Ice Maker Ice,,"Call Now, Book in Minutes",,Fast Bay Area Response,,No Work Without Approval,,Independent Service Team,,Insured Local Technicians,,180-Day Parts Warranty,,180-Day Labor Warranty,,$99 Fee Credited,,Clear On-Site Diagnosis,,Sub-Zero Service Experts,,Book Your Service Window,,Repair Focused Results,,Get Priority Scheduling,,Same-day or next-day slots. Fast SMS confirmation for your service window.,,$99 service call is credited toward repair when you approve the work.,,"Independent, insured team. 180-day warranty on labor and installed parts.",,Book now for clear diagnosis and high-value Sub-Zero repair in Bay Area.,,ice-maker,dispenser,https://my-appliance-repair.pro/subzero/,,,,,Enabled,Enabled,Enabled,,,Hyper-segmented RSA variant
SZ_Search_BayArea_Hyper_ExactPhrase_2026_v3,Ice Dispenser Not Working,Responsive search ad,hyper12000_trust,Sub-Zero Ice Dispenser,1,Sub Zero Ice Maker Ice,,Independent Repair Experts,,Fast Bay Area Response,,No Work Without Approval,,Independent Service Team,,Insured Local Technicians,,180-Day Parts Warranty,,180-Day Labor Warranty,,$99 Fee Credited,,Clear On-Site Diagnosis,,Sub-Zero Service Experts,,Book Your Service Window,,Repair Focused Results,,Get Priority Scheduling,,Independent Sub-Zero repair service. Not affiliated with any manufacturer.,,Insured technicians and 180-day warranty on labor and installed parts.,,Clear diagnosis first. You approve all work before any repair starts.,,"Professional communication, clean service, and reliable follow-through.",,ice-maker,dispenser,https://my-appliance-repair.pro/subzero/,,,,,Enabled,Enabled,Enabled,,,Hyper-segmented RSA variant
SZ_Search_BayArea_Hyper_ExactPhrase_2026_v3,Ice Dispenser Not Working,Responsive search ad,hyper12000_conversion,Sub-Zero Ice Dispenser,1,Sub Zero Ice Maker Ice,,Focused on Real Repairs,,Fast Bay Area Response,,No Work Without Approval,,Independent Service Team,,Insured Local Technicians,,180-Day Parts Warranty,,180-Day Labor Warranty,,$99 Fee Credited,,Clear On-Site Diagnosis,,Sub-Zero Service Experts,,Book Your Service Window,,Repair Focused Results,,Get Priority Scheduling,,Book quickly online or by phone. We confirm your window fast.,,$99 diagnostic is credited when you proceed with approved repair work.,,"We focus on cooling, freezing, leak, ice, and control system failures.",,"Short, clear process designed for fast, qualified service leads.",,ice-maker,dispenser,https://my-appliance-repair.pro/subzero/,,,,,Enabled,Enabled,Enabled,,,Hyper-segmented RSA variant
SZ_Search_BayArea_Hyper_ExactPhrase_2026_v3,Freezer Repair,Responsive search ad,hyper12000_urgency,Sub-Zero Freezer Repair,1,Sub Zero Freezer Repair,,"Call Now, Book in Minutes",,Fast Bay Area Response,,No Work Without Approval,,Independent Service Team,,Insured Local Technicians,,180-Day Parts Warranty,,180-Day Labor Warranty,,$99 Fee Credited,,Clear On-Site Diagnosis,,Sub-Zero Service Experts,,Book Your Service Window,,Repair Focused Results,,Get Priority Scheduling,,Same-day or next-day slots. Fast SMS confirmation for your service window.,,$99 service call is credited toward repair when you approve the work.,,"Independent, insured team. 180-day warranty on labor and installed parts.",,Book now for clear diagnosis and high-value Sub-Zero repair in Bay Area.,,freezer,repair,https://my-appliance-repair.pro/subzero/,,,,,Enabled,Enabled,Enabled,,,Hyper-segmented RSA variant
SZ_Search_BayArea_Hyper_ExactPhrase_2026_v3,Freezer Repair,Responsive search ad,hyper12000_trust,Sub-Zero Freezer Repair,1,Sub Zero Freezer Repair,,Independent Repair Experts,,Fast Bay Area Response,,No Work Without Approval,,Independent Service Team,,Insured Local Technicians,,180-Day Parts Warranty,,180-Day Labor Warranty,,$99 Fee Credited,,Clear On-Site Diagnosis,,Sub-Zero Service Experts,,Book Your Service Window,,Repair Focused Results,,Get Priority Scheduling,,Independent Sub-Zero repair service. Not affiliated with any manufacturer.,,Insured technicians and 180-day warranty on labor and installed parts.,,Clear diagnosis first. You approve all work before any repair starts.,,"Professional communication, clean service, and reliable follow-through.",,freezer,repair,https://my-appliance-repair.pro/subzero/,,,,,Enabled,Enabled,Enabled,,,Hyper-segmented RSA variant
SZ_Search_BayArea_Hyper_ExactPhrase_2026_v3,Freezer Repair,Responsive search ad,hyper12000_conversion,Sub-Zero Freezer Repair,1,Sub Zero Freezer Repair,,Focused on Real Repairs,,Fast Bay Area Response,,No Work Without Approval,,Independent Service Team,,Insured Local Technicians,,180-Day Parts Warranty,,180-Day Labor Warranty,,$99 Fee Credited,,Clear On-Site Diagnosis,,Sub-Zero Service Experts,,Book Your Service Window,,Repair Focused Results,,Get Priority Scheduling,,Book quickly online or by phone. We confirm your window fast.,,$99 diagnostic is credited when you proceed with approved repair work.,,"We focus on cooling, freezing, leak, ice, and control system failures.",,"Short, clear process designed for fast, qualified service leads.",,freezer,repair,https://my-appliance-repair.pro/subzero/,,,,,Enabled,Enabled,Enabled,,,Hyper-segmented RSA variant
SZ_Search_BayArea_Hyper_ExactPhrase_2026_v3,Freezer Service,Responsive search ad,hyper12000_urgency,Sub-Zero Freezer Repair,1,Sub Zero Freezer Service,,"Call Now, Book in Minutes",,Fast Bay Area Response,,No Work Without Approval,,Independent Service Team,,Insured Local Technicians,,180-Day Parts Warranty,,180-Day Labor Warranty,,$99 Fee Credited,,Clear On-Site Diagnosis,,Sub-Zero Service Experts,,Book Your Service Window,,Repair Focused Results,,Get Priority Scheduling,,Same-day or next-day slots. Fast SMS confirmation for your service window.,,$99 service call is credited toward repair when you approve the work.,,"Independent, insured team. 180-day warranty on labor and installed parts.",,Book now for clear diagnosis and high-value Sub-Zero repair in Bay Area.,,freezer,service,https://my-appliance-repair.pro/subzero/,,,,,Enabled,Enabled,Enabled,,,Hyper-segmented RSA variant
SZ_Search_BayArea_Hyper_ExactPhrase_2026_v3,Freezer Service,Responsive search ad,hyper12000_trust,Sub-Zero Freezer Repair,1,Sub Zero Freezer Service,,Independent Repair Experts,,Fast Bay Area Response,,No Work Without Approval,,Independent Service Team,,Insured Local Technicians,,180-Day Parts Warranty,,180-Day Labor Warranty,,$99 Fee Credited,,Clear On-Site Diagnosis,,Sub-Zero Service Experts,,Book Your Service Window,,Repair Focused Results,,Get Priority Scheduling,,Independent Sub-Zero repair service. Not affiliated with any manufacturer.,,Insured technicians and 180-day warranty on labor and installed parts.,,Clear diagnosis first. You approve all work before any repair starts.,,"Professional communication, clean service, and reliable follow-through.",,freezer,service,https://my-appliance-repair.pro/subzero/,,,,,Enabled,Enabled,Enabled,,,Hyper-segmented RSA variant
SZ_Search_BayArea_Hyper_ExactPhrase_2026_v3,Freezer Service,Responsive search ad,hyper12000_conversion,Sub-Zero Freezer Repair,1,Sub Zero Freezer Service,,Focused on Real Repairs,,Fast Bay Area Response,,No Work Without Approval,,Independent Service Team,,Insured Local Technicians,,180-Day Parts Warranty,,180-Day Labor Warranty,,$99 Fee Credited,,Clear On-Site Diagnosis,,Sub-Zero Service Experts,,Book Your Service Window,,Repair Focused Results,,Get Priority Scheduling,,Book quickly online or by phone. We confirm your window fast.,,$99 diagnostic is credited when you proceed with approved repair work.,,"We focus on cooling, freezing, leak, ice, and control system failures.",,"Short, clear process designed for fast, qualified service leads.",,freezer,service,https://my-appliance-repair.pro/subzero/,,,,,Enabled,Enabled,Enabled,,,Hyper-segmented RSA variant
SZ_Search_BayArea_Hyper_ExactPhrase_2026_v3,Freezer Near Me,Responsive search ad,hyper12000_urgency,Sub-Zero Repair Near Me,1,Sub Zero Freezer Near Me,,"Call Now, Book in Minutes",,Fast Bay Area Response,,No Work Without Approval,,Independent Service Team,,Insured Local Technicians,,180-Day Parts Warranty,,180-Day Labor Warranty,,$99 Fee Credited,,Clear On-Site Diagnosis,,Sub-Zero Service Experts,,Book Your Service Window,,Repair Focused Results,,Get Priority Scheduling,,Same-day or next-day slots. Fast SMS confirmation for your service window.,,$99 service call is credited toward repair when you approve the work.,,"Independent, insured team. 180-day warranty on labor and installed parts.",,Book now for clear diagnosis and high-value Sub-Zero repair in Bay Area.,,freezer,near-me,https://my-appliance-repair.pro/subzero/,,,,,Enabled,Enabled,Enabled,,,Hyper-segmented RSA variant
SZ_Search_BayArea_Hyper_ExactPhrase_2026_v3,Freezer Near Me,Responsive search ad,hyper12000_trust,Sub-Zero Repair Near Me,1,Sub Zero Freezer Near Me,,Independent Repair Experts,,Fast Bay Area Response,,No Work Without Approval,,Independent Service Team,,Insured Local Technicians,,180-Day Parts Warranty,,180-Day Labor Warranty,,$99 Fee Credited,,Clear On-Site Diagnosis,,Sub-Zero Service Experts,,Book Your Service Window,,Repair Focused Results,,Get Priority Scheduling,,Independent Sub-Zero repair service. Not affiliated with any manufacturer.,,Insured technicians and 180-day warranty on labor and installed parts.,,Clear diagnosis first. You approve all work before any repair starts.,,"Professional communication, clean service, and reliable follow-through.",,freezer,near-me,https://my-appliance-repair.pro/subzero/,,,,,Enabled,Enabled,Enabled,,,Hyper-segmented RSA variant
SZ_Search_BayArea_Hyper_ExactPhrase_2026_v3,Freezer Near Me,Responsive search ad,hyper12000_conversion,Sub-Zero Repair Near Me,1,Sub Zero Freezer Near Me,,Focused on Real Repairs,,Fast Bay Area Response,,No Work Without Approval,,Independent Service Team,,Insured Local Technicians,,180-Day Parts Warranty,,180-Day Labor Warranty,,$99 Fee Credited,,Clear On-Site Diagnosis,,Sub-Zero Service Experts,,Book Your Service Window,,Repair Focused Results,,Get Priority Scheduling,,Book quickly online or by phone. We confirm your window fast.,,$99 diagnostic is credited when you proceed with approved repair work.,,"We focus on cooling, freezing, leak, ice, and control system failures.",,"Short, clear process designed for fast, qualified service leads.",,freezer,near-me,https://my-appliance-repair.pro/subzero/,,,,,Enabled,Enabled,Enabled,,,Hyper-segmented RSA variant
SZ_Search_BayArea_Hyper_ExactPhrase_2026_v3,Freezer Technician,Responsive search ad,hyper12000_urgency,Sub-Zero Technician,1,Sub Zero Freezer Technician,,"Call Now, Book in Minutes",,Fast Bay Area Response,,No Work Without Approval,,Independent Service Team,,Insured Local Technicians,,180-Day Parts Warranty,,180-Day Labor Warranty,,$99 Fee Credited,,Clear On-Site Diagnosis,,Sub-Zero Service Experts,,Book Your Service Window,,Repair Focused Results,,Get Priority Scheduling,,Same-day or next-day slots. Fast SMS confirmation for your service window.,,$99 service call is credited toward repair when you approve the work.,,"Independent, insured team. 180-day warranty on labor and installed parts.",,Book now for clear diagnosis and high-value Sub-Zero repair in Bay Area.,,freezer,technician,https://my-appliance-repair.pro/subzero/,,,,,Enabled,Enabled,Enabled,,,Hyper-segmented RSA variant
SZ_Search_BayArea_Hyper_ExactPhrase_2026_v3,Freezer Technician,Responsive search ad,hyper12000_trust,Sub-Zero Technician,1,Sub Zero Freezer Technician,,Independent Repair Experts,,Fast Bay Area Response,,No Work Without Approval,,Independent Service Team,,Insured Local Technicians,,180-Day Parts Warranty,,180-Day Labor Warranty,,$99 Fee Credited,,Clear On-Site Diagnosis,,Sub-Zero Service Experts,,Book Your Service Window,,Repair Focused Results,,Get Priority Scheduling,,Independent Sub-Zero repair service. Not affiliated with any manufacturer.,,Insured technicians and 180-day warranty on labor and installed parts.,,Clear diagnosis first. You approve all work before any repair starts.,,"Professional communication, clean service, and reliable follow-through.",,freezer,technician,https://my-appliance-repair.pro/subzero/,,,,,Enabled,Enabled,Enabled,,,Hyper-segmented RSA variant
SZ_Search_BayArea_Hyper_ExactPhrase_2026_v3,Freezer Technician,Responsive search ad,hyper12000_conversion,Sub-Zero Technician,1,Sub Zero Freezer Technician,,Focused on Real Repairs,,Fast Bay Area Response,,No Work Without Approval,,Independent Service Team,,Insured Local Technicians,,180-Day Parts Warranty,,180-Day Labor Warranty,,$99 Fee Credited,,Clear On-Site Diagnosis,,Sub-Zero Service Experts,,Book Your Service Window,,Repair Focused Results,,Get Priority Scheduling,,Book quickly online or by phone. We confirm your window fast.,,$99 diagnostic is credited when you proceed with approved repair work.,,"We focus on cooling, freezing, leak, ice, and control system failures.",,"Short, clear process designed for fast, qualified service leads.",,freezer,technician,https://my-appliance-repair.pro/subzero/,,,,,Enabled,Enabled,Enabled,,,Hyper-segmented RSA variant
SZ_Search_BayArea_Hyper_ExactPhrase_2026_v3,Freezer Not Cooling,Responsive search ad,hyper12000_urgency,Sub-Zero Not Cooling,1,Sub Zero Freezer Not Cooling,,"Call Now, Book in Minutes",,Fast Bay Area Response,,No Work Without Approval,,Independent Service Team,,Insured Local Technicians,,180-Day Parts Warranty,,180-Day Labor Warranty,,$99 Fee Credited,,Clear On-Site Diagnosis,,Sub-Zero Service Experts,,Book Your Service Window,,Repair Focused Results,,Get Priority Scheduling,,Same-day or next-day slots. Fast SMS confirmation for your service window.,,$99 service call is credited toward repair when you approve the work.,,"Independent, insured team. 180-day warranty on labor and installed parts.",,Book now for clear diagnosis and high-value Sub-Zero repair in Bay Area.,,freezer,not-cooling,https://my-appliance-repair.pro/subzero/,,,,,Enabled,Enabled,Enabled,,,Hyper-segmented RSA variant
SZ_Search_BayArea_Hyper_ExactPhrase_2026_v3,Freezer Not Cooling,Responsive search ad,hyper12000_trust,Sub-Zero Not Cooling,1,Sub Zero Freezer Not Cooling,,Independent Repair Experts,,Fast Bay Area Response,,No Work Without Approval,,Independent Service Team,,Insured Local Technicians,,180-Day Parts Warranty,,180-Day Labor Warranty,,$99 Fee Credited,,Clear On-Site Diagnosis,,Sub-Zero Service Experts,,Book Your Service Window,,Repair Focused Results,,Get Priority Scheduling,,Independent Sub-Zero repair service. Not affiliated with any manufacturer.,,Insured technicians and 180-day warranty on labor and installed parts.,,Clear diagnosis first. You approve all work before any repair starts.,,"Professional communication, clean service, and reliable follow-through.",,freezer,not-cooling,https://my-appliance-repair.pro/subzero/,,,,,Enabled,Enabled,Enabled,,,Hyper-segmented RSA variant
SZ_Search_BayArea_Hyper_ExactPhrase_2026_v3,Freezer Not Cooling,Responsive search ad,hyper12000_conversion,Sub-Zero Not Cooling,1,Sub Zero Freezer Not Cooling,,Focused on Real Repairs,,Fast Bay Area Response,,No Work Without Approval,,Independent Service Team,,Insured Local Technicians,,180-Day Parts Warranty,,180-Day Labor Warranty,,$99 Fee Credited,,Clear On-Site Diagnosis,,Sub-Zero Service Experts,,Book Your Service Window,,Repair Focused Results,,Get Priority Scheduling,,Book quickly online or by phone. We confirm your window fast.,,$99 diagnostic is credited when you proceed with approved repair work.,,"We focus on cooling, freezing, leak, ice, and control system failures.",,"Short, clear process designed for fast, qualified service leads.",,freezer,not-cooling,https://my-appliance-repair.pro/subzero/,,,,,Enabled,Enabled,Enabled,,,Hyper-segmented RSA variant
SZ_Search_BayArea_Hyper_ExactPhrase_2026_v3,Freezer Not Freezing,Responsive search ad,hyper12000_urgency,Sub-Zero Not Freezing,1,Sub Zero Freezer Not Freezing,,"Call Now, Book in Minutes",,Fast Bay Area Response,,No Work Without Approval,,Independent Service Team,,Insured Local Technicians,,180-Day Parts Warranty,,180-Day Labor Warranty,,$99 Fee Credited,,Clear On-Site Diagnosis,,Sub-Zero Service Experts,,Book Your Service Window,,Repair Focused Results,,Get Priority Scheduling,,Same-day or next-day slots. Fast SMS confirmation for your service window.,,$99 service call is credited toward repair when you approve the work.,,"Independent, insured team. 180-day warranty on labor and installed parts.",,Book now for clear diagnosis and high-value Sub-Zero repair in Bay Area.,,freezer,not-freezing,https://my-appliance-repair.pro/subzero/,,,,,Enabled,Enabled,Enabled,,,Hyper-segmented RSA variant
SZ_Search_BayArea_Hyper_ExactPhrase_2026_v3,Freezer Not Freezing,Responsive search ad,hyper12000_trust,Sub-Zero Not Freezing,1,Sub Zero Freezer Not Freezing,,Independent Repair Experts,,Fast Bay Area Response,,No Work Without Approval,,Independent Service Team,,Insured Local Technicians,,180-Day Parts Warranty,,180-Day Labor Warranty,,$99 Fee Credited,,Clear On-Site Diagnosis,,Sub-Zero Service Experts,,Book Your Service Window,,Repair Focused Results,,Get Priority Scheduling,,Independent Sub-Zero repair service. Not affiliated with any manufacturer.,,Insured technicians and 180-day warranty on labor and installed parts.,,Clear diagnosis first. You approve all work before any repair starts.,,"Professional communication, clean service, and reliable follow-through.",,freezer,not-freezing,https://my-appliance-repair.pro/subzero/,,,,,Enabled,Enabled,Enabled,,,Hyper-segmented RSA variant
SZ_Search_BayArea_Hyper_ExactPhrase_2026_v3,Freezer Not Freezing,Responsive search ad,hyper12000_conversion,Sub-Zero Not Freezing,1,Sub Zero Freezer Not Freezing,,Focused on Real Repairs,,Fast Bay Area Response,,No Work Without Approval,,Independent Service Team,,Insured Local Technicians,,180-Day Parts Warranty,,180-Day Labor Warranty,,$99 Fee Credited,,Clear On-Site Diagnosis,,Sub-Zero Service Experts,,Book Your Service Window,,Repair Focused Results,,Get Priority Scheduling,,Book quickly online or by phone. We confirm your window fast.,,$99 diagnostic is credited when you proceed with approved repair work.,,"We focus on cooling, freezing, leak, ice, and control system failures.",,"Short, clear process designed for fast, qualified service leads.",,freezer,not-freezing,https://my-appliance-repair.pro/subzero/,,,,,Enabled,Enabled,Enabled,,,Hyper-segmented RSA variant
SZ_Search_BayArea_Hyper_ExactPhrase_2026_v3,Freezer Not Working,Responsive search ad,hyper12000_urgency,Sub-Zero Not Working,1,Sub Zero Freezer Not Working,,"Call Now, Book in Minutes",,Fast Bay Area Response,,No Work Without Approval,,Independent Service Team,,Insured Local Technicians,,180-Day Parts Warranty,,180-Day Labor Warranty,,$99 Fee Credited,,Clear On-Site Diagnosis,,Sub-Zero Service Experts,,Book Your Service Window,,Repair Focused Results,,Get Priority Scheduling,,Same-day or next-day slots. Fast SMS confirmation for your service window.,,$99 service call is credited toward repair when you approve the work.,,"Independent, insured team. 180-day warranty on labor and installed parts.",,Book now for clear diagnosis and high-value Sub-Zero repair in Bay Area.,,freezer,not-working,https://my-appliance-repair.pro/subzero/,,,,,Enabled,Enabled,Enabled,,,Hyper-segmented RSA variant
SZ_Search_BayArea_Hyper_ExactPhrase_2026_v3,Freezer Not Working,Responsive search ad,hyper12000_trust,Sub-Zero Not Working,1,Sub Zero Freezer Not Working,,Independent Repair Experts,,Fast Bay Area Response,,No Work Without Approval,,Independent Service Team,,Insured Local Technicians,,180-Day Parts Warranty,,180-Day Labor Warranty,,$99 Fee Credited,,Clear On-Site Diagnosis,,Sub-Zero Service Experts,,Book Your Service Window,,Repair Focused Results,,Get Priority Scheduling,,Independent Sub-Zero repair service. Not affiliated with any manufacturer.,,Insured technicians and 180-day warranty on labor and installed parts.,,Clear diagnosis first. You approve all work before any repair starts.,,"Professional communication, clean service, and reliable follow-through.",,freezer,not-working,https://my-appliance-repair.pro/subzero/,,,,,Enabled,Enabled,Enabled,,,Hyper-segmented RSA variant
SZ_Search_BayArea_Hyper_ExactPhrase_2026_v3,Freezer Not Working,Responsive search ad,hyper12000_conversion,Sub-Zero Not Working,1,Sub Zero Freezer Not Working,,Focused on Real Repairs,,Fast Bay Area Response,,No Work Without Approval,,Independent Service Team,,Insured Local Technicians,,180-Day Parts Warranty,,180-Day Labor Warranty,,$99 Fee Credited,,Clear On-Site Diagnosis,,Sub-Zero Service Experts,,Book Your Service Window,,Repair Focused Results,,Get Priority Scheduling,,Book quickly online or by phone. We confirm your window fast.,,$99 diagnostic is credited when you proceed with approved repair work.,,"We focus on cooling, freezing, leak, ice, and control system failures.",,"Short, clear process designed for fast, qualified service leads.",,freezer,not-working,https://my-appliance-repair.pro/subzero/,,,,,Enabled,Enabled,Enabled,,,Hyper-segmented RSA variant
SZ_Search_BayArea_Hyper_ExactPhrase_2026_v3,Freezer Leaking,Responsive search ad,hyper12000_urgency,Sub-Zero Leak Repair,1,Sub Zero Freezer Leaking,,"Call Now, Book in Minutes",,Fast Bay Area Response,,No Work Without Approval,,Independent Service Team,,Insured Local Technicians,,180-Day Parts Warranty,,180-Day Labor Warranty,,$99 Fee Credited,,Clear On-Site Diagnosis,,Sub-Zero Service Experts,,Book Your Service Window,,Repair Focused Results,,Get Priority Scheduling,,Same-day or next-day slots. Fast SMS confirmation for your service window.,,$99 service call is credited toward repair when you approve the work.,,"Independent, insured team. 180-day warranty on labor and installed parts.",,Book now for clear diagnosis and high-value Sub-Zero repair in Bay Area.,,freezer,leaking,https://my-appliance-repair.pro/subzero/,,,,,Enabled,Enabled,Enabled,,,Hyper-segmented RSA variant
SZ_Search_BayArea_Hyper_ExactPhrase_2026_v3,Freezer Leaking,Responsive search ad,hyper12000_trust,Sub-Zero Leak Repair,1,Sub Zero Freezer Leaking,,Independent Repair Experts,,Fast Bay Area Response,,No Work Without Approval,,Independent Service Team,,Insured Local Technicians,,180-Day Parts Warranty,,180-Day Labor Warranty,,$99 Fee Credited,,Clear On-Site Diagnosis,,Sub-Zero Service Experts,,Book Your Service Window,,Repair Focused Results,,Get Priority Scheduling,,Independent Sub-Zero repair service. Not affiliated with any manufacturer.,,Insured technicians and 180-day warranty on labor and installed parts.,,Clear diagnosis first. You approve all work before any repair starts.,,"Professional communication, clean service, and reliable follow-through.",,freezer,leaking,https://my-appliance-repair.pro/subzero/,,,,,Enabled,Enabled,Enabled,,,Hyper-segmented RSA variant
SZ_Search_BayArea_Hyper_ExactPhrase_2026_v3,Freezer Leaking,Responsive search ad,hyper12000_conversion,Sub-Zero Leak Repair,1,Sub Zero Freezer Leaking,,Focused on Real Repairs,,Fast Bay Area Response,,No Work Without Approval,,Independent Service Team,,Insured Local Technicians,,180-Day Parts Warranty,,180-Day Labor Warranty,,$99 Fee Credited,,Clear On-Site Diagnosis,,Sub-Zero Service Experts,,Book Your Service Window,,Repair Focused Results,,Get Priority Scheduling,,Book quickly online or by phone. We confirm your window fast.,,$99 diagnostic is credited when you proceed with approved repair work.,,"We focus on cooling, freezing, leak, ice, and control system failures.",,"Short, clear process designed for fast, qualified service leads.",,freezer,leaking,https://my-appliance-repair.pro/subzero/,,,,,Enabled,Enabled,Enabled,,,Hyper-segmented RSA variant
SZ_Search_BayArea_Hyper_ExactPhrase_2026_v3,Fridge Repair,Responsive search ad,hyper12000_urgency,Sub-Zero Fridge Repair,1,Sub Zero Fridge Repair,,"Call Now, Book in Minutes",,Fast Bay Area Response,,No Work Without Approval,,Independent Service Team,,Insured Local Technicians,,180-Day Parts Warranty,,180-Day Labor Warranty,,$99 Fee Credited,,Clear On-Site Diagnosis,,Sub-Zero Service Experts,,Book Your Service Window,,Repair Focused Results,,Get Priority Scheduling,,Same-day or next-day slots. Fast SMS confirmation for your service window.,,$99 service call is credited toward repair when you approve the work.,,"Independent, insured team. 180-day warranty on labor and installed parts.",,Book now for clear diagnosis and high-value Sub-Zero repair in Bay Area.,,fridge,repair,https://my-appliance-repair.pro/subzero/,,,,,Enabled,Enabled,Enabled,,,Hyper-segmented RSA variant
SZ_Search_BayArea_Hyper_ExactPhrase_2026_v3,Fridge Repair,Responsive search ad,hyper12000_trust,Sub-Zero Fridge Repair,1,Sub Zero Fridge Repair,,Independent Repair Experts,,Fast Bay Area Response,,No Work Without Approval,,Independent Service Team,,Insured Local Technicians,,180-Day Parts Warranty,,180-Day Labor Warranty,,$99 Fee Credited,,Clear On-Site Diagnosis,,Sub-Zero Service Experts,,Book Your Service Window,,Repair Focused Results,,Get Priority Scheduling,,Independent Sub-Zero repair service. Not affiliated with any manufacturer.,,Insured technicians and 180-day warranty on labor and installed parts.,,Clear diagnosis first. You approve all work before any repair starts.,,"Professional communication, clean service, and reliable follow-through.",,fridge,repair,https://my-appliance-repair.pro/subzero/,,,,,Enabled,Enabled,Enabled,,,Hyper-segmented RSA variant
SZ_Search_BayArea_Hyper_ExactPhrase_2026_v3,Fridge Repair,Responsive search ad,hyper12000_conversion,Sub-Zero Fridge Repair,1,Sub Zero Fridge Repair,,Focused on Real Repairs,,Fast Bay Area Response,,No Work Without Approval,,Independent Service Team,,Insured Local Technicians,,180-Day Parts Warranty,,180-Day Labor Warranty,,$99 Fee Credited,,Clear On-Site Diagnosis,,Sub-Zero Service Experts,,Book Your Service Window,,Repair Focused Results,,Get Priority Scheduling,,Book quickly online or by phone. We confirm your window fast.,,$99 diagnostic is credited when you proceed with approved repair work.,,"We focus on cooling, freezing, leak, ice, and control system failures.",,"Short, clear process designed for fast, qualified service leads.",,fridge,repair,https://my-appliance-repair.pro/subzero/,,,,,Enabled,Enabled,Enabled,,,Hyper-segmented RSA variant
SZ_Search_BayArea_Hyper_ExactPhrase_2026_v3,Fridge Service,Responsive search ad,hyper12000_urgency,Sub-Zero Fridge Repair,1,Sub Zero Fridge Service,,"Call Now, Book in Minutes",,Fast Bay Area Response,,No Work Without Approval,,Independent Service Team,,Insured Local Technicians,,180-Day Parts Warranty,,180-Day Labor Warranty,,$99 Fee Credited,,Clear On-Site Diagnosis,,Sub-Zero Service Experts,,Book Your Service Window,,Repair Focused Results,,Get Priority Scheduling,,Same-day or next-day slots. Fast SMS confirmation for your service window.,,$99 service call is credited toward repair when you approve the work.,,"Independent, insured team. 180-day warranty on labor and installed parts.",,Book now for clear diagnosis and high-value Sub-Zero repair in Bay Area.,,fridge,service,https://my-appliance-repair.pro/subzero/,,,,,Enabled,Enabled,Enabled,,,Hyper-segmented RSA variant
SZ_Search_BayArea_Hyper_ExactPhrase_2026_v3,Fridge Service,Responsive search ad,hyper12000_trust,Sub-Zero Fridge Repair,1,Sub Zero Fridge Service,,Independent Repair Experts,,Fast Bay Area Response,,No Work Without Approval,,Independent Service Team,,Insured Local Technicians,,180-Day Parts Warranty,,180-Day Labor Warranty,,$99 Fee Credited,,Clear On-Site Diagnosis,,Sub-Zero Service Experts,,Book Your Service Window,,Repair Focused Results,,Get Priority Scheduling,,Independent Sub-Zero repair service. Not affiliated with any manufacturer.,,Insured technicians and 180-day warranty on labor and installed parts.,,Clear diagnosis first. You approve all work before any repair starts.,,"Professional communication, clean service, and reliable follow-through.",,fridge,service,https://my-appliance-repair.pro/subzero/,,,,,Enabled,Enabled,Enabled,,,Hyper-segmented RSA variant
SZ_Search_BayArea_Hyper_ExactPhrase_2026_v3,Fridge Service,Responsive search ad,hyper12000_conversion,Sub-Zero Fridge Repair,1,Sub Zero Fridge Service,,Focused on Real Repairs,,Fast Bay Area Response,,No Work Without Approval,,Independent Service Team,,Insured Local Technicians,,180-Day Parts Warranty,,180-Day Labor Warranty,,$99 Fee Credited,,Clear On-Site Diagnosis,,Sub-Zero Service Experts,,Book Your Service Window,,Repair Focused Results,,Get Priority Scheduling,,Book quickly online or by phone. We confirm your window fast.,,$99 diagnostic is credited when you proceed with approved repair work.,,"We focus on cooling, freezing, leak, ice, and control system failures.",,"Short, clear process designed for fast, qualified service leads.",,fridge,service,https://my-appliance-repair.pro/subzero/,,,,,Enabled,Enabled,Enabled,,,Hyper-segmented RSA variant
SZ_Search_BayArea_Hyper_ExactPhrase_2026_v3,Fridge Near Me,Responsive search ad,hyper12000_urgency,Sub-Zero Repair Near Me,1,Sub Zero Fridge Near Me,,"Call Now, Book in Minutes",,Fast Bay Area Response,,No Work Without Approval,,Independent Service Team,,Insured Local Technicians,,180-Day Parts Warranty,,180-Day Labor Warranty,,$99 Fee Credited,,Clear On-Site Diagnosis,,Sub-Zero Service Experts,,Book Your Service Window,,Repair Focused Results,,Get Priority Scheduling,,Same-day or next-day slots. Fast SMS confirmation for your service window.,,$99 service call is credited toward repair when you approve the work.,,"Independent, insured team. 180-day warranty on labor and installed parts.",,Book now for clear diagnosis and high-value Sub-Zero repair in Bay Area.,,fridge,near-me,https://my-appliance-repair.pro/subzero/,,,,,Enabled,Enabled,Enabled,,,Hyper-segmented RSA variant
SZ_Search_BayArea_Hyper_ExactPhrase_2026_v3,Fridge Near Me,Responsive search ad,hyper12000_trust,Sub-Zero Repair Near Me,1,Sub Zero Fridge Near Me,,Independent Repair Experts,,Fast Bay Area Response,,No Work Without Approval,,Independent Service Team,,Insured Local Technicians,,180-Day Parts Warranty,,180-Day Labor Warranty,,$99 Fee Credited,,Clear On-Site Diagnosis,,Sub-Zero Service Experts,,Book Your Service Window,,Repair Focused Results,,Get Priority Scheduling,,Independent Sub-Zero repair service. Not affiliated with any manufacturer.,,Insured technicians and 180-day warranty on labor and installed parts.,,Clear diagnosis first. You approve all work before any repair starts.,,"Professional communication, clean service, and reliable follow-through.",,fridge,near-me,https://my-appliance-repair.pro/subzero/,,,,,Enabled,Enabled,Enabled,,,Hyper-segmented RSA variant
SZ_Search_BayArea_Hyper_ExactPhrase_2026_v3,Fridge Near Me,Responsive search ad,hyper12000_conversion,Sub-Zero Repair Near Me,1,Sub Zero Fridge Near Me,,Focused on Real Repairs,,Fast Bay Area Response,,No Work Without Approval,,Independent Service Team,,Insured Local Technicians,,180-Day Parts Warranty,,180-Day Labor Warranty,,$99 Fee Credited,,Clear On-Site Diagnosis,,Sub-Zero Service Experts,,Book Your Service Window,,Repair Focused Results,,Get Priority Scheduling,,Book quickly online or by phone. We confirm your window fast.,,$99 diagnostic is credited when you proceed with approved repair work.,,"We focus on cooling, freezing, leak, ice, and control system failures.",,"Short, clear process designed for fast, qualified service leads.",,fridge,near-me,https://my-appliance-repair.pro/subzero/,,,,,Enabled,Enabled,Enabled,,,Hyper-segmented RSA variant
SZ_Search_BayArea_Hyper_ExactPhrase_2026_v3,Fridge Technician,Responsive search ad,hyper12000_urgency,Sub-Zero Technician,1,Sub Zero Fridge Technician,,"Call Now, Book in Minutes",,Fast Bay Area Response,,No Work Without Approval,,Independent Service Team,,Insured Local Technicians,,180-Day Parts Warranty,,180-Day Labor Warranty,,$99 Fee Credited,,Clear On-Site Diagnosis,,Sub-Zero Service Experts,,Book Your Service Window,,Repair Focused Results,,Get Priority Scheduling,,Same-day or next-day slots. Fast SMS confirmation for your service window.,,$99 service call is credited toward repair when you approve the work.,,"Independent, insured team. 180-day warranty on labor and installed parts.",,Book now for clear diagnosis and high-value Sub-Zero repair in Bay Area.,,fridge,technician,https://my-appliance-repair.pro/subzero/,,,,,Enabled,Enabled,Enabled,,,Hyper-segmented RSA variant
SZ_Search_BayArea_Hyper_ExactPhrase_2026_v3,Fridge Technician,Responsive search ad,hyper12000_trust,Sub-Zero Technician,1,Sub Zero Fridge Technician,,Independent Repair Experts,,Fast Bay Area Response,,No Work Without Approval,,Independent Service Team,,Insured Local Technicians,,180-Day Parts Warranty,,180-Day Labor Warranty,,$99 Fee Credited,,Clear On-Site Diagnosis,,Sub-Zero Service Experts,,Book Your Service Window,,Repair Focused Results,,Get Priority Scheduling,,Independent Sub-Zero repair service. Not affiliated with any manufacturer.,,Insured technicians and 180-day warranty on labor and installed parts.,,Clear diagnosis first. You approve all work before any repair starts.,,"Professional communication, clean service, and reliable follow-through.",,fridge,technician,https://my-appliance-repair.pro/subzero/,,,,,Enabled,Enabled,Enabled,,,Hyper-segmented RSA variant
SZ_Search_BayArea_Hyper_ExactPhrase_2026_v3,Fridge Technician,Responsive search ad,hyper12000_conversion,Sub-Zero Technician,1,Sub Zero Fridge Technician,,Focused on Real Repairs,,Fast Bay Area Response,,No Work Without Approval,,Independent Service Team,,Insured Local Technicians,,180-Day Parts Warranty,,180-Day Labor Warranty,,$99 Fee Credited,,Clear On-Site Diagnosis,,Sub-Zero Service Experts,,Book Your Service Window,,Repair Focused Results,,Get Priority Scheduling,,Book quickly online or by phone. We confirm your window fast.,,$99 diagnostic is credited when you proceed with approved repair work.,,"We focus on cooling, freezing, leak, ice, and control system failures.",,"Short, clear process designed for fast, qualified service leads.",,fridge,technician,https://my-appliance-repair.pro/subzero/,,,,,Enabled,Enabled,Enabled,,,Hyper-segmented RSA variant
SZ_Search_BayArea_Hyper_ExactPhrase_2026_v3,Fridge Not Cooling,Responsive search ad,hyper12000_urgency,Sub-Zero Not Cooling,1,Sub Zero Fridge Not Cooling,,"Call Now, Book in Minutes",,Fast Bay Area Response,,No Work Without Approval,,Independent Service Team,,Insured Local Technicians,,180-Day Parts Warranty,,180-Day Labor Warranty,,$99 Fee Credited,,Clear On-Site Diagnosis,,Sub-Zero Service Experts,,Book Your Service Window,,Repair Focused Results,,Get Priority Scheduling,,Same-day or next-day slots. Fast SMS confirmation for your service window.,,$99 service call is credited toward repair when you approve the work.,,"Independent, insured team. 180-day warranty on labor and installed parts.",,Book now for clear diagnosis and high-value Sub-Zero repair in Bay Area.,,fridge,not-cooling,https://my-appliance-repair.pro/subzero/,,,,,Enabled,Enabled,Enabled,,,Hyper-segmented RSA variant
SZ_Search_BayArea_Hyper_ExactPhrase_2026_v3,Fridge Not Cooling,Responsive search ad,hyper12000_trust,Sub-Zero Not Cooling,1,Sub Zero Fridge Not Cooling,,Independent Repair Experts,,Fast Bay Area Response,,No Work Without Approval,,Independent Service Team,,Insured Local Technicians,,180-Day Parts Warranty,,180-Day Labor Warranty,,$99 Fee Credited,,Clear On-Site Diagnosis,,Sub-Zero Service Experts,,Book Your Service Window,,Repair Focused Results,,Get Priority Scheduling,,Independent Sub-Zero repair service. Not affiliated with any manufacturer.,,Insured technicians and 180-day warranty on labor and installed parts.,,Clear diagnosis first. You approve all work before any repair starts.,,"Professional communication, clean service, and reliable follow-through.",,fridge,not-cooling,https://my-appliance-repair.pro/subzero/,,,,,Enabled,Enabled,Enabled,,,Hyper-segmented RSA variant
SZ_Search_BayArea_Hyper_ExactPhrase_2026_v3,Fridge Not Cooling,Responsive search ad,hyper12000_conversion,Sub-Zero Not Cooling,1,Sub Zero Fridge Not Cooling,,Focused on Real Repairs,,Fast Bay Area Response,,No Work Without Approval,,Independent Service Team,,Insured Local Technicians,,180-Day Parts Warranty,,180-Day Labor Warranty,,$99 Fee Credited,,Clear On-Site Diagnosis,,Sub-Zero Service Experts,,Book Your Service Window,,Repair Focused Results,,Get Priority Scheduling,,Book quickly online or by phone. We confirm your window fast.,,$99 diagnostic is credited when you proceed with approved repair work.,,"We focus on cooling, freezing, leak, ice, and control system failures.",,"Short, clear process designed for fast, qualified service leads.",,fridge,not-cooling,https://my-appliance-repair.pro/subzero/,,,,,Enabled,Enabled,Enabled,,,Hyper-segmented RSA variant
SZ_Search_BayArea_Hyper_ExactPhrase_2026_v3,Fridge Not Freezing,Responsive search ad,hyper12000_urgency,Sub-Zero Not Freezing,1,Sub Zero Fridge Not Freezing,,"Call Now, Book in Minutes",,Fast Bay Area Response,,No Work Without Approval,,Independent Service Team,,Insured Local Technicians,,180-Day Parts Warranty,,180-Day Labor Warranty,,$99 Fee Credited,,Clear On-Site Diagnosis,,Sub-Zero Service Experts,,Book Your Service Window,,Repair Focused Results,,Get Priority Scheduling,,Same-day or next-day slots. Fast SMS confirmation for your service window.,,$99 service call is credited toward repair when you approve the work.,,"Independent, insured team. 180-day warranty on labor and installed parts.",,Book now for clear diagnosis and high-value Sub-Zero repair in Bay Area.,,fridge,not-freezing,https://my-appliance-repair.pro/subzero/,,,,,Enabled,Enabled,Enabled,,,Hyper-segmented RSA variant
SZ_Search_BayArea_Hyper_ExactPhrase_2026_v3,Fridge Not Freezing,Responsive search ad,hyper12000_trust,Sub-Zero Not Freezing,1,Sub Zero Fridge Not Freezing,,Independent Repair Experts,,Fast Bay Area Response,,No Work Without Approval,,Independent Service Team,,Insured Local Technicians,,180-Day Parts Warranty,,180-Day Labor Warranty,,$99 Fee Credited,,Clear On-Site Diagnosis,,Sub-Zero Service Experts,,Book Your Service Window,,Repair Focused Results,,Get Priority Scheduling,,Independent Sub-Zero repair service. Not affiliated with any manufacturer.,,Insured technicians and 180-day warranty on labor and installed parts.,,Clear diagnosis first. You approve all work before any repair starts.,,"Professional communication, clean service, and reliable follow-through.",,fridge,not-freezing,https://my-appliance-repair.pro/subzero/,,,,,Enabled,Enabled,Enabled,,,Hyper-segmented RSA variant
SZ_Search_BayArea_Hyper_ExactPhrase_2026_v3,Fridge Not Freezing,Responsive search ad,hyper12000_conversion,Sub-Zero Not Freezing,1,Sub Zero Fridge Not Freezing,,Focused on Real Repairs,,Fast Bay Area Response,,No Work Without Approval,,Independent Service Team,,Insured Local Technicians,,180-Day Parts Warranty,,180-Day Labor Warranty,,$99 Fee Credited,,Clear On-Site Diagnosis,,Sub-Zero Service Experts,,Book Your Service Window,,Repair Focused Results,,Get Priority Scheduling,,Book quickly online or by phone. We confirm your window fast.,,$99 diagnostic is credited when you proceed with approved repair work.,,"We focus on cooling, freezing, leak, ice, and control system failures.",,"Short, clear process designed for fast, qualified service leads.",,fridge,not-freezing,https://my-appliance-repair.pro/subzero/,,,,,Enabled,Enabled,Enabled,,,Hyper-segmented RSA variant
SZ_Search_BayArea_Hyper_ExactPhrase_2026_v3,Fridge Not Working,Responsive search ad,hyper12000_urgency,Sub-Zero Not Working,1,Sub Zero Fridge Not Working,,"Call Now, Book in Minutes",,Fast Bay Area Response,,No Work Without Approval,,Independent Service Team,,Insured Local Technicians,,180-Day Parts Warranty,,180-Day Labor Warranty,,$99 Fee Credited,,Clear On-Site Diagnosis,,Sub-Zero Service Experts,,Book Your Service Window,,Repair Focused Results,,Get Priority Scheduling,,Same-day or next-day slots. Fast SMS confirmation for your service window.,,$99 service call is credited toward repair when you approve the work.,,"Independent, insured team. 180-day warranty on labor and installed parts.",,Book now for clear diagnosis and high-value Sub-Zero repair in Bay Area.,,fridge,not-working,https://my-appliance-repair.pro/subzero/,,,,,Enabled,Enabled,Enabled,,,Hyper-segmented RSA variant
SZ_Search_BayArea_Hyper_ExactPhrase_2026_v3,Fridge Not Working,Responsive search ad,hyper12000_trust,Sub-Zero Not Working,1,Sub Zero Fridge Not Working,,Independent Repair Experts,,Fast Bay Area Response,,No Work Without Approval,,Independent Service Team,,Insured Local Technicians,,180-Day Parts Warranty,,180-Day Labor Warranty,,$99 Fee Credited,,Clear On-Site Diagnosis,,Sub-Zero Service Experts,,Book Your Service Window,,Repair Focused Results,,Get Priority Scheduling,,Independent Sub-Zero repair service. Not affiliated with any manufacturer.,,Insured technicians and 180-day warranty on labor and installed parts.,,Clear diagnosis first. You approve all work before any repair starts.,,"Professional communication, clean service, and reliable follow-through.",,fridge,not-working,https://my-appliance-repair.pro/subzero/,,,,,Enabled,Enabled,Enabled,,,Hyper-segmented RSA variant
SZ_Search_BayArea_Hyper_ExactPhrase_2026_v3,Fridge Not Working,Responsive search ad,hyper12000_conversion,Sub-Zero Not Working,1,Sub Zero Fridge Not Working,,Focused on Real Repairs,,Fast Bay Area Response,,No Work Without Approval,,Independent Service Team,,Insured Local Technicians,,180-Day Parts Warranty,,180-Day Labor Warranty,,$99 Fee Credited,,Clear On-Site Diagnosis,,Sub-Zero Service Experts,,Book Your Service Window,,Repair Focused Results,,Get Priority Scheduling,,Book quickly online or by phone. We confirm your window fast.,,$99 diagnostic is credited when you proceed with approved repair work.,,"We focus on cooling, freezing, leak, ice, and control system failures.",,"Short, clear process designed for fast, qualified service leads.",,fridge,not-working,https://my-appliance-repair.pro/subzero/,,,,,Enabled,Enabled,Enabled,,,Hyper-segmented RSA variant
SZ_Search_BayArea_Hyper_ExactPhrase_2026_v3,Fridge Leaking,Responsive search ad,hyper12000_urgency,Sub-Zero Leak Repair,1,Sub Zero Fridge Leaking,,"Call Now, Book in Minutes",,Fast Bay Area Response,,No Work Without Approval,,Independent Service Team,,Insured Local Technicians,,180-Day Parts Warranty,,180-Day Labor Warranty,,$99 Fee Credited,,Clear On-Site Diagnosis,,Sub-Zero Service Experts,,Book Your Service Window,,Repair Focused Results,,Get Priority Scheduling,,Same-day or next-day slots. Fast SMS confirmation for your service window.,,$99 service call is credited toward repair when you approve the work.,,"Independent, insured team. 180-day warranty on labor and installed parts.",,Book now for clear diagnosis and high-value Sub-Zero repair in Bay Area.,,fridge,leaking,https://my-appliance-repair.pro/subzero/,,,,,Enabled,Enabled,Enabled,,,Hyper-segmented RSA variant
SZ_Search_BayArea_Hyper_ExactPhrase_2026_v3,Fridge Leaking,Responsive search ad,hyper12000_trust,Sub-Zero Leak Repair,1,Sub Zero Fridge Leaking,,Independent Repair Experts,,Fast Bay Area Response,,No Work Without Approval,,Independent Service Team,,Insured Local Technicians,,180-Day Parts Warranty,,180-Day Labor Warranty,,$99 Fee Credited,,Clear On-Site Diagnosis,,Sub-Zero Service Experts,,Book Your Service Window,,Repair Focused Results,,Get Priority Scheduling,,Independent Sub-Zero repair service. Not affiliated with any manufacturer.,,Insured technicians and 180-day warranty on labor and installed parts.,,Clear diagnosis first. You approve all work before any repair starts.,,"Professional communication, clean service, and reliable follow-through.",,fridge,leaking,https://my-appliance-repair.pro/subzero/,,,,,Enabled,Enabled,Enabled,,,Hyper-segmented RSA variant
SZ_Search_BayArea_Hyper_ExactPhrase_2026_v3,Fridge Leaking,Responsive search ad,hyper12000_conversion,Sub-Zero Leak Repair,1,Sub Zero Fridge Leaking,,Focused on Real Repairs,,Fast Bay Area Response,,No Work Without Approval,,Independent Service Team,,Insured Local Technicians,,180-Day Parts Warranty,,180-Day Labor Warranty,,$99 Fee Credited,,Clear On-Site Diagnosis,,Sub-Zero Service Experts,,Book Your Service Window,,Repair Focused Results,,Get Priority Scheduling,,Book quickly online or by phone. We confirm your window fast.,,$99 diagnostic is credited when you proceed with approved repair work.,,"We focus on cooling, freezing, leak, ice, and control system failures.",,"Short, clear process designed for fast, qualified service leads.",,fridge,leaking,https://my-appliance-repair.pro/subzero/,,,,,Enabled,Enabled,Enabled,,,Hyper-segmented RSA variant
SZ_Search_BayArea_Hyper_ExactPhrase_2026_v3,Fridge Warm,Responsive search ad,hyper12000_urgency,Sub-Zero Running Warm,1,Sub Zero Fridge Warm,,"Call Now, Book in Minutes",,Fast Bay Area Response,,No Work Without Approval,,Independent Service Team,,Insured Local Technicians,,180-Day Parts Warranty,,180-Day Labor Warranty,,$99 Fee Credited,,Clear On-Site Diagnosis,,Sub-Zero Service Experts,,Book Your Service Window,,Repair Focused Results,,Get Priority Scheduling,,Same-day or next-day slots. Fast SMS confirmation for your service window.,,$99 service call is credited toward repair when you approve the work.,,"Independent, insured team. 180-day warranty on labor and installed parts.",,Book now for clear diagnosis and high-value Sub-Zero repair in Bay Area.,,fridge,warm,https://my-appliance-repair.pro/subzero/,,,,,Enabled,Enabled,Enabled,,,Hyper-segmented RSA variant
SZ_Search_BayArea_Hyper_ExactPhrase_2026_v3,Fridge Warm,Responsive search ad,hyper12000_trust,Sub-Zero Running Warm,1,Sub Zero Fridge Warm,,Independent Repair Experts,,Fast Bay Area Response,,No Work Without Approval,,Independent Service Team,,Insured Local Technicians,,180-Day Parts Warranty,,180-Day Labor Warranty,,$99 Fee Credited,,Clear On-Site Diagnosis,,Sub-Zero Service Experts,,Book Your Service Window,,Repair Focused Results,,Get Priority Scheduling,,Independent Sub-Zero repair service. Not affiliated with any manufacturer.,,Insured technicians and 180-day warranty on labor and installed parts.,,Clear diagnosis first. You approve all work before any repair starts.,,"Professional communication, clean service, and reliable follow-through.",,fridge,warm,https://my-appliance-repair.pro/subzero/,,,,,Enabled,Enabled,Enabled,,,Hyper-segmented RSA variant
SZ_Search_BayArea_Hyper_ExactPhrase_2026_v3,Fridge Warm,Responsive search ad,hyper12000_conversion,Sub-Zero Running Warm,1,Sub Zero Fridge Warm,,Focused on Real Repairs,,Fast Bay Area Response,,No Work Without Approval,,Independent Service Team,,Insured Local Technicians,,180-Day Parts Warranty,,180-Day Labor Warranty,,$99 Fee Credited,,Clear On-Site Diagnosis,,Sub-Zero Service Experts,,Book Your Service Window,,Repair Focused Results,,Get Priority Scheduling,,Book quickly online or by phone. We confirm your window fast.,,$99 diagnostic is credited when you proceed with approved repair work.,,"We focus on cooling, freezing, leak, ice, and control system failures.",,"Short, clear process designed for fast, qualified service leads.",,fridge,warm,https://my-appliance-repair.pro/subzero/,,,,,Enabled,Enabled,Enabled,,,Hyper-segmented RSA variant
SZ_Search_BayArea_Hyper_ExactPhrase_2026_v3,Refrigerator Repair,Responsive search ad,hyper12000_urgency,Sub-Zero Refrigerator Fix,1,Sub Zero Refrigerator Repair,,"Call Now, Book in Minutes",,Fast Bay Area Response,,No Work Without Approval,,Independent Service Team,,Insured Local Technicians,,180-Day Parts Warranty,,180-Day Labor Warranty,,$99 Fee Credited,,Clear On-Site Diagnosis,,Sub-Zero Service Experts,,Book Your Service Window,,Repair Focused Results,,Get Priority Scheduling,,Same-day or next-day slots. Fast SMS confirmation for your service window.,,$99 service call is credited toward repair when you approve the work.,,"Independent, insured team. 180-day warranty on labor and installed parts.",,Book now for clear diagnosis and high-value Sub-Zero repair in Bay Area.,,refrigerator,repair,https://my-appliance-repair.pro/subzero/,,,,,Enabled,Enabled,Enabled,,,Hyper-segmented RSA variant
SZ_Search_BayArea_Hyper_ExactPhrase_2026_v3,Refrigerator Repair,Responsive search ad,hyper12000_trust,Sub-Zero Refrigerator Fix,1,Sub Zero Refrigerator Repair,,Independent Repair Experts,,Fast Bay Area Response,,No Work Without Approval,,Independent Service Team,,Insured Local Technicians,,180-Day Parts Warranty,,180-Day Labor Warranty,,$99 Fee Credited,,Clear On-Site Diagnosis,,Sub-Zero Service Experts,,Book Your Service Window,,Repair Focused Results,,Get Priority Scheduling,,Independent Sub-Zero repair service. Not affiliated with any manufacturer.,,Insured technicians and 180-day warranty on labor and installed parts.,,Clear diagnosis first. You approve all work before any repair starts.,,"Professional communication, clean service, and reliable follow-through.",,refrigerator,repair,https://my-appliance-repair.pro/subzero/,,,,,Enabled,Enabled,Enabled,,,Hyper-segmented RSA variant
SZ_Search_BayArea_Hyper_ExactPhrase_2026_v3,Refrigerator Repair,Responsive search ad,hyper12000_conversion,Sub-Zero Refrigerator Fix,1,Sub Zero Refrigerator Repair,,Focused on Real Repairs,,Fast Bay Area Response,,No Work Without Approval,,Independent Service Team,,Insured Local Technicians,,180-Day Parts Warranty,,180-Day Labor Warranty,,$99 Fee Credited,,Clear On-Site Diagnosis,,Sub-Zero Service Experts,,Book Your Service Window,,Repair Focused Results,,Get Priority Scheduling,,Book quickly online or by phone. We confirm your window fast.,,$99 diagnostic is credited when you proceed with approved repair work.,,"We focus on cooling, freezing, leak, ice, and control system failures.",,"Short, clear process designed for fast, qualified service leads.",,refrigerator,repair,https://my-appliance-repair.pro/subzero/,,,,,Enabled,Enabled,Enabled,,,Hyper-segmented RSA variant
SZ_Search_BayArea_Hyper_ExactPhrase_2026_v3,Refrigerator Service,Responsive search ad,hyper12000_urgency,Sub-Zero Refrigerator Care,1,Sub Zero Refrigerator Service,,"Call Now, Book in Minutes",,Fast Bay Area Response,,No Work Without Approval,,Independent Service Team,,Insured Local Technicians,,180-Day Parts Warranty,,180-Day Labor Warranty,,$99 Fee Credited,,Clear On-Site Diagnosis,,Sub-Zero Service Experts,,Book Your Service Window,,Repair Focused Results,,Get Priority Scheduling,,Same-day or next-day slots. Fast SMS confirmation for your service window.,,$99 service call is credited toward repair when you approve the work.,,"Independent, insured team. 180-day warranty on labor and installed parts.",,Book now for clear diagnosis and high-value Sub-Zero repair in Bay Area.,,refrigerator,service,https://my-appliance-repair.pro/subzero/,,,,,Enabled,Enabled,Enabled,,,Hyper-segmented RSA variant
SZ_Search_BayArea_Hyper_ExactPhrase_2026_v3,Refrigerator Service,Responsive search ad,hyper12000_trust,Sub-Zero Refrigerator Care,1,Sub Zero Refrigerator Service,,Independent Repair Experts,,Fast Bay Area Response,,No Work Without Approval,,Independent Service Team,,Insured Local Technicians,,180-Day Parts Warranty,,180-Day Labor Warranty,,$99 Fee Credited,,Clear On-Site Diagnosis,,Sub-Zero Service Experts,,Book Your Service Window,,Repair Focused Results,,Get Priority Scheduling,,Independent Sub-Zero repair service. Not affiliated with any manufacturer.,,Insured technicians and 180-day warranty on labor and installed parts.,,Clear diagnosis first. You approve all work before any repair starts.,,"Professional communication, clean service, and reliable follow-through.",,refrigerator,service,https://my-appliance-repair.pro/subzero/,,,,,Enabled,Enabled,Enabled,,,Hyper-segmented RSA variant
SZ_Search_BayArea_Hyper_ExactPhrase_2026_v3,Refrigerator Service,Responsive search ad,hyper12000_conversion,Sub-Zero Refrigerator Care,1,Sub Zero Refrigerator Service,,Focused on Real Repairs,,Fast Bay Area Response,,No Work Without Approval,,Independent Service Team,,Insured Local Technicians,,180-Day Parts Warranty,,180-Day Labor Warranty,,$99 Fee Credited,,Clear On-Site Diagnosis,,Sub-Zero Service Experts,,Book Your Service Window,,Repair Focused Results,,Get Priority Scheduling,,Book quickly online or by phone. We confirm your window fast.,,$99 diagnostic is credited when you proceed with approved repair work.,,"We focus on cooling, freezing, leak, ice, and control system failures.",,"Short, clear process designed for fast, qualified service leads.",,refrigerator,service,https://my-appliance-repair.pro/subzero/,,,,,Enabled,Enabled,Enabled,,,Hyper-segmented RSA variant
SZ_Search_BayArea_Hyper_ExactPhrase_2026_v3,Refrigerator Near Me,Responsive search ad,hyper12000_urgency,Sub-Zero Repair Near Me,1,Sub Zero Refrigerator Near Me,,"Call Now, Book in Minutes",,Fast Bay Area Response,,No Work Without Approval,,Independent Service Team,,Insured Local Technicians,,180-Day Parts Warranty,,180-Day Labor Warranty,,$99 Fee Credited,,Clear On-Site Diagnosis,,Sub-Zero Service Experts,,Book Your Service Window,,Repair Focused Results,,Get Priority Scheduling,,Same-day or next-day slots. Fast SMS confirmation for your service window.,,$99 service call is credited toward repair when you approve the work.,,"Independent, insured team. 180-day warranty on labor and installed parts.",,Book now for clear diagnosis and high-value Sub-Zero repair in Bay Area.,,refrigerator,near-me,https://my-appliance-repair.pro/subzero/,,,,,Enabled,Enabled,Enabled,,,Hyper-segmented RSA variant
SZ_Search_BayArea_Hyper_ExactPhrase_2026_v3,Refrigerator Near Me,Responsive search ad,hyper12000_trust,Sub-Zero Repair Near Me,1,Sub Zero Refrigerator Near Me,,Independent Repair Experts,,Fast Bay Area Response,,No Work Without Approval,,Independent Service Team,,Insured Local Technicians,,180-Day Parts Warranty,,180-Day Labor Warranty,,$99 Fee Credited,,Clear On-Site Diagnosis,,Sub-Zero Service Experts,,Book Your Service Window,,Repair Focused Results,,Get Priority Scheduling,,Independent Sub-Zero repair service. Not affiliated with any manufacturer.,,Insured technicians and 180-day warranty on labor and installed parts.,,Clear diagnosis first. You approve all work before any repair starts.,,"Professional communication, clean service, and reliable follow-through.",,refrigerator,near-me,https://my-appliance-repair.pro/subzero/,,,,,Enabled,Enabled,Enabled,,,Hyper-segmented RSA variant
SZ_Search_BayArea_Hyper_ExactPhrase_2026_v3,Refrigerator Near Me,Responsive search ad,hyper12000_conversion,Sub-Zero Repair Near Me,1,Sub Zero Refrigerator Near Me,,Focused on Real Repairs,,Fast Bay Area Response,,No Work Without Approval,,Independent Service Team,,Insured Local Technicians,,180-Day Parts Warranty,,180-Day Labor Warranty,,$99 Fee Credited,,Clear On-Site Diagnosis,,Sub-Zero Service Experts,,Book Your Service Window,,Repair Focused Results,,Get Priority Scheduling,,Book quickly online or by phone. We confirm your window fast.,,$99 diagnostic is credited when you proceed with approved repair work.,,"We focus on cooling, freezing, leak, ice, and control system failures.",,"Short, clear process designed for fast, qualified service leads.",,refrigerator,near-me,https://my-appliance-repair.pro/subzero/,,,,,Enabled,Enabled,Enabled,,,Hyper-segmented RSA variant
SZ_Search_BayArea_Hyper_ExactPhrase_2026_v3,Refrigerator Same Day,Responsive search ad,hyper12000_urgency,Same-Day Sub-Zero Repair,1,Sub Zero Refrigerator Same Day,,"Call Now, Book in Minutes",,Fast Bay Area Response,,No Work Without Approval,,Independent Service Team,,Insured Local Technicians,,180-Day Parts Warranty,,180-Day Labor Warranty,,$99 Fee Credited,,Clear On-Site Diagnosis,,Sub-Zero Service Experts,,Book Your Service Window,,Repair Focused Results,,Get Priority Scheduling,,Same-day or next-day slots. Fast SMS confirmation for your service window.,,$99 service call is credited toward repair when you approve the work.,,"Independent, insured team. 180-day warranty on labor and installed parts.",,Book now for clear diagnosis and high-value Sub-Zero repair in Bay Area.,,refrigerator,same-day,https://my-appliance-repair.pro/subzero/,,,,,Enabled,Enabled,Enabled,,,Hyper-segmented RSA variant
SZ_Search_BayArea_Hyper_ExactPhrase_2026_v3,Refrigerator Same Day,Responsive search ad,hyper12000_trust,Same-Day Sub-Zero Repair,1,Sub Zero Refrigerator Same Day,,Independent Repair Experts,,Fast Bay Area Response,,No Work Without Approval,,Independent Service Team,,Insured Local Technicians,,180-Day Parts Warranty,,180-Day Labor Warranty,,$99 Fee Credited,,Clear On-Site Diagnosis,,Sub-Zero Service Experts,,Book Your Service Window,,Repair Focused Results,,Get Priority Scheduling,,Independent Sub-Zero repair service. Not affiliated with any manufacturer.,,Insured technicians and 180-day warranty on labor and installed parts.,,Clear diagnosis first. You approve all work before any repair starts.,,"Professional communication, clean service, and reliable follow-through.",,refrigerator,same-day,https://my-appliance-repair.pro/subzero/,,,,,Enabled,Enabled,Enabled,,,Hyper-segmented RSA variant
SZ_Search_BayArea_Hyper_ExactPhrase_2026_v3,Refrigerator Same Day,Responsive search ad,hyper12000_conversion,Same-Day Sub-Zero Repair,1,Sub Zero Refrigerator Same Day,,Focused on Real Repairs,,Fast Bay Area Response,,No Work Without Approval,,Independent Service Team,,Insured Local Technicians,,180-Day Parts Warranty,,180-Day Labor Warranty,,$99 Fee Credited,,Clear On-Site Diagnosis,,Sub-Zero Service Experts,,Book Your Service Window,,Repair Focused Results,,Get Priority Scheduling,,Book quickly online or by phone. We confirm your window fast.,,$99 diagnostic is credited when you proceed with approved repair work.,,"We focus on cooling, freezing, leak, ice, and control system failures.",,"Short, clear process designed for fast, qualified service leads.",,refrigerator,same-day,https://my-appliance-repair.pro/subzero/,,,,,Enabled,Enabled,Enabled,,,Hyper-segmented RSA variant
SZ_Search_BayArea_Hyper_ExactPhrase_2026_v3,Refrigerator Technician,Responsive search ad,hyper12000_urgency,Sub-Zero Technician,1,Sub Zero Refrigerator,,"Call Now, Book in Minutes",,Fast Bay Area Response,,No Work Without Approval,,Independent Service Team,,Insured Local Technicians,,180-Day Parts Warranty,,180-Day Labor Warranty,,$99 Fee Credited,,Clear On-Site Diagnosis,,Sub-Zero Service Experts,,Book Your Service Window,,Repair Focused Results,,Get Priority Scheduling,,Same-day or next-day slots. Fast SMS confirmation for your service window.,,$99 service call is credited toward repair when you approve the work.,,"Independent, insured team. 180-day warranty on labor and installed parts.",,Book now for clear diagnosis and high-value Sub-Zero repair in Bay Area.,,refrigerator,technician,https://my-appliance-repair.pro/subzero/,,,,,Enabled,Enabled,Enabled,,,Hyper-segmented RSA variant
SZ_Search_BayArea_Hyper_ExactPhrase_2026_v3,Refrigerator Technician,Responsive search ad,hyper12000_trust,Sub-Zero Technician,1,Sub Zero Refrigerator,,Independent Repair Experts,,Fast Bay Area Response,,No Work Without Approval,,Independent Service Team,,Insured Local Technicians,,180-Day Parts Warranty,,180-Day Labor Warranty,,$99 Fee Credited,,Clear On-Site Diagnosis,,Sub-Zero Service Experts,,Book Your Service Window,,Repair Focused Results,,Get Priority Scheduling,,Independent Sub-Zero repair service. Not affiliated with any manufacturer.,,Insured technicians and 180-day warranty on labor and installed parts.,,Clear diagnosis first. You approve all work before any repair starts.,,"Professional communication, clean service, and reliable follow-through.",,refrigerator,technician,https://my-appliance-repair.pro/subzero/,,,,,Enabled,Enabled,Enabled,,,Hyper-segmented RSA variant
SZ_Search_BayArea_Hyper_ExactPhrase_2026_v3,Refrigerator Technician,Responsive search ad,hyper12000_conversion,Sub-Zero Technician,1,Sub Zero Refrigerator,,Focused on Real Repairs,,Fast Bay Area Response,,No Work Without Approval,,Independent Service Team,,Insured Local Technicians,,180-Day Parts Warranty,,180-Day Labor Warranty,,$99 Fee Credited,,Clear On-Site Diagnosis,,Sub-Zero Service Experts,,Book Your Service Window,,Repair Focused Results,,Get Priority Scheduling,,Book quickly online or by phone. We confirm your window fast.,,$99 diagnostic is credited when you proceed with approved repair work.,,"We focus on cooling, freezing, leak, ice, and control system failures.",,"Short, clear process designed for fast, qualified service leads.",,refrigerator,technician,https://my-appliance-repair.pro/subzero/,,,,,Enabled,Enabled,Enabled,,,Hyper-segmented RSA variant
SZ_Search_BayArea_Hyper_ExactPhrase_2026_v3,Refrigerator Not Cooling,Responsive search ad,hyper12000_urgency,Sub-Zero Not Cooling,1,Sub Zero Refrigerator Not,,"Call Now, Book in Minutes",,Fast Bay Area Response,,No Work Without Approval,,Independent Service Team,,Insured Local Technicians,,180-Day Parts Warranty,,180-Day Labor Warranty,,$99 Fee Credited,,Clear On-Site Diagnosis,,Sub-Zero Service Experts,,Book Your Service Window,,Repair Focused Results,,Get Priority Scheduling,,Same-day or next-day slots. Fast SMS confirmation for your service window.,,$99 service call is credited toward repair when you approve the work.,,"Independent, insured team. 180-day warranty on labor and installed parts.",,Book now for clear diagnosis and high-value Sub-Zero repair in Bay Area.,,refrigerator,not-cooling,https://my-appliance-repair.pro/subzero/,,,,,Enabled,Enabled,Enabled,,,Hyper-segmented RSA variant
SZ_Search_BayArea_Hyper_ExactPhrase_2026_v3,Refrigerator Not Cooling,Responsive search ad,hyper12000_trust,Sub-Zero Not Cooling,1,Sub Zero Refrigerator Not,,Independent Repair Experts,,Fast Bay Area Response,,No Work Without Approval,,Independent Service Team,,Insured Local Technicians,,180-Day Parts Warranty,,180-Day Labor Warranty,,$99 Fee Credited,,Clear On-Site Diagnosis,,Sub-Zero Service Experts,,Book Your Service Window,,Repair Focused Results,,Get Priority Scheduling,,Independent Sub-Zero repair service. Not affiliated with any manufacturer.,,Insured technicians and 180-day warranty on labor and installed parts.,,Clear diagnosis first. You approve all work before any repair starts.,,"Professional communication, clean service, and reliable follow-through.",,refrigerator,not-cooling,https://my-appliance-repair.pro/subzero/,,,,,Enabled,Enabled,Enabled,,,Hyper-segmented RSA variant
SZ_Search_BayArea_Hyper_ExactPhrase_2026_v3,Refrigerator Not Cooling,Responsive search ad,hyper12000_conversion,Sub-Zero Not Cooling,1,Sub Zero Refrigerator Not,,Focused on Real Repairs,,Fast Bay Area Response,,No Work Without Approval,,Independent Service Team,,Insured Local Technicians,,180-Day Parts Warranty,,180-Day Labor Warranty,,$99 Fee Credited,,Clear On-Site Diagnosis,,Sub-Zero Service Experts,,Book Your Service Window,,Repair Focused Results,,Get Priority Scheduling,,Book quickly online or by phone. We confirm your window fast.,,$99 diagnostic is credited when you proceed with approved repair work.,,"We focus on cooling, freezing, leak, ice, and control system failures.",,"Short, clear process designed for fast, qualified service leads.",,refrigerator,not-cooling,https://my-appliance-repair.pro/subzero/,,,,,Enabled,Enabled,Enabled,,,Hyper-segmented RSA variant
SZ_Search_BayArea_Hyper_ExactPhrase_2026_v3,Refrigerator Not Freezing,Responsive search ad,hyper12000_urgency,Sub-Zero Not Freezing,1,Sub Zero Refrigerator Not,,"Call Now, Book in Minutes",,Fast Bay Area Response,,No Work Without Approval,,Independent Service Team,,Insured Local Technicians,,180-Day Parts Warranty,,180-Day Labor Warranty,,$99 Fee Credited,,Clear On-Site Diagnosis,,Sub-Zero Service Experts,,Book Your Service Window,,Repair Focused Results,,Get Priority Scheduling,,Same-day or next-day slots. Fast SMS confirmation for your service window.,,$99 service call is credited toward repair when you approve the work.,,"Independent, insured team. 180-day warranty on labor and installed parts.",,Book now for clear diagnosis and high-value Sub-Zero repair in Bay Area.,,refrigerator,not-freezing,https://my-appliance-repair.pro/subzero/,,,,,Enabled,Enabled,Enabled,,,Hyper-segmented RSA variant
SZ_Search_BayArea_Hyper_ExactPhrase_2026_v3,Refrigerator Not Freezing,Responsive search ad,hyper12000_trust,Sub-Zero Not Freezing,1,Sub Zero Refrigerator Not,,Independent Repair Experts,,Fast Bay Area Response,,No Work Without Approval,,Independent Service Team,,Insured Local Technicians,,180-Day Parts Warranty,,180-Day Labor Warranty,,$99 Fee Credited,,Clear On-Site Diagnosis,,Sub-Zero Service Experts,,Book Your Service Window,,Repair Focused Results,,Get Priority Scheduling,,Independent Sub-Zero repair service. Not affiliated with any manufacturer.,,Insured technicians and 180-day warranty on labor and installed parts.,,Clear diagnosis first. You approve all work before any repair starts.,,"Professional communication, clean service, and reliable follow-through.",,refrigerator,not-freezing,https://my-appliance-repair.pro/subzero/,,,,,Enabled,Enabled,Enabled,,,Hyper-segmented RSA variant
SZ_Search_BayArea_Hyper_ExactPhrase_2026_v3,Refrigerator Not Freezing,Responsive search ad,hyper12000_conversion,Sub-Zero Not Freezing,1,Sub Zero Refrigerator Not,,Focused on Real Repairs,,Fast Bay Area Response,,No Work Without Approval,,Independent Service Team,,Insured Local Technicians,,180-Day Parts Warranty,,180-Day Labor Warranty,,$99 Fee Credited,,Clear On-Site Diagnosis,,Sub-Zero Service Experts,,Book Your Service Window,,Repair Focused Results,,Get Priority Scheduling,,Book quickly online or by phone. We confirm your window fast.,,$99 diagnostic is credited when you proceed with approved repair work.,,"We focus on cooling, freezing, leak, ice, and control system failures.",,"Short, clear process designed for fast, qualified service leads.",,refrigerator,not-freezing,https://my-appliance-repair.pro/subzero/,,,,,Enabled,Enabled,Enabled,,,Hyper-segmented RSA variant
SZ_Search_BayArea_Hyper_ExactPhrase_2026_v3,Refrigerator Not Working,Responsive search ad,hyper12000_urgency,Sub-Zero Not Working,1,Sub Zero Refrigerator Not,,"Call Now, Book in Minutes",,Fast Bay Area Response,,No Work Without Approval,,Independent Service Team,,Insured Local Technicians,,180-Day Parts Warranty,,180-Day Labor Warranty,,$99 Fee Credited,,Clear On-Site Diagnosis,,Sub-Zero Service Experts,,Book Your Service Window,,Repair Focused Results,,Get Priority Scheduling,,Same-day or next-day slots. Fast SMS confirmation for your service window.,,$99 service call is credited toward repair when you approve the work.,,"Independent, insured team. 180-day warranty on labor and installed parts.",,Book now for clear diagnosis and high-value Sub-Zero repair in Bay Area.,,refrigerator,not-working,https://my-appliance-repair.pro/subzero/,,,,,Enabled,Enabled,Enabled,,,Hyper-segmented RSA variant
SZ_Search_BayArea_Hyper_ExactPhrase_2026_v3,Refrigerator Not Working,Responsive search ad,hyper12000_trust,Sub-Zero Not Working,1,Sub Zero Refrigerator Not,,Independent Repair Experts,,Fast Bay Area Response,,No Work Without Approval,,Independent Service Team,,Insured Local Technicians,,180-Day Parts Warranty,,180-Day Labor Warranty,,$99 Fee Credited,,Clear On-Site Diagnosis,,Sub-Zero Service Experts,,Book Your Service Window,,Repair Focused Results,,Get Priority Scheduling,,Independent Sub-Zero repair service. Not affiliated with any manufacturer.,,Insured technicians and 180-day warranty on labor and installed parts.,,Clear diagnosis first. You approve all work before any repair starts.,,"Professional communication, clean service, and reliable follow-through.",,refrigerator,not-working,https://my-appliance-repair.pro/subzero/,,,,,Enabled,Enabled,Enabled,,,Hyper-segmented RSA variant
SZ_Search_BayArea_Hyper_ExactPhrase_2026_v3,Refrigerator Not Working,Responsive search ad,hyper12000_conversion,Sub-Zero Not Working,1,Sub Zero Refrigerator Not,,Focused on Real Repairs,,Fast Bay Area Response,,No Work Without Approval,,Independent Service Team,,Insured Local Technicians,,180-Day Parts Warranty,,180-Day Labor Warranty,,$99 Fee Credited,,Clear On-Site Diagnosis,,Sub-Zero Service Experts,,Book Your Service Window,,Repair Focused Results,,Get Priority Scheduling,,Book quickly online or by phone. We confirm your window fast.,,$99 diagnostic is credited when you proceed with approved repair work.,,"We focus on cooling, freezing, leak, ice, and control system failures.",,"Short, clear process designed for fast, qualified service leads.",,refrigerator,not-working,https://my-appliance-repair.pro/subzero/,,,,,Enabled,Enabled,Enabled,,,Hyper-segmented RSA variant
SZ_Search_BayArea_Hyper_ExactPhrase_2026_v3,Refrigerator Leaking,Responsive search ad,hyper12000_urgency,Sub-Zero Leak Repair,1,Sub Zero Refrigerator Leaking,,"Call Now, Book in Minutes",,Fast Bay Area Response,,No Work Without Approval,,Independent Service Team,,Insured Local Technicians,,180-Day Parts Warranty,,180-Day Labor Warranty,,$99 Fee Credited,,Clear On-Site Diagnosis,,Sub-Zero Service Experts,,Book Your Service Window,,Repair Focused Results,,Get Priority Scheduling,,Same-day or next-day slots. Fast SMS confirmation for your service window.,,$99 service call is credited toward repair when you approve the work.,,"Independent, insured team. 180-day warranty on labor and installed parts.",,Book now for clear diagnosis and high-value Sub-Zero repair in Bay Area.,,refrigerator,leaking,https://my-appliance-repair.pro/subzero/,,,,,Enabled,Enabled,Enabled,,,Hyper-segmented RSA variant
SZ_Search_BayArea_Hyper_ExactPhrase_2026_v3,Refrigerator Leaking,Responsive search ad,hyper12000_trust,Sub-Zero Leak Repair,1,Sub Zero Refrigerator Leaking,,Independent Repair Experts,,Fast Bay Area Response,,No Work Without Approval,,Independent Service Team,,Insured Local Technicians,,180-Day Parts Warranty,,180-Day Labor Warranty,,$99 Fee Credited,,Clear On-Site Diagnosis,,Sub-Zero Service Experts,,Book Your Service Window,,Repair Focused Results,,Get Priority Scheduling,,Independent Sub-Zero repair service. Not affiliated with any manufacturer.,,Insured technicians and 180-day warranty on labor and installed parts.,,Clear diagnosis first. You approve all work before any repair starts.,,"Professional communication, clean service, and reliable follow-through.",,refrigerator,leaking,https://my-appliance-repair.pro/subzero/,,,,,Enabled,Enabled,Enabled,,,Hyper-segmented RSA variant
SZ_Search_BayArea_Hyper_ExactPhrase_2026_v3,Refrigerator Leaking,Responsive search ad,hyper12000_conversion,Sub-Zero Leak Repair,1,Sub Zero Refrigerator Leaking,,Focused on Real Repairs,,Fast Bay Area Response,,No Work Without Approval,,Independent Service Team,,Insured Local Technicians,,180-Day Parts Warranty,,180-Day Labor Warranty,,$99 Fee Credited,,Clear On-Site Diagnosis,,Sub-Zero Service Experts,,Book Your Service Window,,Repair Focused Results,,Get Priority Scheduling,,Book quickly online or by phone. We confirm your window fast.,,$99 diagnostic is credited when you proceed with approved repair work.,,"We focus on cooling, freezing, leak, ice, and control system failures.",,"Short, clear process designed for fast, qualified service leads.",,refrigerator,leaking,https://my-appliance-repair.pro/subzero/,,,,,Enabled,Enabled,Enabled,,,Hyper-segmented RSA variant
SZ_Search_BayArea_Hyper_ExactPhrase_2026_v3,Refrigerator Warm,Responsive search ad,hyper12000_urgency,Sub-Zero Running Warm,1,Sub Zero Refrigerator Warm,,"Call Now, Book in Minutes",,Fast Bay Area Response,,No Work Without Approval,,Independent Service Team,,Insured Local Technicians,,180-Day Parts Warranty,,180-Day Labor Warranty,,$99 Fee Credited,,Clear On-Site Diagnosis,,Sub-Zero Service Experts,,Book Your Service Window,,Repair Focused Results,,Get Priority Scheduling,,Same-day or next-day slots. Fast SMS confirmation for your service window.,,$99 service call is credited toward repair when you approve the work.,,"Independent, insured team. 180-day warranty on labor and installed parts.",,Book now for clear diagnosis and high-value Sub-Zero repair in Bay Area.,,refrigerator,warm,https://my-appliance-repair.pro/subzero/,,,,,Enabled,Enabled,Enabled,,,Hyper-segmented RSA variant
SZ_Search_BayArea_Hyper_ExactPhrase_2026_v3,Refrigerator Warm,Responsive search ad,hyper12000_trust,Sub-Zero Running Warm,1,Sub Zero Refrigerator Warm,,Independent Repair Experts,,Fast Bay Area Response,,No Work Without Approval,,Independent Service Team,,Insured Local Technicians,,180-Day Parts Warranty,,180-Day Labor Warranty,,$99 Fee Credited,,Clear On-Site Diagnosis,,Sub-Zero Service Experts,,Book Your Service Window,,Repair Focused Results,,Get Priority Scheduling,,Independent Sub-Zero repair service. Not affiliated with any manufacturer.,,Insured technicians and 180-day warranty on labor and installed parts.,,Clear diagnosis first. You approve all work before any repair starts.,,"Professional communication, clean service, and reliable follow-through.",,refrigerator,warm,https://my-appliance-repair.pro/subzero/,,,,,Enabled,Enabled,Enabled,,,Hyper-segmented RSA variant
SZ_Search_BayArea_Hyper_ExactPhrase_2026_v3,Refrigerator Warm,Responsive search ad,hyper12000_conversion,Sub-Zero Running Warm,1,Sub Zero Refrigerator Warm,,Focused on Real Repairs,,Fast Bay Area Response,,No Work Without Approval,,Independent Service Team,,Insured Local Technicians,,180-Day Parts Warranty,,180-Day Labor Warranty,,$99 Fee Credited,,Clear On-Site Diagnosis,,Sub-Zero Service Experts,,Book Your Service Window,,Repair Focused Results,,Get Priority Scheduling,,Book quickly online or by phone. We confirm your window fast.,,$99 diagnostic is credited when you proceed with approved repair work.,,"We focus on cooling, freezing, leak, ice, and control system failures.",,"Short, clear process designed for fast, qualified service leads.",,refrigerator,warm,https://my-appliance-repair.pro/subzero/,,,,,Enabled,Enabled,Enabled,,,Hyper-segmented RSA variant
SZ_Search_BayArea_Hyper_ExactPhrase_2026_v3,Refrigerator Error Code,Responsive search ad,hyper12000_urgency,Sub-Zero Error Code Help,1,Sub Zero Refrigerator Error,,"Call Now, Book in Minutes",,Fast Bay Area Response,,No Work Without Approval,,Independent Service Team,,Insured Local Technicians,,180-Day Parts Warranty,,180-Day Labor Warranty,,$99 Fee Credited,,Clear On-Site Diagnosis,,Sub-Zero Service Experts,,Book Your Service Window,,Repair Focused Results,,Get Priority Scheduling,,Same-day or next-day slots. Fast SMS confirmation for your service window.,,$99 service call is credited toward repair when you approve the work.,,"Independent, insured team. 180-day warranty on labor and installed parts.",,Book now for clear diagnosis and high-value Sub-Zero repair in Bay Area.,,refrigerator,error-code,https://my-appliance-repair.pro/subzero/,,,,,Enabled,Enabled,Enabled,,,Hyper-segmented RSA variant
SZ_Search_BayArea_Hyper_ExactPhrase_2026_v3,Refrigerator Error Code,Responsive search ad,hyper12000_trust,Sub-Zero Error Code Help,1,Sub Zero Refrigerator Error,,Independent Repair Experts,,Fast Bay Area Response,,No Work Without Approval,,Independent Service Team,,Insured Local Technicians,,180-Day Parts Warranty,,180-Day Labor Warranty,,$99 Fee Credited,,Clear On-Site Diagnosis,,Sub-Zero Service Experts,,Book Your Service Window,,Repair Focused Results,,Get Priority Scheduling,,Independent Sub-Zero repair service. Not affiliated with any manufacturer.,,Insured technicians and 180-day warranty on labor and installed parts.,,Clear diagnosis first. You approve all work before any repair starts.,,"Professional communication, clean service, and reliable follow-through.",,refrigerator,error-code,https://my-appliance-repair.pro/subzero/,,,,,Enabled,Enabled,Enabled,,,Hyper-segmented RSA variant
SZ_Search_BayArea_Hyper_ExactPhrase_2026_v3,Refrigerator Error Code,Responsive search ad,hyper12000_conversion,Sub-Zero Error Code Help,1,Sub Zero Refrigerator Error,,Focused on Real Repairs,,Fast Bay Area Response,,No Work Without Approval,,Independent Service Team,,Insured Local Technicians,,180-Day Parts Warranty,,180-Day Labor Warranty,,$99 Fee Credited,,Clear On-Site Diagnosis,,Sub-Zero Service Experts,,Book Your Service Window,,Repair Focused Results,,Get Priority Scheduling,,Book quickly online or by phone. We confirm your window fast.,,$99 diagnostic is credited when you proceed with approved repair work.,,"We focus on cooling, freezing, leak, ice, and control system failures.",,"Short, clear process designed for fast, qualified service leads.",,refrigerator,error-code,https://my-appliance-repair.pro/subzero/,,,,,Enabled,Enabled,Enabled,,,Hyper-segmented RSA variant
SZ_Search_BayArea_Hyper_ExactPhrase_2026_v3,Core Brand Repair,Responsive search ad,hyper12000_urgency,Sub-Zero Repair Service,1,Sub Zero Repair Repair,,"Call Now, Book in Minutes",,Fast Bay Area Response,,No Work Without Approval,,Independent Service Team,,Insured Local Technicians,,180-Day Parts Warranty,,180-Day Labor Warranty,,$99 Fee Credited,,Clear On-Site Diagnosis,,Sub-Zero Service Experts,,Book Your Service Window,,Repair Focused Results,,Get Priority Scheduling,,Same-day or next-day slots. Fast SMS confirmation for your service window.,,$99 service call is credited toward repair when you approve the work.,,"Independent, insured team. 180-day warranty on labor and installed parts.",,Book now for clear diagnosis and high-value Sub-Zero repair in Bay Area.,,sub-zero,repair,https://my-appliance-repair.pro/subzero/,,,,,Enabled,Enabled,Enabled,,,Hyper-segmented RSA variant
SZ_Search_BayArea_Hyper_ExactPhrase_2026_v3,Core Brand Repair,Responsive search ad,hyper12000_trust,Sub-Zero Repair Service,1,Sub Zero Repair Repair,,Independent Repair Experts,,Fast Bay Area Response,,No Work Without Approval,,Independent Service Team,,Insured Local Technicians,,180-Day Parts Warranty,,180-Day Labor Warranty,,$99 Fee Credited,,Clear On-Site Diagnosis,,Sub-Zero Service Experts,,Book Your Service Window,,Repair Focused Results,,Get Priority Scheduling,,Independent Sub-Zero repair service. Not affiliated with any manufacturer.,,Insured technicians and 180-day warranty on labor and installed parts.,,Clear diagnosis first. You approve all work before any repair starts.,,"Professional communication, clean service, and reliable follow-through.",,sub-zero,repair,https://my-appliance-repair.pro/subzero/,,,,,Enabled,Enabled,Enabled,,,Hyper-segmented RSA variant
SZ_Search_BayArea_Hyper_ExactPhrase_2026_v3,Core Brand Repair,Responsive search ad,hyper12000_conversion,Sub-Zero Repair Service,1,Sub Zero Repair Repair,,Focused on Real Repairs,,Fast Bay Area Response,,No Work Without Approval,,Independent Service Team,,Insured Local Technicians,,180-Day Parts Warranty,,180-Day Labor Warranty,,$99 Fee Credited,,Clear On-Site Diagnosis,,Sub-Zero Service Experts,,Book Your Service Window,,Repair Focused Results,,Get Priority Scheduling,,Book quickly online or by phone. We confirm your window fast.,,$99 diagnostic is credited when you proceed with approved repair work.,,"We focus on cooling, freezing, leak, ice, and control system failures.",,"Short, clear process designed for fast, qualified service leads.",,sub-zero,repair,https://my-appliance-repair.pro/subzero/,,,,,Enabled,Enabled,Enabled,,,Hyper-segmented RSA variant
SZ_Search_BayArea_Hyper_ExactPhrase_2026_v3,Core Brand Service,Responsive search ad,hyper12000_urgency,Sub-Zero Service Experts,1,Sub Zero Repair Service,,"Call Now, Book in Minutes",,Fast Bay Area Response,,No Work Without Approval,,Independent Service Team,,Insured Local Technicians,,180-Day Parts Warranty,,180-Day Labor Warranty,,$99 Fee Credited,,Clear On-Site Diagnosis,,Sub-Zero Service Experts,,Book Your Service Window,,Repair Focused Results,,Get Priority Scheduling,,Same-day or next-day slots. Fast SMS confirmation for your service window.,,$99 service call is credited toward repair when you approve the work.,,"Independent, insured team. 180-day warranty on labor and installed parts.",,Book now for clear diagnosis and high-value Sub-Zero repair in Bay Area.,,sub-zero,service,https://my-appliance-repair.pro/subzero/,,,,,Enabled,Enabled,Enabled,,,Hyper-segmented RSA variant
SZ_Search_BayArea_Hyper_ExactPhrase_2026_v3,Core Brand Service,Responsive search ad,hyper12000_trust,Sub-Zero Service Experts,1,Sub Zero Repair Service,,Independent Repair Experts,,Fast Bay Area Response,,No Work Without Approval,,Independent Service Team,,Insured Local Technicians,,180-Day Parts Warranty,,180-Day Labor Warranty,,$99 Fee Credited,,Clear On-Site Diagnosis,,Sub-Zero Service Experts,,Book Your Service Window,,Repair Focused Results,,Get Priority Scheduling,,Independent Sub-Zero repair service. Not affiliated with any manufacturer.,,Insured technicians and 180-day warranty on labor and installed parts.,,Clear diagnosis first. You approve all work before any repair starts.,,"Professional communication, clean service, and reliable follow-through.",,sub-zero,service,https://my-appliance-repair.pro/subzero/,,,,,Enabled,Enabled,Enabled,,,Hyper-segmented RSA variant
SZ_Search_BayArea_Hyper_ExactPhrase_2026_v3,Core Brand Service,Responsive search ad,hyper12000_conversion,Sub-Zero Service Experts,1,Sub Zero Repair Service,,Focused on Real Repairs,,Fast Bay Area Response,,No Work Without Approval,,Independent Service Team,,Insured Local Technicians,,180-Day Parts Warranty,,180-Day Labor Warranty,,$99 Fee Credited,,Clear On-Site Diagnosis,,Sub-Zero Service Experts,,Book Your Service Window,,Repair Focused Results,,Get Priority Scheduling,,Book quickly online or by phone. We confirm your window fast.,,$99 diagnostic is credited when you proceed with approved repair work.,,"We focus on cooling, freezing, leak, ice, and control system failures.",,"Short, clear process designed for fast, qualified service leads.",,sub-zero,service,https://my-appliance-repair.pro/subzero/,,,,,Enabled,Enabled,Enabled,,,Hyper-segmented RSA variant
SZ_Search_BayArea_Hyper_ExactPhrase_2026_v3,Core Near Me,Responsive search ad,hyper12000_urgency,Sub-Zero Repair Near Me,1,Sub Zero Repair Near Me,,"Call Now, Book in Minutes",,Fast Bay Area Response,,No Work Without Approval,,Independent Service Team,,Insured Local Technicians,,180-Day Parts Warranty,,180-Day Labor Warranty,,$99 Fee Credited,,Clear On-Site Diagnosis,,Sub-Zero Service Experts,,Book Your Service Window,,Repair Focused Results,,Get Priority Scheduling,,Same-day or next-day slots. Fast SMS confirmation for your service window.,,$99 service call is credited toward repair when you approve the work.,,"Independent, insured team. 180-day warranty on labor and installed parts.",,Book now for clear diagnosis and high-value Sub-Zero repair in Bay Area.,,sub-zero,near-me,https://my-appliance-repair.pro/subzero/,,,,,Enabled,Enabled,Enabled,,,Hyper-segmented RSA variant
SZ_Search_BayArea_Hyper_ExactPhrase_2026_v3,Core Near Me,Responsive search ad,hyper12000_trust,Sub-Zero Repair Near Me,1,Sub Zero Repair Near Me,,Independent Repair Experts,,Fast Bay Area Response,,No Work Without Approval,,Independent Service Team,,Insured Local Technicians,,180-Day Parts Warranty,,180-Day Labor Warranty,,$99 Fee Credited,,Clear On-Site Diagnosis,,Sub-Zero Service Experts,,Book Your Service Window,,Repair Focused Results,,Get Priority Scheduling,,Independent Sub-Zero repair service. Not affiliated with any manufacturer.,,Insured technicians and 180-day warranty on labor and installed parts.,,Clear diagnosis first. You approve all work before any repair starts.,,"Professional communication, clean service, and reliable follow-through.",,sub-zero,near-me,https://my-appliance-repair.pro/subzero/,,,,,Enabled,Enabled,Enabled,,,Hyper-segmented RSA variant
SZ_Search_BayArea_Hyper_ExactPhrase_2026_v3,Core Near Me,Responsive search ad,hyper12000_conversion,Sub-Zero Repair Near Me,1,Sub Zero Repair Near Me,,Focused on Real Repairs,,Fast Bay Area Response,,No Work Without Approval,,Independent Service Team,,Insured Local Technicians,,180-Day Parts Warranty,,180-Day Labor Warranty,,$99 Fee Credited,,Clear On-Site Diagnosis,,Sub-Zero Service Experts,,Book Your Service Window,,Repair Focused Results,,Get Priority Scheduling,,Book quickly online or by phone. We confirm your window fast.,,$99 diagnostic is credited when you proceed with approved repair work.,,"We focus on cooling, freezing, leak, ice, and control system failures.",,"Short, clear process designed for fast, qualified service leads.",,sub-zero,near-me,https://my-appliance-repair.pro/subzero/,,,,,Enabled,Enabled,Enabled,,,Hyper-segmented RSA variant
SZ_Search_BayArea_Hyper_ExactPhrase_2026_v3,Core Same Day,Responsive search ad,hyper12000_urgency,Same-Day Sub-Zero Repair,1,Sub Zero Repair Same Day,,"Call Now, Book in Minutes",,Fast Bay Area Response,,No Work Without Approval,,Independent Service Team,,Insured Local Technicians,,180-Day Parts Warranty,,180-Day Labor Warranty,,$99 Fee Credited,,Clear On-Site Diagnosis,,Sub-Zero Service Experts,,Book Your Service Window,,Repair Focused Results,,Get Priority Scheduling,,Same-day or next-day slots. Fast SMS confirmation for your service window.,,$99 service call is credited toward repair when you approve the work.,,"Independent, insured team. 180-day warranty on labor and installed parts.",,Book now for clear diagnosis and high-value Sub-Zero repair in Bay Area.,,sub-zero,same-day,https://my-appliance-repair.pro/subzero/,,,,,Enabled,Enabled,Enabled,,,Hyper-segmented RSA variant
SZ_Search_BayArea_Hyper_ExactPhrase_2026_v3,Core Same Day,Responsive search ad,hyper12000_trust,Same-Day Sub-Zero Repair,1,Sub Zero Repair Same Day,,Independent Repair Experts,,Fast Bay Area Response,,No Work Without Approval,,Independent Service Team,,Insured Local Technicians,,180-Day Parts Warranty,,180-Day Labor Warranty,,$99 Fee Credited,,Clear On-Site Diagnosis,,Sub-Zero Service Experts,,Book Your Service Window,,Repair Focused Results,,Get Priority Scheduling,,Independent Sub-Zero repair service. Not affiliated with any manufacturer.,,Insured technicians and 180-day warranty on labor and installed parts.,,Clear diagnosis first. You approve all work before any repair starts.,,"Professional communication, clean service, and reliable follow-through.",,sub-zero,same-day,https://my-appliance-repair.pro/subzero/,,,,,Enabled,Enabled,Enabled,,,Hyper-segmented RSA variant
SZ_Search_BayArea_Hyper_ExactPhrase_2026_v3,Core Same Day,Responsive search ad,hyper12000_conversion,Same-Day Sub-Zero Repair,1,Sub Zero Repair Same Day,,Focused on Real Repairs,,Fast Bay Area Response,,No Work Without Approval,,Independent Service Team,,Insured Local Technicians,,180-Day Parts Warranty,,180-Day Labor Warranty,,$99 Fee Credited,,Clear On-Site Diagnosis,,Sub-Zero Service Experts,,Book Your Service Window,,Repair Focused Results,,Get Priority Scheduling,,Book quickly online or by phone. We confirm your window fast.,,$99 diagnostic is credited when you proceed with approved repair work.,,"We focus on cooling, freezing, leak, ice, and control system failures.",,"Short, clear process designed for fast, qualified service leads.",,sub-zero,same-day,https://my-appliance-repair.pro/subzero/,,,,,Enabled,Enabled,Enabled,,,Hyper-segmented RSA variant
SZ_Search_BayArea_Hyper_ExactPhrase_2026_v3,Core Emergency,Responsive search ad,hyper12000_urgency,Emergency Sub-Zero Repair,1,Sub Zero Repair Emergency,,"Call Now, Book in Minutes",,Fast Bay Area Response,,No Work Without Approval,,Independent Service Team,,Insured Local Technicians,,180-Day Parts Warranty,,180-Day Labor Warranty,,$99 Fee Credited,,Clear On-Site Diagnosis,,Sub-Zero Service Experts,,Book Your Service Window,,Repair Focused Results,,Get Priority Scheduling,,Same-day or next-day slots. Fast SMS confirmation for your service window.,,$99 service call is credited toward repair when you approve the work.,,"Independent, insured team. 180-day warranty on labor and installed parts.",,Book now for clear diagnosis and high-value Sub-Zero repair in Bay Area.,,sub-zero,emergency,https://my-appliance-repair.pro/subzero/,,,,,Enabled,Enabled,Enabled,,,Hyper-segmented RSA variant
SZ_Search_BayArea_Hyper_ExactPhrase_2026_v3,Core Emergency,Responsive search ad,hyper12000_trust,Emergency Sub-Zero Repair,1,Sub Zero Repair Emergency,,Independent Repair Experts,,Fast Bay Area Response,,No Work Without Approval,,Independent Service Team,,Insured Local Technicians,,180-Day Parts Warranty,,180-Day Labor Warranty,,$99 Fee Credited,,Clear On-Site Diagnosis,,Sub-Zero Service Experts,,Book Your Service Window,,Repair Focused Results,,Get Priority Scheduling,,Independent Sub-Zero repair service. Not affiliated with any manufacturer.,,Insured technicians and 180-day warranty on labor and installed parts.,,Clear diagnosis first. You approve all work before any repair starts.,,"Professional communication, clean service, and reliable follow-through.",,sub-zero,emergency,https://my-appliance-repair.pro/subzero/,,,,,Enabled,Enabled,Enabled,,,Hyper-segmented RSA variant
SZ_Search_BayArea_Hyper_ExactPhrase_2026_v3,Core Emergency,Responsive search ad,hyper12000_conversion,Emergency Sub-Zero Repair,1,Sub Zero Repair Emergency,,Focused on Real Repairs,,Fast Bay Area Response,,No Work Without Approval,,Independent Service Team,,Insured Local Technicians,,180-Day Parts Warranty,,180-Day Labor Warranty,,$99 Fee Credited,,Clear On-Site Diagnosis,,Sub-Zero Service Experts,,Book Your Service Window,,Repair Focused Results,,Get Priority Scheduling,,Book quickly online or by phone. We confirm your window fast.,,$99 diagnostic is credited when you proceed with approved repair work.,,"We focus on cooling, freezing, leak, ice, and control system failures.",,"Short, clear process designed for fast, qualified service leads.",,sub-zero,emergency,https://my-appliance-repair.pro/subzero/,,,,,Enabled,Enabled,Enabled,,,Hyper-segmented RSA variant
SZ_Search_BayArea_Hyper_ExactPhrase_2026_v3,Core Technician,Responsive search ad,hyper12000_urgency,Sub-Zero Technician,1,Sub Zero Repair Technician,,"Call Now, Book in Minutes",,Fast Bay Area Response,,No Work Without Approval,,Independent Service Team,,Insured Local Technicians,,180-Day Parts Warranty,,180-Day Labor Warranty,,$99 Fee Credited,,Clear On-Site Diagnosis,,Sub-Zero Service Experts,,Book Your Service Window,,Repair Focused Results,,Get Priority Scheduling,,Same-day or next-day slots. Fast SMS confirmation for your service window.,,$99 service call is credited toward repair when you approve the work.,,"Independent, insured team. 180-day warranty on labor and installed parts.",,Book now for clear diagnosis and high-value Sub-Zero repair in Bay Area.,,sub-zero,technician,https://my-appliance-repair.pro/subzero/,,,,,Enabled,Enabled,Enabled,,,Hyper-segmented RSA variant
SZ_Search_BayArea_Hyper_ExactPhrase_2026_v3,Core Technician,Responsive search ad,hyper12000_trust,Sub-Zero Technician,1,Sub Zero Repair Technician,,Independent Repair Experts,,Fast Bay Area Response,,No Work Without Approval,,Independent Service Team,,Insured Local Technicians,,180-Day Parts Warranty,,180-Day Labor Warranty,,$99 Fee Credited,,Clear On-Site Diagnosis,,Sub-Zero Service Experts,,Book Your Service Window,,Repair Focused Results,,Get Priority Scheduling,,Independent Sub-Zero repair service. Not affiliated with any manufacturer.,,Insured technicians and 180-day warranty on labor and installed parts.,,Clear diagnosis first. You approve all work before any repair starts.,,"Professional communication, clean service, and reliable follow-through.",,sub-zero,technician,https://my-appliance-repair.pro/subzero/,,,,,Enabled,Enabled,Enabled,,,Hyper-segmented RSA variant
SZ_Search_BayArea_Hyper_ExactPhrase_2026_v3,Core Technician,Responsive search ad,hyper12000_conversion,Sub-Zero Technician,1,Sub Zero Repair Technician,,Focused on Real Repairs,,Fast Bay Area Response,,No Work Without Approval,,Independent Service Team,,Insured Local Technicians,,180-Day Parts Warranty,,180-Day Labor Warranty,,$99 Fee Credited,,Clear On-Site Diagnosis,,Sub-Zero Service Experts,,Book Your Service Window,,Repair Focused Results,,Get Priority Scheduling,,Book quickly online or by phone. We confirm your window fast.,,$99 diagnostic is credited when you proceed with approved repair work.,,"We focus on cooling, freezing, leak, ice, and control system failures.",,"Short, clear process designed for fast, qualified service leads.",,sub-zero,technician,https://my-appliance-repair.pro/subzero/,,,,,Enabled,Enabled,Enabled,,,Hyper-segmented RSA variant
SZ_Search_BayArea_Hyper_ExactPhrase_2026_v3,Core Repairman,Responsive search ad,hyper12000_urgency,Sub-Zero Repairman,1,Sub Zero Repair Repairman,,"Call Now, Book in Minutes",,Fast Bay Area Response,,No Work Without Approval,,Independent Service Team,,Insured Local Technicians,,180-Day Parts Warranty,,180-Day Labor Warranty,,$99 Fee Credited,,Clear On-Site Diagnosis,,Sub-Zero Service Experts,,Book Your Service Window,,Repair Focused Results,,Get Priority Scheduling,,Same-day or next-day slots. Fast SMS confirmation for your service window.,,$99 service call is credited toward repair when you approve the work.,,"Independent, insured team. 180-day warranty on labor and installed parts.",,Book now for clear diagnosis and high-value Sub-Zero repair in Bay Area.,,sub-zero,repairman,https://my-appliance-repair.pro/subzero/,,,,,Enabled,Enabled,Enabled,,,Hyper-segmented RSA variant
SZ_Search_BayArea_Hyper_ExactPhrase_2026_v3,Core Repairman,Responsive search ad,hyper12000_trust,Sub-Zero Repairman,1,Sub Zero Repair Repairman,,Independent Repair Experts,,Fast Bay Area Response,,No Work Without Approval,,Independent Service Team,,Insured Local Technicians,,180-Day Parts Warranty,,180-Day Labor Warranty,,$99 Fee Credited,,Clear On-Site Diagnosis,,Sub-Zero Service Experts,,Book Your Service Window,,Repair Focused Results,,Get Priority Scheduling,,Independent Sub-Zero repair service. Not affiliated with any manufacturer.,,Insured technicians and 180-day warranty on labor and installed parts.,,Clear diagnosis first. You approve all work before any repair starts.,,"Professional communication, clean service, and reliable follow-through.",,sub-zero,repairman,https://my-appliance-repair.pro/subzero/,,,,,Enabled,Enabled,Enabled,,,Hyper-segmented RSA variant
SZ_Search_BayArea_Hyper_ExactPhrase_2026_v3,Core Repairman,Responsive search ad,hyper12000_conversion,Sub-Zero Repairman,1,Sub Zero Repair Repairman,,Focused on Real Repairs,,Fast Bay Area Response,,No Work Without Approval,,Independent Service Team,,Insured Local Technicians,,180-Day Parts Warranty,,180-Day Labor Warranty,,$99 Fee Credited,,Clear On-Site Diagnosis,,Sub-Zero Service Experts,,Book Your Service Window,,Repair Focused Results,,Get Priority Scheduling,,Book quickly online or by phone. We confirm your window fast.,,$99 diagnostic is credited when you proceed with approved repair work.,,"We focus on cooling, freezing, leak, ice, and control system failures.",,"Short, clear process designed for fast, qualified service leads.",,sub-zero,repairman,https://my-appliance-repair.pro/subzero/,,,,,Enabled,Enabled,Enabled,,,Hyper-segmented RSA variant
SZ_Search_BayArea_Hyper_ExactPhrase_2026_v3,Core Mechanic,Responsive search ad,hyper12000_urgency,Sub-Zero Mechanic,1,Sub Zero Repair Mechanic,,"Call Now, Book in Minutes",,Fast Bay Area Response,,No Work Without Approval,,Independent Service Team,,Insured Local Technicians,,180-Day Parts Warranty,,180-Day Labor Warranty,,$99 Fee Credited,,Clear On-Site Diagnosis,,Sub-Zero Service Experts,,Book Your Service Window,,Repair Focused Results,,Get Priority Scheduling,,Same-day or next-day slots. Fast SMS confirmation for your service window.,,$99 service call is credited toward repair when you approve the work.,,"Independent, insured team. 180-day warranty on labor and installed parts.",,Book now for clear diagnosis and high-value Sub-Zero repair in Bay Area.,,sub-zero,mechanic,https://my-appliance-repair.pro/subzero/,,,,,Enabled,Enabled,Enabled,,,Hyper-segmented RSA variant
SZ_Search_BayArea_Hyper_ExactPhrase_2026_v3,Core Mechanic,Responsive search ad,hyper12000_trust,Sub-Zero Mechanic,1,Sub Zero Repair Mechanic,,Independent Repair Experts,,Fast Bay Area Response,,No Work Without Approval,,Independent Service Team,,Insured Local Technicians,,180-Day Parts Warranty,,180-Day Labor Warranty,,$99 Fee Credited,,Clear On-Site Diagnosis,,Sub-Zero Service Experts,,Book Your Service Window,,Repair Focused Results,,Get Priority Scheduling,,Independent Sub-Zero repair service. Not affiliated with any manufacturer.,,Insured technicians and 180-day warranty on labor and installed parts.,,Clear diagnosis first. You approve all work before any repair starts.,,"Professional communication, clean service, and reliable follow-through.",,sub-zero,mechanic,https://my-appliance-repair.pro/subzero/,,,,,Enabled,Enabled,Enabled,,,Hyper-segmented RSA variant
SZ_Search_BayArea_Hyper_ExactPhrase_2026_v3,Core Mechanic,Responsive search ad,hyper12000_conversion,Sub-Zero Mechanic,1,Sub Zero Repair Mechanic,,Focused on Real Repairs,,Fast Bay Area Response,,No Work Without Approval,,Independent Service Team,,Insured Local Technicians,,180-Day Parts Warranty,,180-Day Labor Warranty,,$99 Fee Credited,,Clear On-Site Diagnosis,,Sub-Zero Service Experts,,Book Your Service Window,,Repair Focused Results,,Get Priority Scheduling,,Book quickly online or by phone. We confirm your window fast.,,$99 diagnostic is credited when you proceed with approved repair work.,,"We focus on cooling, freezing, leak, ice, and control system failures.",,"Short, clear process designed for fast, qualified service leads.",,sub-zero,mechanic,https://my-appliance-repair.pro/subzero/,,,,,Enabled,Enabled,Enabled,,,Hyper-segmented RSA variant
SZ_Search_BayArea_Hyper_ExactPhrase_2026_v3,Core Specialist,Responsive search ad,hyper12000_urgency,Sub-Zero Specialist,1,Sub Zero Repair Specialist,,"Call Now, Book in Minutes",,Fast Bay Area Response,,No Work Without Approval,,Independent Service Team,,Insured Local Technicians,,180-Day Parts Warranty,,180-Day Labor Warranty,,$99 Fee Credited,,Clear On-Site Diagnosis,,Sub-Zero Service Experts,,Book Your Service Window,,Repair Focused Results,,Get Priority Scheduling,,Same-day or next-day slots. Fast SMS confirmation for your service window.,,$99 service call is credited toward repair when you approve the work.,,"Independent, insured team. 180-day warranty on labor and installed parts.",,Book now for clear diagnosis and high-value Sub-Zero repair in Bay Area.,,sub-zero,specialist,https://my-appliance-repair.pro/subzero/,,,,,Enabled,Enabled,Enabled,,,Hyper-segmented RSA variant
SZ_Search_BayArea_Hyper_ExactPhrase_2026_v3,Core Specialist,Responsive search ad,hyper12000_trust,Sub-Zero Specialist,1,Sub Zero Repair Specialist,,Independent Repair Experts,,Fast Bay Area Response,,No Work Without Approval,,Independent Service Team,,Insured Local Technicians,,180-Day Parts Warranty,,180-Day Labor Warranty,,$99 Fee Credited,,Clear On-Site Diagnosis,,Sub-Zero Service Experts,,Book Your Service Window,,Repair Focused Results,,Get Priority Scheduling,,Independent Sub-Zero repair service. Not affiliated with any manufacturer.,,Insured technicians and 180-day warranty on labor and installed parts.,,Clear diagnosis first. You approve all work before any repair starts.,,"Professional communication, clean service, and reliable follow-through.",,sub-zero,specialist,https://my-appliance-repair.pro/subzero/,,,,,Enabled,Enabled,Enabled,,,Hyper-segmented RSA variant
SZ_Search_BayArea_Hyper_ExactPhrase_2026_v3,Core Specialist,Responsive search ad,hyper12000_conversion,Sub-Zero Specialist,1,Sub Zero Repair Specialist,,Focused on Real Repairs,,Fast Bay Area Response,,No Work Without Approval,,Independent Service Team,,Insured Local Technicians,,180-Day Parts Warranty,,180-Day Labor Warranty,,$99 Fee Credited,,Clear On-Site Diagnosis,,Sub-Zero Service Experts,,Book Your Service Window,,Repair Focused Results,,Get Priority Scheduling,,Book quickly online or by phone. We confirm your window fast.,,$99 diagnostic is credited when you proceed with approved repair work.,,"We focus on cooling, freezing, leak, ice, and control system failures.",,"Short, clear process designed for fast, qualified service leads.",,sub-zero,specialist,https://my-appliance-repair.pro/subzero/,,,,,Enabled,Enabled,Enabled,,,Hyper-segmented RSA variant
SZ_Search_BayArea_Hyper_ExactPhrase_2026_v3,Core Not Cooling,Responsive search ad,hyper12000_urgency,Sub-Zero Not Cooling,1,Sub Zero Repair Not Cooling,,"Call Now, Book in Minutes",,Fast Bay Area Response,,No Work Without Approval,,Independent Service Team,,Insured Local Technicians,,180-Day Parts Warranty,,180-Day Labor Warranty,,$99 Fee Credited,,Clear On-Site Diagnosis,,Sub-Zero Service Experts,,Book Your Service Window,,Repair Focused Results,,Get Priority Scheduling,,Same-day or next-day slots. Fast SMS confirmation for your service window.,,$99 service call is credited toward repair when you approve the work.,,"Independent, insured team. 180-day warranty on labor and installed parts.",,Book now for clear diagnosis and high-value Sub-Zero repair in Bay Area.,,sub-zero,not-cooling,https://my-appliance-repair.pro/subzero/,,,,,Enabled,Enabled,Enabled,,,Hyper-segmented RSA variant
SZ_Search_BayArea_Hyper_ExactPhrase_2026_v3,Core Not Cooling,Responsive search ad,hyper12000_trust,Sub-Zero Not Cooling,1,Sub Zero Repair Not Cooling,,Independent Repair Experts,,Fast Bay Area Response,,No Work Without Approval,,Independent Service Team,,Insured Local Technicians,,180-Day Parts Warranty,,180-Day Labor Warranty,,$99 Fee Credited,,Clear On-Site Diagnosis,,Sub-Zero Service Experts,,Book Your Service Window,,Repair Focused Results,,Get Priority Scheduling,,Independent Sub-Zero repair service. Not affiliated with any manufacturer.,,Insured technicians and 180-day warranty on labor and installed parts.,,Clear diagnosis first. You approve all work before any repair starts.,,"Professional communication, clean service, and reliable follow-through.",,sub-zero,not-cooling,https://my-appliance-repair.pro/subzero/,,,,,Enabled,Enabled,Enabled,,,Hyper-segmented RSA variant
SZ_Search_BayArea_Hyper_ExactPhrase_2026_v3,Core Not Cooling,Responsive search ad,hyper12000_conversion,Sub-Zero Not Cooling,1,Sub Zero Repair Not Cooling,,Focused on Real Repairs,,Fast Bay Area Response,,No Work Without Approval,,Independent Service Team,,Insured Local Technicians,,180-Day Parts Warranty,,180-Day Labor Warranty,,$99 Fee Credited,,Clear On-Site Diagnosis,,Sub-Zero Service Experts,,Book Your Service Window,,Repair Focused Results,,Get Priority Scheduling,,Book quickly online or by phone. We confirm your window fast.,,$99 diagnostic is credited when you proceed with approved repair work.,,"We focus on cooling, freezing, leak, ice, and control system failures.",,"Short, clear process designed for fast, qualified service leads.",,sub-zero,not-cooling,https://my-appliance-repair.pro/subzero/,,,,,Enabled,Enabled,Enabled,,,Hyper-segmented RSA variant
SZ_Search_BayArea_Hyper_ExactPhrase_2026_v3,Core Not Freezing,Responsive search ad,hyper12000_urgency,Sub-Zero Not Freezing,1,Sub Zero Repair Not Freezing,,"Call Now, Book in Minutes",,Fast Bay Area Response,,No Work Without Approval,,Independent Service Team,,Insured Local Technicians,,180-Day Parts Warranty,,180-Day Labor Warranty,,$99 Fee Credited,,Clear On-Site Diagnosis,,Sub-Zero Service Experts,,Book Your Service Window,,Repair Focused Results,,Get Priority Scheduling,,Same-day or next-day slots. Fast SMS confirmation for your service window.,,$99 service call is credited toward repair when you approve the work.,,"Independent, insured team. 180-day warranty on labor and installed parts.",,Book now for clear diagnosis and high-value Sub-Zero repair in Bay Area.,,sub-zero,not-freezing,https://my-appliance-repair.pro/subzero/,,,,,Enabled,Enabled,Enabled,,,Hyper-segmented RSA variant
SZ_Search_BayArea_Hyper_ExactPhrase_2026_v3,Core Not Freezing,Responsive search ad,hyper12000_trust,Sub-Zero Not Freezing,1,Sub Zero Repair Not Freezing,,Independent Repair Experts,,Fast Bay Area Response,,No Work Without Approval,,Independent Service Team,,Insured Local Technicians,,180-Day Parts Warranty,,180-Day Labor Warranty,,$99 Fee Credited,,Clear On-Site Diagnosis,,Sub-Zero Service Experts,,Book Your Service Window,,Repair Focused Results,,Get Priority Scheduling,,Independent Sub-Zero repair service. Not affiliated with any manufacturer.,,Insured technicians and 180-day warranty on labor and installed parts.,,Clear diagnosis first. You approve all work before any repair starts.,,"Professional communication, clean service, and reliable follow-through.",,sub-zero,not-freezing,https://my-appliance-repair.pro/subzero/,,,,,Enabled,Enabled,Enabled,,,Hyper-segmented RSA variant
SZ_Search_BayArea_Hyper_ExactPhrase_2026_v3,Core Not Freezing,Responsive search ad,hyper12000_conversion,Sub-Zero Not Freezing,1,Sub Zero Repair Not Freezing,,Focused on Real Repairs,,Fast Bay Area Response,,No Work Without Approval,,Independent Service Team,,Insured Local Technicians,,180-Day Parts Warranty,,180-Day Labor Warranty,,$99 Fee Credited,,Clear On-Site Diagnosis,,Sub-Zero Service Experts,,Book Your Service Window,,Repair Focused Results,,Get Priority Scheduling,,Book quickly online or by phone. We confirm your window fast.,,$99 diagnostic is credited when you proceed with approved repair work.,,"We focus on cooling, freezing, leak, ice, and control system failures.",,"Short, clear process designed for fast, qualified service leads.",,sub-zero,not-freezing,https://my-appliance-repair.pro/subzero/,,,,,Enabled,Enabled,Enabled,,,Hyper-segmented RSA variant
SZ_Search_BayArea_Hyper_ExactPhrase_2026_v3,Core Not Working,Responsive search ad,hyper12000_urgency,Sub-Zero Not Working,1,Sub Zero Repair Not Working,,"Call Now, Book in Minutes",,Fast Bay Area Response,,No Work Without Approval,,Independent Service Team,,Insured Local Technicians,,180-Day Parts Warranty,,180-Day Labor Warranty,,$99 Fee Credited,,Clear On-Site Diagnosis,,Sub-Zero Service Experts,,Book Your Service Window,,Repair Focused Results,,Get Priority Scheduling,,Same-day or next-day slots. Fast SMS confirmation for your service window.,,$99 service call is credited toward repair when you approve the work.,,"Independent, insured team. 180-day warranty on labor and installed parts.",,Book now for clear diagnosis and high-value Sub-Zero repair in Bay Area.,,sub-zero,not-working,https://my-appliance-repair.pro/subzero/,,,,,Enabled,Enabled,Enabled,,,Hyper-segmented RSA variant
SZ_Search_BayArea_Hyper_ExactPhrase_2026_v3,Core Not Working,Responsive search ad,hyper12000_trust,Sub-Zero Not Working,1,Sub Zero Repair Not Working,,Independent Repair Experts,,Fast Bay Area Response,,No Work Without Approval,,Independent Service Team,,Insured Local Technicians,,180-Day Parts Warranty,,180-Day Labor Warranty,,$99 Fee Credited,,Clear On-Site Diagnosis,,Sub-Zero Service Experts,,Book Your Service Window,,Repair Focused Results,,Get Priority Scheduling,,Independent Sub-Zero repair service. Not affiliated with any manufacturer.,,Insured technicians and 180-day warranty on labor and installed parts.,,Clear diagnosis first. You approve all work before any repair starts.,,"Professional communication, clean service, and reliable follow-through.",,sub-zero,not-working,https://my-appliance-repair.pro/subzero/,,,,,Enabled,Enabled,Enabled,,,Hyper-segmented RSA variant
SZ_Search_BayArea_Hyper_ExactPhrase_2026_v3,Core Not Working,Responsive search ad,hyper12000_conversion,Sub-Zero Not Working,1,Sub Zero Repair Not Working,,Focused on Real Repairs,,Fast Bay Area Response,,No Work Without Approval,,Independent Service Team,,Insured Local Technicians,,180-Day Parts Warranty,,180-Day Labor Warranty,,$99 Fee Credited,,Clear On-Site Diagnosis,,Sub-Zero Service Experts,,Book Your Service Window,,Repair Focused Results,,Get Priority Scheduling,,Book quickly online or by phone. We confirm your window fast.,,$99 diagnostic is credited when you proceed with approved repair work.,,"We focus on cooling, freezing, leak, ice, and control system failures.",,"Short, clear process designed for fast, qualified service leads.",,sub-zero,not-working,https://my-appliance-repair.pro/subzero/,,,,,Enabled,Enabled,Enabled,,,Hyper-segmented RSA variant
SZ_Search_BayArea_Hyper_ExactPhrase_2026_v3,Core Leaking,Responsive search ad,hyper12000_urgency,Sub-Zero Leak Repair,1,Sub Zero Repair Leaking,,"Call Now, Book in Minutes",,Fast Bay Area Response,,No Work Without Approval,,Independent Service Team,,Insured Local Technicians,,180-Day Parts Warranty,,180-Day Labor Warranty,,$99 Fee Credited,,Clear On-Site Diagnosis,,Sub-Zero Service Experts,,Book Your Service Window,,Repair Focused Results,,Get Priority Scheduling,,Same-day or next-day slots. Fast SMS confirmation for your service window.,,$99 service call is credited toward repair when you approve the work.,,"Independent, insured team. 180-day warranty on labor and installed parts.",,Book now for clear diagnosis and high-value Sub-Zero repair in Bay Area.,,sub-zero,leaking,https://my-appliance-repair.pro/subzero/,,,,,Enabled,Enabled,Enabled,,,Hyper-segmented RSA variant
SZ_Search_BayArea_Hyper_ExactPhrase_2026_v3,Core Leaking,Responsive search ad,hyper12000_trust,Sub-Zero Leak Repair,1,Sub Zero Repair Leaking,,Independent Repair Experts,,Fast Bay Area Response,,No Work Without Approval,,Independent Service Team,,Insured Local Technicians,,180-Day Parts Warranty,,180-Day Labor Warranty,,$99 Fee Credited,,Clear On-Site Diagnosis,,Sub-Zero Service Experts,,Book Your Service Window,,Repair Focused Results,,Get Priority Scheduling,,Independent Sub-Zero repair service. Not affiliated with any manufacturer.,,Insured technicians and 180-day warranty on labor and installed parts.,,Clear diagnosis first. You approve all work before any repair starts.,,"Professional communication, clean service, and reliable follow-through.",,sub-zero,leaking,https://my-appliance-repair.pro/subzero/,,,,,Enabled,Enabled,Enabled,,,Hyper-segmented RSA variant
SZ_Search_BayArea_Hyper_ExactPhrase_2026_v3,Core Leaking,Responsive search ad,hyper12000_conversion,Sub-Zero Leak Repair,1,Sub Zero Repair Leaking,,Focused on Real Repairs,,Fast Bay Area Response,,No Work Without Approval,,Independent Service Team,,Insured Local Technicians,,180-Day Parts Warranty,,180-Day Labor Warranty,,$99 Fee Credited,,Clear On-Site Diagnosis,,Sub-Zero Service Experts,,Book Your Service Window,,Repair Focused Results,,Get Priority Scheduling,,Book quickly online or by phone. We confirm your window fast.,,$99 diagnostic is credited when you proceed with approved repair work.,,"We focus on cooling, freezing, leak, ice, and control system failures.",,"Short, clear process designed for fast, qualified service leads.",,sub-zero,leaking,https://my-appliance-repair.pro/subzero/,,,,,Enabled,Enabled,Enabled,,,Hyper-segmented RSA variant
SZ_Search_BayArea_Hyper_ExactPhrase_2026_v3,Core Warm,Responsive search ad,hyper12000_urgency,Sub-Zero Running Warm,1,Sub Zero Repair Warm,,"Call Now, Book in Minutes",,Fast Bay Area Response,,No Work Without Approval,,Independent Service Team,,Insured Local Technicians,,180-Day Parts Warranty,,180-Day Labor Warranty,,$99 Fee Credited,,Clear On-Site Diagnosis,,Sub-Zero Service Experts,,Book Your Service Window,,Repair Focused Results,,Get Priority Scheduling,,Same-day or next-day slots. Fast SMS confirmation for your service window.,,$99 service call is credited toward repair when you approve the work.,,"Independent, insured team. 180-day warranty on labor and installed parts.",,Book now for clear diagnosis and high-value Sub-Zero repair in Bay Area.,,sub-zero,warm,https://my-appliance-repair.pro/subzero/,,,,,Enabled,Enabled,Enabled,,,Hyper-segmented RSA variant
SZ_Search_BayArea_Hyper_ExactPhrase_2026_v3,Core Warm,Responsive search ad,hyper12000_trust,Sub-Zero Running Warm,1,Sub Zero Repair Warm,,Independent Repair Experts,,Fast Bay Area Response,,No Work Without Approval,,Independent Service Team,,Insured Local Technicians,,180-Day Parts Warranty,,180-Day Labor Warranty,,$99 Fee Credited,,Clear On-Site Diagnosis,,Sub-Zero Service Experts,,Book Your Service Window,,Repair Focused Results,,Get Priority Scheduling,,Independent Sub-Zero repair service. Not affiliated with any manufacturer.,,Insured technicians and 180-day warranty on labor and installed parts.,,Clear diagnosis first. You approve all work before any repair starts.,,"Professional communication, clean service, and reliable follow-through.",,sub-zero,warm,https://my-appliance-repair.pro/subzero/,,,,,Enabled,Enabled,Enabled,,,Hyper-segmented RSA variant
SZ_Search_BayArea_Hyper_ExactPhrase_2026_v3,Core Warm,Responsive search ad,hyper12000_conversion,Sub-Zero Running Warm,1,Sub Zero Repair Warm,,Focused on Real Repairs,,Fast Bay Area Response,,No Work Without Approval,,Independent Service Team,,Insured Local Technicians,,180-Day Parts Warranty,,180-Day Labor Warranty,,$99 Fee Credited,,Clear On-Site Diagnosis,,Sub-Zero Service Experts,,Book Your Service Window,,Repair Focused Results,,Get Priority Scheduling,,Book quickly online or by phone. We confirm your window fast.,,$99 diagnostic is credited when you proceed with approved repair work.,,"We focus on cooling, freezing, leak, ice, and control system failures.",,"Short, clear process designed for fast, qualified service leads.",,sub-zero,warm,https://my-appliance-repair.pro/subzero/,,,,,Enabled,Enabled,Enabled,,,Hyper-segmented RSA variant
SZ_Search_BayArea_Hyper_ExactPhrase_2026_v3,Core Beeping Noise,Responsive search ad,hyper12000_urgency,Sub-Zero Noise Repair,1,Sub Zero Repair Noise Issue,,"Call Now, Book in Minutes",,Fast Bay Area Response,,No Work Without Approval,,Independent Service Team,,Insured Local Technicians,,180-Day Parts Warranty,,180-Day Labor Warranty,,$99 Fee Credited,,Clear On-Site Diagnosis,,Sub-Zero Service Experts,,Book Your Service Window,,Repair Focused Results,,Get Priority Scheduling,,Same-day or next-day slots. Fast SMS confirmation for your service window.,,$99 service call is credited toward repair when you approve the work.,,"Independent, insured team. 180-day warranty on labor and installed parts.",,Book now for clear diagnosis and high-value Sub-Zero repair in Bay Area.,,sub-zero,noise,https://my-appliance-repair.pro/subzero/,,,,,Enabled,Enabled,Enabled,,,Hyper-segmented RSA variant
SZ_Search_BayArea_Hyper_ExactPhrase_2026_v3,Core Beeping Noise,Responsive search ad,hyper12000_trust,Sub-Zero Noise Repair,1,Sub Zero Repair Noise Issue,,Independent Repair Experts,,Fast Bay Area Response,,No Work Without Approval,,Independent Service Team,,Insured Local Technicians,,180-Day Parts Warranty,,180-Day Labor Warranty,,$99 Fee Credited,,Clear On-Site Diagnosis,,Sub-Zero Service Experts,,Book Your Service Window,,Repair Focused Results,,Get Priority Scheduling,,Independent Sub-Zero repair service. Not affiliated with any manufacturer.,,Insured technicians and 180-day warranty on labor and installed parts.,,Clear diagnosis first. You approve all work before any repair starts.,,"Professional communication, clean service, and reliable follow-through.",,sub-zero,noise,https://my-appliance-repair.pro/subzero/,,,,,Enabled,Enabled,Enabled,,,Hyper-segmented RSA variant
SZ_Search_BayArea_Hyper_ExactPhrase_2026_v3,Core Beeping Noise,Responsive search ad,hyper12000_conversion,Sub-Zero Noise Repair,1,Sub Zero Repair Noise Issue,,Focused on Real Repairs,,Fast Bay Area Response,,No Work Without Approval,,Independent Service Team,,Insured Local Technicians,,180-Day Parts Warranty,,180-Day Labor Warranty,,$99 Fee Credited,,Clear On-Site Diagnosis,,Sub-Zero Service Experts,,Book Your Service Window,,Repair Focused Results,,Get Priority Scheduling,,Book quickly online or by phone. We confirm your window fast.,,$99 diagnostic is credited when you proceed with approved repair work.,,"We focus on cooling, freezing, leak, ice, and control system failures.",,"Short, clear process designed for fast, qualified service leads.",,sub-zero,noise,https://my-appliance-repair.pro/subzero/,,,,,Enabled,Enabled,Enabled,,,Hyper-segmented RSA variant
SZ_Search_BayArea_Hyper_ExactPhrase_2026_v3,Core Error Code,Responsive search ad,hyper12000_urgency,Sub-Zero Error Code Help,1,Sub Zero Repair Error Code,,"Call Now, Book in Minutes",,Fast Bay Area Response,,No Work Without Approval,,Independent Service Team,,Insured Local Technicians,,180-Day Parts Warranty,,180-Day Labor Warranty,,$99 Fee Credited,,Clear On-Site Diagnosis,,Sub-Zero Service Experts,,Book Your Service Window,,Repair Focused Results,,Get Priority Scheduling,,Same-day or next-day slots. Fast SMS confirmation for your service window.,,$99 service call is credited toward repair when you approve the work.,,"Independent, insured team. 180-day warranty on labor and installed parts.",,Book now for clear diagnosis and high-value Sub-Zero repair in Bay Area.,,sub-zero,error-code,https://my-appliance-repair.pro/subzero/,,,,,Enabled,Enabled,Enabled,,,Hyper-segmented RSA variant
SZ_Search_BayArea_Hyper_ExactPhrase_2026_v3,Core Error Code,Responsive search ad,hyper12000_trust,Sub-Zero Error Code Help,1,Sub Zero Repair Error Code,,Independent Repair Experts,,Fast Bay Area Response,,No Work Without Approval,,Independent Service Team,,Insured Local Technicians,,180-Day Parts Warranty,,180-Day Labor Warranty,,$99 Fee Credited,,Clear On-Site Diagnosis,,Sub-Zero Service Experts,,Book Your Service Window,,Repair Focused Results,,Get Priority Scheduling,,Independent Sub-Zero repair service. Not affiliated with any manufacturer.,,Insured technicians and 180-day warranty on labor and installed parts.,,Clear diagnosis first. You approve all work before any repair starts.,,"Professional communication, clean service, and reliable follow-through.",,sub-zero,error-code,https://my-appliance-repair.pro/subzero/,,,,,Enabled,Enabled,Enabled,,,Hyper-segmented RSA variant
SZ_Search_BayArea_Hyper_ExactPhrase_2026_v3,Core Error Code,Responsive search ad,hyper12000_conversion,Sub-Zero Error Code Help,1,Sub Zero Repair Error Code,,Focused on Real Repairs,,Fast Bay Area Response,,No Work Without Approval,,Independent Service Team,,Insured Local Technicians,,180-Day Parts Warranty,,180-Day Labor Warranty,,$99 Fee Credited,,Clear On-Site Diagnosis,,Sub-Zero Service Experts,,Book Your Service Window,,Repair Focused Results,,Get Priority Scheduling,,Book quickly online or by phone. We confirm your window fast.,,$99 diagnostic is credited when you proceed with approved repair work.,,"We focus on cooling, freezing, leak, ice, and control system failures.",,"Short, clear process designed for fast, qualified service leads.",,sub-zero,error-code,https://my-appliance-repair.pro/subzero/,,,,,Enabled,Enabled,Enabled,,,Hyper-segmented RSA variant
SZ_Search_BayArea_Hyper_ExactPhrase_2026_v3,Geo San Francisco Repair,Responsive search ad,v3_boost,Sub-Zero Repair San Francisco,1,Local Fast Response,,Book Service Today,,Fast Bay Area Scheduling,,Emergency Slots Available,,No Work Without Approval,,$99 Fee Credited,,180-Day Labor Warranty,,180-Day Parts Warranty,,Insured Local Technicians,,Independent Service Team,,Sub-Zero Repair Specialists,,Clear On-Site Diagnosis,,"Call Now, Book in Minutes",,Service Call & Repair Plan,,Book same-day or next-day service across Bay Area. Fast call or SMS confirmation.,,$99 service call is credited toward approved repair. No work starts without OK.,,Insured independent technicians with 180-day labor and installed parts warranty.,,Local Bay Area coverage with quick booking and reliable service communication.,,sub-zero,bay-area,https://my-appliance-repair.pro/subzero/,,,,,Enabled,Enabled,Enabled,,,RSA v4 CTR/CR boost
SZ_Search_BayArea_Hyper_ExactPhrase_2026_v3,Geo San Jose Repair,Responsive search ad,v3_boost,Sub-Zero Repair San Jose,1,Local Fast Response,,Book Service Today,,Fast Bay Area Scheduling,,Emergency Slots Available,,No Work Without Approval,,$99 Fee Credited,,180-Day Labor Warranty,,180-Day Parts Warranty,,Insured Local Technicians,,Independent Service Team,,Sub-Zero Repair Specialists,,Clear On-Site Diagnosis,,"Call Now, Book in Minutes",,Service Call & Repair Plan,,Book same-day or next-day service across Bay Area. Fast call or SMS confirmation.,,$99 service call is credited toward approved repair. No work starts without OK.,,Insured independent technicians with 180-day labor and installed parts warranty.,,Local Bay Area coverage with quick booking and reliable service communication.,,sub-zero,bay-area,https://my-appliance-repair.pro/subzero/,,,,,Enabled,Enabled,Enabled,,,RSA v4 CTR/CR boost
SZ_Search_BayArea_Hyper_ExactPhrase_2026_v3,Geo Oakland Repair,Responsive search ad,v3_boost,Sub-Zero Repair Oakland,1,Local Fast Response,,Book Service Today,,Fast Bay Area Scheduling,,Emergency Slots Available,,No Work Without Approval,,$99 Fee Credited,,180-Day Labor Warranty,,180-Day Parts Warranty,,Insured Local Technicians,,Independent Service Team,,Sub-Zero Repair Specialists,,Clear On-Site Diagnosis,,"Call Now, Book in Minutes",,Service Call & Repair Plan,,Book same-day or next-day service across Bay Area. Fast call or SMS confirmation.,,$99 service call is credited toward approved repair. No work starts without OK.,,Insured independent technicians with 180-day labor and installed parts warranty.,,Local Bay Area coverage with quick booking and reliable service communication.,,sub-zero,bay-area,https://my-appliance-repair.pro/subzero/,,,,,Enabled,Enabled,Enabled,,,RSA v4 CTR/CR boost
SZ_Search_BayArea_Hyper_ExactPhrase_2026_v3,Geo Palo Alto Repair,Responsive search ad,v3_boost,Sub-Zero Repair Palo Alto,1,Local Fast Response,,Book Service Today,,Fast Bay Area Scheduling,,Emergency Slots Available,,No Work Without Approval,,$99 Fee Credited,,180-Day Labor Warranty,,180-Day Parts Warranty,,Insured Local Technicians,,Independent Service Team,,Sub-Zero Repair Specialists,,Clear On-Site Diagnosis,,"Call Now, Book in Minutes",,Service Call & Repair Plan,,Book same-day or next-day service across Bay Area. Fast call or SMS confirmation.,,$99 service call is credited toward approved repair. No work starts without OK.,,Insured independent technicians with 180-day labor and installed parts warranty.,,Local Bay Area coverage with quick booking and reliable service communication.,,sub-zero,bay-area,https://my-appliance-repair.pro/subzero/,,,,,Enabled,Enabled,Enabled,,,RSA v4 CTR/CR boost
SZ_Search_BayArea_Hyper_ExactPhrase_2026_v3,Geo Mountain View Repair,Responsive search ad,v3_boost,Sub-Zero Repair Mountain View,1,Local Fast Response,,Book Service Today,,Fast Bay Area Scheduling,,Emergency Slots Available,,No Work Without Approval,,$99 Fee Credited,,180-Day Labor Warranty,,180-Day Parts Warranty,,Insured Local Technicians,,Independent Service Team,,Sub-Zero Repair Specialists,,Clear On-Site Diagnosis,,"Call Now, Book in Minutes",,Service Call & Repair Plan,,Book same-day or next-day service across Bay Area. Fast call or SMS confirmation.,,$99 service call is credited toward approved repair. No work starts without OK.,,Insured independent technicians with 180-day labor and installed parts warranty.,,Local Bay Area coverage with quick booking and reliable service communication.,,sub-zero,bay-area,https://my-appliance-repair.pro/subzero/,,,,,Enabled,Enabled,Enabled,,,RSA v4 CTR/CR boost
SZ_Search_BayArea_Hyper_ExactPhrase_2026_v3,Geo Sunnyvale Repair,Responsive search ad,v3_boost,Sub-Zero Repair Sunnyvale,1,Local Fast Response,,Book Service Today,,Fast Bay Area Scheduling,,Emergency Slots Available,,No Work Without Approval,,$99 Fee Credited,,180-Day Labor Warranty,,180-Day Parts Warranty,,Insured Local Technicians,,Independent Service Team,,Sub-Zero Repair Specialists,,Clear On-Site Diagnosis,,"Call Now, Book in Minutes",,Service Call & Repair Plan,,Book same-day or next-day service across Bay Area. Fast call or SMS confirmation.,,$99 service call is credited toward approved repair. No work starts without OK.,,Insured independent technicians with 180-day labor and installed parts warranty.,,Local Bay Area coverage with quick booking and reliable service communication.,,sub-zero,bay-area,https://my-appliance-repair.pro/subzero/,,,,,Enabled,Enabled,Enabled,,,RSA v4 CTR/CR boost
SZ_Search_BayArea_Hyper_ExactPhrase_2026_v3,Geo San Mateo Repair,Responsive search ad,v3_boost,Sub-Zero Repair San Mateo,1,Local Fast Response,,Book Service Today,,Fast Bay Area Scheduling,,Emergency Slots Available,,No Work Without Approval,,$99 Fee Credited,,180-Day Labor Warranty,,180-Day Parts Warranty,,Insured Local Technicians,,Independent Service Team,,Sub-Zero Repair Specialists,,Clear On-Site Diagnosis,,"Call Now, Book in Minutes",,Service Call & Repair Plan,,Book same-day or next-day service across Bay Area. Fast call or SMS confirmation.,,$99 service call is credited toward approved repair. No work starts without OK.,,Insured independent technicians with 180-day labor and installed parts warranty.,,Local Bay Area coverage with quick booking and reliable service communication.,,sub-zero,bay-area,https://my-appliance-repair.pro/subzero/,,,,,Enabled,Enabled,Enabled,,,RSA v4 CTR/CR boost
SZ_Search_BayArea_Hyper_ExactPhrase_2026_v3,Geo Redwood City Repair,Responsive search ad,v3_boost,Sub-Zero Repair Redwood City,1,Local Fast Response,,Book Service Today,,Fast Bay Area Scheduling,,Emergency Slots Available,,No Work Without Approval,,$99 Fee Credited,,180-Day Labor Warranty,,180-Day Parts Warranty,,Insured Local Technicians,,Independent Service Team,,Sub-Zero Repair Specialists,,Clear On-Site Diagnosis,,"Call Now, Book in Minutes",,Service Call & Repair Plan,,Book same-day or next-day service across Bay Area. Fast call or SMS confirmation.,,$99 service call is credited toward approved repair. No work starts without OK.,,Insured independent technicians with 180-day labor and installed parts warranty.,,Local Bay Area coverage with quick booking and reliable service communication.,,sub-zero,bay-area,https://my-appliance-repair.pro/subzero/,,,,,Enabled,Enabled,Enabled,,,RSA v4 CTR/CR boost
SZ_Search_BayArea_Hyper_ExactPhrase_2026_v3,Geo Santa Clara Repair,Responsive search ad,v3_boost,Sub-Zero Repair Santa Clara,1,Local Fast Response,,Book Service Today,,Fast Bay Area Scheduling,,Emergency Slots Available,,No Work Without Approval,,$99 Fee Credited,,180-Day Labor Warranty,,180-Day Parts Warranty,,Insured Local Technicians,,Independent Service Team,,Sub-Zero Repair Specialists,,Clear On-Site Diagnosis,,"Call Now, Book in Minutes",,Service Call & Repair Plan,,Book same-day or next-day service across Bay Area. Fast call or SMS confirmation.,,$99 service call is credited toward approved repair. No work starts without OK.,,Insured independent technicians with 180-day labor and installed parts warranty.,,Local Bay Area coverage with quick booking and reliable service communication.,,sub-zero,bay-area,https://my-appliance-repair.pro/subzero/,,,,,Enabled,Enabled,Enabled,,,RSA v4 CTR/CR boost
SZ_Search_BayArea_Hyper_ExactPhrase_2026_v3,Geo Fremont Repair,Responsive search ad,v3_boost,Sub-Zero Repair Fremont,1,Local Fast Response,,Book Service Today,,Fast Bay Area Scheduling,,Emergency Slots Available,,No Work Without Approval,,$99 Fee Credited,,180-Day Labor Warranty,,180-Day Parts Warranty,,Insured Local Technicians,,Independent Service Team,,Sub-Zero Repair Specialists,,Clear On-Site Diagnosis,,"Call Now, Book in Minutes",,Service Call & Repair Plan,,Book same-day or next-day service across Bay Area. Fast call or SMS confirmation.,,$99 service call is credited toward approved repair. No work starts without OK.,,Insured independent technicians with 180-day labor and installed parts warranty.,,Local Bay Area coverage with quick booking and reliable service communication.,,sub-zero,bay-area,https://my-appliance-repair.pro/subzero/,,,,,Enabled,Enabled,Enabled,,,RSA v4 CTR/CR boost
SZ_Search_BayArea_Hyper_ExactPhrase_2026_v3,Wine Cooler Repair,Responsive search ad,v3_boost,Sub-Zero Wine Cooler Fix,1,Wine Cooling Restored,,Book Service Today,,Fast Bay Area Scheduling,,Emergency Slots Available,,No Work Without Approval,,$99 Fee Credited,,180-Day Labor Warranty,,180-Day Parts Warranty,,Insured Local Technicians,,Independent Service Team,,Sub-Zero Repair Specialists,,Clear On-Site Diagnosis,,"Call Now, Book in Minutes",,Service Call & Repair Plan,,Book same-day or next-day service across Bay Area. Fast call or SMS confirmation.,,$99 service call is credited toward approved repair. No work starts without OK.,,Insured independent technicians with 180-day labor and installed parts warranty.,,Focused on high-intent repair requests and reliable completion after approval.,,sub-zero,repair,https://my-appliance-repair.pro/subzero/,,,,,Enabled,Enabled,Enabled,,,RSA v4 CTR/CR boost
SZ_Search_BayArea_Hyper_ExactPhrase_2026_v3,Wine Cooler Service,Responsive search ad,v3_boost,Sub-Zero Wine Cooler Fix,1,Wine Cooling Restored,,Book Service Today,,Fast Bay Area Scheduling,,Emergency Slots Available,,No Work Without Approval,,$99 Fee Credited,,180-Day Labor Warranty,,180-Day Parts Warranty,,Insured Local Technicians,,Independent Service Team,,Sub-Zero Repair Specialists,,Clear On-Site Diagnosis,,"Call Now, Book in Minutes",,Service Call & Repair Plan,,Book same-day or next-day service across Bay Area. Fast call or SMS confirmation.,,$99 service call is credited toward approved repair. No work starts without OK.,,Insured independent technicians with 180-day labor and installed parts warranty.,,Focused on high-intent repair requests and reliable completion after approval.,,sub-zero,service,https://my-appliance-repair.pro/subzero/,,,,,Enabled,Enabled,Enabled,,,RSA v4 CTR/CR boost
SZ_Search_BayArea_Hyper_ExactPhrase_2026_v3,Wine Cooler Not Cooling,Responsive search ad,v3_boost,Sub-Zero Not Cooling,1,Fix Not Cooling Fast,,Book Service Today,,Fast Bay Area Scheduling,,Emergency Slots Available,,No Work Without Approval,,$99 Fee Credited,,180-Day Labor Warranty,,180-Day Parts Warranty,,Insured Local Technicians,,Independent Service Team,,Sub-Zero Repair Specialists,,Clear On-Site Diagnosis,,"Call Now, Book in Minutes",,Service Call & Repair Plan,,Book same-day or next-day service across Bay Area. Fast call or SMS confirmation.,,$99 service call is credited toward approved repair. No work starts without OK.,,Insured independent technicians with 180-day labor and installed parts warranty.,,"Focused on cooling failures, airflow faults, and temperature recovery issues.",,sub-zero,cooling,https://my-appliance-repair.pro/subzero/,,,,,Enabled,Enabled,Enabled,,,RSA v4 CTR/CR boost
SZ_Search_BayArea_Hyper_ExactPhrase_2026_v3,Wine Cooler Not Working,Responsive search ad,v3_boost,Sub-Zero Not Working,1,Unit Not Working? Call,,Book Service Today,,Fast Bay Area Scheduling,,Emergency Slots Available,,No Work Without Approval,,$99 Fee Credited,,180-Day Labor Warranty,,180-Day Parts Warranty,,Insured Local Technicians,,Independent Service Team,,Sub-Zero Repair Specialists,,Clear On-Site Diagnosis,,"Call Now, Book in Minutes",,Service Call & Repair Plan,,Book same-day or next-day service across Bay Area. Fast call or SMS confirmation.,,$99 service call is credited toward approved repair. No work starts without OK.,,Insured independent technicians with 180-day labor and installed parts warranty.,,Focused on no-start and dead-unit diagnostics with clear repair approval steps.,,sub-zero,working,https://my-appliance-repair.pro/subzero/,,,,,Enabled,Enabled,Enabled,,,RSA v4 CTR/CR boost
SZ_Search_BayArea_Hyper_ExactPhrase_2026_v3,Ice Maker Repair,Responsive search ad,v3_boost,Sub-Zero Ice Maker Repair,1,Ice System Repair Help,,Book Service Today,,Fast Bay Area Scheduling,,Emergency Slots Available,,No Work Without Approval,,$99 Fee Credited,,180-Day Labor Warranty,,180-Day Parts Warranty,,Insured Local Technicians,,Independent Service Team,,Sub-Zero Repair Specialists,,Clear On-Site Diagnosis,,"Call Now, Book in Minutes",,Service Call & Repair Plan,,Book same-day or next-day service across Bay Area. Fast call or SMS confirmation.,,$99 service call is credited toward approved repair. No work starts without OK.,,Insured independent technicians with 180-day labor and installed parts warranty.,,Focused on high-intent repair requests and reliable completion after approval.,,sub-zero,repair,https://my-appliance-repair.pro/subzero/,,,,,Enabled,Enabled,Enabled,,,RSA v4 CTR/CR boost
SZ_Search_BayArea_Hyper_ExactPhrase_2026_v3,Ice Maker Service,Responsive search ad,v3_boost,Sub-Zero Ice Maker Repair,1,Ice System Repair Help,,Book Service Today,,Fast Bay Area Scheduling,,Emergency Slots Available,,No Work Without Approval,,$99 Fee Credited,,180-Day Labor Warranty,,180-Day Parts Warranty,,Insured Local Technicians,,Independent Service Team,,Sub-Zero Repair Specialists,,Clear On-Site Diagnosis,,"Call Now, Book in Minutes",,Service Call & Repair Plan,,Book same-day or next-day service across Bay Area. Fast call or SMS confirmation.,,$99 service call is credited toward approved repair. No work starts without OK.,,Insured independent technicians with 180-day labor and installed parts warranty.,,Focused on high-intent repair requests and reliable completion after approval.,,sub-zero,service,https://my-appliance-repair.pro/subzero/,,,,,Enabled,Enabled,Enabled,,,RSA v4 CTR/CR boost
SZ_Search_BayArea_Hyper_ExactPhrase_2026_v3,Ice Maker Near Me,Responsive search ad,v3_boost,Sub-Zero Repair Near Me,1,Local Team Near You,,Book Service Today,,Fast Bay Area Scheduling,,Emergency Slots Available,,No Work Without Approval,,$99 Fee Credited,,180-Day Labor Warranty,,180-Day Parts Warranty,,Insured Local Technicians,,Independent Service Team,,Sub-Zero Repair Specialists,,Clear On-Site Diagnosis,,"Call Now, Book in Minutes",,Service Call & Repair Plan,,Book same-day or next-day service across Bay Area. Fast call or SMS confirmation.,,$99 service call is credited toward approved repair. No work starts without OK.,,Insured independent technicians with 180-day labor and installed parts warranty.,,Local Bay Area coverage with quick booking and reliable service communication.,,sub-zero,me,https://my-appliance-repair.pro/subzero/,,,,,Enabled,Enabled,Enabled,,,RSA v4 CTR/CR boost
SZ_Search_BayArea_Hyper_ExactPhrase_2026_v3,Ice Maker Technician,Responsive search ad,v3_boost,Sub-Zero Technician,1,Experienced Local Techs,,Book Service Today,,Fast Bay Area Scheduling,,Emergency Slots Available,,No Work Without Approval,,$99 Fee Credited,,180-Day Labor Warranty,,180-Day Parts Warranty,,Insured Local Technicians,,Independent Service Team,,Sub-Zero Repair Specialists,,Clear On-Site Diagnosis,,"Call Now, Book in Minutes",,Service Call & Repair Plan,,Book same-day or next-day service across Bay Area. Fast call or SMS confirmation.,,$99 service call is credited toward approved repair. No work starts without OK.,,Insured independent technicians with 180-day labor and installed parts warranty.,,Focused on high-intent repair requests and reliable completion after approval.,,sub-zero,technician,https://my-appliance-repair.pro/subzero/,,,,,Enabled,Enabled,Enabled,,,RSA v4 CTR/CR boost
SZ_Search_BayArea_Hyper_ExactPhrase_2026_v3,Ice Maker Not Working,Responsive search ad,v3_boost,Sub-Zero Not Working,1,Unit Not Working? Call,,Book Service Today,,Fast Bay Area Scheduling,,Emergency Slots Available,,No Work Without Approval,,$99 Fee Credited,,180-Day Labor Warranty,,180-Day Parts Warranty,,Insured Local Technicians,,Independent Service Team,,Sub-Zero Repair Specialists,,Clear On-Site Diagnosis,,"Call Now, Book in Minutes",,Service Call & Repair Plan,,Book same-day or next-day service across Bay Area. Fast call or SMS confirmation.,,$99 service call is credited toward approved repair. No work starts without OK.,,Insured independent technicians with 180-day labor and installed parts warranty.,,Focused on no-start and dead-unit diagnostics with clear repair approval steps.,,sub-zero,working,https://my-appliance-repair.pro/subzero/,,,,,Enabled,Enabled,Enabled,,,RSA v4 CTR/CR boost
SZ_Search_BayArea_Hyper_ExactPhrase_2026_v3,Ice Maker Not Making Ice,Responsive search ad,v3_boost,Sub-Zero Not Making Ice,1,Ice System Repair Help,,Book Service Today,,Fast Bay Area Scheduling,,Emergency Slots Available,,No Work Without Approval,,$99 Fee Credited,,180-Day Labor Warranty,,180-Day Parts Warranty,,Insured Local Technicians,,Independent Service Team,,Sub-Zero Repair Specialists,,Clear On-Site Diagnosis,,"Call Now, Book in Minutes",,Service Call & Repair Plan,,Book same-day or next-day service across Bay Area. Fast call or SMS confirmation.,,$99 service call is credited toward approved repair. No work starts without OK.,,Insured independent technicians with 180-day labor and installed parts warranty.,,Focused on high-intent repair requests and reliable completion after approval.,,sub-zero,ice,https://my-appliance-repair.pro/subzero/,,,,,Enabled,Enabled,Enabled,,,RSA v4 CTR/CR boost
SZ_Search_BayArea_Hyper_ExactPhrase_2026_v3,Ice Maker Leaking,Responsive search ad,v3_boost,Sub-Zero Leak Repair,1,Leak Repair Priority,,Book Service Today,,Fast Bay Area Scheduling,,Emergency Slots Available,,No Work Without Approval,,$99 Fee Credited,,180-Day Labor Warranty,,180-Day Parts Warranty,,Insured Local Technicians,,Independent Service Team,,Sub-Zero Repair Specialists,,Clear On-Site Diagnosis,,"Call Now, Book in Minutes",,Service Call & Repair Plan,,Book same-day or next-day service across Bay Area. Fast call or SMS confirmation.,,$99 service call is credited toward approved repair. No work starts without OK.,,Insured independent technicians with 180-day labor and installed parts warranty.,,Focused on water leak source diagnostics to prevent repeat damage and downtime.,,sub-zero,leaking,https://my-appliance-repair.pro/subzero/,,,,,Enabled,Enabled,Enabled,,,RSA v4 CTR/CR boost
SZ_Search_BayArea_Hyper_ExactPhrase_2026_v3,Ice Dispenser Not Working,Responsive search ad,v3_boost,Sub-Zero Ice Dispenser,1,Unit Not Working? Call,,Book Service Today,,Fast Bay Area Scheduling,,Emergency Slots Available,,No Work Without Approval,,$99 Fee Credited,,180-Day Labor Warranty,,180-Day Parts Warranty,,Insured Local Technicians,,Independent Service Team,,Sub-Zero Repair Specialists,,Clear On-Site Diagnosis,,"Call Now, Book in Minutes",,Service Call & Repair Plan,,Book same-day or next-day service across Bay Area. Fast call or SMS confirmation.,,$99 service call is credited toward approved repair. No work starts without OK.,,Insured independent technicians with 180-day labor and installed parts warranty.,,Focused on no-start and dead-unit diagnostics with clear repair approval steps.,,sub-zero,working,https://my-appliance-repair.pro/subzero/,,,,,Enabled,Enabled,Enabled,,,RSA v4 CTR/CR boost
SZ_Search_BayArea_Hyper_ExactPhrase_2026_v3,Freezer Repair,Responsive search ad,v3_boost,Sub-Zero Freezer Repair,1,Freezer Performance Fix,,Book Service Today,,Fast Bay Area Scheduling,,Emergency Slots Available,,No Work Without Approval,,$99 Fee Credited,,180-Day Labor Warranty,,180-Day Parts Warranty,,Insured Local Technicians,,Independent Service Team,,Sub-Zero Repair Specialists,,Clear On-Site Diagnosis,,"Call Now, Book in Minutes",,Service Call & Repair Plan,,Book same-day or next-day service across Bay Area. Fast call or SMS confirmation.,,$99 service call is credited toward approved repair. No work starts without OK.,,Insured independent technicians with 180-day labor and installed parts warranty.,,Focused on high-intent repair requests and reliable completion after approval.,,sub-zero,repair,https://my-appliance-repair.pro/subzero/,,,,,Enabled,Enabled,Enabled,,,RSA v4 CTR/CR boost
SZ_Search_BayArea_Hyper_ExactPhrase_2026_v3,Freezer Service,Responsive search ad,v3_boost,Sub-Zero Freezer Repair,1,Freezer Performance Fix,,Book Service Today,,Fast Bay Area Scheduling,,Emergency Slots Available,,No Work Without Approval,,$99 Fee Credited,,180-Day Labor Warranty,,180-Day Parts Warranty,,Insured Local Technicians,,Independent Service Team,,Sub-Zero Repair Specialists,,Clear On-Site Diagnosis,,"Call Now, Book in Minutes",,Service Call & Repair Plan,,Book same-day or next-day service across Bay Area. Fast call or SMS confirmation.,,$99 service call is credited toward approved repair. No work starts without OK.,,Insured independent technicians with 180-day labor and installed parts warranty.,,Focused on high-intent repair requests and reliable completion after approval.,,sub-zero,service,https://my-appliance-repair.pro/subzero/,,,,,Enabled,Enabled,Enabled,,,RSA v4 CTR/CR boost
SZ_Search_BayArea_Hyper_ExactPhrase_2026_v3,Freezer Near Me,Responsive search ad,v3_boost,Sub-Zero Repair Near Me,1,Local Team Near You,,Book Service Today,,Fast Bay Area Scheduling,,Emergency Slots Available,,No Work Without Approval,,$99 Fee Credited,,180-Day Labor Warranty,,180-Day Parts Warranty,,Insured Local Technicians,,Independent Service Team,,Sub-Zero Repair Specialists,,Clear On-Site Diagnosis,,"Call Now, Book in Minutes",,Service Call & Repair Plan,,Book same-day or next-day service across Bay Area. Fast call or SMS confirmation.,,$99 service call is credited toward approved repair. No work starts without OK.,,Insured independent technicians with 180-day labor and installed parts warranty.,,Local Bay Area coverage with quick booking and reliable service communication.,,sub-zero,me,https://my-appliance-repair.pro/subzero/,,,,,Enabled,Enabled,Enabled,,,RSA v4 CTR/CR boost
SZ_Search_BayArea_Hyper_ExactPhrase_2026_v3,Freezer Technician,Responsive search ad,v3_boost,Sub-Zero Technician,1,Experienced Local Techs,,Book Service Today,,Fast Bay Area Scheduling,,Emergency Slots Available,,No Work Without Approval,,$99 Fee Credited,,180-Day Labor Warranty,,180-Day Parts Warranty,,Insured Local Technicians,,Independent Service Team,,Sub-Zero Repair Specialists,,Clear On-Site Diagnosis,,"Call Now, Book in Minutes",,Service Call & Repair Plan,,Book same-day or next-day service across Bay Area. Fast call or SMS confirmation.,,$99 service call is credited toward approved repair. No work starts without OK.,,Insured independent technicians with 180-day labor and installed parts warranty.,,Focused on high-intent repair requests and reliable completion after approval.,,sub-zero,technician,https://my-appliance-repair.pro/subzero/,,,,,Enabled,Enabled,Enabled,,,RSA v4 CTR/CR boost
SZ_Search_BayArea_Hyper_ExactPhrase_2026_v3,Freezer Not Cooling,Responsive search ad,v3_boost,Sub-Zero Not Cooling,1,Fix Not Cooling Fast,,Book Service Today,,Fast Bay Area Scheduling,,Emergency Slots Available,,No Work Without Approval,,$99 Fee Credited,,180-Day Labor Warranty,,180-Day Parts Warranty,,Insured Local Technicians,,Independent Service Team,,Sub-Zero Repair Specialists,,Clear On-Site Diagnosis,,"Call Now, Book in Minutes",,Service Call & Repair Plan,,Book same-day or next-day service across Bay Area. Fast call or SMS confirmation.,,$99 service call is credited toward approved repair. No work starts without OK.,,Insured independent technicians with 180-day labor and installed parts warranty.,,"Focused on cooling failures, airflow faults, and temperature recovery issues.",,sub-zero,cooling,https://my-appliance-repair.pro/subzero/,,,,,Enabled,Enabled,Enabled,,,RSA v4 CTR/CR boost
SZ_Search_BayArea_Hyper_ExactPhrase_2026_v3,Freezer Not Freezing,Responsive search ad,v3_boost,Sub-Zero Not Freezing,1,Fix Not Freezing Fast,,Book Service Today,,Fast Bay Area Scheduling,,Emergency Slots Available,,No Work Without Approval,,$99 Fee Credited,,180-Day Labor Warranty,,180-Day Parts Warranty,,Insured Local Technicians,,Independent Service Team,,Sub-Zero Repair Specialists,,Clear On-Site Diagnosis,,"Call Now, Book in Minutes",,Service Call & Repair Plan,,Book same-day or next-day service across Bay Area. Fast call or SMS confirmation.,,$99 service call is credited toward approved repair. No work starts without OK.,,Insured independent technicians with 180-day labor and installed parts warranty.,,Focused on freezing performance recovery and stable low-temperature operation.,,sub-zero,freezing,https://my-appliance-repair.pro/subzero/,,,,,Enabled,Enabled,Enabled,,,RSA v4 CTR/CR boost
SZ_Search_BayArea_Hyper_ExactPhrase_2026_v3,Freezer Not Working,Responsive search ad,v3_boost,Sub-Zero Not Working,1,Unit Not Working? Call,,Book Service Today,,Fast Bay Area Scheduling,,Emergency Slots Available,,No Work Without Approval,,$99 Fee Credited,,180-Day Labor Warranty,,180-Day Parts Warranty,,Insured Local Technicians,,Independent Service Team,,Sub-Zero Repair Specialists,,Clear On-Site Diagnosis,,"Call Now, Book in Minutes",,Service Call & Repair Plan,,Book same-day or next-day service across Bay Area. Fast call or SMS confirmation.,,$99 service call is credited toward approved repair. No work starts without OK.,,Insured independent technicians with 180-day labor and installed parts warranty.,,Focused on no-start and dead-unit diagnostics with clear repair approval steps.,,sub-zero,working,https://my-appliance-repair.pro/subzero/,,,,,Enabled,Enabled,Enabled,,,RSA v4 CTR/CR boost
SZ_Search_BayArea_Hyper_ExactPhrase_2026_v3,Freezer Leaking,Responsive search ad,v3_boost,Sub-Zero Leak Repair,1,Leak Repair Priority,,Book Service Today,,Fast Bay Area Scheduling,,Emergency Slots Available,,No Work Without Approval,,$99 Fee Credited,,180-Day Labor Warranty,,180-Day Parts Warranty,,Insured Local Technicians,,Independent Service Team,,Sub-Zero Repair Specialists,,Clear On-Site Diagnosis,,"Call Now, Book in Minutes",,Service Call & Repair Plan,,Book same-day or next-day service across Bay Area. Fast call or SMS confirmation.,,$99 service call is credited toward approved repair. No work starts without OK.,,Insured independent technicians with 180-day labor and installed parts warranty.,,Focused on water leak source diagnostics to prevent repeat damage and downtime.,,sub-zero,leaking,https://my-appliance-repair.pro/subzero/,,,,,Enabled,Enabled,Enabled,,,RSA v4 CTR/CR boost
SZ_Search_BayArea_Hyper_ExactPhrase_2026_v3,Fridge Repair,Responsive search ad,v3_boost,Sub-Zero Fridge Repair,1,Cooling Performance Fix,,Book Service Today,,Fast Bay Area Scheduling,,Emergency Slots Available,,No Work Without Approval,,$99 Fee Credited,,180-Day Labor Warranty,,180-Day Parts Warranty,,Insured Local Technicians,,Independent Service Team,,Sub-Zero Repair Specialists,,Clear On-Site Diagnosis,,"Call Now, Book in Minutes",,Service Call & Repair Plan,,Book same-day or next-day service across Bay Area. Fast call or SMS confirmation.,,$99 service call is credited toward approved repair. No work starts without OK.,,Insured independent technicians with 180-day labor and installed parts warranty.,,Focused on high-intent repair requests and reliable completion after approval.,,sub-zero,repair,https://my-appliance-repair.pro/subzero/,,,,,Enabled,Enabled,Enabled,,,RSA v4 CTR/CR boost
SZ_Search_BayArea_Hyper_ExactPhrase_2026_v3,Fridge Service,Responsive search ad,v3_boost,Sub-Zero Fridge Repair,1,Cooling Performance Fix,,Book Service Today,,Fast Bay Area Scheduling,,Emergency Slots Available,,No Work Without Approval,,$99 Fee Credited,,180-Day Labor Warranty,,180-Day Parts Warranty,,Insured Local Technicians,,Independent Service Team,,Sub-Zero Repair Specialists,,Clear On-Site Diagnosis,,"Call Now, Book in Minutes",,Service Call & Repair Plan,,Book same-day or next-day service across Bay Area. Fast call or SMS confirmation.,,$99 service call is credited toward approved repair. No work starts without OK.,,Insured independent technicians with 180-day labor and installed parts warranty.,,Focused on high-intent repair requests and reliable completion after approval.,,sub-zero,service,https://my-appliance-repair.pro/subzero/,,,,,Enabled,Enabled,Enabled,,,RSA v4 CTR/CR boost
SZ_Search_BayArea_Hyper_ExactPhrase_2026_v3,Fridge Near Me,Responsive search ad,v3_boost,Sub-Zero Repair Near Me,1,Local Team Near You,,Book Service Today,,Fast Bay Area Scheduling,,Emergency Slots Available,,No Work Without Approval,,$99 Fee Credited,,180-Day Labor Warranty,,180-Day Parts Warranty,,Insured Local Technicians,,Independent Service Team,,Sub-Zero Repair Specialists,,Clear On-Site Diagnosis,,"Call Now, Book in Minutes",,Service Call & Repair Plan,,Book same-day or next-day service across Bay Area. Fast call or SMS confirmation.,,$99 service call is credited toward approved repair. No work starts without OK.,,Insured independent technicians with 180-day labor and installed parts warranty.,,Local Bay Area coverage with quick booking and reliable service communication.,,sub-zero,me,https://my-appliance-repair.pro/subzero/,,,,,Enabled,Enabled,Enabled,,,RSA v4 CTR/CR boost
SZ_Search_BayArea_Hyper_ExactPhrase_2026_v3,Fridge Technician,Responsive search ad,v3_boost,Sub-Zero Technician,1,Experienced Local Techs,,Book Service Today,,Fast Bay Area Scheduling,,Emergency Slots Available,,No Work Without Approval,,$99 Fee Credited,,180-Day Labor Warranty,,180-Day Parts Warranty,,Insured Local Technicians,,Independent Service Team,,Sub-Zero Repair Specialists,,Clear On-Site Diagnosis,,"Call Now, Book in Minutes",,Service Call & Repair Plan,,Book same-day or next-day service across Bay Area. Fast call or SMS confirmation.,,$99 service call is credited toward approved repair. No work starts without OK.,,Insured independent technicians with 180-day labor and installed parts warranty.,,Focused on high-intent repair requests and reliable completion after approval.,,sub-zero,technician,https://my-appliance-repair.pro/subzero/,,,,,Enabled,Enabled,Enabled,,,RSA v4 CTR/CR boost
SZ_Search_BayArea_Hyper_ExactPhrase_2026_v3,Fridge Not Cooling,Responsive search ad,v3_boost,Sub-Zero Not Cooling,1,Fix Not Cooling Fast,,Book Service Today,,Fast Bay Area Scheduling,,Emergency Slots Available,,No Work Without Approval,,$99 Fee Credited,,180-Day Labor Warranty,,180-Day Parts Warranty,,Insured Local Technicians,,Independent Service Team,,Sub-Zero Repair Specialists,,Clear On-Site Diagnosis,,"Call Now, Book in Minutes",,Service Call & Repair Plan,,Book same-day or next-day service across Bay Area. Fast call or SMS confirmation.,,$99 service call is credited toward approved repair. No work starts without OK.,,Insured independent technicians with 180-day labor and installed parts warranty.,,"Focused on cooling failures, airflow faults, and temperature recovery issues.",,sub-zero,cooling,https://my-appliance-repair.pro/subzero/,,,,,Enabled,Enabled,Enabled,,,RSA v4 CTR/CR boost
SZ_Search_BayArea_Hyper_ExactPhrase_2026_v3,Fridge Not Freezing,Responsive search ad,v3_boost,Sub-Zero Not Freezing,1,Fix Not Freezing Fast,,Book Service Today,,Fast Bay Area Scheduling,,Emergency Slots Available,,No Work Without Approval,,$99 Fee Credited,,180-Day Labor Warranty,,180-Day Parts Warranty,,Insured Local Technicians,,Independent Service Team,,Sub-Zero Repair Specialists,,Clear On-Site Diagnosis,,"Call Now, Book in Minutes",,Service Call & Repair Plan,,Book same-day or next-day service across Bay Area. Fast call or SMS confirmation.,,$99 service call is credited toward approved repair. No work starts without OK.,,Insured independent technicians with 180-day labor and installed parts warranty.,,Focused on freezing performance recovery and stable low-temperature operation.,,sub-zero,freezing,https://my-appliance-repair.pro/subzero/,,,,,Enabled,Enabled,Enabled,,,RSA v4 CTR/CR boost
SZ_Search_BayArea_Hyper_ExactPhrase_2026_v3,Fridge Not Working,Responsive search ad,v3_boost,Sub-Zero Not Working,1,Unit Not Working? Call,,Book Service Today,,Fast Bay Area Scheduling,,Emergency Slots Available,,No Work Without Approval,,$99 Fee Credited,,180-Day Labor Warranty,,180-Day Parts Warranty,,Insured Local Technicians,,Independent Service Team,,Sub-Zero Repair Specialists,,Clear On-Site Diagnosis,,"Call Now, Book in Minutes",,Service Call & Repair Plan,,Book same-day or next-day service across Bay Area. Fast call or SMS confirmation.,,$99 service call is credited toward approved repair. No work starts without OK.,,Insured independent technicians with 180-day labor and installed parts warranty.,,Focused on no-start and dead-unit diagnostics with clear repair approval steps.,,sub-zero,working,https://my-appliance-repair.pro/subzero/,,,,,Enabled,Enabled,Enabled,,,RSA v4 CTR/CR boost
SZ_Search_BayArea_Hyper_ExactPhrase_2026_v3,Fridge Leaking,Responsive search ad,v3_boost,Sub-Zero Leak Repair,1,Leak Repair Priority,,Book Service Today,,Fast Bay Area Scheduling,,Emergency Slots Available,,No Work Without Approval,,$99 Fee Credited,,180-Day Labor Warranty,,180-Day Parts Warranty,,Insured Local Technicians,,Independent Service Team,,Sub-Zero Repair Specialists,,Clear On-Site Diagnosis,,"Call Now, Book in Minutes",,Service Call & Repair Plan,,Book same-day or next-day service across Bay Area. Fast call or SMS confirmation.,,$99 service call is credited toward approved repair. No work starts without OK.,,Insured independent technicians with 180-day labor and installed parts warranty.,,Focused on water leak source diagnostics to prevent repeat damage and downtime.,,sub-zero,leaking,https://my-appliance-repair.pro/subzero/,,,,,Enabled,Enabled,Enabled,,,RSA v4 CTR/CR boost
SZ_Search_BayArea_Hyper_ExactPhrase_2026_v3,Fridge Warm,Responsive search ad,v3_boost,Sub-Zero Running Warm,1,Cooling Performance Fix,,Book Service Today,,Fast Bay Area Scheduling,,Emergency Slots Available,,No Work Without Approval,,$99 Fee Credited,,180-Day Labor Warranty,,180-Day Parts Warranty,,Insured Local Technicians,,Independent Service Team,,Sub-Zero Repair Specialists,,Clear On-Site Diagnosis,,"Call Now, Book in Minutes",,Service Call & Repair Plan,,Book same-day or next-day service across Bay Area. Fast call or SMS confirmation.,,$99 service call is credited toward approved repair. No work starts without OK.,,Insured independent technicians with 180-day labor and installed parts warranty.,,Focused on high-intent repair requests and reliable completion after approval.,,sub-zero,warm,https://my-appliance-repair.pro/subzero/,,,,,Enabled,Enabled,Enabled,,,RSA v4 CTR/CR boost
SZ_Search_BayArea_Hyper_ExactPhrase_2026_v3,Refrigerator Repair,Responsive search ad,v3_boost,Sub-Zero Refrigerator Fix,1,Cooling Performance Fix,,Book Service Today,,Fast Bay Area Scheduling,,Emergency Slots Available,,No Work Without Approval,,$99 Fee Credited,,180-Day Labor Warranty,,180-Day Parts Warranty,,Insured Local Technicians,,Independent Service Team,,Sub-Zero Repair Specialists,,Clear On-Site Diagnosis,,"Call Now, Book in Minutes",,Service Call & Repair Plan,,Book same-day or next-day service across Bay Area. Fast call or SMS confirmation.,,$99 service call is credited toward approved repair. No work starts without OK.,,Insured independent technicians with 180-day labor and installed parts warranty.,,Focused on high-intent repair requests and reliable completion after approval.,,sub-zero,repair,https://my-appliance-repair.pro/subzero/,,,,,Enabled,Enabled,Enabled,,,RSA v4 CTR/CR boost
SZ_Search_BayArea_Hyper_ExactPhrase_2026_v3,Refrigerator Service,Responsive search ad,v3_boost,Sub-Zero Refrigerator Care,1,Cooling Performance Fix,,Book Service Today,,Fast Bay Area Scheduling,,Emergency Slots Available,,No Work Without Approval,,$99 Fee Credited,,180-Day Labor Warranty,,180-Day Parts Warranty,,Insured Local Technicians,,Independent Service Team,,Sub-Zero Repair Specialists,,Clear On-Site Diagnosis,,"Call Now, Book in Minutes",,Service Call & Repair Plan,,Book same-day or next-day service across Bay Area. Fast call or SMS confirmation.,,$99 service call is credited toward approved repair. No work starts without OK.,,Insured independent technicians with 180-day labor and installed parts warranty.,,Focused on high-intent repair requests and reliable completion after approval.,,sub-zero,service,https://my-appliance-repair.pro/subzero/,,,,,Enabled,Enabled,Enabled,,,RSA v4 CTR/CR boost
SZ_Search_BayArea_Hyper_ExactPhrase_2026_v3,Refrigerator Near Me,Responsive search ad,v3_boost,Sub-Zero Repair Near Me,1,Local Team Near You,,Book Service Today,,Fast Bay Area Scheduling,,Emergency Slots Available,,No Work Without Approval,,$99 Fee Credited,,180-Day Labor Warranty,,180-Day Parts Warranty,,Insured Local Technicians,,Independent Service Team,,Sub-Zero Repair Specialists,,Clear On-Site Diagnosis,,"Call Now, Book in Minutes",,Service Call & Repair Plan,,Book same-day or next-day service across Bay Area. Fast call or SMS confirmation.,,$99 service call is credited toward approved repair. No work starts without OK.,,Insured independent technicians with 180-day labor and installed parts warranty.,,Local Bay Area coverage with quick booking and reliable service communication.,,sub-zero,me,https://my-appliance-repair.pro/subzero/,,,,,Enabled,Enabled,Enabled,,,RSA v4 CTR/CR boost
SZ_Search_BayArea_Hyper_ExactPhrase_2026_v3,Refrigerator Same Day,Responsive search ad,v3_boost,Same-Day Sub-Zero Repair,1,Same-Day Slots Open,,Book Service Today,,Fast Bay Area Scheduling,,Emergency Slots Available,,No Work Without Approval,,$99 Fee Credited,,180-Day Labor Warranty,,180-Day Parts Warranty,,Insured Local Technicians,,Independent Service Team,,Sub-Zero Repair Specialists,,Clear On-Site Diagnosis,,"Call Now, Book in Minutes",,Service Call & Repair Plan,,Book same-day or next-day service across Bay Area. Fast call or SMS confirmation.,,$99 service call is credited toward approved repair. No work starts without OK.,,Insured independent technicians with 180-day labor and installed parts warranty.,,Priority scheduling for urgent failures with fast response and transparent process.,,sub-zero,day,https://my-appliance-repair.pro/subzero/,,,,,Enabled,Enabled,Enabled,,,RSA v4 CTR/CR boost
SZ_Search_BayArea_Hyper_ExactPhrase_2026_v3,Refrigerator Technician,Responsive search ad,v3_boost,Sub-Zero Technician,1,Experienced Local Techs,,Book Service Today,,Fast Bay Area Scheduling,,Emergency Slots Available,,No Work Without Approval,,$99 Fee Credited,,180-Day Labor Warranty,,180-Day Parts Warranty,,Insured Local Technicians,,Independent Service Team,,Sub-Zero Repair Specialists,,Clear On-Site Diagnosis,,"Call Now, Book in Minutes",,Service Call & Repair Plan,,Book same-day or next-day service across Bay Area. Fast call or SMS confirmation.,,$99 service call is credited toward approved repair. No work starts without OK.,,Insured independent technicians with 180-day labor and installed parts warranty.,,Focused on high-intent repair requests and reliable completion after approval.,,sub-zero,technician,https://my-appliance-repair.pro/subzero/,,,,,Enabled,Enabled,Enabled,,,RSA v4 CTR/CR boost
SZ_Search_BayArea_Hyper_ExactPhrase_2026_v3,Refrigerator Not Cooling,Responsive search ad,v3_boost,Sub-Zero Not Cooling,1,Fix Not Cooling Fast,,Book Service Today,,Fast Bay Area Scheduling,,Emergency Slots Available,,No Work Without Approval,,$99 Fee Credited,,180-Day Labor Warranty,,180-Day Parts Warranty,,Insured Local Technicians,,Independent Service Team,,Sub-Zero Repair Specialists,,Clear On-Site Diagnosis,,"Call Now, Book in Minutes",,Service Call & Repair Plan,,Book same-day or next-day service across Bay Area. Fast call or SMS confirmation.,,$99 service call is credited toward approved repair. No work starts without OK.,,Insured independent technicians with 180-day labor and installed parts warranty.,,"Focused on cooling failures, airflow faults, and temperature recovery issues.",,sub-zero,cooling,https://my-appliance-repair.pro/subzero/,,,,,Enabled,Enabled,Enabled,,,RSA v4 CTR/CR boost
SZ_Search_BayArea_Hyper_ExactPhrase_2026_v3,Refrigerator Not Freezing,Responsive search ad,v3_boost,Sub-Zero Not Freezing,1,Fix Not Freezing Fast,,Book Service Today,,Fast Bay Area Scheduling,,Emergency Slots Available,,No Work Without Approval,,$99 Fee Credited,,180-Day Labor Warranty,,180-Day Parts Warranty,,Insured Local Technicians,,Independent Service Team,,Sub-Zero Repair Specialists,,Clear On-Site Diagnosis,,"Call Now, Book in Minutes",,Service Call & Repair Plan,,Book same-day or next-day service across Bay Area. Fast call or SMS confirmation.,,$99 service call is credited toward approved repair. No work starts without OK.,,Insured independent technicians with 180-day labor and installed parts warranty.,,Focused on freezing performance recovery and stable low-temperature operation.,,sub-zero,freezing,https://my-appliance-repair.pro/subzero/,,,,,Enabled,Enabled,Enabled,,,RSA v4 CTR/CR boost
SZ_Search_BayArea_Hyper_ExactPhrase_2026_v3,Refrigerator Not Working,Responsive search ad,v3_boost,Sub-Zero Not Working,1,Unit Not Working? Call,,Book Service Today,,Fast Bay Area Scheduling,,Emergency Slots Available,,No Work Without Approval,,$99 Fee Credited,,180-Day Labor Warranty,,180-Day Parts Warranty,,Insured Local Technicians,,Independent Service Team,,Sub-Zero Repair Specialists,,Clear On-Site Diagnosis,,"Call Now, Book in Minutes",,Service Call & Repair Plan,,Book same-day or next-day service across Bay Area. Fast call or SMS confirmation.,,$99 service call is credited toward approved repair. No work starts without OK.,,Insured independent technicians with 180-day labor and installed parts warranty.,,Focused on no-start and dead-unit diagnostics with clear repair approval steps.,,sub-zero,working,https://my-appliance-repair.pro/subzero/,,,,,Enabled,Enabled,Enabled,,,RSA v4 CTR/CR boost
SZ_Search_BayArea_Hyper_ExactPhrase_2026_v3,Refrigerator Leaking,Responsive search ad,v3_boost,Sub-Zero Leak Repair,1,Leak Repair Priority,,Book Service Today,,Fast Bay Area Scheduling,,Emergency Slots Available,,No Work Without Approval,,$99 Fee Credited,,180-Day Labor Warranty,,180-Day Parts Warranty,,Insured Local Technicians,,Independent Service Team,,Sub-Zero Repair Specialists,,Clear On-Site Diagnosis,,"Call Now, Book in Minutes",,Service Call & Repair Plan,,Book same-day or next-day service across Bay Area. Fast call or SMS confirmation.,,$99 service call is credited toward approved repair. No work starts without OK.,,Insured independent technicians with 180-day labor and installed parts warranty.,,Focused on water leak source diagnostics to prevent repeat damage and downtime.,,sub-zero,leaking,https://my-appliance-repair.pro/subzero/,,,,,Enabled,Enabled,Enabled,,,RSA v4 CTR/CR boost
SZ_Search_BayArea_Hyper_ExactPhrase_2026_v3,Refrigerator Warm,Responsive search ad,v3_boost,Sub-Zero Running Warm,1,Cooling Performance Fix,,Book Service Today,,Fast Bay Area Scheduling,,Emergency Slots Available,,No Work Without Approval,,$99 Fee Credited,,180-Day Labor Warranty,,180-Day Parts Warranty,,Insured Local Technicians,,Independent Service Team,,Sub-Zero Repair Specialists,,Clear On-Site Diagnosis,,"Call Now, Book in Minutes",,Service Call & Repair Plan,,Book same-day or next-day service across Bay Area. Fast call or SMS confirmation.,,$99 service call is credited toward approved repair. No work starts without OK.,,Insured independent technicians with 180-day labor and installed parts warranty.,,Focused on high-intent repair requests and reliable completion after approval.,,sub-zero,warm,https://my-appliance-repair.pro/subzero/,,,,,Enabled,Enabled,Enabled,,,RSA v4 CTR/CR boost
SZ_Search_BayArea_Hyper_ExactPhrase_2026_v3,Refrigerator Error Code,Responsive search ad,v3_boost,Sub-Zero Error Code Help,1,Error Code Diagnostics,,Book Service Today,,Fast Bay Area Scheduling,,Emergency Slots Available,,No Work Without Approval,,$99 Fee Credited,,180-Day Labor Warranty,,180-Day Parts Warranty,,Insured Local Technicians,,Independent Service Team,,Sub-Zero Repair Specialists,,Clear On-Site Diagnosis,,"Call Now, Book in Minutes",,Service Call & Repair Plan,,Book same-day or next-day service across Bay Area. Fast call or SMS confirmation.,,$99 service call is credited toward approved repair. No work starts without OK.,,Insured independent technicians with 180-day labor and installed parts warranty.,,Focused on fault code diagnostics with a clear repair path after root-cause check.,,sub-zero,code,https://my-appliance-repair.pro/subzero/,,,,,Enabled,Enabled,Enabled,,,RSA v4 CTR/CR boost
SZ_Search_BayArea_Hyper_ExactPhrase_2026_v3,Core Brand Repair,Responsive search ad,v3_boost,Sub-Zero Repair Service,1,High-Intent Repair Help,,Book Service Today,,Fast Bay Area Scheduling,,Emergency Slots Available,,No Work Without Approval,,$99 Fee Credited,,180-Day Labor Warranty,,180-Day Parts Warranty,,Insured Local Technicians,,Independent Service Team,,Sub-Zero Repair Specialists,,Clear On-Site Diagnosis,,"Call Now, Book in Minutes",,Service Call & Repair Plan,,Book same-day or next-day service across Bay Area. Fast call or SMS confirmation.,,$99 service call is credited toward approved repair. No work starts without OK.,,Insured independent technicians with 180-day labor and installed parts warranty.,,Focused on high-intent repair requests and reliable completion after approval.,,sub-zero,repair,https://my-appliance-repair.pro/subzero/,,,,,Enabled,Enabled,Enabled,,,RSA v4 CTR/CR boost
SZ_Search_BayArea_Hyper_ExactPhrase_2026_v3,Core Brand Service,Responsive search ad,v3_boost,Sub-Zero Service Experts,1,High-Intent Repair Help,,Book Service Today,,Fast Bay Area Scheduling,,Emergency Slots Available,,No Work Without Approval,,$99 Fee Credited,,180-Day Labor Warranty,,180-Day Parts Warranty,,Insured Local Technicians,,Independent Service Team,,Sub-Zero Repair Specialists,,Clear On-Site Diagnosis,,"Call Now, Book in Minutes",,Service Call & Repair Plan,,Book same-day or next-day service across Bay Area. Fast call or SMS confirmation.,,$99 service call is credited toward approved repair. No work starts without OK.,,Insured independent technicians with 180-day labor and installed parts warranty.,,Focused on high-intent repair requests and reliable completion after approval.,,sub-zero,service,https://my-appliance-repair.pro/subzero/,,,,,Enabled,Enabled,Enabled,,,RSA v4 CTR/CR boost
SZ_Search_BayArea_Hyper_ExactPhrase_2026_v3,Core Near Me,Responsive search ad,v3_boost,Sub-Zero Repair Near Me,1,Local Team Near You,,Book Service Today,,Fast Bay Area Scheduling,,Emergency Slots Available,,No Work Without Approval,,$99 Fee Credited,,180-Day Labor Warranty,,180-Day Parts Warranty,,Insured Local Technicians,,Independent Service Team,,Sub-Zero Repair Specialists,,Clear On-Site Diagnosis,,"Call Now, Book in Minutes",,Service Call & Repair Plan,,Book same-day or next-day service across Bay Area. Fast call or SMS confirmation.,,$99 service call is credited toward approved repair. No work starts without OK.,,Insured independent technicians with 180-day labor and installed parts warranty.,,Local Bay Area coverage with quick booking and reliable service communication.,,sub-zero,me,https://my-appliance-repair.pro/subzero/,,,,,Enabled,Enabled,Enabled,,,RSA v4 CTR/CR boost
SZ_Search_BayArea_Hyper_ExactPhrase_2026_v3,Core Same Day,Responsive search ad,v3_boost,Same-Day Sub-Zero Repair,1,Same-Day Slots Open,,Book Service Today,,Fast Bay Area Scheduling,,Emergency Slots Available,,No Work Without Approval,,$99 Fee Credited,,180-Day Labor Warranty,,180-Day Parts Warranty,,Insured Local Technicians,,Independent Service Team,,Sub-Zero Repair Specialists,,Clear On-Site Diagnosis,,"Call Now, Book in Minutes",,Service Call & Repair Plan,,Book same-day or next-day service across Bay Area. Fast call or SMS confirmation.,,$99 service call is credited toward approved repair. No work starts without OK.,,Insured independent technicians with 180-day labor and installed parts warranty.,,Priority scheduling for urgent failures with fast response and transparent process.,,sub-zero,day,https://my-appliance-repair.pro/subzero/,,,,,Enabled,Enabled,Enabled,,,RSA v4 CTR/CR boost
SZ_Search_BayArea_Hyper_ExactPhrase_2026_v3,Core Emergency,Responsive search ad,v3_boost,Emergency Sub-Zero Repair,1,Emergency Slots Open,,Book Service Today,,Fast Bay Area Scheduling,,Emergency Slots Available,,No Work Without Approval,,$99 Fee Credited,,180-Day Labor Warranty,,180-Day Parts Warranty,,Insured Local Technicians,,Independent Service Team,,Sub-Zero Repair Specialists,,Clear On-Site Diagnosis,,"Call Now, Book in Minutes",,Service Call & Repair Plan,,Book same-day or next-day service across Bay Area. Fast call or SMS confirmation.,,$99 service call is credited toward approved repair. No work starts without OK.,,Insured independent technicians with 180-day labor and installed parts warranty.,,Priority scheduling for urgent failures with fast response and transparent process.,,sub-zero,emergency,https://my-appliance-repair.pro/subzero/,,,,,Enabled,Enabled,Enabled,,,RSA v4 CTR/CR boost
SZ_Search_BayArea_Hyper_ExactPhrase_2026_v3,Core Technician,Responsive search ad,v3_boost,Sub-Zero Technician,1,Experienced Local Techs,,Book Service Today,,Fast Bay Area Scheduling,,Emergency Slots Available,,No Work Without Approval,,$99 Fee Credited,,180-Day Labor Warranty,,180-Day Parts Warranty,,Insured Local Technicians,,Independent Service Team,,Sub-Zero Repair Specialists,,Clear On-Site Diagnosis,,"Call Now, Book in Minutes",,Service Call & Repair Plan,,Book same-day or next-day service across Bay Area. Fast call or SMS confirmation.,,$99 service call is credited toward approved repair. No work starts without OK.,,Insured independent technicians with 180-day labor and installed parts warranty.,,Focused on high-intent repair requests and reliable completion after approval.,,sub-zero,technician,https://my-appliance-repair.pro/subzero/,,,,,Enabled,Enabled,Enabled,,,RSA v4 CTR/CR boost
SZ_Search_BayArea_Hyper_ExactPhrase_2026_v3,Core Repairman,Responsive search ad,v3_boost,Sub-Zero Repairman,1,Experienced Local Techs,,Book Service Today,,Fast Bay Area Scheduling,,Emergency Slots Available,,No Work Without Approval,,$99 Fee Credited,,180-Day Labor Warranty,,180-Day Parts Warranty,,Insured Local Technicians,,Independent Service Team,,Sub-Zero Repair Specialists,,Clear On-Site Diagnosis,,"Call Now, Book in Minutes",,Service Call & Repair Plan,,Book same-day or next-day service across Bay Area. Fast call or SMS confirmation.,,$99 service call is credited toward approved repair. No work starts without OK.,,Insured independent technicians with 180-day labor and installed parts warranty.,,Focused on high-intent repair requests and reliable completion after approval.,,sub-zero,repairman,https://my-appliance-repair.pro/subzero/,,,,,Enabled,Enabled,Enabled,,,RSA v4 CTR/CR boost
SZ_Search_BayArea_Hyper_ExactPhrase_2026_v3,Core Mechanic,Responsive search ad,v3_boost,Sub-Zero Mechanic,1,Experienced Local Techs,,Book Service Today,,Fast Bay Area Scheduling,,Emergency Slots Available,,No Work Without Approval,,$99 Fee Credited,,180-Day Labor Warranty,,180-Day Parts Warranty,,Insured Local Technicians,,Independent Service Team,,Sub-Zero Repair Specialists,,Clear On-Site Diagnosis,,"Call Now, Book in Minutes",,Service Call & Repair Plan,,Book same-day or next-day service across Bay Area. Fast call or SMS confirmation.,,$99 service call is credited toward approved repair. No work starts without OK.,,Insured independent technicians with 180-day labor and installed parts warranty.,,Focused on high-intent repair requests and reliable completion after approval.,,sub-zero,mechanic,https://my-appliance-repair.pro/subzero/,,,,,Enabled,Enabled,Enabled,,,RSA v4 CTR/CR boost
SZ_Search_BayArea_Hyper_ExactPhrase_2026_v3,Core Specialist,Responsive search ad,v3_boost,Sub-Zero Specialist,1,Experienced Local Techs,,Book Service Today,,Fast Bay Area Scheduling,,Emergency Slots Available,,No Work Without Approval,,$99 Fee Credited,,180-Day Labor Warranty,,180-Day Parts Warranty,,Insured Local Technicians,,Independent Service Team,,Sub-Zero Repair Specialists,,Clear On-Site Diagnosis,,"Call Now, Book in Minutes",,Service Call & Repair Plan,,Book same-day or next-day service across Bay Area. Fast call or SMS confirmation.,,$99 service call is credited toward approved repair. No work starts without OK.,,Insured independent technicians with 180-day labor and installed parts warranty.,,Focused on high-intent repair requests and reliable completion after approval.,,sub-zero,specialist,https://my-appliance-repair.pro/subzero/,,,,,Enabled,Enabled,Enabled,,,RSA v4 CTR/CR boost
SZ_Search_BayArea_Hyper_ExactPhrase_2026_v3,Core Not Cooling,Responsive search ad,v3_boost,Sub-Zero Not Cooling,1,Fix Not Cooling Fast,,Book Service Today,,Fast Bay Area Scheduling,,Emergency Slots Available,,No Work Without Approval,,$99 Fee Credited,,180-Day Labor Warranty,,180-Day Parts Warranty,,Insured Local Technicians,,Independent Service Team,,Sub-Zero Repair Specialists,,Clear On-Site Diagnosis,,"Call Now, Book in Minutes",,Service Call & Repair Plan,,Book same-day or next-day service across Bay Area. Fast call or SMS confirmation.,,$99 service call is credited toward approved repair. No work starts without OK.,,Insured independent technicians with 180-day labor and installed parts warranty.,,"Focused on cooling failures, airflow faults, and temperature recovery issues.",,sub-zero,cooling,https://my-appliance-repair.pro/subzero/,,,,,Enabled,Enabled,Enabled,,,RSA v4 CTR/CR boost
SZ_Search_BayArea_Hyper_ExactPhrase_2026_v3,Core Not Freezing,Responsive search ad,v3_boost,Sub-Zero Not Freezing,1,Fix Not Freezing Fast,,Book Service Today,,Fast Bay Area Scheduling,,Emergency Slots Available,,No Work Without Approval,,$99 Fee Credited,,180-Day Labor Warranty,,180-Day Parts Warranty,,Insured Local Technicians,,Independent Service Team,,Sub-Zero Repair Specialists,,Clear On-Site Diagnosis,,"Call Now, Book in Minutes",,Service Call & Repair Plan,,Book same-day or next-day service across Bay Area. Fast call or SMS confirmation.,,$99 service call is credited toward approved repair. No work starts without OK.,,Insured independent technicians with 180-day labor and installed parts warranty.,,Focused on freezing performance recovery and stable low-temperature operation.,,sub-zero,freezing,https://my-appliance-repair.pro/subzero/,,,,,Enabled,Enabled,Enabled,,,RSA v4 CTR/CR boost
SZ_Search_BayArea_Hyper_ExactPhrase_2026_v3,Core Not Working,Responsive search ad,v3_boost,Sub-Zero Not Working,1,Unit Not Working? Call,,Book Service Today,,Fast Bay Area Scheduling,,Emergency Slots Available,,No Work Without Approval,,$99 Fee Credited,,180-Day Labor Warranty,,180-Day Parts Warranty,,Insured Local Technicians,,Independent Service Team,,Sub-Zero Repair Specialists,,Clear On-Site Diagnosis,,"Call Now, Book in Minutes",,Service Call & Repair Plan,,Book same-day or next-day service across Bay Area. Fast call or SMS confirmation.,,$99 service call is credited toward approved repair. No work starts without OK.,,Insured independent technicians with 180-day labor and installed parts warranty.,,Focused on no-start and dead-unit diagnostics with clear repair approval steps.,,sub-zero,working,https://my-appliance-repair.pro/subzero/,,,,,Enabled,Enabled,Enabled,,,RSA v4 CTR/CR boost
SZ_Search_BayArea_Hyper_ExactPhrase_2026_v3,Core Leaking,Responsive search ad,v3_boost,Sub-Zero Leak Repair,1,Leak Repair Priority,,Book Service Today,,Fast Bay Area Scheduling,,Emergency Slots Available,,No Work Without Approval,,$99 Fee Credited,,180-Day Labor Warranty,,180-Day Parts Warranty,,Insured Local Technicians,,Independent Service Team,,Sub-Zero Repair Specialists,,Clear On-Site Diagnosis,,"Call Now, Book in Minutes",,Service Call & Repair Plan,,Book same-day or next-day service across Bay Area. Fast call or SMS confirmation.,,$99 service call is credited toward approved repair. No work starts without OK.,,Insured independent technicians with 180-day labor and installed parts warranty.,,Focused on water leak source diagnostics to prevent repeat damage and downtime.,,sub-zero,leaking,https://my-appliance-repair.pro/subzero/,,,,,Enabled,Enabled,Enabled,,,RSA v4 CTR/CR boost
SZ_Search_BayArea_Hyper_ExactPhrase_2026_v3,Core Warm,Responsive search ad,v3_boost,Sub-Zero Running Warm,1,High-Intent Repair Help,,Book Service Today,,Fast Bay Area Scheduling,,Emergency Slots Available,,No Work Without Approval,,$99 Fee Credited,,180-Day Labor Warranty,,180-Day Parts Warranty,,Insured Local Technicians,,Independent Service Team,,Sub-Zero Repair Specialists,,Clear On-Site Diagnosis,,"Call Now, Book in Minutes",,Service Call & Repair Plan,,Book same-day or next-day service across Bay Area. Fast call or SMS confirmation.,,$99 service call is credited toward approved repair. No work starts without OK.,,Insured independent technicians with 180-day labor and installed parts warranty.,,Focused on high-intent repair requests and reliable completion after approval.,,sub-zero,warm,https://my-appliance-repair.pro/subzero/,,,,,Enabled,Enabled,Enabled,,,RSA v4 CTR/CR boost
SZ_Search_BayArea_Hyper_ExactPhrase_2026_v3,Core Beeping Noise,Responsive search ad,v3_boost,Sub-Zero Noise Repair,1,Beeping Alert Repair,,Book Service Today,,Fast Bay Area Scheduling,,Emergency Slots Available,,No Work Without Approval,,$99 Fee Credited,,180-Day Labor Warranty,,180-Day Parts Warranty,,Insured Local Technicians,,Independent Service Team,,Sub-Zero Repair Specialists,,Clear On-Site Diagnosis,,"Call Now, Book in Minutes",,Service Call & Repair Plan,,Book same-day or next-day service across Bay Area. Fast call or SMS confirmation.,,$99 service call is credited toward approved repair. No work starts without OK.,,Insured independent technicians with 180-day labor and installed parts warranty.,,Focused on alarm and beeping issues with targeted diagnostics and repair follow-through.,,sub-zero,noise,https://my-appliance-repair.pro/subzero/,,,,,Enabled,Enabled,Enabled,,,RSA v4 CTR/CR boost
SZ_Search_BayArea_Hyper_ExactPhrase_2026_v3,Core Error Code,Responsive search ad,v3_boost,Sub-Zero Error Code Help,1,Error Code Diagnostics,,Book Service Today,,Fast Bay Area Scheduling,,Emergency Slots Available,,No Work Without Approval,,$99 Fee Credited,,180-Day Labor Warranty,,180-Day Parts Warranty,,Insured Local Technicians,,Independent Service Team,,Sub-Zero Repair Specialists,,Clear On-Site Diagnosis,,"Call Now, Book in Minutes",,Service Call & Repair Plan,,Book same-day or next-day service across Bay Area. Fast call or SMS confirmation.,,$99 service call is credited toward approved repair. No work starts without OK.,,Insured independent technicians with 180-day labor and installed parts warranty.,,Focused on fault code diagnostics with a clear repair path after root-cause check.,,sub-zero,code,https://my-appliance-repair.pro/subzero/,,,,,Enabled,Enabled,Enabled,,,RSA v4 CTR/CR boost
SZ_Search_BayArea_Hyper_ExactPhrase_2026_v3,Geo San Francisco Repair,Responsive search ad,v3_qs_e,Sub-Zero Repair San Francisco,1,{KeyWord:Sub-Zero Repair},,Get Priority Scheduling,,No Work Without Approval,,Fast Bay Area Response,,Independent Service Team,,Insured Local Technicians,,$99 Fee Credited,,180-Day Labor Warranty,,180-Day Parts Warranty,,Clear On-Site Diagnosis,,High-Intent Repair Focus,,Emergency Availability,,Phone & Online Booking,,Sub-Zero Repair Experts,,Book same-day or next-day service. Fast phone or SMS confirmation in minutes.,,$99 service call is credited toward repair after your approval.,,Independent insured technicians with 180-day labor and installed parts warranty.,,Local Bay Area coverage with fast booking and reliable communication.,,sub-zero,san-francisco,https://my-appliance-repair.pro/subzero/,,,,,Enabled,Enabled,Enabled,,,RSA v3+ quality score boost
SZ_Search_BayArea_Hyper_ExactPhrase_2026_v3,Geo San Jose Repair,Responsive search ad,v3_qs_e,Sub-Zero Repair San Jose,1,{KeyWord:Sub-Zero Repair},,Get Priority Scheduling,,No Work Without Approval,,Fast Bay Area Response,,Independent Service Team,,Insured Local Technicians,,$99 Fee Credited,,180-Day Labor Warranty,,180-Day Parts Warranty,,Clear On-Site Diagnosis,,High-Intent Repair Focus,,Emergency Availability,,Phone & Online Booking,,Sub-Zero Repair Experts,,Book same-day or next-day service. Fast phone or SMS confirmation in minutes.,,$99 service call is credited toward repair after your approval.,,Independent insured technicians with 180-day labor and installed parts warranty.,,Local Bay Area coverage with fast booking and reliable communication.,,sub-zero,san-jose,https://my-appliance-repair.pro/subzero/,,,,,Enabled,Enabled,Enabled,,,RSA v3+ quality score boost
SZ_Search_BayArea_Hyper_ExactPhrase_2026_v3,Geo Oakland Repair,Responsive search ad,v3_qs_e,Sub-Zero Repair Oakland,1,{KeyWord:Sub-Zero Repair},,Get Priority Scheduling,,No Work Without Approval,,Fast Bay Area Response,,Independent Service Team,,Insured Local Technicians,,$99 Fee Credited,,180-Day Labor Warranty,,180-Day Parts Warranty,,Clear On-Site Diagnosis,,High-Intent Repair Focus,,Emergency Availability,,Phone & Online Booking,,Sub-Zero Repair Experts,,Book same-day or next-day service. Fast phone or SMS confirmation in minutes.,,$99 service call is credited toward repair after your approval.,,Independent insured technicians with 180-day labor and installed parts warranty.,,Local Bay Area coverage with fast booking and reliable communication.,,sub-zero,oakland,https://my-appliance-repair.pro/subzero/,,,,,Enabled,Enabled,Enabled,,,RSA v3+ quality score boost
SZ_Search_BayArea_Hyper_ExactPhrase_2026_v3,Geo Palo Alto Repair,Responsive search ad,v3_qs_e,Sub-Zero Repair Palo Alto,1,{KeyWord:Sub-Zero Repair},,Get Priority Scheduling,,No Work Without Approval,,Fast Bay Area Response,,Independent Service Team,,Insured Local Technicians,,$99 Fee Credited,,180-Day Labor Warranty,,180-Day Parts Warranty,,Clear On-Site Diagnosis,,High-Intent Repair Focus,,Emergency Availability,,Phone & Online Booking,,Sub-Zero Repair Experts,,Book same-day or next-day service. Fast phone or SMS confirmation in minutes.,,$99 service call is credited toward repair after your approval.,,Independent insured technicians with 180-day labor and installed parts warranty.,,Local Bay Area coverage with fast booking and reliable communication.,,sub-zero,palo-alto,https://my-appliance-repair.pro/subzero/,,,,,Enabled,Enabled,Enabled,,,RSA v3+ quality score boost
SZ_Search_BayArea_Hyper_ExactPhrase_2026_v3,Geo Mountain View Repair,Responsive search ad,v3_qs_e,Sub-Zero Repair Mountain View,1,{KeyWord:Sub-Zero Repair},,Get Priority Scheduling,,No Work Without Approval,,Fast Bay Area Response,,Independent Service Team,,Insured Local Technicians,,$99 Fee Credited,,180-Day Labor Warranty,,180-Day Parts Warranty,,Clear On-Site Diagnosis,,High-Intent Repair Focus,,Emergency Availability,,Phone & Online Booking,,Sub-Zero Repair Experts,,Book same-day or next-day service. Fast phone or SMS confirmation in minutes.,,$99 service call is credited toward repair after your approval.,,Independent insured technicians with 180-day labor and installed parts warranty.,,Local Bay Area coverage with fast booking and reliable communication.,,sub-zero,mountain-view,https://my-appliance-repair.pro/subzero/,,,,,Enabled,Enabled,Enabled,,,RSA v3+ quality score boost
SZ_Search_BayArea_Hyper_ExactPhrase_2026_v3,Geo Sunnyvale Repair,Responsive search ad,v3_qs_e,Sub-Zero Repair Sunnyvale,1,{KeyWord:Sub-Zero Repair},,Get Priority Scheduling,,No Work Without Approval,,Fast Bay Area Response,,Independent Service Team,,Insured Local Technicians,,$99 Fee Credited,,180-Day Labor Warranty,,180-Day Parts Warranty,,Clear On-Site Diagnosis,,High-Intent Repair Focus,,Emergency Availability,,Phone & Online Booking,,Sub-Zero Repair Experts,,Book same-day or next-day service. Fast phone or SMS confirmation in minutes.,,$99 service call is credited toward repair after your approval.,,Independent insured technicians with 180-day labor and installed parts warranty.,,Local Bay Area coverage with fast booking and reliable communication.,,sub-zero,sunnyvale,https://my-appliance-repair.pro/subzero/,,,,,Enabled,Enabled,Enabled,,,RSA v3+ quality score boost
SZ_Search_BayArea_Hyper_ExactPhrase_2026_v3,Geo San Mateo Repair,Responsive search ad,v3_qs_e,Sub-Zero Repair San Mateo,1,{KeyWord:Sub-Zero Repair},,Get Priority Scheduling,,No Work Without Approval,,Fast Bay Area Response,,Independent Service Team,,Insured Local Technicians,,$99 Fee Credited,,180-Day Labor Warranty,,180-Day Parts Warranty,,Clear On-Site Diagnosis,,High-Intent Repair Focus,,Emergency Availability,,Phone & Online Booking,,Sub-Zero Repair Experts,,Book same-day or next-day service. Fast phone or SMS confirmation in minutes.,,$99 service call is credited toward repair after your approval.,,Independent insured technicians with 180-day labor and installed parts warranty.,,Local Bay Area coverage with fast booking and reliable communication.,,sub-zero,san-mateo,https://my-appliance-repair.pro/subzero/,,,,,Enabled,Enabled,Enabled,,,RSA v3+ quality score boost
SZ_Search_BayArea_Hyper_ExactPhrase_2026_v3,Geo Redwood City Repair,Responsive search ad,v3_qs_e,Sub-Zero Repair Redwood City,1,{KeyWord:Sub-Zero Repair},,Get Priority Scheduling,,No Work Without Approval,,Fast Bay Area Response,,Independent Service Team,,Insured Local Technicians,,$99 Fee Credited,,180-Day Labor Warranty,,180-Day Parts Warranty,,Clear On-Site Diagnosis,,High-Intent Repair Focus,,Emergency Availability,,Phone & Online Booking,,Sub-Zero Repair Experts,,Book same-day or next-day service. Fast phone or SMS confirmation in minutes.,,$99 service call is credited toward repair after your approval.,,Independent insured technicians with 180-day labor and installed parts warranty.,,Local Bay Area coverage with fast booking and reliable communication.,,sub-zero,redwood-city,https://my-appliance-repair.pro/subzero/,,,,,Enabled,Enabled,Enabled,,,RSA v3+ quality score boost
SZ_Search_BayArea_Hyper_ExactPhrase_2026_v3,Geo Santa Clara Repair,Responsive search ad,v3_qs_e,Sub-Zero Repair Santa Clara,1,{KeyWord:Sub-Zero Repair},,Get Priority Scheduling,,No Work Without Approval,,Fast Bay Area Response,,Independent Service Team,,Insured Local Technicians,,$99 Fee Credited,,180-Day Labor Warranty,,180-Day Parts Warranty,,Clear On-Site Diagnosis,,High-Intent Repair Focus,,Emergency Availability,,Phone & Online Booking,,Sub-Zero Repair Experts,,Book same-day or next-day service. Fast phone or SMS confirmation in minutes.,,$99 service call is credited toward repair after your approval.,,Independent insured technicians with 180-day labor and installed parts warranty.,,Local Bay Area coverage with fast booking and reliable communication.,,sub-zero,santa-clara,https://my-appliance-repair.pro/subzero/,,,,,Enabled,Enabled,Enabled,,,RSA v3+ quality score boost
SZ_Search_BayArea_Hyper_ExactPhrase_2026_v3,Geo Fremont Repair,Responsive search ad,v3_qs_e,Sub-Zero Repair Fremont,1,{KeyWord:Sub-Zero Repair},,Get Priority Scheduling,,No Work Without Approval,,Fast Bay Area Response,,Independent Service Team,,Insured Local Technicians,,$99 Fee Credited,,180-Day Labor Warranty,,180-Day Parts Warranty,,Clear On-Site Diagnosis,,High-Intent Repair Focus,,Emergency Availability,,Phone & Online Booking,,Sub-Zero Repair Experts,,Book same-day or next-day service. Fast phone or SMS confirmation in minutes.,,$99 service call is credited toward repair after your approval.,,Independent insured technicians with 180-day labor and installed parts warranty.,,Local Bay Area coverage with fast booking and reliable communication.,,sub-zero,fremont,https://my-appliance-repair.pro/subzero/,,,,,Enabled,Enabled,Enabled,,,RSA v3+ quality score boost
SZ_Search_BayArea_Hyper_ExactPhrase_2026_v3,Wine Cooler Repair,Responsive search ad,v3_qs_e,Wine Cooler Repair Service,1,{KeyWord:Sub-Zero Repair},,Get Priority Scheduling,,No Work Without Approval,,Fast Bay Area Response,,Independent Service Team,,Insured Local Technicians,,$99 Fee Credited,,180-Day Labor Warranty,,180-Day Parts Warranty,,Clear On-Site Diagnosis,,High-Intent Repair Focus,,Emergency Availability,,Phone & Online Booking,,Sub-Zero Repair Experts,,Book same-day or next-day service. Fast phone or SMS confirmation in minutes.,,$99 service call is credited toward repair after your approval.,,Independent insured technicians with 180-day labor and installed parts warranty.,,"Short, clear process designed for high-intent leads and completed repairs.",,sub-zero,wine-cooler,https://my-appliance-repair.pro/subzero/,,,,,Enabled,Enabled,Enabled,,,RSA v3+ quality score boost
SZ_Search_BayArea_Hyper_ExactPhrase_2026_v3,Wine Cooler Service,Responsive search ad,v3_qs_e,Wine Cooler Repair Service,1,{KeyWord:Sub-Zero Repair},,Get Priority Scheduling,,No Work Without Approval,,Fast Bay Area Response,,Independent Service Team,,Insured Local Technicians,,$99 Fee Credited,,180-Day Labor Warranty,,180-Day Parts Warranty,,Clear On-Site Diagnosis,,High-Intent Repair Focus,,Emergency Availability,,Phone & Online Booking,,Sub-Zero Repair Experts,,Book same-day or next-day service. Fast phone or SMS confirmation in minutes.,,$99 service call is credited toward repair after your approval.,,Independent insured technicians with 180-day labor and installed parts warranty.,,"Short, clear process designed for high-intent leads and completed repairs.",,sub-zero,wine-cooler,https://my-appliance-repair.pro/subzero/,,,,,Enabled,Enabled,Enabled,,,RSA v3+ quality score boost
SZ_Search_BayArea_Hyper_ExactPhrase_2026_v3,Wine Cooler Not Cooling,Responsive search ad,v3_qs_e,Wine Cooler Not Cooling Fix,1,{KeyWord:Sub-Zero Repair},,Get Priority Scheduling,,No Work Without Approval,,Fast Bay Area Response,,Independent Service Team,,Insured Local Technicians,,$99 Fee Credited,,180-Day Labor Warranty,,180-Day Parts Warranty,,Clear On-Site Diagnosis,,High-Intent Repair Focus,,Emergency Availability,,Phone & Online Booking,,Sub-Zero Repair Experts,,Book same-day or next-day service. Fast phone or SMS confirmation in minutes.,,$99 service call is credited toward repair after your approval.,,Independent insured technicians with 180-day labor and installed parts warranty.,,"Focused on cooling failures, airflow issues, and temperature recovery performance.",,sub-zero,not-cooling,https://my-appliance-repair.pro/subzero/,,,,,Enabled,Enabled,Enabled,,,RSA v3+ quality score boost
SZ_Search_BayArea_Hyper_ExactPhrase_2026_v3,Wine Cooler Not Working,Responsive search ad,v3_qs_e,Wine Cooler Not Working Repair,1,{KeyWord:Sub-Zero Repair},,Get Priority Scheduling,,No Work Without Approval,,Fast Bay Area Response,,Independent Service Team,,Insured Local Technicians,,$99 Fee Credited,,180-Day Labor Warranty,,180-Day Parts Warranty,,Clear On-Site Diagnosis,,High-Intent Repair Focus,,Emergency Availability,,Phone & Online Booking,,Sub-Zero Repair Experts,,Book same-day or next-day service. Fast phone or SMS confirmation in minutes.,,$99 service call is credited toward repair after your approval.,,Independent insured technicians with 180-day labor and installed parts warranty.,,Focused on no-start and shutdown issues with root-cause diagnostics first.,,sub-zero,not-working,https://my-appliance-repair.pro/subzero/,,,,,Enabled,Enabled,Enabled,,,RSA v3+ quality score boost
SZ_Search_BayArea_Hyper_ExactPhrase_2026_v3,Ice Maker Repair,Responsive search ad,v3_qs_e,Ice Maker Repair Service,1,{KeyWord:Sub-Zero Repair},,Get Priority Scheduling,,No Work Without Approval,,Fast Bay Area Response,,Independent Service Team,,Insured Local Technicians,,$99 Fee Credited,,180-Day Labor Warranty,,180-Day Parts Warranty,,Clear On-Site Diagnosis,,High-Intent Repair Focus,,Emergency Availability,,Phone & Online Booking,,Sub-Zero Repair Experts,,Book same-day or next-day service. Fast phone or SMS confirmation in minutes.,,$99 service call is credited toward repair after your approval.,,Independent insured technicians with 180-day labor and installed parts warranty.,,"Short, clear process designed for high-intent leads and completed repairs.",,sub-zero,ice-system,https://my-appliance-repair.pro/subzero/,,,,,Enabled,Enabled,Enabled,,,RSA v3+ quality score boost
SZ_Search_BayArea_Hyper_ExactPhrase_2026_v3,Ice Maker Service,Responsive search ad,v3_qs_e,Ice Maker Repair Service,1,{KeyWord:Sub-Zero Repair},,Get Priority Scheduling,,No Work Without Approval,,Fast Bay Area Response,,Independent Service Team,,Insured Local Technicians,,$99 Fee Credited,,180-Day Labor Warranty,,180-Day Parts Warranty,,Clear On-Site Diagnosis,,High-Intent Repair Focus,,Emergency Availability,,Phone & Online Booking,,Sub-Zero Repair Experts,,Book same-day or next-day service. Fast phone or SMS confirmation in minutes.,,$99 service call is credited toward repair after your approval.,,Independent insured technicians with 180-day labor and installed parts warranty.,,"Short, clear process designed for high-intent leads and completed repairs.",,sub-zero,ice-system,https://my-appliance-repair.pro/subzero/,,,,,Enabled,Enabled,Enabled,,,RSA v3+ quality score boost
SZ_Search_BayArea_Hyper_ExactPhrase_2026_v3,Ice Maker Near Me,Responsive search ad,v3_qs_e,Ice Maker Repair Service,1,{KeyWord:Sub-Zero Repair},,Get Priority Scheduling,,No Work Without Approval,,Fast Bay Area Response,,Independent Service Team,,Insured Local Technicians,,$99 Fee Credited,,180-Day Labor Warranty,,180-Day Parts Warranty,,Clear On-Site Diagnosis,,High-Intent Repair Focus,,Emergency Availability,,Phone & Online Booking,,Sub-Zero Repair Experts,,Book same-day or next-day service. Fast phone or SMS confirmation in minutes.,,$99 service call is credited toward repair after your approval.,,Independent insured technicians with 180-day labor and installed parts warranty.,,"Short, clear process designed for high-intent leads and completed repairs.",,sub-zero,ice-system,https://my-appliance-repair.pro/subzero/,,,,,Enabled,Enabled,Enabled,,,RSA v3+ quality score boost
SZ_Search_BayArea_Hyper_ExactPhrase_2026_v3,Ice Maker Technician,Responsive search ad,v3_qs_e,Ice Maker Repair Service,1,{KeyWord:Sub-Zero Repair},,Get Priority Scheduling,,No Work Without Approval,,Fast Bay Area Response,,Independent Service Team,,Insured Local Technicians,,$99 Fee Credited,,180-Day Labor Warranty,,180-Day Parts Warranty,,Clear On-Site Diagnosis,,High-Intent Repair Focus,,Emergency Availability,,Phone & Online Booking,,Sub-Zero Repair Experts,,Book same-day or next-day service. Fast phone or SMS confirmation in minutes.,,$99 service call is credited toward repair after your approval.,,Independent insured technicians with 180-day labor and installed parts warranty.,,"Short, clear process designed for high-intent leads and completed repairs.",,sub-zero,ice-system,https://my-appliance-repair.pro/subzero/,,,,,Enabled,Enabled,Enabled,,,RSA v3+ quality score boost
SZ_Search_BayArea_Hyper_ExactPhrase_2026_v3,Ice Maker Not Working,Responsive search ad,v3_qs_e,Ice Maker Not Working Repair,1,{KeyWord:Sub-Zero Repair},,Get Priority Scheduling,,No Work Without Approval,,Fast Bay Area Response,,Independent Service Team,,Insured Local Technicians,,$99 Fee Credited,,180-Day Labor Warranty,,180-Day Parts Warranty,,Clear On-Site Diagnosis,,High-Intent Repair Focus,,Emergency Availability,,Phone & Online Booking,,Sub-Zero Repair Experts,,Book same-day or next-day service. Fast phone or SMS confirmation in minutes.,,$99 service call is credited toward repair after your approval.,,Independent insured technicians with 180-day labor and installed parts warranty.,,Focused on no-start and shutdown issues with root-cause diagnostics first.,,sub-zero,not-working,https://my-appliance-repair.pro/subzero/,,,,,Enabled,Enabled,Enabled,,,RSA v3+ quality score boost
SZ_Search_BayArea_Hyper_ExactPhrase_2026_v3,Ice Maker Not Making Ice,Responsive search ad,v3_qs_e,Ice Maker Repair Service,1,{KeyWord:Sub-Zero Repair},,Get Priority Scheduling,,No Work Without Approval,,Fast Bay Area Response,,Independent Service Team,,Insured Local Technicians,,$99 Fee Credited,,180-Day Labor Warranty,,180-Day Parts Warranty,,Clear On-Site Diagnosis,,High-Intent Repair Focus,,Emergency Availability,,Phone & Online Booking,,Sub-Zero Repair Experts,,Book same-day or next-day service. Fast phone or SMS confirmation in minutes.,,$99 service call is credited toward repair after your approval.,,Independent insured technicians with 180-day labor and installed parts warranty.,,"Short, clear process designed for high-intent leads and completed repairs.",,sub-zero,ice-system,https://my-appliance-repair.pro/subzero/,,,,,Enabled,Enabled,Enabled,,,RSA v3+ quality score boost
SZ_Search_BayArea_Hyper_ExactPhrase_2026_v3,Ice Maker Leaking,Responsive search ad,v3_qs_e,Ice Maker Leak Repair,1,{KeyWord:Sub-Zero Repair},,Get Priority Scheduling,,No Work Without Approval,,Fast Bay Area Response,,Independent Service Team,,Insured Local Technicians,,$99 Fee Credited,,180-Day Labor Warranty,,180-Day Parts Warranty,,Clear On-Site Diagnosis,,High-Intent Repair Focus,,Emergency Availability,,Phone & Online Booking,,Sub-Zero Repair Experts,,Book same-day or next-day service. Fast phone or SMS confirmation in minutes.,,$99 service call is credited toward repair after your approval.,,Independent insured technicians with 180-day labor and installed parts warranty.,,Focused leak-source diagnostics to prevent repeat water damage and downtime.,,sub-zero,leak-repair,https://my-appliance-repair.pro/subzero/,,,,,Enabled,Enabled,Enabled,,,RSA v3+ quality score boost
SZ_Search_BayArea_Hyper_ExactPhrase_2026_v3,Ice Dispenser Not Working,Responsive search ad,v3_qs_e,Ice Maker Not Working Repair,1,{KeyWord:Sub-Zero Repair},,Get Priority Scheduling,,No Work Without Approval,,Fast Bay Area Response,,Independent Service Team,,Insured Local Technicians,,$99 Fee Credited,,180-Day Labor Warranty,,180-Day Parts Warranty,,Clear On-Site Diagnosis,,High-Intent Repair Focus,,Emergency Availability,,Phone & Online Booking,,Sub-Zero Repair Experts,,Book same-day or next-day service. Fast phone or SMS confirmation in minutes.,,$99 service call is credited toward repair after your approval.,,Independent insured technicians with 180-day labor and installed parts warranty.,,Focused on no-start and shutdown issues with root-cause diagnostics first.,,sub-zero,not-working,https://my-appliance-repair.pro/subzero/,,,,,Enabled,Enabled,Enabled,,,RSA v3+ quality score boost
SZ_Search_BayArea_Hyper_ExactPhrase_2026_v3,Freezer Repair,Responsive search ad,v3_qs_e,Freezer Repair Service,1,{KeyWord:Sub-Zero Repair},,Get Priority Scheduling,,No Work Without Approval,,Fast Bay Area Response,,Independent Service Team,,Insured Local Technicians,,$99 Fee Credited,,180-Day Labor Warranty,,180-Day Parts Warranty,,Clear On-Site Diagnosis,,High-Intent Repair Focus,,Emergency Availability,,Phone & Online Booking,,Sub-Zero Repair Experts,,Book same-day or next-day service. Fast phone or SMS confirmation in minutes.,,$99 service call is credited toward repair after your approval.,,Independent insured technicians with 180-day labor and installed parts warranty.,,"Short, clear process designed for high-intent leads and completed repairs.",,sub-zero,freezer,https://my-appliance-repair.pro/subzero/,,,,,Enabled,Enabled,Enabled,,,RSA v3+ quality score boost
SZ_Search_BayArea_Hyper_ExactPhrase_2026_v3,Freezer Service,Responsive search ad,v3_qs_e,Freezer Repair Service,1,{KeyWord:Sub-Zero Repair},,Get Priority Scheduling,,No Work Without Approval,,Fast Bay Area Response,,Independent Service Team,,Insured Local Technicians,,$99 Fee Credited,,180-Day Labor Warranty,,180-Day Parts Warranty,,Clear On-Site Diagnosis,,High-Intent Repair Focus,,Emergency Availability,,Phone & Online Booking,,Sub-Zero Repair Experts,,Book same-day or next-day service. Fast phone or SMS confirmation in minutes.,,$99 service call is credited toward repair after your approval.,,Independent insured technicians with 180-day labor and installed parts warranty.,,"Short, clear process designed for high-intent leads and completed repairs.",,sub-zero,freezer,https://my-appliance-repair.pro/subzero/,,,,,Enabled,Enabled,Enabled,,,RSA v3+ quality score boost
SZ_Search_BayArea_Hyper_ExactPhrase_2026_v3,Freezer Near Me,Responsive search ad,v3_qs_e,Freezer Repair Service,1,{KeyWord:Sub-Zero Repair},,Get Priority Scheduling,,No Work Without Approval,,Fast Bay Area Response,,Independent Service Team,,Insured Local Technicians,,$99 Fee Credited,,180-Day Labor Warranty,,180-Day Parts Warranty,,Clear On-Site Diagnosis,,High-Intent Repair Focus,,Emergency Availability,,Phone & Online Booking,,Sub-Zero Repair Experts,,Book same-day or next-day service. Fast phone or SMS confirmation in minutes.,,$99 service call is credited toward repair after your approval.,,Independent insured technicians with 180-day labor and installed parts warranty.,,"Short, clear process designed for high-intent leads and completed repairs.",,sub-zero,freezer,https://my-appliance-repair.pro/subzero/,,,,,Enabled,Enabled,Enabled,,,RSA v3+ quality score boost
SZ_Search_BayArea_Hyper_ExactPhrase_2026_v3,Freezer Technician,Responsive search ad,v3_qs_e,Freezer Repair Service,1,{KeyWord:Sub-Zero Repair},,Get Priority Scheduling,,No Work Without Approval,,Fast Bay Area Response,,Independent Service Team,,Insured Local Technicians,,$99 Fee Credited,,180-Day Labor Warranty,,180-Day Parts Warranty,,Clear On-Site Diagnosis,,High-Intent Repair Focus,,Emergency Availability,,Phone & Online Booking,,Sub-Zero Repair Experts,,Book same-day or next-day service. Fast phone or SMS confirmation in minutes.,,$99 service call is credited toward repair after your approval.,,Independent insured technicians with 180-day labor and installed parts warranty.,,"Short, clear process designed for high-intent leads and completed repairs.",,sub-zero,freezer,https://my-appliance-repair.pro/subzero/,,,,,Enabled,Enabled,Enabled,,,RSA v3+ quality score boost
SZ_Search_BayArea_Hyper_ExactPhrase_2026_v3,Freezer Not Cooling,Responsive search ad,v3_qs_e,Freezer Not Cooling Fix,1,{KeyWord:Sub-Zero Repair},,Get Priority Scheduling,,No Work Without Approval,,Fast Bay Area Response,,Independent Service Team,,Insured Local Technicians,,$99 Fee Credited,,180-Day Labor Warranty,,180-Day Parts Warranty,,Clear On-Site Diagnosis,,High-Intent Repair Focus,,Emergency Availability,,Phone & Online Booking,,Sub-Zero Repair Experts,,Book same-day or next-day service. Fast phone or SMS confirmation in minutes.,,$99 service call is credited toward repair after your approval.,,Independent insured technicians with 180-day labor and installed parts warranty.,,"Focused on cooling failures, airflow issues, and temperature recovery performance.",,sub-zero,not-cooling,https://my-appliance-repair.pro/subzero/,,,,,Enabled,Enabled,Enabled,,,RSA v3+ quality score boost
SZ_Search_BayArea_Hyper_ExactPhrase_2026_v3,Freezer Not Freezing,Responsive search ad,v3_qs_e,Freezer Not Freezing Fix,1,{KeyWord:Sub-Zero Repair},,Get Priority Scheduling,,No Work Without Approval,,Fast Bay Area Response,,Independent Service Team,,Insured Local Technicians,,$99 Fee Credited,,180-Day Labor Warranty,,180-Day Parts Warranty,,Clear On-Site Diagnosis,,High-Intent Repair Focus,,Emergency Availability,,Phone & Online Booking,,Sub-Zero Repair Experts,,Book same-day or next-day service. Fast phone or SMS confirmation in minutes.,,$99 service call is credited toward repair after your approval.,,Independent insured technicians with 180-day labor and installed parts warranty.,,Focused on freezing performance issues and stable low-temperature recovery.,,sub-zero,not-freezing,https://my-appliance-repair.pro/subzero/,,,,,Enabled,Enabled,Enabled,,,RSA v3+ quality score boost
SZ_Search_BayArea_Hyper_ExactPhrase_2026_v3,Freezer Not Working,Responsive search ad,v3_qs_e,Freezer Not Working Repair,1,{KeyWord:Sub-Zero Repair},,Get Priority Scheduling,,No Work Without Approval,,Fast Bay Area Response,,Independent Service Team,,Insured Local Technicians,,$99 Fee Credited,,180-Day Labor Warranty,,180-Day Parts Warranty,,Clear On-Site Diagnosis,,High-Intent Repair Focus,,Emergency Availability,,Phone & Online Booking,,Sub-Zero Repair Experts,,Book same-day or next-day service. Fast phone or SMS confirmation in minutes.,,$99 service call is credited toward repair after your approval.,,Independent insured technicians with 180-day labor and installed parts warranty.,,Focused on no-start and shutdown issues with root-cause diagnostics first.,,sub-zero,not-working,https://my-appliance-repair.pro/subzero/,,,,,Enabled,Enabled,Enabled,,,RSA v3+ quality score boost
SZ_Search_BayArea_Hyper_ExactPhrase_2026_v3,Freezer Leaking,Responsive search ad,v3_qs_e,Freezer Leak Repair,1,{KeyWord:Sub-Zero Repair},,Get Priority Scheduling,,No Work Without Approval,,Fast Bay Area Response,,Independent Service Team,,Insured Local Technicians,,$99 Fee Credited,,180-Day Labor Warranty,,180-Day Parts Warranty,,Clear On-Site Diagnosis,,High-Intent Repair Focus,,Emergency Availability,,Phone & Online Booking,,Sub-Zero Repair Experts,,Book same-day or next-day service. Fast phone or SMS confirmation in minutes.,,$99 service call is credited toward repair after your approval.,,Independent insured technicians with 180-day labor and installed parts warranty.,,Focused leak-source diagnostics to prevent repeat water damage and downtime.,,sub-zero,leak-repair,https://my-appliance-repair.pro/subzero/,,,,,Enabled,Enabled,Enabled,,,RSA v3+ quality score boost
SZ_Search_BayArea_Hyper_ExactPhrase_2026_v3,Fridge Repair,Responsive search ad,v3_qs_e,Fridge Repair Service,1,{KeyWord:Sub-Zero Repair},,Get Priority Scheduling,,No Work Without Approval,,Fast Bay Area Response,,Independent Service Team,,Insured Local Technicians,,$99 Fee Credited,,180-Day Labor Warranty,,180-Day Parts Warranty,,Clear On-Site Diagnosis,,High-Intent Repair Focus,,Emergency Availability,,Phone & Online Booking,,Sub-Zero Repair Experts,,Book same-day or next-day service. Fast phone or SMS confirmation in minutes.,,$99 service call is credited toward repair after your approval.,,Independent insured technicians with 180-day labor and installed parts warranty.,,"Short, clear process designed for high-intent leads and completed repairs.",,sub-zero,fridge,https://my-appliance-repair.pro/subzero/,,,,,Enabled,Enabled,Enabled,,,RSA v3+ quality score boost
SZ_Search_BayArea_Hyper_ExactPhrase_2026_v3,Fridge Service,Responsive search ad,v3_qs_e,Fridge Repair Service,1,{KeyWord:Sub-Zero Repair},,Get Priority Scheduling,,No Work Without Approval,,Fast Bay Area Response,,Independent Service Team,,Insured Local Technicians,,$99 Fee Credited,,180-Day Labor Warranty,,180-Day Parts Warranty,,Clear On-Site Diagnosis,,High-Intent Repair Focus,,Emergency Availability,,Phone & Online Booking,,Sub-Zero Repair Experts,,Book same-day or next-day service. Fast phone or SMS confirmation in minutes.,,$99 service call is credited toward repair after your approval.,,Independent insured technicians with 180-day labor and installed parts warranty.,,"Short, clear process designed for high-intent leads and completed repairs.",,sub-zero,fridge,https://my-appliance-repair.pro/subzero/,,,,,Enabled,Enabled,Enabled,,,RSA v3+ quality score boost
SZ_Search_BayArea_Hyper_ExactPhrase_2026_v3,Fridge Near Me,Responsive search ad,v3_qs_e,Fridge Repair Service,1,{KeyWord:Sub-Zero Repair},,Get Priority Scheduling,,No Work Without Approval,,Fast Bay Area Response,,Independent Service Team,,Insured Local Technicians,,$99 Fee Credited,,180-Day Labor Warranty,,180-Day Parts Warranty,,Clear On-Site Diagnosis,,High-Intent Repair Focus,,Emergency Availability,,Phone & Online Booking,,Sub-Zero Repair Experts,,Book same-day or next-day service. Fast phone or SMS confirmation in minutes.,,$99 service call is credited toward repair after your approval.,,Independent insured technicians with 180-day labor and installed parts warranty.,,"Short, clear process designed for high-intent leads and completed repairs.",,sub-zero,fridge,https://my-appliance-repair.pro/subzero/,,,,,Enabled,Enabled,Enabled,,,RSA v3+ quality score boost
SZ_Search_BayArea_Hyper_ExactPhrase_2026_v3,Fridge Technician,Responsive search ad,v3_qs_e,Fridge Repair Service,1,{KeyWord:Sub-Zero Repair},,Get Priority Scheduling,,No Work Without Approval,,Fast Bay Area Response,,Independent Service Team,,Insured Local Technicians,,$99 Fee Credited,,180-Day Labor Warranty,,180-Day Parts Warranty,,Clear On-Site Diagnosis,,High-Intent Repair Focus,,Emergency Availability,,Phone & Online Booking,,Sub-Zero Repair Experts,,Book same-day or next-day service. Fast phone or SMS confirmation in minutes.,,$99 service call is credited toward repair after your approval.,,Independent insured technicians with 180-day labor and installed parts warranty.,,"Short, clear process designed for high-intent leads and completed repairs.",,sub-zero,fridge,https://my-appliance-repair.pro/subzero/,,,,,Enabled,Enabled,Enabled,,,RSA v3+ quality score boost
SZ_Search_BayArea_Hyper_ExactPhrase_2026_v3,Fridge Not Cooling,Responsive search ad,v3_qs_e,Fridge Not Cooling Fix,1,{KeyWord:Sub-Zero Repair},,Get Priority Scheduling,,No Work Without Approval,,Fast Bay Area Response,,Independent Service Team,,Insured Local Technicians,,$99 Fee Credited,,180-Day Labor Warranty,,180-Day Parts Warranty,,Clear On-Site Diagnosis,,High-Intent Repair Focus,,Emergency Availability,,Phone & Online Booking,,Sub-Zero Repair Experts,,Book same-day or next-day service. Fast phone or SMS confirmation in minutes.,,$99 service call is credited toward repair after your approval.,,Independent insured technicians with 180-day labor and installed parts warranty.,,"Focused on cooling failures, airflow issues, and temperature recovery performance.",,sub-zero,not-cooling,https://my-appliance-repair.pro/subzero/,,,,,Enabled,Enabled,Enabled,,,RSA v3+ quality score boost
SZ_Search_BayArea_Hyper_ExactPhrase_2026_v3,Fridge Not Freezing,Responsive search ad,v3_qs_e,Fridge Not Freezing Fix,1,{KeyWord:Sub-Zero Repair},,Get Priority Scheduling,,No Work Without Approval,,Fast Bay Area Response,,Independent Service Team,,Insured Local Technicians,,$99 Fee Credited,,180-Day Labor Warranty,,180-Day Parts Warranty,,Clear On-Site Diagnosis,,High-Intent Repair Focus,,Emergency Availability,,Phone & Online Booking,,Sub-Zero Repair Experts,,Book same-day or next-day service. Fast phone or SMS confirmation in minutes.,,$99 service call is credited toward repair after your approval.,,Independent insured technicians with 180-day labor and installed parts warranty.,,Focused on freezing performance issues and stable low-temperature recovery.,,sub-zero,not-freezing,https://my-appliance-repair.pro/subzero/,,,,,Enabled,Enabled,Enabled,,,RSA v3+ quality score boost
SZ_Search_BayArea_Hyper_ExactPhrase_2026_v3,Fridge Not Working,Responsive search ad,v3_qs_e,Fridge Not Working Repair,1,{KeyWord:Sub-Zero Repair},,Get Priority Scheduling,,No Work Without Approval,,Fast Bay Area Response,,Independent Service Team,,Insured Local Technicians,,$99 Fee Credited,,180-Day Labor Warranty,,180-Day Parts Warranty,,Clear On-Site Diagnosis,,High-Intent Repair Focus,,Emergency Availability,,Phone & Online Booking,,Sub-Zero Repair Experts,,Book same-day or next-day service. Fast phone or SMS confirmation in minutes.,,$99 service call is credited toward repair after your approval.,,Independent insured technicians with 180-day labor and installed parts warranty.,,Focused on no-start and shutdown issues with root-cause diagnostics first.,,sub-zero,not-working,https://my-appliance-repair.pro/subzero/,,,,,Enabled,Enabled,Enabled,,,RSA v3+ quality score boost
SZ_Search_BayArea_Hyper_ExactPhrase_2026_v3,Fridge Leaking,Responsive search ad,v3_qs_e,Fridge Leak Repair,1,{KeyWord:Sub-Zero Repair},,Get Priority Scheduling,,No Work Without Approval,,Fast Bay Area Response,,Independent Service Team,,Insured Local Technicians,,$99 Fee Credited,,180-Day Labor Warranty,,180-Day Parts Warranty,,Clear On-Site Diagnosis,,High-Intent Repair Focus,,Emergency Availability,,Phone & Online Booking,,Sub-Zero Repair Experts,,Book same-day or next-day service. Fast phone or SMS confirmation in minutes.,,$99 service call is credited toward repair after your approval.,,Independent insured technicians with 180-day labor and installed parts warranty.,,Focused leak-source diagnostics to prevent repeat water damage and downtime.,,sub-zero,leak-repair,https://my-appliance-repair.pro/subzero/,,,,,Enabled,Enabled,Enabled,,,RSA v3+ quality score boost
SZ_Search_BayArea_Hyper_ExactPhrase_2026_v3,Fridge Warm,Responsive search ad,v3_qs_e,Fridge Repair Service,1,{KeyWord:Sub-Zero Repair},,Get Priority Scheduling,,No Work Without Approval,,Fast Bay Area Response,,Independent Service Team,,Insured Local Technicians,,$99 Fee Credited,,180-Day Labor Warranty,,180-Day Parts Warranty,,Clear On-Site Diagnosis,,High-Intent Repair Focus,,Emergency Availability,,Phone & Online Booking,,Sub-Zero Repair Experts,,Book same-day or next-day service. Fast phone or SMS confirmation in minutes.,,$99 service call is credited toward repair after your approval.,,Independent insured technicians with 180-day labor and installed parts warranty.,,"Short, clear process designed for high-intent leads and completed repairs.",,sub-zero,fridge,https://my-appliance-repair.pro/subzero/,,,,,Enabled,Enabled,Enabled,,,RSA v3+ quality score boost
SZ_Search_BayArea_Hyper_ExactPhrase_2026_v3,Refrigerator Repair,Responsive search ad,v3_qs_e,Refrigerator Repair Service,1,{KeyWord:Sub-Zero Repair},,Get Priority Scheduling,,No Work Without Approval,,Fast Bay Area Response,,Independent Service Team,,Insured Local Technicians,,$99 Fee Credited,,180-Day Labor Warranty,,180-Day Parts Warranty,,Clear On-Site Diagnosis,,High-Intent Repair Focus,,Emergency Availability,,Phone & Online Booking,,Sub-Zero Repair Experts,,Book same-day or next-day service. Fast phone or SMS confirmation in minutes.,,$99 service call is credited toward repair after your approval.,,Independent insured technicians with 180-day labor and installed parts warranty.,,"Short, clear process designed for high-intent leads and completed repairs.",,sub-zero,refrigerator,https://my-appliance-repair.pro/subzero/,,,,,Enabled,Enabled,Enabled,,,RSA v3+ quality score boost
SZ_Search_BayArea_Hyper_ExactPhrase_2026_v3,Refrigerator Service,Responsive search ad,v3_qs_e,Refrigerator Repair Service,1,{KeyWord:Sub-Zero Repair},,Get Priority Scheduling,,No Work Without Approval,,Fast Bay Area Response,,Independent Service Team,,Insured Local Technicians,,$99 Fee Credited,,180-Day Labor Warranty,,180-Day Parts Warranty,,Clear On-Site Diagnosis,,High-Intent Repair Focus,,Emergency Availability,,Phone & Online Booking,,Sub-Zero Repair Experts,,Book same-day or next-day service. Fast phone or SMS confirmation in minutes.,,$99 service call is credited toward repair after your approval.,,Independent insured technicians with 180-day labor and installed parts warranty.,,"Short, clear process designed for high-intent leads and completed repairs.",,sub-zero,refrigerator,https://my-appliance-repair.pro/subzero/,,,,,Enabled,Enabled,Enabled,,,RSA v3+ quality score boost
SZ_Search_BayArea_Hyper_ExactPhrase_2026_v3,Refrigerator Near Me,Responsive search ad,v3_qs_e,Refrigerator Repair Service,1,{KeyWord:Sub-Zero Repair},,Get Priority Scheduling,,No Work Without Approval,,Fast Bay Area Response,,Independent Service Team,,Insured Local Technicians,,$99 Fee Credited,,180-Day Labor Warranty,,180-Day Parts Warranty,,Clear On-Site Diagnosis,,High-Intent Repair Focus,,Emergency Availability,,Phone & Online Booking,,Sub-Zero Repair Experts,,Book same-day or next-day service. Fast phone or SMS confirmation in minutes.,,$99 service call is credited toward repair after your approval.,,Independent insured technicians with 180-day labor and installed parts warranty.,,"Short, clear process designed for high-intent leads and completed repairs.",,sub-zero,refrigerator,https://my-appliance-repair.pro/subzero/,,,,,Enabled,Enabled,Enabled,,,RSA v3+ quality score boost
SZ_Search_BayArea_Hyper_ExactPhrase_2026_v3,Refrigerator Same Day,Responsive search ad,v3_qs_e,Refrigerator Same-Day Repair,1,{KeyWord:Sub-Zero Repair},,Get Priority Scheduling,,No Work Without Approval,,Fast Bay Area Response,,Independent Service Team,,Insured Local Technicians,,$99 Fee Credited,,180-Day Labor Warranty,,180-Day Parts Warranty,,Clear On-Site Diagnosis,,High-Intent Repair Focus,,Emergency Availability,,Phone & Online Booking,,Sub-Zero Repair Experts,,Book same-day or next-day service. Fast phone or SMS confirmation in minutes.,,$99 service call is credited toward repair after your approval.,,Independent insured technicians with 180-day labor and installed parts warranty.,,Same-day scheduling focused on qualified repair requests and fast issue resolution.,,sub-zero,same-day,https://my-appliance-repair.pro/subzero/,,,,,Enabled,Enabled,Enabled,,,RSA v3+ quality score boost
SZ_Search_BayArea_Hyper_ExactPhrase_2026_v3,Refrigerator Technician,Responsive search ad,v3_qs_e,Refrigerator Repair Service,1,{KeyWord:Sub-Zero Repair},,Get Priority Scheduling,,No Work Without Approval,,Fast Bay Area Response,,Independent Service Team,,Insured Local Technicians,,$99 Fee Credited,,180-Day Labor Warranty,,180-Day Parts Warranty,,Clear On-Site Diagnosis,,High-Intent Repair Focus,,Emergency Availability,,Phone & Online Booking,,Sub-Zero Repair Experts,,Book same-day or next-day service. Fast phone or SMS confirmation in minutes.,,$99 service call is credited toward repair after your approval.,,Independent insured technicians with 180-day labor and installed parts warranty.,,"Short, clear process designed for high-intent leads and completed repairs.",,sub-zero,refrigerator,https://my-appliance-repair.pro/subzero/,,,,,Enabled,Enabled,Enabled,,,RSA v3+ quality score boost
SZ_Search_BayArea_Hyper_ExactPhrase_2026_v3,Refrigerator Not Cooling,Responsive search ad,v3_qs_e,Refrigerator Not Cooling Fix,1,{KeyWord:Sub-Zero Repair},,Get Priority Scheduling,,No Work Without Approval,,Fast Bay Area Response,,Independent Service Team,,Insured Local Technicians,,$99 Fee Credited,,180-Day Labor Warranty,,180-Day Parts Warranty,,Clear On-Site Diagnosis,,High-Intent Repair Focus,,Emergency Availability,,Phone & Online Booking,,Sub-Zero Repair Experts,,Book same-day or next-day service. Fast phone or SMS confirmation in minutes.,,$99 service call is credited toward repair after your approval.,,Independent insured technicians with 180-day labor and installed parts warranty.,,"Focused on cooling failures, airflow issues, and temperature recovery performance.",,sub-zero,not-cooling,https://my-appliance-repair.pro/subzero/,,,,,Enabled,Enabled,Enabled,,,RSA v3+ quality score boost
SZ_Search_BayArea_Hyper_ExactPhrase_2026_v3,Refrigerator Not Freezing,Responsive search ad,v3_qs_e,Refrigerator Not Freezing Fix,1,{KeyWord:Sub-Zero Repair},,Get Priority Scheduling,,No Work Without Approval,,Fast Bay Area Response,,Independent Service Team,,Insured Local Technicians,,$99 Fee Credited,,180-Day Labor Warranty,,180-Day Parts Warranty,,Clear On-Site Diagnosis,,High-Intent Repair Focus,,Emergency Availability,,Phone & Online Booking,,Sub-Zero Repair Experts,,Book same-day or next-day service. Fast phone or SMS confirmation in minutes.,,$99 service call is credited toward repair after your approval.,,Independent insured technicians with 180-day labor and installed parts warranty.,,Focused on freezing performance issues and stable low-temperature recovery.,,sub-zero,not-freezing,https://my-appliance-repair.pro/subzero/,,,,,Enabled,Enabled,Enabled,,,RSA v3+ quality score boost
SZ_Search_BayArea_Hyper_ExactPhrase_2026_v3,Refrigerator Not Working,Responsive search ad,v3_qs_e,Refrigerator Not Working Repai,1,{KeyWord:Sub-Zero Repair},,Get Priority Scheduling,,No Work Without Approval,,Fast Bay Area Response,,Independent Service Team,,Insured Local Technicians,,$99 Fee Credited,,180-Day Labor Warranty,,180-Day Parts Warranty,,Clear On-Site Diagnosis,,High-Intent Repair Focus,,Emergency Availability,,Phone & Online Booking,,Sub-Zero Repair Experts,,Book same-day or next-day service. Fast phone or SMS confirmation in minutes.,,$99 service call is credited toward repair after your approval.,,Independent insured technicians with 180-day labor and installed parts warranty.,,Focused on no-start and shutdown issues with root-cause diagnostics first.,,sub-zero,not-working,https://my-appliance-repair.pro/subzero/,,,,,Enabled,Enabled,Enabled,,,RSA v3+ quality score boost
SZ_Search_BayArea_Hyper_ExactPhrase_2026_v3,Refrigerator Leaking,Responsive search ad,v3_qs_e,Refrigerator Leak Repair,1,{KeyWord:Sub-Zero Repair},,Get Priority Scheduling,,No Work Without Approval,,Fast Bay Area Response,,Independent Service Team,,Insured Local Technicians,,$99 Fee Credited,,180-Day Labor Warranty,,180-Day Parts Warranty,,Clear On-Site Diagnosis,,High-Intent Repair Focus,,Emergency Availability,,Phone & Online Booking,,Sub-Zero Repair Experts,,Book same-day or next-day service. Fast phone or SMS confirmation in minutes.,,$99 service call is credited toward repair after your approval.,,Independent insured technicians with 180-day labor and installed parts warranty.,,Focused leak-source diagnostics to prevent repeat water damage and downtime.,,sub-zero,leak-repair,https://my-appliance-repair.pro/subzero/,,,,,Enabled,Enabled,Enabled,,,RSA v3+ quality score boost
SZ_Search_BayArea_Hyper_ExactPhrase_2026_v3,Refrigerator Warm,Responsive search ad,v3_qs_e,Refrigerator Repair Service,1,{KeyWord:Sub-Zero Repair},,Get Priority Scheduling,,No Work Without Approval,,Fast Bay Area Response,,Independent Service Team,,Insured Local Technicians,,$99 Fee Credited,,180-Day Labor Warranty,,180-Day Parts Warranty,,Clear On-Site Diagnosis,,High-Intent Repair Focus,,Emergency Availability,,Phone & Online Booking,,Sub-Zero Repair Experts,,Book same-day or next-day service. Fast phone or SMS confirmation in minutes.,,$99 service call is credited toward repair after your approval.,,Independent insured technicians with 180-day labor and installed parts warranty.,,"Short, clear process designed for high-intent leads and completed repairs.",,sub-zero,refrigerator,https://my-appliance-repair.pro/subzero/,,,,,Enabled,Enabled,Enabled,,,RSA v3+ quality score boost
SZ_Search_BayArea_Hyper_ExactPhrase_2026_v3,Refrigerator Error Code,Responsive search ad,v3_qs_e,Refrigerator Error Code Repair,1,{KeyWord:Sub-Zero Repair},,Get Priority Scheduling,,No Work Without Approval,,Fast Bay Area Response,,Independent Service Team,,Insured Local Technicians,,$99 Fee Credited,,180-Day Labor Warranty,,180-Day Parts Warranty,,Clear On-Site Diagnosis,,High-Intent Repair Focus,,Emergency Availability,,Phone & Online Booking,,Sub-Zero Repair Experts,,Book same-day or next-day service. Fast phone or SMS confirmation in minutes.,,$99 service call is credited toward repair after your approval.,,Independent insured technicians with 180-day labor and installed parts warranty.,,Focused fault-code diagnostics with a clear repair path after verification.,,sub-zero,error-code,https://my-appliance-repair.pro/subzero/,,,,,Enabled,Enabled,Enabled,,,RSA v3+ quality score boost
SZ_Search_BayArea_Hyper_ExactPhrase_2026_v3,Core Brand Repair,Responsive search ad,v3_qs_e,Sub-Zero Repair Service,1,{KeyWord:Sub-Zero Repair},,Get Priority Scheduling,,No Work Without Approval,,Fast Bay Area Response,,Independent Service Team,,Insured Local Technicians,,$99 Fee Credited,,180-Day Labor Warranty,,180-Day Parts Warranty,,Clear On-Site Diagnosis,,High-Intent Repair Focus,,Emergency Availability,,Phone & Online Booking,,Sub-Zero Repair Experts,,Book same-day or next-day service. Fast phone or SMS confirmation in minutes.,,$99 service call is credited toward repair after your approval.,,Independent insured technicians with 180-day labor and installed parts warranty.,,"Short, clear process designed for high-intent leads and completed repairs.",,sub-zero,repair,https://my-appliance-repair.pro/subzero/,,,,,Enabled,Enabled,Enabled,,,RSA v3+ quality score boost
SZ_Search_BayArea_Hyper_ExactPhrase_2026_v3,Core Brand Service,Responsive search ad,v3_qs_e,Sub-Zero Repair Service,1,{KeyWord:Sub-Zero Repair},,Get Priority Scheduling,,No Work Without Approval,,Fast Bay Area Response,,Independent Service Team,,Insured Local Technicians,,$99 Fee Credited,,180-Day Labor Warranty,,180-Day Parts Warranty,,Clear On-Site Diagnosis,,High-Intent Repair Focus,,Emergency Availability,,Phone & Online Booking,,Sub-Zero Repair Experts,,Book same-day or next-day service. Fast phone or SMS confirmation in minutes.,,$99 service call is credited toward repair after your approval.,,Independent insured technicians with 180-day labor and installed parts warranty.,,"Short, clear process designed for high-intent leads and completed repairs.",,sub-zero,repair,https://my-appliance-repair.pro/subzero/,,,,,Enabled,Enabled,Enabled,,,RSA v3+ quality score boost
SZ_Search_BayArea_Hyper_ExactPhrase_2026_v3,Core Near Me,Responsive search ad,v3_qs_e,Sub-Zero Repair Service,1,{KeyWord:Sub-Zero Repair},,Get Priority Scheduling,,No Work Without Approval,,Fast Bay Area Response,,Independent Service Team,,Insured Local Technicians,,$99 Fee Credited,,180-Day Labor Warranty,,180-Day Parts Warranty,,Clear On-Site Diagnosis,,High-Intent Repair Focus,,Emergency Availability,,Phone & Online Booking,,Sub-Zero Repair Experts,,Book same-day or next-day service. Fast phone or SMS confirmation in minutes.,,$99 service call is credited toward repair after your approval.,,Independent insured technicians with 180-day labor and installed parts warranty.,,"Short, clear process designed for high-intent leads and completed repairs.",,sub-zero,repair,https://my-appliance-repair.pro/subzero/,,,,,Enabled,Enabled,Enabled,,,RSA v3+ quality score boost
SZ_Search_BayArea_Hyper_ExactPhrase_2026_v3,Core Same Day,Responsive search ad,v3_qs_e,Sub-Zero Same-Day Repair,1,{KeyWord:Sub-Zero Repair},,Get Priority Scheduling,,No Work Without Approval,,Fast Bay Area Response,,Independent Service Team,,Insured Local Technicians,,$99 Fee Credited,,180-Day Labor Warranty,,180-Day Parts Warranty,,Clear On-Site Diagnosis,,High-Intent Repair Focus,,Emergency Availability,,Phone & Online Booking,,Sub-Zero Repair Experts,,Book same-day or next-day service. Fast phone or SMS confirmation in minutes.,,$99 service call is credited toward repair after your approval.,,Independent insured technicians with 180-day labor and installed parts warranty.,,Same-day scheduling focused on qualified repair requests and fast issue resolution.,,sub-zero,same-day,https://my-appliance-repair.pro/subzero/,,,,,Enabled,Enabled,Enabled,,,RSA v3+ quality score boost
SZ_Search_BayArea_Hyper_ExactPhrase_2026_v3,Core Emergency,Responsive search ad,v3_qs_e,Sub-Zero Emergency Repair,1,{KeyWord:Sub-Zero Repair},,Get Priority Scheduling,,No Work Without Approval,,Fast Bay Area Response,,Independent Service Team,,Insured Local Technicians,,$99 Fee Credited,,180-Day Labor Warranty,,180-Day Parts Warranty,,Clear On-Site Diagnosis,,High-Intent Repair Focus,,Emergency Availability,,Phone & Online Booking,,Sub-Zero Repair Experts,,Book same-day or next-day service. Fast phone or SMS confirmation in minutes.,,$99 service call is credited toward repair after your approval.,,Independent insured technicians with 180-day labor and installed parts warranty.,,Priority response for urgent failures with clear diagnosis and approval-first workflow.,,sub-zero,emergency,https://my-appliance-repair.pro/subzero/,,,,,Enabled,Enabled,Enabled,,,RSA v3+ quality score boost
SZ_Search_BayArea_Hyper_ExactPhrase_2026_v3,Core Technician,Responsive search ad,v3_qs_e,Sub-Zero Repair Service,1,{KeyWord:Sub-Zero Repair},,Get Priority Scheduling,,No Work Without Approval,,Fast Bay Area Response,,Independent Service Team,,Insured Local Technicians,,$99 Fee Credited,,180-Day Labor Warranty,,180-Day Parts Warranty,,Clear On-Site Diagnosis,,High-Intent Repair Focus,,Emergency Availability,,Phone & Online Booking,,Sub-Zero Repair Experts,,Book same-day or next-day service. Fast phone or SMS confirmation in minutes.,,$99 service call is credited toward repair after your approval.,,Independent insured technicians with 180-day labor and installed parts warranty.,,"Short, clear process designed for high-intent leads and completed repairs.",,sub-zero,repair,https://my-appliance-repair.pro/subzero/,,,,,Enabled,Enabled,Enabled,,,RSA v3+ quality score boost
SZ_Search_BayArea_Hyper_ExactPhrase_2026_v3,Core Repairman,Responsive search ad,v3_qs_e,Sub-Zero Repair Service,1,{KeyWord:Sub-Zero Repair},,Get Priority Scheduling,,No Work Without Approval,,Fast Bay Area Response,,Independent Service Team,,Insured Local Technicians,,$99 Fee Credited,,180-Day Labor Warranty,,180-Day Parts Warranty,,Clear On-Site Diagnosis,,High-Intent Repair Focus,,Emergency Availability,,Phone & Online Booking,,Sub-Zero Repair Experts,,Book same-day or next-day service. Fast phone or SMS confirmation in minutes.,,$99 service call is credited toward repair after your approval.,,Independent insured technicians with 180-day labor and installed parts warranty.,,"Short, clear process designed for high-intent leads and completed repairs.",,sub-zero,repair,https://my-appliance-repair.pro/subzero/,,,,,Enabled,Enabled,Enabled,,,RSA v3+ quality score boost
SZ_Search_BayArea_Hyper_ExactPhrase_2026_v3,Core Mechanic,Responsive search ad,v3_qs_e,Sub-Zero Repair Service,1,{KeyWord:Sub-Zero Repair},,Get Priority Scheduling,,No Work Without Approval,,Fast Bay Area Response,,Independent Service Team,,Insured Local Technicians,,$99 Fee Credited,,180-Day Labor Warranty,,180-Day Parts Warranty,,Clear On-Site Diagnosis,,High-Intent Repair Focus,,Emergency Availability,,Phone & Online Booking,,Sub-Zero Repair Experts,,Book same-day or next-day service. Fast phone or SMS confirmation in minutes.,,$99 service call is credited toward repair after your approval.,,Independent insured technicians with 180-day labor and installed parts warranty.,,"Short, clear process designed for high-intent leads and completed repairs.",,sub-zero,repair,https://my-appliance-repair.pro/subzero/,,,,,Enabled,Enabled,Enabled,,,RSA v3+ quality score boost
SZ_Search_BayArea_Hyper_ExactPhrase_2026_v3,Core Specialist,Responsive search ad,v3_qs_e,Sub-Zero Repair Service,1,{KeyWord:Sub-Zero Repair},,Get Priority Scheduling,,No Work Without Approval,,Fast Bay Area Response,,Independent Service Team,,Insured Local Technicians,,$99 Fee Credited,,180-Day Labor Warranty,,180-Day Parts Warranty,,Clear On-Site Diagnosis,,High-Intent Repair Focus,,Emergency Availability,,Phone & Online Booking,,Sub-Zero Repair Experts,,Book same-day or next-day service. Fast phone or SMS confirmation in minutes.,,$99 service call is credited toward repair after your approval.,,Independent insured technicians with 180-day labor and installed parts warranty.,,"Short, clear process designed for high-intent leads and completed repairs.",,sub-zero,repair,https://my-appliance-repair.pro/subzero/,,,,,Enabled,Enabled,Enabled,,,RSA v3+ quality score boost
SZ_Search_BayArea_Hyper_ExactPhrase_2026_v3,Core Not Cooling,Responsive search ad,v3_qs_e,Sub-Zero Not Cooling Fix,1,{KeyWord:Sub-Zero Repair},,Get Priority Scheduling,,No Work Without Approval,,Fast Bay Area Response,,Independent Service Team,,Insured Local Technicians,,$99 Fee Credited,,180-Day Labor Warranty,,180-Day Parts Warranty,,Clear On-Site Diagnosis,,High-Intent Repair Focus,,Emergency Availability,,Phone & Online Booking,,Sub-Zero Repair Experts,,Book same-day or next-day service. Fast phone or SMS confirmation in minutes.,,$99 service call is credited toward repair after your approval.,,Independent insured technicians with 180-day labor and installed parts warranty.,,"Focused on cooling failures, airflow issues, and temperature recovery performance.",,sub-zero,not-cooling,https://my-appliance-repair.pro/subzero/,,,,,Enabled,Enabled,Enabled,,,RSA v3+ quality score boost
SZ_Search_BayArea_Hyper_ExactPhrase_2026_v3,Core Not Freezing,Responsive search ad,v3_qs_e,Sub-Zero Not Freezing Fix,1,{KeyWord:Sub-Zero Repair},,Get Priority Scheduling,,No Work Without Approval,,Fast Bay Area Response,,Independent Service Team,,Insured Local Technicians,,$99 Fee Credited,,180-Day Labor Warranty,,180-Day Parts Warranty,,Clear On-Site Diagnosis,,High-Intent Repair Focus,,Emergency Availability,,Phone & Online Booking,,Sub-Zero Repair Experts,,Book same-day or next-day service. Fast phone or SMS confirmation in minutes.,,$99 service call is credited toward repair after your approval.,,Independent insured technicians with 180-day labor and installed parts warranty.,,Focused on freezing performance issues and stable low-temperature recovery.,,sub-zero,not-freezing,https://my-appliance-repair.pro/subzero/,,,,,Enabled,Enabled,Enabled,,,RSA v3+ quality score boost
SZ_Search_BayArea_Hyper_ExactPhrase_2026_v3,Core Not Working,Responsive search ad,v3_qs_e,Sub-Zero Not Working Repair,1,{KeyWord:Sub-Zero Repair},,Get Priority Scheduling,,No Work Without Approval,,Fast Bay Area Response,,Independent Service Team,,Insured Local Technicians,,$99 Fee Credited,,180-Day Labor Warranty,,180-Day Parts Warranty,,Clear On-Site Diagnosis,,High-Intent Repair Focus,,Emergency Availability,,Phone & Online Booking,,Sub-Zero Repair Experts,,Book same-day or next-day service. Fast phone or SMS confirmation in minutes.,,$99 service call is credited toward repair after your approval.,,Independent insured technicians with 180-day labor and installed parts warranty.,,Focused on no-start and shutdown issues with root-cause diagnostics first.,,sub-zero,not-working,https://my-appliance-repair.pro/subzero/,,,,,Enabled,Enabled,Enabled,,,RSA v3+ quality score boost
SZ_Search_BayArea_Hyper_ExactPhrase_2026_v3,Core Leaking,Responsive search ad,v3_qs_e,Sub-Zero Leak Repair,1,{KeyWord:Sub-Zero Repair},,Get Priority Scheduling,,No Work Without Approval,,Fast Bay Area Response,,Independent Service Team,,Insured Local Technicians,,$99 Fee Credited,,180-Day Labor Warranty,,180-Day Parts Warranty,,Clear On-Site Diagnosis,,High-Intent Repair Focus,,Emergency Availability,,Phone & Online Booking,,Sub-Zero Repair Experts,,Book same-day or next-day service. Fast phone or SMS confirmation in minutes.,,$99 service call is credited toward repair after your approval.,,Independent insured technicians with 180-day labor and installed parts warranty.,,Focused leak-source diagnostics to prevent repeat water damage and downtime.,,sub-zero,leak-repair,https://my-appliance-repair.pro/subzero/,,,,,Enabled,Enabled,Enabled,,,RSA v3+ quality score boost
SZ_Search_BayArea_Hyper_ExactPhrase_2026_v3,Core Warm,Responsive search ad,v3_qs_e,Sub-Zero Repair Service,1,{KeyWord:Sub-Zero Repair},,Get Priority Scheduling,,No Work Without Approval,,Fast Bay Area Response,,Independent Service Team,,Insured Local Technicians,,$99 Fee Credited,,180-Day Labor Warranty,,180-Day Parts Warranty,,Clear On-Site Diagnosis,,High-Intent Repair Focus,,Emergency Availability,,Phone & Online Booking,,Sub-Zero Repair Experts,,Book same-day or next-day service. Fast phone or SMS confirmation in minutes.,,$99 service call is credited toward repair after your approval.,,Independent insured technicians with 180-day labor and installed parts warranty.,,"Short, clear process designed for high-intent leads and completed repairs.",,sub-zero,repair,https://my-appliance-repair.pro/subzero/,,,,,Enabled,Enabled,Enabled,,,RSA v3+ quality score boost
SZ_Search_BayArea_Hyper_ExactPhrase_2026_v3,Core Beeping Noise,Responsive search ad,v3_qs_e,Sub-Zero Repair Service,1,{KeyWord:Sub-Zero Repair},,Get Priority Scheduling,,No Work Without Approval,,Fast Bay Area Response,,Independent Service Team,,Insured Local Technicians,,$99 Fee Credited,,180-Day Labor Warranty,,180-Day Parts Warranty,,Clear On-Site Diagnosis,,High-Intent Repair Focus,,Emergency Availability,,Phone & Online Booking,,Sub-Zero Repair Experts,,Book same-day or next-day service. Fast phone or SMS confirmation in minutes.,,$99 service call is credited toward repair after your approval.,,Independent insured technicians with 180-day labor and installed parts warranty.,,"Short, clear process designed for high-intent leads and completed repairs.",,sub-zero,beeping,https://my-appliance-repair.pro/subzero/,,,,,Enabled,Enabled,Enabled,,,RSA v3+ quality score boost
SZ_Search_BayArea_Hyper_ExactPhrase_2026_v3,Core Error Code,Responsive search ad,v3_qs_e,Sub-Zero Error Code Repair,1,{KeyWord:Sub-Zero Repair},,Get Priority Scheduling,,No Work Without Approval,,Fast Bay Area Response,,Independent Service Team,,Insured Local Technicians,,$99 Fee Credited,,180-Day Labor Warranty,,180-Day Parts Warranty,,Clear On-Site Diagnosis,,High-Intent Repair Focus,,Emergency Availability,,Phone & Online Booking,,Sub-Zero Repair Experts,,Book same-day or next-day service. Fast phone or SMS confirmation in minutes.,,$99 service call is credited toward repair after your approval.,,Independent insured technicians with 180-day labor and installed parts warranty.,,Focused fault-code diagnostics with a clear repair path after verification.,,sub-zero,error-code,https://my-appliance-repair.pro/subzero/,,,,,Enabled,Enabled,Enabled,,,RSA v3+ quality score boost
SZ_Search_BayArea_Hyper_ExactPhrase_2026_v3,Geo Berkeley Repair,Responsive search ad,v3_qs_a,Sub-Zero Repair Berkeley,1,{KeyWord:Sub-Zero Repair},,Book Service Today,,No Work Without Approval,,Fast Bay Area Response,,Independent Service Team,,Insured Local Technicians,,$99 Fee Credited,,180-Day Labor Warranty,,180-Day Parts Warranty,,Clear On-Site Diagnosis,,High-Intent Repair Focus,,Emergency Availability,,Phone & Online Booking,,Sub-Zero Repair Experts,,Book same-day or next-day service. Fast phone or SMS confirmation in minutes.,,$99 service call is credited toward repair after your approval.,,Independent insured technicians with 180-day labor and installed parts warranty.,,Local Bay Area coverage with fast booking and reliable communication.,,sub-zero,berkeley,https://my-appliance-repair.pro/subzero/,,,,,Enabled,Enabled,Enabled,,,RSA v3+ quality score boost
SZ_Search_BayArea_Hyper_ExactPhrase_2026_v3,Geo Berkeley Repair,Responsive search ad,v3_qs_b,Sub-Zero Repair Berkeley,1,{KeyWord:Sub-Zero Repair},,Call Now For Fast Help,,No Work Without Approval,,Fast Bay Area Response,,Independent Service Team,,Insured Local Technicians,,$99 Fee Credited,,180-Day Labor Warranty,,180-Day Parts Warranty,,Clear On-Site Diagnosis,,High-Intent Repair Focus,,Emergency Availability,,Phone & Online Booking,,Sub-Zero Repair Experts,,$99 service call is credited toward repair after your approval.,,Independent insured technicians with 180-day labor and installed parts warranty.,,Local Bay Area coverage with fast booking and reliable communication.,,Book same-day or next-day service. Fast phone or SMS confirmation in minutes.,,sub-zero,berkeley,https://my-appliance-repair.pro/subzero/,,,,,Enabled,Enabled,Enabled,,,RSA v3+ quality score boost
SZ_Search_BayArea_Hyper_ExactPhrase_2026_v3,Geo Berkeley Repair,Responsive search ad,v3_qs_c,Sub-Zero Repair Berkeley,1,{KeyWord:Sub-Zero Repair},,Same-Day Slots Open,,No Work Without Approval,,Fast Bay Area Response,,Independent Service Team,,Insured Local Technicians,,$99 Fee Credited,,180-Day Labor Warranty,,180-Day Parts Warranty,,Clear On-Site Diagnosis,,High-Intent Repair Focus,,Emergency Availability,,Phone & Online Booking,,Sub-Zero Repair Experts,,Independent insured technicians with 180-day labor and installed parts warranty.,,Local Bay Area coverage with fast booking and reliable communication.,,Book same-day or next-day service. Fast phone or SMS confirmation in minutes.,,$99 service call is credited toward repair after your approval.,,sub-zero,berkeley,https://my-appliance-repair.pro/subzero/,,,,,Enabled,Enabled,Enabled,,,RSA v3+ quality score boost
SZ_Search_BayArea_Hyper_ExactPhrase_2026_v3,Geo Berkeley Repair,Responsive search ad,v3_qs_d,Sub-Zero Repair Berkeley,1,{KeyWord:Sub-Zero Repair},,Clear Diagnosis First,,No Work Without Approval,,Fast Bay Area Response,,Independent Service Team,,Insured Local Technicians,,$99 Fee Credited,,180-Day Labor Warranty,,180-Day Parts Warranty,,Clear On-Site Diagnosis,,High-Intent Repair Focus,,Emergency Availability,,Phone & Online Booking,,Sub-Zero Repair Experts,,Local Bay Area coverage with fast booking and reliable communication.,,Book same-day or next-day service. Fast phone or SMS confirmation in minutes.,,$99 service call is credited toward repair after your approval.,,Independent insured technicians with 180-day labor and installed parts warranty.,,sub-zero,berkeley,https://my-appliance-repair.pro/subzero/,,,,,Enabled,Enabled,Enabled,,,RSA v3+ quality score boost
SZ_Search_BayArea_Hyper_ExactPhrase_2026_v3,Geo Berkeley Repair,Responsive search ad,v3_qs_e,Sub-Zero Repair Berkeley,1,{KeyWord:Sub-Zero Repair},,Get Priority Scheduling,,No Work Without Approval,,Fast Bay Area Response,,Independent Service Team,,Insured Local Technicians,,$99 Fee Credited,,180-Day Labor Warranty,,180-Day Parts Warranty,,Clear On-Site Diagnosis,,High-Intent Repair Focus,,Emergency Availability,,Phone & Online Booking,,Sub-Zero Repair Experts,,Book same-day or next-day service. Fast phone or SMS confirmation in minutes.,,$99 service call is credited toward repair after your approval.,,Independent insured technicians with 180-day labor and installed parts warranty.,,Local Bay Area coverage with fast booking and reliable communication.,,sub-zero,berkeley,https://my-appliance-repair.pro/subzero/,,,,,Enabled,Enabled,Enabled,,,RSA v3+ quality score boost
SZ_Search_BayArea_Hyper_ExactPhrase_2026_v3,Geo Cupertino Repair,Responsive search ad,v3_qs_a,Sub-Zero Repair Cupertino,1,{KeyWord:Sub-Zero Repair},,Book Service Today,,No Work Without Approval,,Fast Bay Area Response,,Independent Service Team,,Insured Local Technicians,,$99 Fee Credited,,180-Day Labor Warranty,,180-Day Parts Warranty,,Clear On-Site Diagnosis,,High-Intent Repair Focus,,Emergency Availability,,Phone & Online Booking,,Sub-Zero Repair Experts,,Book same-day or next-day service. Fast phone or SMS confirmation in minutes.,,$99 service call is credited toward repair after your approval.,,Independent insured technicians with 180-day labor and installed parts warranty.,,Local Bay Area coverage with fast booking and reliable communication.,,sub-zero,cupertino,https://my-appliance-repair.pro/subzero/,,,,,Enabled,Enabled,Enabled,,,RSA v3+ quality score boost
SZ_Search_BayArea_Hyper_ExactPhrase_2026_v3,Geo Cupertino Repair,Responsive search ad,v3_qs_b,Sub-Zero Repair Cupertino,1,{KeyWord:Sub-Zero Repair},,Call Now For Fast Help,,No Work Without Approval,,Fast Bay Area Response,,Independent Service Team,,Insured Local Technicians,,$99 Fee Credited,,180-Day Labor Warranty,,180-Day Parts Warranty,,Clear On-Site Diagnosis,,High-Intent Repair Focus,,Emergency Availability,,Phone & Online Booking,,Sub-Zero Repair Experts,,$99 service call is credited toward repair after your approval.,,Independent insured technicians with 180-day labor and installed parts warranty.,,Local Bay Area coverage with fast booking and reliable communication.,,Book same-day or next-day service. Fast phone or SMS confirmation in minutes.,,sub-zero,cupertino,https://my-appliance-repair.pro/subzero/,,,,,Enabled,Enabled,Enabled,,,RSA v3+ quality score boost
SZ_Search_BayArea_Hyper_ExactPhrase_2026_v3,Geo Cupertino Repair,Responsive search ad,v3_qs_c,Sub-Zero Repair Cupertino,1,{KeyWord:Sub-Zero Repair},,Same-Day Slots Open,,No Work Without Approval,,Fast Bay Area Response,,Independent Service Team,,Insured Local Technicians,,$99 Fee Credited,,180-Day Labor Warranty,,180-Day Parts Warranty,,Clear On-Site Diagnosis,,High-Intent Repair Focus,,Emergency Availability,,Phone & Online Booking,,Sub-Zero Repair Experts,,Independent insured technicians with 180-day labor and installed parts warranty.,,Local Bay Area coverage with fast booking and reliable communication.,,Book same-day or next-day service. Fast phone or SMS confirmation in minutes.,,$99 service call is credited toward repair after your approval.,,sub-zero,cupertino,https://my-appliance-repair.pro/subzero/,,,,,Enabled,Enabled,Enabled,,,RSA v3+ quality score boost
SZ_Search_BayArea_Hyper_ExactPhrase_2026_v3,Geo Cupertino Repair,Responsive search ad,v3_qs_d,Sub-Zero Repair Cupertino,1,{KeyWord:Sub-Zero Repair},,Clear Diagnosis First,,No Work Without Approval,,Fast Bay Area Response,,Independent Service Team,,Insured Local Technicians,,$99 Fee Credited,,180-Day Labor Warranty,,180-Day Parts Warranty,,Clear On-Site Diagnosis,,High-Intent Repair Focus,,Emergency Availability,,Phone & Online Booking,,Sub-Zero Repair Experts,,Local Bay Area coverage with fast booking and reliable communication.,,Book same-day or next-day service. Fast phone or SMS confirmation in minutes.,,$99 service call is credited toward repair after your approval.,,Independent insured technicians with 180-day labor and installed parts warranty.,,sub-zero,cupertino,https://my-appliance-repair.pro/subzero/,,,,,Enabled,Enabled,Enabled,,,RSA v3+ quality score boost
SZ_Search_BayArea_Hyper_ExactPhrase_2026_v3,Geo Cupertino Repair,Responsive search ad,v3_qs_e,Sub-Zero Repair Cupertino,1,{KeyWord:Sub-Zero Repair},,Get Priority Scheduling,,No Work Without Approval,,Fast Bay Area Response,,Independent Service Team,,Insured Local Technicians,,$99 Fee Credited,,180-Day Labor Warranty,,180-Day Parts Warranty,,Clear On-Site Diagnosis,,High-Intent Repair Focus,,Emergency Availability,,Phone & Online Booking,,Sub-Zero Repair Experts,,Book same-day or next-day service. Fast phone or SMS confirmation in minutes.,,$99 service call is credited toward repair after your approval.,,Independent insured technicians with 180-day labor and installed parts warranty.,,Local Bay Area coverage with fast booking and reliable communication.,,sub-zero,cupertino,https://my-appliance-repair.pro/subzero/,,,,,Enabled,Enabled,Enabled,,,RSA v3+ quality score boost
SZ_Search_BayArea_Hyper_ExactPhrase_2026_v3,Geo Daly City Repair,Responsive search ad,v3_qs_a,Sub-Zero Repair Daly City,1,{KeyWord:Sub-Zero Repair},,Book Service Today,,No Work Without Approval,,Fast Bay Area Response,,Independent Service Team,,Insured Local Technicians,,$99 Fee Credited,,180-Day Labor Warranty,,180-Day Parts Warranty,,Clear On-Site Diagnosis,,High-Intent Repair Focus,,Emergency Availability,,Phone & Online Booking,,Sub-Zero Repair Experts,,Book same-day or next-day service. Fast phone or SMS confirmation in minutes.,,$99 service call is credited toward repair after your approval.,,Independent insured technicians with 180-day labor and installed parts warranty.,,Local Bay Area coverage with fast booking and reliable communication.,,sub-zero,daly-city,https://my-appliance-repair.pro/subzero/,,,,,Enabled,Enabled,Enabled,,,RSA v3+ quality score boost
SZ_Search_BayArea_Hyper_ExactPhrase_2026_v3,Geo Daly City Repair,Responsive search ad,v3_qs_b,Sub-Zero Repair Daly City,1,{KeyWord:Sub-Zero Repair},,Call Now For Fast Help,,No Work Without Approval,,Fast Bay Area Response,,Independent Service Team,,Insured Local Technicians,,$99 Fee Credited,,180-Day Labor Warranty,,180-Day Parts Warranty,,Clear On-Site Diagnosis,,High-Intent Repair Focus,,Emergency Availability,,Phone & Online Booking,,Sub-Zero Repair Experts,,$99 service call is credited toward repair after your approval.,,Independent insured technicians with 180-day labor and installed parts warranty.,,Local Bay Area coverage with fast booking and reliable communication.,,Book same-day or next-day service. Fast phone or SMS confirmation in minutes.,,sub-zero,daly-city,https://my-appliance-repair.pro/subzero/,,,,,Enabled,Enabled,Enabled,,,RSA v3+ quality score boost
SZ_Search_BayArea_Hyper_ExactPhrase_2026_v3,Geo Daly City Repair,Responsive search ad,v3_qs_c,Sub-Zero Repair Daly City,1,{KeyWord:Sub-Zero Repair},,Same-Day Slots Open,,No Work Without Approval,,Fast Bay Area Response,,Independent Service Team,,Insured Local Technicians,,$99 Fee Credited,,180-Day Labor Warranty,,180-Day Parts Warranty,,Clear On-Site Diagnosis,,High-Intent Repair Focus,,Emergency Availability,,Phone & Online Booking,,Sub-Zero Repair Experts,,Independent insured technicians with 180-day labor and installed parts warranty.,,Local Bay Area coverage with fast booking and reliable communication.,,Book same-day or next-day service. Fast phone or SMS confirmation in minutes.,,$99 service call is credited toward repair after your approval.,,sub-zero,daly-city,https://my-appliance-repair.pro/subzero/,,,,,Enabled,Enabled,Enabled,,,RSA v3+ quality score boost
SZ_Search_BayArea_Hyper_ExactPhrase_2026_v3,Geo Daly City Repair,Responsive search ad,v3_qs_d,Sub-Zero Repair Daly City,1,{KeyWord:Sub-Zero Repair},,Clear Diagnosis First,,No Work Without Approval,,Fast Bay Area Response,,Independent Service Team,,Insured Local Technicians,,$99 Fee Credited,,180-Day Labor Warranty,,180-Day Parts Warranty,,Clear On-Site Diagnosis,,High-Intent Repair Focus,,Emergency Availability,,Phone & Online Booking,,Sub-Zero Repair Experts,,Local Bay Area coverage with fast booking and reliable communication.,,Book same-day or next-day service. Fast phone or SMS confirmation in minutes.,,$99 service call is credited toward repair after your approval.,,Independent insured technicians with 180-day labor and installed parts warranty.,,sub-zero,daly-city,https://my-appliance-repair.pro/subzero/,,,,,Enabled,Enabled,Enabled,,,RSA v3+ quality score boost
SZ_Search_BayArea_Hyper_ExactPhrase_2026_v3,Geo Daly City Repair,Responsive search ad,v3_qs_e,Sub-Zero Repair Daly City,1,{KeyWord:Sub-Zero Repair},,Get Priority Scheduling,,No Work Without Approval,,Fast Bay Area Response,,Independent Service Team,,Insured Local Technicians,,$99 Fee Credited,,180-Day Labor Warranty,,180-Day Parts Warranty,,Clear On-Site Diagnosis,,High-Intent Repair Focus,,Emergency Availability,,Phone & Online Booking,,Sub-Zero Repair Experts,,Book same-day or next-day service. Fast phone or SMS confirmation in minutes.,,$99 service call is credited toward repair after your approval.,,Independent insured technicians with 180-day labor and installed parts warranty.,,Local Bay Area coverage with fast booking and reliable communication.,,sub-zero,daly-city,https://my-appliance-repair.pro/subzero/,,,,,Enabled,Enabled,Enabled,,,RSA v3+ quality score boost
SZ_Search_BayArea_Hyper_ExactPhrase_2026_v3,Geo Walnut Creek Repair,Responsive search ad,v3_qs_a,Sub-Zero Repair Walnut Creek,1,{KeyWord:Sub-Zero Repair},,Book Service Today,,No Work Without Approval,,Fast Bay Area Response,,Independent Service Team,,Insured Local Technicians,,$99 Fee Credited,,180-Day Labor Warranty,,180-Day Parts Warranty,,Clear On-Site Diagnosis,,High-Intent Repair Focus,,Emergency Availability,,Phone & Online Booking,,Sub-Zero Repair Experts,,Book same-day or next-day service. Fast phone or SMS confirmation in minutes.,,$99 service call is credited toward repair after your approval.,,Independent insured technicians with 180-day labor and installed parts warranty.,,Local Bay Area coverage with fast booking and reliable communication.,,sub-zero,walnut-creek,https://my-appliance-repair.pro/subzero/,,,,,Enabled,Enabled,Enabled,,,RSA v3+ quality score boost
SZ_Search_BayArea_Hyper_ExactPhrase_2026_v3,Geo Walnut Creek Repair,Responsive search ad,v3_qs_b,Sub-Zero Repair Walnut Creek,1,{KeyWord:Sub-Zero Repair},,Call Now For Fast Help,,No Work Without Approval,,Fast Bay Area Response,,Independent Service Team,,Insured Local Technicians,,$99 Fee Credited,,180-Day Labor Warranty,,180-Day Parts Warranty,,Clear On-Site Diagnosis,,High-Intent Repair Focus,,Emergency Availability,,Phone & Online Booking,,Sub-Zero Repair Experts,,$99 service call is credited toward repair after your approval.,,Independent insured technicians with 180-day labor and installed parts warranty.,,Local Bay Area coverage with fast booking and reliable communication.,,Book same-day or next-day service. Fast phone or SMS confirmation in minutes.,,sub-zero,walnut-creek,https://my-appliance-repair.pro/subzero/,,,,,Enabled,Enabled,Enabled,,,RSA v3+ quality score boost
SZ_Search_BayArea_Hyper_ExactPhrase_2026_v3,Geo Walnut Creek Repair,Responsive search ad,v3_qs_c,Sub-Zero Repair Walnut Creek,1,{KeyWord:Sub-Zero Repair},,Same-Day Slots Open,,No Work Without Approval,,Fast Bay Area Response,,Independent Service Team,,Insured Local Technicians,,$99 Fee Credited,,180-Day Labor Warranty,,180-Day Parts Warranty,,Clear On-Site Diagnosis,,High-Intent Repair Focus,,Emergency Availability,,Phone & Online Booking,,Sub-Zero Repair Experts,,Independent insured technicians with 180-day labor and installed parts warranty.,,Local Bay Area coverage with fast booking and reliable communication.,,Book same-day or next-day service. Fast phone or SMS confirmation in minutes.,,$99 service call is credited toward repair after your approval.,,sub-zero,walnut-creek,https://my-appliance-repair.pro/subzero/,,,,,Enabled,Enabled,Enabled,,,RSA v3+ quality score boost
SZ_Search_BayArea_Hyper_ExactPhrase_2026_v3,Geo Walnut Creek Repair,Responsive search ad,v3_qs_d,Sub-Zero Repair Walnut Creek,1,{KeyWord:Sub-Zero Repair},,Clear Diagnosis First,,No Work Without Approval,,Fast Bay Area Response,,Independent Service Team,,Insured Local Technicians,,$99 Fee Credited,,180-Day Labor Warranty,,180-Day Parts Warranty,,Clear On-Site Diagnosis,,High-Intent Repair Focus,,Emergency Availability,,Phone & Online Booking,,Sub-Zero Repair Experts,,Local Bay Area coverage with fast booking and reliable communication.,,Book same-day or next-day service. Fast phone or SMS confirmation in minutes.,,$99 service call is credited toward repair after your approval.,,Independent insured technicians with 180-day labor and installed parts warranty.,,sub-zero,walnut-creek,https://my-appliance-repair.pro/subzero/,,,,,Enabled,Enabled,Enabled,,,RSA v3+ quality score boost
SZ_Search_BayArea_Hyper_ExactPhrase_2026_v3,Geo Walnut Creek Repair,Responsive search ad,v3_qs_e,Sub-Zero Repair Walnut Creek,1,{KeyWord:Sub-Zero Repair},,Get Priority Scheduling,,No Work Without Approval,,Fast Bay Area Response,,Independent Service Team,,Insured Local Technicians,,$99 Fee Credited,,180-Day Labor Warranty,,180-Day Parts Warranty,,Clear On-Site Diagnosis,,High-Intent Repair Focus,,Emergency Availability,,Phone & Online Booking,,Sub-Zero Repair Experts,,Book same-day or next-day service. Fast phone or SMS confirmation in minutes.,,$99 service call is credited toward repair after your approval.,,Independent insured technicians with 180-day labor and installed parts warranty.,,Local Bay Area coverage with fast booking and reliable communication.,,sub-zero,walnut-creek,https://my-appliance-repair.pro/subzero/,,,,,Enabled,Enabled,Enabled,,,RSA v3+ quality score boost
SZ_Search_BayArea_Hyper_ExactPhrase_2026_v3,Geo Hayward Repair,Responsive search ad,v3_qs_a,Sub-Zero Repair Hayward,1,{KeyWord:Sub-Zero Repair},,Book Service Today,,No Work Without Approval,,Fast Bay Area Response,,Independent Service Team,,Insured Local Technicians,,$99 Fee Credited,,180-Day Labor Warranty,,180-Day Parts Warranty,,Clear On-Site Diagnosis,,High-Intent Repair Focus,,Emergency Availability,,Phone & Online Booking,,Sub-Zero Repair Experts,,Book same-day or next-day service. Fast phone or SMS confirmation in minutes.,,$99 service call is credited toward repair after your approval.,,Independent insured technicians with 180-day labor and installed parts warranty.,,Local Bay Area coverage with fast booking and reliable communication.,,sub-zero,hayward,https://my-appliance-repair.pro/subzero/,,,,,Enabled,Enabled,Enabled,,,RSA v3+ quality score boost
SZ_Search_BayArea_Hyper_ExactPhrase_2026_v3,Geo Hayward Repair,Responsive search ad,v3_qs_b,Sub-Zero Repair Hayward,1,{KeyWord:Sub-Zero Repair},,Call Now For Fast Help,,No Work Without Approval,,Fast Bay Area Response,,Independent Service Team,,Insured Local Technicians,,$99 Fee Credited,,180-Day Labor Warranty,,180-Day Parts Warranty,,Clear On-Site Diagnosis,,High-Intent Repair Focus,,Emergency Availability,,Phone & Online Booking,,Sub-Zero Repair Experts,,$99 service call is credited toward repair after your approval.,,Independent insured technicians with 180-day labor and installed parts warranty.,,Local Bay Area coverage with fast booking and reliable communication.,,Book same-day or next-day service. Fast phone or SMS confirmation in minutes.,,sub-zero,hayward,https://my-appliance-repair.pro/subzero/,,,,,Enabled,Enabled,Enabled,,,RSA v3+ quality score boost
SZ_Search_BayArea_Hyper_ExactPhrase_2026_v3,Geo Hayward Repair,Responsive search ad,v3_qs_c,Sub-Zero Repair Hayward,1,{KeyWord:Sub-Zero Repair},,Same-Day Slots Open,,No Work Without Approval,,Fast Bay Area Response,,Independent Service Team,,Insured Local Technicians,,$99 Fee Credited,,180-Day Labor Warranty,,180-Day Parts Warranty,,Clear On-Site Diagnosis,,High-Intent Repair Focus,,Emergency Availability,,Phone & Online Booking,,Sub-Zero Repair Experts,,Independent insured technicians with 180-day labor and installed parts warranty.,,Local Bay Area coverage with fast booking and reliable communication.,,Book same-day or next-day service. Fast phone or SMS confirmation in minutes.,,$99 service call is credited toward repair after your approval.,,sub-zero,hayward,https://my-appliance-repair.pro/subzero/,,,,,Enabled,Enabled,Enabled,,,RSA v3+ quality score boost
SZ_Search_BayArea_Hyper_ExactPhrase_2026_v3,Geo Hayward Repair,Responsive search ad,v3_qs_d,Sub-Zero Repair Hayward,1,{KeyWord:Sub-Zero Repair},,Clear Diagnosis First,,No Work Without Approval,,Fast Bay Area Response,,Independent Service Team,,Insured Local Technicians,,$99 Fee Credited,,180-Day Labor Warranty,,180-Day Parts Warranty,,Clear On-Site Diagnosis,,High-Intent Repair Focus,,Emergency Availability,,Phone & Online Booking,,Sub-Zero Repair Experts,,Local Bay Area coverage with fast booking and reliable communication.,,Book same-day or next-day service. Fast phone or SMS confirmation in minutes.,,$99 service call is credited toward repair after your approval.,,Independent insured technicians with 180-day labor and installed parts warranty.,,sub-zero,hayward,https://my-appliance-repair.pro/subzero/,,,,,Enabled,Enabled,Enabled,,,RSA v3+ quality score boost
SZ_Search_BayArea_Hyper_ExactPhrase_2026_v3,Geo Hayward Repair,Responsive search ad,v3_qs_e,Sub-Zero Repair Hayward,1,{KeyWord:Sub-Zero Repair},,Get Priority Scheduling,,No Work Without Approval,,Fast Bay Area Response,,Independent Service Team,,Insured Local Technicians,,$99 Fee Credited,,180-Day Labor Warranty,,180-Day Parts Warranty,,Clear On-Site Diagnosis,,High-Intent Repair Focus,,Emergency Availability,,Phone & Online Booking,,Sub-Zero Repair Experts,,Book same-day or next-day service. Fast phone or SMS confirmation in minutes.,,$99 service call is credited toward repair after your approval.,,Independent insured technicians with 180-day labor and installed parts warranty.,,Local Bay Area coverage with fast booking and reliable communication.,,sub-zero,hayward,https://my-appliance-repair.pro/subzero/,,,,,Enabled,Enabled,Enabled,,,RSA v3+ quality score boost
SZ_Search_BayArea_Hyper_ExactPhrase_2026_v3,Geo San Leandro Repair,Responsive search ad,v3_qs_a,Sub-Zero Repair San Leandro,1,{KeyWord:Sub-Zero Repair},,Book Service Today,,No Work Without Approval,,Fast Bay Area Response,,Independent Service Team,,Insured Local Technicians,,$99 Fee Credited,,180-Day Labor Warranty,,180-Day Parts Warranty,,Clear On-Site Diagnosis,,High-Intent Repair Focus,,Emergency Availability,,Phone & Online Booking,,Sub-Zero Repair Experts,,Book same-day or next-day service. Fast phone or SMS confirmation in minutes.,,$99 service call is credited toward repair after your approval.,,Independent insured technicians with 180-day labor and installed parts warranty.,,Local Bay Area coverage with fast booking and reliable communication.,,sub-zero,san-leandro,https://my-appliance-repair.pro/subzero/,,,,,Enabled,Enabled,Enabled,,,RSA v3+ quality score boost
SZ_Search_BayArea_Hyper_ExactPhrase_2026_v3,Geo San Leandro Repair,Responsive search ad,v3_qs_b,Sub-Zero Repair San Leandro,1,{KeyWord:Sub-Zero Repair},,Call Now For Fast Help,,No Work Without Approval,,Fast Bay Area Response,,Independent Service Team,,Insured Local Technicians,,$99 Fee Credited,,180-Day Labor Warranty,,180-Day Parts Warranty,,Clear On-Site Diagnosis,,High-Intent Repair Focus,,Emergency Availability,,Phone & Online Booking,,Sub-Zero Repair Experts,,$99 service call is credited toward repair after your approval.,,Independent insured technicians with 180-day labor and installed parts warranty.,,Local Bay Area coverage with fast booking and reliable communication.,,Book same-day or next-day service. Fast phone or SMS confirmation in minutes.,,sub-zero,san-leandro,https://my-appliance-repair.pro/subzero/,,,,,Enabled,Enabled,Enabled,,,RSA v3+ quality score boost
SZ_Search_BayArea_Hyper_ExactPhrase_2026_v3,Geo San Leandro Repair,Responsive search ad,v3_qs_c,Sub-Zero Repair San Leandro,1,{KeyWord:Sub-Zero Repair},,Same-Day Slots Open,,No Work Without Approval,,Fast Bay Area Response,,Independent Service Team,,Insured Local Technicians,,$99 Fee Credited,,180-Day Labor Warranty,,180-Day Parts Warranty,,Clear On-Site Diagnosis,,High-Intent Repair Focus,,Emergency Availability,,Phone & Online Booking,,Sub-Zero Repair Experts,,Independent insured technicians with 180-day labor and installed parts warranty.,,Local Bay Area coverage with fast booking and reliable communication.,,Book same-day or next-day service. Fast phone or SMS confirmation in minutes.,,$99 service call is credited toward repair after your approval.,,sub-zero,san-leandro,https://my-appliance-repair.pro/subzero/,,,,,Enabled,Enabled,Enabled,,,RSA v3+ quality score boost
SZ_Search_BayArea_Hyper_ExactPhrase_2026_v3,Geo San Leandro Repair,Responsive search ad,v3_qs_d,Sub-Zero Repair San Leandro,1,{KeyWord:Sub-Zero Repair},,Clear Diagnosis First,,No Work Without Approval,,Fast Bay Area Response,,Independent Service Team,,Insured Local Technicians,,$99 Fee Credited,,180-Day Labor Warranty,,180-Day Parts Warranty,,Clear On-Site Diagnosis,,High-Intent Repair Focus,,Emergency Availability,,Phone & Online Booking,,Sub-Zero Repair Experts,,Local Bay Area coverage with fast booking and reliable communication.,,Book same-day or next-day service. Fast phone or SMS confirmation in minutes.,,$99 service call is credited toward repair after your approval.,,Independent insured technicians with 180-day labor and installed parts warranty.,,sub-zero,san-leandro,https://my-appliance-repair.pro/subzero/,,,,,Enabled,Enabled,Enabled,,,RSA v3+ quality score boost
SZ_Search_BayArea_Hyper_ExactPhrase_2026_v3,Geo San Leandro Repair,Responsive search ad,v3_qs_e,Sub-Zero Repair San Leandro,1,{KeyWord:Sub-Zero Repair},,Get Priority Scheduling,,No Work Without Approval,,Fast Bay Area Response,,Independent Service Team,,Insured Local Technicians,,$99 Fee Credited,,180-Day Labor Warranty,,180-Day Parts Warranty,,Clear On-Site Diagnosis,,High-Intent Repair Focus,,Emergency Availability,,Phone & Online Booking,,Sub-Zero Repair Experts,,Book same-day or next-day service. Fast phone or SMS confirmation in minutes.,,$99 service call is credited toward repair after your approval.,,Independent insured technicians with 180-day labor and installed parts warranty.,,Local Bay Area coverage with fast booking and reliable communication.,,sub-zero,san-leandro,https://my-appliance-repair.pro/subzero/,,,,,Enabled,Enabled,Enabled,,,RSA v3+ quality score boost
SZ_Search_BayArea_Hyper_ExactPhrase_2026_v3,Geo Los Gatos Repair,Responsive search ad,v3_qs_a,Sub-Zero Repair Los Gatos,1,{KeyWord:Sub-Zero Repair},,Book Service Today,,No Work Without Approval,,Fast Bay Area Response,,Independent Service Team,,Insured Local Technicians,,$99 Fee Credited,,180-Day Labor Warranty,,180-Day Parts Warranty,,Clear On-Site Diagnosis,,High-Intent Repair Focus,,Emergency Availability,,Phone & Online Booking,,Sub-Zero Repair Experts,,Book same-day or next-day service. Fast phone or SMS confirmation in minutes.,,$99 service call is credited toward repair after your approval.,,Independent insured technicians with 180-day labor and installed parts warranty.,,Local Bay Area coverage with fast booking and reliable communication.,,sub-zero,los-gatos,https://my-appliance-repair.pro/subzero/,,,,,Enabled,Enabled,Enabled,,,RSA v3+ quality score boost
SZ_Search_BayArea_Hyper_ExactPhrase_2026_v3,Geo Los Gatos Repair,Responsive search ad,v3_qs_b,Sub-Zero Repair Los Gatos,1,{KeyWord:Sub-Zero Repair},,Call Now For Fast Help,,No Work Without Approval,,Fast Bay Area Response,,Independent Service Team,,Insured Local Technicians,,$99 Fee Credited,,180-Day Labor Warranty,,180-Day Parts Warranty,,Clear On-Site Diagnosis,,High-Intent Repair Focus,,Emergency Availability,,Phone & Online Booking,,Sub-Zero Repair Experts,,$99 service call is credited toward repair after your approval.,,Independent insured technicians with 180-day labor and installed parts warranty.,,Local Bay Area coverage with fast booking and reliable communication.,,Book same-day or next-day service. Fast phone or SMS confirmation in minutes.,,sub-zero,los-gatos,https://my-appliance-repair.pro/subzero/,,,,,Enabled,Enabled,Enabled,,,RSA v3+ quality score boost
SZ_Search_BayArea_Hyper_ExactPhrase_2026_v3,Geo Los Gatos Repair,Responsive search ad,v3_qs_c,Sub-Zero Repair Los Gatos,1,{KeyWord:Sub-Zero Repair},,Same-Day Slots Open,,No Work Without Approval,,Fast Bay Area Response,,Independent Service Team,,Insured Local Technicians,,$99 Fee Credited,,180-Day Labor Warranty,,180-Day Parts Warranty,,Clear On-Site Diagnosis,,High-Intent Repair Focus,,Emergency Availability,,Phone & Online Booking,,Sub-Zero Repair Experts,,Independent insured technicians with 180-day labor and installed parts warranty.,,Local Bay Area coverage with fast booking and reliable communication.,,Book same-day or next-day service. Fast phone or SMS confirmation in minutes.,,$99 service call is credited toward repair after your approval.,,sub-zero,los-gatos,https://my-appliance-repair.pro/subzero/,,,,,Enabled,Enabled,Enabled,,,RSA v3+ quality score boost
SZ_Search_BayArea_Hyper_ExactPhrase_2026_v3,Geo Los Gatos Repair,Responsive search ad,v3_qs_d,Sub-Zero Repair Los Gatos,1,{KeyWord:Sub-Zero Repair},,Clear Diagnosis First,,No Work Without Approval,,Fast Bay Area Response,,Independent Service Team,,Insured Local Technicians,,$99 Fee Credited,,180-Day Labor Warranty,,180-Day Parts Warranty,,Clear On-Site Diagnosis,,High-Intent Repair Focus,,Emergency Availability,,Phone & Online Booking,,Sub-Zero Repair Experts,,Local Bay Area coverage with fast booking and reliable communication.,,Book same-day or next-day service. Fast phone or SMS confirmation in minutes.,,$99 service call is credited toward repair after your approval.,,Independent insured technicians with 180-day labor and installed parts warranty.,,sub-zero,los-gatos,https://my-appliance-repair.pro/subzero/,,,,,Enabled,Enabled,Enabled,,,RSA v3+ quality score boost
SZ_Search_BayArea_Hyper_ExactPhrase_2026_v3,Geo Los Gatos Repair,Responsive search ad,v3_qs_e,Sub-Zero Repair Los Gatos,1,{KeyWord:Sub-Zero Repair},,Get Priority Scheduling,,No Work Without Approval,,Fast Bay Area Response,,Independent Service Team,,Insured Local Technicians,,$99 Fee Credited,,180-Day Labor Warranty,,180-Day Parts Warranty,,Clear On-Site Diagnosis,,High-Intent Repair Focus,,Emergency Availability,,Phone & Online Booking,,Sub-Zero Repair Experts,,Book same-day or next-day service. Fast phone or SMS confirmation in minutes.,,$99 service call is credited toward repair after your approval.,,Independent insured technicians with 180-day labor and installed parts warranty.,,Local Bay Area coverage with fast booking and reliable communication.,,sub-zero,los-gatos,https://my-appliance-repair.pro/subzero/,,,,,Enabled,Enabled,Enabled,,,RSA v3+ quality score boost
SZ_Search_BayArea_Hyper_ExactPhrase_2026_v3,Geo Menlo Park Repair,Responsive search ad,v3_qs_a,Sub-Zero Repair Menlo Park,1,{KeyWord:Sub-Zero Repair},,Book Service Today,,No Work Without Approval,,Fast Bay Area Response,,Independent Service Team,,Insured Local Technicians,,$99 Fee Credited,,180-Day Labor Warranty,,180-Day Parts Warranty,,Clear On-Site Diagnosis,,High-Intent Repair Focus,,Emergency Availability,,Phone & Online Booking,,Sub-Zero Repair Experts,,Book same-day or next-day service. Fast phone or SMS confirmation in minutes.,,$99 service call is credited toward repair after your approval.,,Independent insured technicians with 180-day labor and installed parts warranty.,,Local Bay Area coverage with fast booking and reliable communication.,,sub-zero,menlo-park,https://my-appliance-repair.pro/subzero/,,,,,Enabled,Enabled,Enabled,,,RSA v3+ quality score boost
SZ_Search_BayArea_Hyper_ExactPhrase_2026_v3,Geo Menlo Park Repair,Responsive search ad,v3_qs_b,Sub-Zero Repair Menlo Park,1,{KeyWord:Sub-Zero Repair},,Call Now For Fast Help,,No Work Without Approval,,Fast Bay Area Response,,Independent Service Team,,Insured Local Technicians,,$99 Fee Credited,,180-Day Labor Warranty,,180-Day Parts Warranty,,Clear On-Site Diagnosis,,High-Intent Repair Focus,,Emergency Availability,,Phone & Online Booking,,Sub-Zero Repair Experts,,$99 service call is credited toward repair after your approval.,,Independent insured technicians with 180-day labor and installed parts warranty.,,Local Bay Area coverage with fast booking and reliable communication.,,Book same-day or next-day service. Fast phone or SMS confirmation in minutes.,,sub-zero,menlo-park,https://my-appliance-repair.pro/subzero/,,,,,Enabled,Enabled,Enabled,,,RSA v3+ quality score boost
SZ_Search_BayArea_Hyper_ExactPhrase_2026_v3,Geo Menlo Park Repair,Responsive search ad,v3_qs_c,Sub-Zero Repair Menlo Park,1,{KeyWord:Sub-Zero Repair},,Same-Day Slots Open,,No Work Without Approval,,Fast Bay Area Response,,Independent Service Team,,Insured Local Technicians,,$99 Fee Credited,,180-Day Labor Warranty,,180-Day Parts Warranty,,Clear On-Site Diagnosis,,High-Intent Repair Focus,,Emergency Availability,,Phone & Online Booking,,Sub-Zero Repair Experts,,Independent insured technicians with 180-day labor and installed parts warranty.,,Local Bay Area coverage with fast booking and reliable communication.,,Book same-day or next-day service. Fast phone or SMS confirmation in minutes.,,$99 service call is credited toward repair after your approval.,,sub-zero,menlo-park,https://my-appliance-repair.pro/subzero/,,,,,Enabled,Enabled,Enabled,,,RSA v3+ quality score boost
SZ_Search_BayArea_Hyper_ExactPhrase_2026_v3,Geo Menlo Park Repair,Responsive search ad,v3_qs_d,Sub-Zero Repair Menlo Park,1,{KeyWord:Sub-Zero Repair},,Clear Diagnosis First,,No Work Without Approval,,Fast Bay Area Response,,Independent Service Team,,Insured Local Technicians,,$99 Fee Credited,,180-Day Labor Warranty,,180-Day Parts Warranty,,Clear On-Site Diagnosis,,High-Intent Repair Focus,,Emergency Availability,,Phone & Online Booking,,Sub-Zero Repair Experts,,Local Bay Area coverage with fast booking and reliable communication.,,Book same-day or next-day service. Fast phone or SMS confirmation in minutes.,,$99 service call is credited toward repair after your approval.,,Independent insured technicians with 180-day labor and installed parts warranty.,,sub-zero,menlo-park,https://my-appliance-repair.pro/subzero/,,,,,Enabled,Enabled,Enabled,,,RSA v3+ quality score boost
SZ_Search_BayArea_Hyper_ExactPhrase_2026_v3,Geo Menlo Park Repair,Responsive search ad,v3_qs_e,Sub-Zero Repair Menlo Park,1,{KeyWord:Sub-Zero Repair},,Get Priority Scheduling,,No Work Without Approval,,Fast Bay Area Response,,Independent Service Team,,Insured Local Technicians,,$99 Fee Credited,,180-Day Labor Warranty,,180-Day Parts Warranty,,Clear On-Site Diagnosis,,High-Intent Repair Focus,,Emergency Availability,,Phone & Online Booking,,Sub-Zero Repair Experts,,Book same-day or next-day service. Fast phone or SMS confirmation in minutes.,,$99 service call is credited toward repair after your approval.,,Independent insured technicians with 180-day labor and installed parts warranty.,,Local Bay Area coverage with fast booking and reliable communication.,,sub-zero,menlo-park,https://my-appliance-repair.pro/subzero/,,,,,Enabled,Enabled,Enabled,,,RSA v3+ quality score boost
SZ_Search_BayArea_Hyper_ExactPhrase_2026_v3,Refrigerator Emergency,Responsive search ad,v3_qs_a,Refrigerator Emergency Repair,1,{KeyWord:Sub-Zero Repair},,Book Service Today,,No Work Without Approval,,Fast Bay Area Response,,Independent Service Team,,Insured Local Technicians,,$99 Fee Credited,,180-Day Labor Warranty,,180-Day Parts Warranty,,Clear On-Site Diagnosis,,High-Intent Repair Focus,,Emergency Availability,,Phone & Online Booking,,Sub-Zero Repair Experts,,Book same-day or next-day service. Fast phone or SMS confirmation in minutes.,,$99 service call is credited toward repair after your approval.,,Independent insured technicians with 180-day labor and installed parts warranty.,,Priority response for urgent failures with clear diagnosis and approval-first workflow.,,sub-zero,emergency,https://my-appliance-repair.pro/subzero/,,,,,Enabled,Enabled,Enabled,,,RSA v3+ quality score boost
SZ_Search_BayArea_Hyper_ExactPhrase_2026_v3,Refrigerator Emergency,Responsive search ad,v3_qs_b,Refrigerator Emergency Repair,1,{KeyWord:Sub-Zero Repair},,Call Now For Fast Help,,No Work Without Approval,,Fast Bay Area Response,,Independent Service Team,,Insured Local Technicians,,$99 Fee Credited,,180-Day Labor Warranty,,180-Day Parts Warranty,,Clear On-Site Diagnosis,,High-Intent Repair Focus,,Emergency Availability,,Phone & Online Booking,,Sub-Zero Repair Experts,,$99 service call is credited toward repair after your approval.,,Independent insured technicians with 180-day labor and installed parts warranty.,,Priority response for urgent failures with clear diagnosis and approval-first workflow.,,Book same-day or next-day service. Fast phone or SMS confirmation in minutes.,,sub-zero,emergency,https://my-appliance-repair.pro/subzero/,,,,,Enabled,Enabled,Enabled,,,RSA v3+ quality score boost
SZ_Search_BayArea_Hyper_ExactPhrase_2026_v3,Refrigerator Emergency,Responsive search ad,v3_qs_c,Refrigerator Emergency Repair,1,{KeyWord:Sub-Zero Repair},,Same-Day Slots Open,,No Work Without Approval,,Fast Bay Area Response,,Independent Service Team,,Insured Local Technicians,,$99 Fee Credited,,180-Day Labor Warranty,,180-Day Parts Warranty,,Clear On-Site Diagnosis,,High-Intent Repair Focus,,Emergency Availability,,Phone & Online Booking,,Sub-Zero Repair Experts,,Independent insured technicians with 180-day labor and installed parts warranty.,,Priority response for urgent failures with clear diagnosis and approval-first workflow.,,Book same-day or next-day service. Fast phone or SMS confirmation in minutes.,,$99 service call is credited toward repair after your approval.,,sub-zero,emergency,https://my-appliance-repair.pro/subzero/,,,,,Enabled,Enabled,Enabled,,,RSA v3+ quality score boost
SZ_Search_BayArea_Hyper_ExactPhrase_2026_v3,Refrigerator Emergency,Responsive search ad,v3_qs_d,Refrigerator Emergency Repair,1,{KeyWord:Sub-Zero Repair},,Clear Diagnosis First,,No Work Without Approval,,Fast Bay Area Response,,Independent Service Team,,Insured Local Technicians,,$99 Fee Credited,,180-Day Labor Warranty,,180-Day Parts Warranty,,Clear On-Site Diagnosis,,High-Intent Repair Focus,,Emergency Availability,,Phone & Online Booking,,Sub-Zero Repair Experts,,Priority response for urgent failures with clear diagnosis and approval-first workflow.,,Book same-day or next-day service. Fast phone or SMS confirmation in minutes.,,$99 service call is credited toward repair after your approval.,,Independent insured technicians with 180-day labor and installed parts warranty.,,sub-zero,emergency,https://my-appliance-repair.pro/subzero/,,,,,Enabled,Enabled,Enabled,,,RSA v3+ quality score boost
SZ_Search_BayArea_Hyper_ExactPhrase_2026_v3,Refrigerator Emergency,Responsive search ad,v3_qs_e,Refrigerator Emergency Repair,1,{KeyWord:Sub-Zero Repair},,Get Priority Scheduling,,No Work Without Approval,,Fast Bay Area Response,,Independent Service Team,,Insured Local Technicians,,$99 Fee Credited,,180-Day Labor Warranty,,180-Day Parts Warranty,,Clear On-Site Diagnosis,,High-Intent Repair Focus,,Emergency Availability,,Phone & Online Booking,,Sub-Zero Repair Experts,,Book same-day or next-day service. Fast phone or SMS confirmation in minutes.,,$99 service call is credited toward repair after your approval.,,Independent insured technicians with 180-day labor and installed parts warranty.,,Priority response for urgent failures with clear diagnosis and approval-first workflow.,,sub-zero,emergency,https://my-appliance-repair.pro/subzero/,,,,,Enabled,Enabled,Enabled,,,RSA v3+ quality score boost
SZ_Search_BayArea_Hyper_ExactPhrase_2026_v3,Fridge Same Day,Responsive search ad,v3_qs_a,Fridge Same-Day Repair,1,{KeyWord:Sub-Zero Repair},,Book Service Today,,No Work Without Approval,,Fast Bay Area Response,,Independent Service Team,,Insured Local Technicians,,$99 Fee Credited,,180-Day Labor Warranty,,180-Day Parts Warranty,,Clear On-Site Diagnosis,,High-Intent Repair Focus,,Emergency Availability,,Phone & Online Booking,,Sub-Zero Repair Experts,,Book same-day or next-day service. Fast phone or SMS confirmation in minutes.,,$99 service call is credited toward repair after your approval.,,Independent insured technicians with 180-day labor and installed parts warranty.,,Same-day scheduling focused on qualified repair requests and fast issue resolution.,,sub-zero,same-day,https://my-appliance-repair.pro/subzero/,,,,,Enabled,Enabled,Enabled,,,RSA v3+ quality score boost
SZ_Search_BayArea_Hyper_ExactPhrase_2026_v3,Fridge Same Day,Responsive search ad,v3_qs_b,Fridge Same-Day Repair,1,{KeyWord:Sub-Zero Repair},,Call Now For Fast Help,,No Work Without Approval,,Fast Bay Area Response,,Independent Service Team,,Insured Local Technicians,,$99 Fee Credited,,180-Day Labor Warranty,,180-Day Parts Warranty,,Clear On-Site Diagnosis,,High-Intent Repair Focus,,Emergency Availability,,Phone & Online Booking,,Sub-Zero Repair Experts,,$99 service call is credited toward repair after your approval.,,Independent insured technicians with 180-day labor and installed parts warranty.,,Same-day scheduling focused on qualified repair requests and fast issue resolution.,,Book same-day or next-day service. Fast phone or SMS confirmation in minutes.,,sub-zero,same-day,https://my-appliance-repair.pro/subzero/,,,,,Enabled,Enabled,Enabled,,,RSA v3+ quality score boost
SZ_Search_BayArea_Hyper_ExactPhrase_2026_v3,Fridge Same Day,Responsive search ad,v3_qs_c,Fridge Same-Day Repair,1,{KeyWord:Sub-Zero Repair},,Same-Day Slots Open,,No Work Without Approval,,Fast Bay Area Response,,Independent Service Team,,Insured Local Technicians,,$99 Fee Credited,,180-Day Labor Warranty,,180-Day Parts Warranty,,Clear On-Site Diagnosis,,High-Intent Repair Focus,,Emergency Availability,,Phone & Online Booking,,Sub-Zero Repair Experts,,Independent insured technicians with 180-day labor and installed parts warranty.,,Same-day scheduling focused on qualified repair requests and fast issue resolution.,,Book same-day or next-day service. Fast phone or SMS confirmation in minutes.,,$99 service call is credited toward repair after your approval.,,sub-zero,same-day,https://my-appliance-repair.pro/subzero/,,,,,Enabled,Enabled,Enabled,,,RSA v3+ quality score boost
SZ_Search_BayArea_Hyper_ExactPhrase_2026_v3,Fridge Same Day,Responsive search ad,v3_qs_d,Fridge Same-Day Repair,1,{KeyWord:Sub-Zero Repair},,Clear Diagnosis First,,No Work Without Approval,,Fast Bay Area Response,,Independent Service Team,,Insured Local Technicians,,$99 Fee Credited,,180-Day Labor Warranty,,180-Day Parts Warranty,,Clear On-Site Diagnosis,,High-Intent Repair Focus,,Emergency Availability,,Phone & Online Booking,,Sub-Zero Repair Experts,,Same-day scheduling focused on qualified repair requests and fast issue resolution.,,Book same-day or next-day service. Fast phone or SMS confirmation in minutes.,,$99 service call is credited toward repair after your approval.,,Independent insured technicians with 180-day labor and installed parts warranty.,,sub-zero,same-day,https://my-appliance-repair.pro/subzero/,,,,,Enabled,Enabled,Enabled,,,RSA v3+ quality score boost
SZ_Search_BayArea_Hyper_ExactPhrase_2026_v3,Fridge Same Day,Responsive search ad,v3_qs_e,Fridge Same-Day Repair,1,{KeyWord:Sub-Zero Repair},,Get Priority Scheduling,,No Work Without Approval,,Fast Bay Area Response,,Independent Service Team,,Insured Local Technicians,,$99 Fee Credited,,180-Day Labor Warranty,,180-Day Parts Warranty,,Clear On-Site Diagnosis,,High-Intent Repair Focus,,Emergency Availability,,Phone & Online Booking,,Sub-Zero Repair Experts,,Book same-day or next-day service. Fast phone or SMS confirmation in minutes.,,$99 service call is credited toward repair after your approval.,,Independent insured technicians with 180-day labor and installed parts warranty.,,Same-day scheduling focused on qualified repair requests and fast issue resolution.,,sub-zero,same-day,https://my-appliance-repair.pro/subzero/,,,,,Enabled,Enabled,Enabled,,,RSA v3+ quality score boost
SZ_Search_BayArea_Hyper_ExactPhrase_2026_v3,Freezer Same Day,Responsive search ad,v3_qs_a,Freezer Same-Day Repair,1,{KeyWord:Sub-Zero Repair},,Book Service Today,,No Work Without Approval,,Fast Bay Area Response,,Independent Service Team,,Insured Local Technicians,,$99 Fee Credited,,180-Day Labor Warranty,,180-Day Parts Warranty,,Clear On-Site Diagnosis,,High-Intent Repair Focus,,Emergency Availability,,Phone & Online Booking,,Sub-Zero Repair Experts,,Book same-day or next-day service. Fast phone or SMS confirmation in minutes.,,$99 service call is credited toward repair after your approval.,,Independent insured technicians with 180-day labor and installed parts warranty.,,Same-day scheduling focused on qualified repair requests and fast issue resolution.,,sub-zero,same-day,https://my-appliance-repair.pro/subzero/,,,,,Enabled,Enabled,Enabled,,,RSA v3+ quality score boost
SZ_Search_BayArea_Hyper_ExactPhrase_2026_v3,Freezer Same Day,Responsive search ad,v3_qs_b,Freezer Same-Day Repair,1,{KeyWord:Sub-Zero Repair},,Call Now For Fast Help,,No Work Without Approval,,Fast Bay Area Response,,Independent Service Team,,Insured Local Technicians,,$99 Fee Credited,,180-Day Labor Warranty,,180-Day Parts Warranty,,Clear On-Site Diagnosis,,High-Intent Repair Focus,,Emergency Availability,,Phone & Online Booking,,Sub-Zero Repair Experts,,$99 service call is credited toward repair after your approval.,,Independent insured technicians with 180-day labor and installed parts warranty.,,Same-day scheduling focused on qualified repair requests and fast issue resolution.,,Book same-day or next-day service. Fast phone or SMS confirmation in minutes.,,sub-zero,same-day,https://my-appliance-repair.pro/subzero/,,,,,Enabled,Enabled,Enabled,,,RSA v3+ quality score boost
SZ_Search_BayArea_Hyper_ExactPhrase_2026_v3,Freezer Same Day,Responsive search ad,v3_qs_c,Freezer Same-Day Repair,1,{KeyWord:Sub-Zero Repair},,Same-Day Slots Open,,No Work Without Approval,,Fast Bay Area Response,,Independent Service Team,,Insured Local Technicians,,$99 Fee Credited,,180-Day Labor Warranty,,180-Day Parts Warranty,,Clear On-Site Diagnosis,,High-Intent Repair Focus,,Emergency Availability,,Phone & Online Booking,,Sub-Zero Repair Experts,,Independent insured technicians with 180-day labor and installed parts warranty.,,Same-day scheduling focused on qualified repair requests and fast issue resolution.,,Book same-day or next-day service. Fast phone or SMS confirmation in minutes.,,$99 service call is credited toward repair after your approval.,,sub-zero,same-day,https://my-appliance-repair.pro/subzero/,,,,,Enabled,Enabled,Enabled,,,RSA v3+ quality score boost
SZ_Search_BayArea_Hyper_ExactPhrase_2026_v3,Freezer Same Day,Responsive search ad,v3_qs_d,Freezer Same-Day Repair,1,{KeyWord:Sub-Zero Repair},,Clear Diagnosis First,,No Work Without Approval,,Fast Bay Area Response,,Independent Service Team,,Insured Local Technicians,,$99 Fee Credited,,180-Day Labor Warranty,,180-Day Parts Warranty,,Clear On-Site Diagnosis,,High-Intent Repair Focus,,Emergency Availability,,Phone & Online Booking,,Sub-Zero Repair Experts,,Same-day scheduling focused on qualified repair requests and fast issue resolution.,,Book same-day or next-day service. Fast phone or SMS confirmation in minutes.,,$99 service call is credited toward repair after your approval.,,Independent insured technicians with 180-day labor and installed parts warranty.,,sub-zero,same-day,https://my-appliance-repair.pro/subzero/,,,,,Enabled,Enabled,Enabled,,,RSA v3+ quality score boost
SZ_Search_BayArea_Hyper_ExactPhrase_2026_v3,Freezer Same Day,Responsive search ad,v3_qs_e,Freezer Same-Day Repair,1,{KeyWord:Sub-Zero Repair},,Get Priority Scheduling,,No Work Without Approval,,Fast Bay Area Response,,Independent Service Team,,Insured Local Technicians,,$99 Fee Credited,,180-Day Labor Warranty,,180-Day Parts Warranty,,Clear On-Site Diagnosis,,High-Intent Repair Focus,,Emergency Availability,,Phone & Online Booking,,Sub-Zero Repair Experts,,Book same-day or next-day service. Fast phone or SMS confirmation in minutes.,,$99 service call is credited toward repair after your approval.,,Independent insured technicians with 180-day labor and installed parts warranty.,,Same-day scheduling focused on qualified repair requests and fast issue resolution.,,sub-zero,same-day,https://my-appliance-repair.pro/subzero/,,,,,Enabled,Enabled,Enabled,,,RSA v3+ quality score boost
SZ_Search_BayArea_Hyper_ExactPhrase_2026_v3,Ice Maker Same Day,Responsive search ad,v3_qs_a,Ice Maker Same-Day Repair,1,{KeyWord:Sub-Zero Repair},,Book Service Today,,No Work Without Approval,,Fast Bay Area Response,,Independent Service Team,,Insured Local Technicians,,$99 Fee Credited,,180-Day Labor Warranty,,180-Day Parts Warranty,,Clear On-Site Diagnosis,,High-Intent Repair Focus,,Emergency Availability,,Phone & Online Booking,,Sub-Zero Repair Experts,,Book same-day or next-day service. Fast phone or SMS confirmation in minutes.,,$99 service call is credited toward repair after your approval.,,Independent insured technicians with 180-day labor and installed parts warranty.,,Same-day scheduling focused on qualified repair requests and fast issue resolution.,,sub-zero,same-day,https://my-appliance-repair.pro/subzero/,,,,,Enabled,Enabled,Enabled,,,RSA v3+ quality score boost
SZ_Search_BayArea_Hyper_ExactPhrase_2026_v3,Ice Maker Same Day,Responsive search ad,v3_qs_b,Ice Maker Same-Day Repair,1,{KeyWord:Sub-Zero Repair},,Call Now For Fast Help,,No Work Without Approval,,Fast Bay Area Response,,Independent Service Team,,Insured Local Technicians,,$99 Fee Credited,,180-Day Labor Warranty,,180-Day Parts Warranty,,Clear On-Site Diagnosis,,High-Intent Repair Focus,,Emergency Availability,,Phone & Online Booking,,Sub-Zero Repair Experts,,$99 service call is credited toward repair after your approval.,,Independent insured technicians with 180-day labor and installed parts warranty.,,Same-day scheduling focused on qualified repair requests and fast issue resolution.,,Book same-day or next-day service. Fast phone or SMS confirmation in minutes.,,sub-zero,same-day,https://my-appliance-repair.pro/subzero/,,,,,Enabled,Enabled,Enabled,,,RSA v3+ quality score boost
SZ_Search_BayArea_Hyper_ExactPhrase_2026_v3,Ice Maker Same Day,Responsive search ad,v3_qs_c,Ice Maker Same-Day Repair,1,{KeyWord:Sub-Zero Repair},,Same-Day Slots Open,,No Work Without Approval,,Fast Bay Area Response,,Independent Service Team,,Insured Local Technicians,,$99 Fee Credited,,180-Day Labor Warranty,,180-Day Parts Warranty,,Clear On-Site Diagnosis,,High-Intent Repair Focus,,Emergency Availability,,Phone & Online Booking,,Sub-Zero Repair Experts,,Independent insured technicians with 180-day labor and installed parts warranty.,,Same-day scheduling focused on qualified repair requests and fast issue resolution.,,Book same-day or next-day service. Fast phone or SMS confirmation in minutes.,,$99 service call is credited toward repair after your approval.,,sub-zero,same-day,https://my-appliance-repair.pro/subzero/,,,,,Enabled,Enabled,Enabled,,,RSA v3+ quality score boost
SZ_Search_BayArea_Hyper_ExactPhrase_2026_v3,Ice Maker Same Day,Responsive search ad,v3_qs_d,Ice Maker Same-Day Repair,1,{KeyWord:Sub-Zero Repair},,Clear Diagnosis First,,No Work Without Approval,,Fast Bay Area Response,,Independent Service Team,,Insured Local Technicians,,$99 Fee Credited,,180-Day Labor Warranty,,180-Day Parts Warranty,,Clear On-Site Diagnosis,,High-Intent Repair Focus,,Emergency Availability,,Phone & Online Booking,,Sub-Zero Repair Experts,,Same-day scheduling focused on qualified repair requests and fast issue resolution.,,Book same-day or next-day service. Fast phone or SMS confirmation in minutes.,,$99 service call is credited toward repair after your approval.,,Independent insured technicians with 180-day labor and installed parts warranty.,,sub-zero,same-day,https://my-appliance-repair.pro/subzero/,,,,,Enabled,Enabled,Enabled,,,RSA v3+ quality score boost
SZ_Search_BayArea_Hyper_ExactPhrase_2026_v3,Ice Maker Same Day,Responsive search ad,v3_qs_e,Ice Maker Same-Day Repair,1,{KeyWord:Sub-Zero Repair},,Get Priority Scheduling,,No Work Without Approval,,Fast Bay Area Response,,Independent Service Team,,Insured Local Technicians,,$99 Fee Credited,,180-Day Labor Warranty,,180-Day Parts Warranty,,Clear On-Site Diagnosis,,High-Intent Repair Focus,,Emergency Availability,,Phone & Online Booking,,Sub-Zero Repair Experts,,Book same-day or next-day service. Fast phone or SMS confirmation in minutes.,,$99 service call is credited toward repair after your approval.,,Independent insured technicians with 180-day labor and installed parts warranty.,,Same-day scheduling focused on qualified repair requests and fast issue resolution.,,sub-zero,same-day,https://my-appliance-repair.pro/subzero/,,,,,Enabled,Enabled,Enabled,,,RSA v3+ quality score boost
SZ_Search_BayArea_Hyper_ExactPhrase_2026_v3,Wine Cooler Same Day,Responsive search ad,v3_qs_a,Wine Cooler Same-Day Repair,1,{KeyWord:Sub-Zero Repair},,Book Service Today,,No Work Without Approval,,Fast Bay Area Response,,Independent Service Team,,Insured Local Technicians,,$99 Fee Credited,,180-Day Labor Warranty,,180-Day Parts Warranty,,Clear On-Site Diagnosis,,High-Intent Repair Focus,,Emergency Availability,,Phone & Online Booking,,Sub-Zero Repair Experts,,Book same-day or next-day service. Fast phone or SMS confirmation in minutes.,,$99 service call is credited toward repair after your approval.,,Independent insured technicians with 180-day labor and installed parts warranty.,,Same-day scheduling focused on qualified repair requests and fast issue resolution.,,sub-zero,same-day,https://my-appliance-repair.pro/subzero/,,,,,Enabled,Enabled,Enabled,,,RSA v3+ quality score boost
SZ_Search_BayArea_Hyper_ExactPhrase_2026_v3,Wine Cooler Same Day,Responsive search ad,v3_qs_b,Wine Cooler Same-Day Repair,1,{KeyWord:Sub-Zero Repair},,Call Now For Fast Help,,No Work Without Approval,,Fast Bay Area Response,,Independent Service Team,,Insured Local Technicians,,$99 Fee Credited,,180-Day Labor Warranty,,180-Day Parts Warranty,,Clear On-Site Diagnosis,,High-Intent Repair Focus,,Emergency Availability,,Phone & Online Booking,,Sub-Zero Repair Experts,,$99 service call is credited toward repair after your approval.,,Independent insured technicians with 180-day labor and installed parts warranty.,,Same-day scheduling focused on qualified repair requests and fast issue resolution.,,Book same-day or next-day service. Fast phone or SMS confirmation in minutes.,,sub-zero,same-day,https://my-appliance-repair.pro/subzero/,,,,,Enabled,Enabled,Enabled,,,RSA v3+ quality score boost
SZ_Search_BayArea_Hyper_ExactPhrase_2026_v3,Wine Cooler Same Day,Responsive search ad,v3_qs_c,Wine Cooler Same-Day Repair,1,{KeyWord:Sub-Zero Repair},,Same-Day Slots Open,,No Work Without Approval,,Fast Bay Area Response,,Independent Service Team,,Insured Local Technicians,,$99 Fee Credited,,180-Day Labor Warranty,,180-Day Parts Warranty,,Clear On-Site Diagnosis,,High-Intent Repair Focus,,Emergency Availability,,Phone & Online Booking,,Sub-Zero Repair Experts,,Independent insured technicians with 180-day labor and installed parts warranty.,,Same-day scheduling focused on qualified repair requests and fast issue resolution.,,Book same-day or next-day service. Fast phone or SMS confirmation in minutes.,,$99 service call is credited toward repair after your approval.,,sub-zero,same-day,https://my-appliance-repair.pro/subzero/,,,,,Enabled,Enabled,Enabled,,,RSA v3+ quality score boost
SZ_Search_BayArea_Hyper_ExactPhrase_2026_v3,Wine Cooler Same Day,Responsive search ad,v3_qs_d,Wine Cooler Same-Day Repair,1,{KeyWord:Sub-Zero Repair},,Clear Diagnosis First,,No Work Without Approval,,Fast Bay Area Response,,Independent Service Team,,Insured Local Technicians,,$99 Fee Credited,,180-Day Labor Warranty,,180-Day Parts Warranty,,Clear On-Site Diagnosis,,High-Intent Repair Focus,,Emergency Availability,,Phone & Online Booking,,Sub-Zero Repair Experts,,Same-day scheduling focused on qualified repair requests and fast issue resolution.,,Book same-day or next-day service. Fast phone or SMS confirmation in minutes.,,$99 service call is credited toward repair after your approval.,,Independent insured technicians with 180-day labor and installed parts warranty.,,sub-zero,same-day,https://my-appliance-repair.pro/subzero/,,,,,Enabled,Enabled,Enabled,,,RSA v3+ quality score boost
SZ_Search_BayArea_Hyper_ExactPhrase_2026_v3,Wine Cooler Same Day,Responsive search ad,v3_qs_e,Wine Cooler Same-Day Repair,1,{KeyWord:Sub-Zero Repair},,Get Priority Scheduling,,No Work Without Approval,,Fast Bay Area Response,,Independent Service Team,,Insured Local Technicians,,$99 Fee Credited,,180-Day Labor Warranty,,180-Day Parts Warranty,,Clear On-Site Diagnosis,,High-Intent Repair Focus,,Emergency Availability,,Phone & Online Booking,,Sub-Zero Repair Experts,,Book same-day or next-day service. Fast phone or SMS confirmation in minutes.,,$99 service call is credited toward repair after your approval.,,Independent insured technicians with 180-day labor and installed parts warranty.,,Same-day scheduling focused on qualified repair requests and fast issue resolution.,,sub-zero,same-day,https://my-appliance-repair.pro/subzero/,,,,,Enabled,Enabled,Enabled,,,RSA v3+ quality score boost
SZ_Search_BayArea_Hyper_ExactPhrase_2026_v3,Refrigerator Service Call,Responsive search ad,v3_qs_a,Refrigerator Service Call,1,{KeyWord:Sub-Zero Repair},,Book Service Today,,No Work Without Approval,,Fast Bay Area Response,,Independent Service Team,,Insured Local Technicians,,$99 Fee Credited,,180-Day Labor Warranty,,180-Day Parts Warranty,,Clear On-Site Diagnosis,,High-Intent Repair Focus,,Emergency Availability,,Phone & Online Booking,,Sub-Zero Repair Experts,,Book same-day or next-day service. Fast phone or SMS confirmation in minutes.,,$99 service call is credited toward repair after your approval.,,Independent insured technicians with 180-day labor and installed parts warranty.,,Clear on-site diagnostic process with transparent next steps before any repair work.,,sub-zero,service-call,https://my-appliance-repair.pro/subzero/,,,,,Enabled,Enabled,Enabled,,,RSA v3+ quality score boost
SZ_Search_BayArea_Hyper_ExactPhrase_2026_v3,Refrigerator Service Call,Responsive search ad,v3_qs_b,Refrigerator Service Call,1,{KeyWord:Sub-Zero Repair},,Call Now For Fast Help,,No Work Without Approval,,Fast Bay Area Response,,Independent Service Team,,Insured Local Technicians,,$99 Fee Credited,,180-Day Labor Warranty,,180-Day Parts Warranty,,Clear On-Site Diagnosis,,High-Intent Repair Focus,,Emergency Availability,,Phone & Online Booking,,Sub-Zero Repair Experts,,$99 service call is credited toward repair after your approval.,,Independent insured technicians with 180-day labor and installed parts warranty.,,Clear on-site diagnostic process with transparent next steps before any repair work.,,Book same-day or next-day service. Fast phone or SMS confirmation in minutes.,,sub-zero,service-call,https://my-appliance-repair.pro/subzero/,,,,,Enabled,Enabled,Enabled,,,RSA v3+ quality score boost
SZ_Search_BayArea_Hyper_ExactPhrase_2026_v3,Refrigerator Service Call,Responsive search ad,v3_qs_c,Refrigerator Service Call,1,{KeyWord:Sub-Zero Repair},,Same-Day Slots Open,,No Work Without Approval,,Fast Bay Area Response,,Independent Service Team,,Insured Local Technicians,,$99 Fee Credited,,180-Day Labor Warranty,,180-Day Parts Warranty,,Clear On-Site Diagnosis,,High-Intent Repair Focus,,Emergency Availability,,Phone & Online Booking,,Sub-Zero Repair Experts,,Independent insured technicians with 180-day labor and installed parts warranty.,,Clear on-site diagnostic process with transparent next steps before any repair work.,,Book same-day or next-day service. Fast phone or SMS confirmation in minutes.,,$99 service call is credited toward repair after your approval.,,sub-zero,service-call,https://my-appliance-repair.pro/subzero/,,,,,Enabled,Enabled,Enabled,,,RSA v3+ quality score boost
SZ_Search_BayArea_Hyper_ExactPhrase_2026_v3,Refrigerator Service Call,Responsive search ad,v3_qs_d,Refrigerator Service Call,1,{KeyWord:Sub-Zero Repair},,Clear Diagnosis First,,No Work Without Approval,,Fast Bay Area Response,,Independent Service Team,,Insured Local Technicians,,$99 Fee Credited,,180-Day Labor Warranty,,180-Day Parts Warranty,,Clear On-Site Diagnosis,,High-Intent Repair Focus,,Emergency Availability,,Phone & Online Booking,,Sub-Zero Repair Experts,,Clear on-site diagnostic process with transparent next steps before any repair work.,,Book same-day or next-day service. Fast phone or SMS confirmation in minutes.,,$99 service call is credited toward repair after your approval.,,Independent insured technicians with 180-day labor and installed parts warranty.,,sub-zero,service-call,https://my-appliance-repair.pro/subzero/,,,,,Enabled,Enabled,Enabled,,,RSA v3+ quality score boost
SZ_Search_BayArea_Hyper_ExactPhrase_2026_v3,Refrigerator Service Call,Responsive search ad,v3_qs_e,Refrigerator Service Call,1,{KeyWord:Sub-Zero Repair},,Get Priority Scheduling,,No Work Without Approval,,Fast Bay Area Response,,Independent Service Team,,Insured Local Technicians,,$99 Fee Credited,,180-Day Labor Warranty,,180-Day Parts Warranty,,Clear On-Site Diagnosis,,High-Intent Repair Focus,,Emergency Availability,,Phone & Online Booking,,Sub-Zero Repair Experts,,Book same-day or next-day service. Fast phone or SMS confirmation in minutes.,,$99 service call is credited toward repair after your approval.,,Independent insured technicians with 180-day labor and installed parts warranty.,,Clear on-site diagnostic process with transparent next steps before any repair work.,,sub-zero,service-call,https://my-appliance-repair.pro/subzero/,,,,,Enabled,Enabled,Enabled,,,RSA v3+ quality score boost
