Campaign,Keyword,Criterion Type,Type,Comment
SZ_Search_BayArea_Hyper_ExactPhrase_2026_v3,24 sub zero fridge,Exact,Campaign negative,Expanded negative control
SZ_Search_BayArea_Hyper_ExactPhrase_2026_v3,24 sub zero refrigerator,Exact,Campaign negative,Expanded negative control
SZ_Search_BayArea_Hyper_ExactPhrase_2026_v3,24 sub zero refrigerator freezer,Exact,Campaign negative,Expanded negative control
SZ_Search_BayArea_Hyper_ExactPhrase_2026_v3,24 sub zero wine refrigerator,Exact,Campaign negative,Expanded negative control
SZ_Search_BayArea_Hyper_ExactPhrase_2026_v3,30 in sub zero fridge,Exact,Campaign negative,Expanded negative control
SZ_Search_BayArea_Hyper_ExactPhrase_2026_v3,30 inch sub zero,Exact,Campaign negative,Expanded negative control
SZ_Search_BayArea_Hyper_ExactPhrase_2026_v3,30 inch sub zero refrigerator,Exact,Campaign negative,Expanded negative control
SZ_Search_BayArea_Hyper_ExactPhrase_2026_v3,30 sub zero fridge,Exact,Campaign negative,Expanded negative control
SZ_Search_BayArea_Hyper_ExactPhrase_2026_v3,36 built in sub zero refrigerator,Exact,Campaign negative,Expanded negative control
SZ_Search_BayArea_Hyper_ExactPhrase_2026_v3,36 inch built in refrigerator sub zero,Exact,Campaign negative,Expanded negative control
SZ_Search_BayArea_Hyper_ExactPhrase_2026_v3,36 inch sub zero fridge,Exact,Campaign negative,Expanded negative control
SZ_Search_BayArea_Hyper_ExactPhrase_2026_v3,36 inch sub zero refrigerator,Exact,Campaign negative,Expanded negative control
SZ_Search_BayArea_Hyper_ExactPhrase_2026_v3,36 sub zero,Exact,Campaign negative,Expanded negative control
SZ_Search_BayArea_Hyper_ExactPhrase_2026_v3,36 sub zero refrigerator,Exact,Campaign negative,Expanded negative control
SZ_Search_BayArea_Hyper_ExactPhrase_2026_v3,36 sub zero refrigerator for sale,Exact,Campaign negative,Expanded negative control
SZ_Search_BayArea_Hyper_ExactPhrase_2026_v3,36 sub zero refrigerator freezer,Exact,Campaign negative,Expanded negative control
SZ_Search_BayArea_Hyper_ExactPhrase_2026_v3,36 wide sub zero refrigerator,Exact,Campaign negative,Expanded negative control
SZ_Search_BayArea_Hyper_ExactPhrase_2026_v3,40 ec sub zero,Exact,Campaign negative,Expanded negative control
SZ_Search_BayArea_Hyper_ExactPhrase_2026_v3,42 built in sub zero refrigerator,Exact,Campaign negative,Expanded negative control
SZ_Search_BayArea_Hyper_ExactPhrase_2026_v3,42 french door sub zero,Exact,Campaign negative,Expanded negative control
SZ_Search_BayArea_Hyper_ExactPhrase_2026_v3,42 in sub zero refrigerator,Exact,Campaign negative,Expanded negative control
SZ_Search_BayArea_Hyper_ExactPhrase_2026_v3,42 inch built in refrigerator sub zero,Exact,Campaign negative,Expanded negative control
SZ_Search_BayArea_Hyper_ExactPhrase_2026_v3,42 inch ge monogram refrigerator,Exact,Campaign negative,Expanded negative control
SZ_Search_BayArea_Hyper_ExactPhrase_2026_v3,42 inch monogram refrigerator,Exact,Campaign negative,Expanded negative control
SZ_Search_BayArea_Hyper_ExactPhrase_2026_v3,42 inch sub zero,Exact,Campaign negative,Expanded negative control
SZ_Search_BayArea_Hyper_ExactPhrase_2026_v3,42 inch sub zero fridge,Exact,Campaign negative,Expanded negative control
SZ_Search_BayArea_Hyper_ExactPhrase_2026_v3,42 inch sub zero refrigerator,Exact,Campaign negative,Expanded negative control
SZ_Search_BayArea_Hyper_ExactPhrase_2026_v3,42 inch sub zero with water dispenser,Exact,Campaign negative,Expanded negative control
SZ_Search_BayArea_Hyper_ExactPhrase_2026_v3,42 refrigerator sub zero,Exact,Campaign negative,Expanded negative control
SZ_Search_BayArea_Hyper_ExactPhrase_2026_v3,42 sub zero,Exact,Campaign negative,Expanded negative control
SZ_Search_BayArea_Hyper_ExactPhrase_2026_v3,42 sub zero french door,Exact,Campaign negative,Expanded negative control
SZ_Search_BayArea_Hyper_ExactPhrase_2026_v3,42 sub zero french door refrigerator,Exact,Campaign negative,Expanded negative control
SZ_Search_BayArea_Hyper_ExactPhrase_2026_v3,42 sub zero refrigerator,Exact,Campaign negative,Expanded negative control
SZ_Search_BayArea_Hyper_ExactPhrase_2026_v3,48 built in refrigerator sub zero,Exact,Campaign negative,Expanded negative control
SZ_Search_BayArea_Hyper_ExactPhrase_2026_v3,48 in sub zero refrigerator,Exact,Campaign negative,Expanded negative control
SZ_Search_BayArea_Hyper_ExactPhrase_2026_v3,48 inch 60 inch 48 inch sub zero fridge,Exact,Campaign negative,Expanded negative control
SZ_Search_BayArea_Hyper_ExactPhrase_2026_v3,48 inch monogram refrigerator,Exact,Campaign negative,Expanded negative control
SZ_Search_BayArea_Hyper_ExactPhrase_2026_v3,48 inch sub zero,Exact,Campaign negative,Expanded negative control
SZ_Search_BayArea_Hyper_ExactPhrase_2026_v3,48 inch sub zero fridge,Exact,Campaign negative,Expanded negative control
SZ_Search_BayArea_Hyper_ExactPhrase_2026_v3,48 inch sub zero refrigerator,Exact,Campaign negative,Expanded negative control
SZ_Search_BayArea_Hyper_ExactPhrase_2026_v3,48 inch sub zero refrigerator for sale,Exact,Campaign negative,Expanded negative control
SZ_Search_BayArea_Hyper_ExactPhrase_2026_v3,48 inch thermador range,Exact,Campaign negative,Expanded negative control
SZ_Search_BayArea_Hyper_ExactPhrase_2026_v3,48 refrigerator sub zero,Exact,Campaign negative,Expanded negative control
SZ_Search_BayArea_Hyper_ExactPhrase_2026_v3,48 sub zero,Exact,Campaign negative,Expanded negative control
SZ_Search_BayArea_Hyper_ExactPhrase_2026_v3,48 sub zero french door,Exact,Campaign negative,Expanded negative control
SZ_Search_BayArea_Hyper_ExactPhrase_2026_v3,48 sub zero refrigerator,Exact,Campaign negative,Expanded negative control
SZ_Search_BayArea_Hyper_ExactPhrase_2026_v3,48 sub zero refrigerator specs,Exact,Campaign negative,Expanded negative control
SZ_Search_BayArea_Hyper_ExactPhrase_2026_v3,48 sub zero refrigerators,Exact,Campaign negative,Expanded negative control
SZ_Search_BayArea_Hyper_ExactPhrase_2026_v3,48 sub zero side by side,Exact,Campaign negative,Expanded negative control
SZ_Search_BayArea_Hyper_ExactPhrase_2026_v3,48 sub zero side by side refrigerator,Exact,Campaign negative,Expanded negative control
SZ_Search_BayArea_Hyper_ExactPhrase_2026_v3,50 ec sub zero,Exact,Campaign negative,Expanded negative control
SZ_Search_BayArea_Hyper_ExactPhrase_2026_v3,50s fridge,Phrase,Campaign negative,Expanded negative control
SZ_Search_BayArea_Hyper_ExactPhrase_2026_v3,550 sub zero,Exact,Campaign negative,Expanded negative control
SZ_Search_BayArea_Hyper_ExactPhrase_2026_v3,561 sub zero,Exact,Campaign negative,Expanded negative control
SZ_Search_BayArea_Hyper_ExactPhrase_2026_v3,60s fridge,Phrase,Campaign negative,Expanded negative control
SZ_Search_BayArea_Hyper_ExactPhrase_2026_v3,632 s sub zero,Exact,Campaign negative,Expanded negative control
SZ_Search_BayArea_Hyper_ExactPhrase_2026_v3,642 s sub zero,Exact,Campaign negative,Expanded negative control
SZ_Search_BayArea_Hyper_ExactPhrase_2026_v3,650 sub zero,Exact,Campaign negative,Expanded negative control
SZ_Search_BayArea_Hyper_ExactPhrase_2026_v3,70s fridge,Phrase,Campaign negative,Expanded negative control
SZ_Search_BayArea_Hyper_ExactPhrase_2026_v3,72 inch sub zero refrigerator,Exact,Campaign negative,Expanded negative control
SZ_Search_BayArea_Hyper_ExactPhrase_2026_v3,736tc sub zero,Exact,Campaign negative,Expanded negative control
SZ_Search_BayArea_Hyper_ExactPhrase_2026_v3,ac,Broad,Campaign negative,Expanded negative control
SZ_Search_BayArea_Hyper_ExactPhrase_2026_v3,accessories,Broad,Campaign negative,Expanded negative control
SZ_Search_BayArea_Hyper_ExactPhrase_2026_v3,adding freon to sub zero refrigerator,Exact,Campaign negative,Expanded negative control
SZ_Search_BayArea_Hyper_ExactPhrase_2026_v3,adjustment,Broad,Campaign negative,Expanded negative control
SZ_Search_BayArea_Hyper_ExactPhrase_2026_v3,advertising magnet,Phrase,Campaign negative,Expanded negative control
SZ_Search_BayArea_Hyper_ExactPhrase_2026_v3,aftermarket,Broad,Campaign negative,Expanded negative control
SZ_Search_BayArea_Hyper_ExactPhrase_2026_v3,ai fridge,Phrase,Campaign negative,Expanded negative control
SZ_Search_BayArea_Hyper_ExactPhrase_2026_v3,air filter,Phrase,Campaign negative,Expanded negative control
SZ_Search_BayArea_Hyper_ExactPhrase_2026_v3,air force fridge,Phrase,Campaign negative,Expanded negative control
SZ_Search_BayArea_Hyper_ExactPhrase_2026_v3,air purification cartridge sub zero,Exact,Campaign negative,Expanded negative control
SZ_Search_BayArea_Hyper_ExactPhrase_2026_v3,albuquerque,Broad,Campaign negative,Expanded negative control
SZ_Search_BayArea_Hyper_ExactPhrase_2026_v3,alexa cooler,Phrase,Campaign negative,Expanded negative control
SZ_Search_BayArea_Hyper_ExactPhrase_2026_v3,alexa fridge,Phrase,Campaign negative,Expanded negative control
SZ_Search_BayArea_Hyper_ExactPhrase_2026_v3,aluminum fridge,Phrase,Campaign negative,Expanded negative control
SZ_Search_BayArea_Hyper_ExactPhrase_2026_v3,amana,Broad,Campaign negative,Expanded negative control
SZ_Search_BayArea_Hyper_ExactPhrase_2026_v3,amazon,Broad,Campaign negative,Expanded negative control
SZ_Search_BayArea_Hyper_ExactPhrase_2026_v3,annual maintenance,Phrase,Campaign negative,Expanded negative control
SZ_Search_BayArea_Hyper_ExactPhrase_2026_v3,answers,Broad,Campaign negative,Expanded negative control
SZ_Search_BayArea_Hyper_ExactPhrase_2026_v3,antique fridge,Phrase,Campaign negative,Expanded negative control
SZ_Search_BayArea_Hyper_ExactPhrase_2026_v3,app,Broad,Campaign negative,Expanded negative control
SZ_Search_BayArea_Hyper_ExactPhrase_2026_v3,app controlled fridge,Phrase,Campaign negative,Expanded negative control
SZ_Search_BayArea_Hyper_ExactPhrase_2026_v3,app fridge,Phrase,Campaign negative,Expanded negative control
SZ_Search_BayArea_Hyper_ExactPhrase_2026_v3,appliance sub zero,Exact,Campaign negative,Expanded negative control
SZ_Search_BayArea_Hyper_ExactPhrase_2026_v3,aquarium cooler,Phrase,Campaign negative,Expanded negative control
SZ_Search_BayArea_Hyper_ExactPhrase_2026_v3,are sub zero fridges worth it,Exact,Campaign negative,Expanded negative control
SZ_Search_BayArea_Hyper_ExactPhrase_2026_v3,are sub zero refrigerators noisy,Exact,Campaign negative,Expanded negative control
SZ_Search_BayArea_Hyper_ExactPhrase_2026_v3,are sub zero refrigerators worth it,Exact,Campaign negative,Expanded negative control
SZ_Search_BayArea_Hyper_ExactPhrase_2026_v3,army cooler,Phrase,Campaign negative,Expanded negative control
SZ_Search_BayArea_Hyper_ExactPhrase_2026_v3,art fridge,Phrase,Campaign negative,Expanded negative control
SZ_Search_BayArea_Hyper_ExactPhrase_2026_v3,art magnet,Phrase,Campaign negative,Expanded negative control
SZ_Search_BayArea_Hyper_ExactPhrase_2026_v3,artistic fridge,Phrase,Campaign negative,Expanded negative control
SZ_Search_BayArea_Hyper_ExactPhrase_2026_v3,atlanta,Broad,Campaign negative,Expanded negative control
SZ_Search_BayArea_Hyper_ExactPhrase_2026_v3,attic fridge,Phrase,Campaign negative,Expanded negative control
SZ_Search_BayArea_Hyper_ExactPhrase_2026_v3,auction,Broad,Campaign negative,Expanded negative control
SZ_Search_BayArea_Hyper_ExactPhrase_2026_v3,authorized,Broad,Campaign negative,Expanded negative control
SZ_Search_BayArea_Hyper_ExactPhrase_2026_v3,automatic fridge,Phrase,Campaign negative,Expanded negative control
SZ_Search_BayArea_Hyper_ExactPhrase_2026_v3,bakery cooler,Phrase,Campaign negative,Expanded negative control
SZ_Search_BayArea_Hyper_ExactPhrase_2026_v3,banquet fridge,Phrase,Campaign negative,Expanded negative control
SZ_Search_BayArea_Hyper_ExactPhrase_2026_v3,bar cooler,Phrase,Campaign negative,Expanded negative control
SZ_Search_BayArea_Hyper_ExactPhrase_2026_v3,bar fridge,Phrase,Campaign negative,Expanded negative control
SZ_Search_BayArea_Hyper_ExactPhrase_2026_v3,barbie fridge,Phrase,Campaign negative,Expanded negative control
SZ_Search_BayArea_Hyper_ExactPhrase_2026_v3,base cooler,Phrase,Campaign negative,Expanded negative control
SZ_Search_BayArea_Hyper_ExactPhrase_2026_v3,basement fridge,Phrase,Campaign negative,Expanded negative control
SZ_Search_BayArea_Hyper_ExactPhrase_2026_v3,beer chiller,Phrase,Campaign negative,Expanded negative control
SZ_Search_BayArea_Hyper_ExactPhrase_2026_v3,beer cooler,Phrase,Campaign negative,Expanded negative control
SZ_Search_BayArea_Hyper_ExactPhrase_2026_v3,bellevue,Broad,Campaign negative,Expanded negative control
SZ_Search_BayArea_Hyper_ExactPhrase_2026_v3,best,Broad,Campaign negative,Expanded negative control
SZ_Search_BayArea_Hyper_ExactPhrase_2026_v3,best buy,Phrase,Campaign negative,Expanded negative control
SZ_Search_BayArea_Hyper_ExactPhrase_2026_v3,best fridge,Phrase,Campaign negative,Expanded negative control
SZ_Search_BayArea_Hyper_ExactPhrase_2026_v3,beverage center sub zero,Exact,Campaign negative,Expanded negative control
SZ_Search_BayArea_Hyper_ExactPhrase_2026_v3,beverage drawers sub zero,Exact,Campaign negative,Expanded negative control
SZ_Search_BayArea_Hyper_ExactPhrase_2026_v3,beverage fridge,Phrase,Campaign negative,Expanded negative control
SZ_Search_BayArea_Hyper_ExactPhrase_2026_v3,bi 42 sub zero,Exact,Campaign negative,Expanded negative control
SZ_Search_BayArea_Hyper_ExactPhrase_2026_v3,bi 42sd s th,Exact,Campaign negative,Expanded negative control
SZ_Search_BayArea_Hyper_ExactPhrase_2026_v3,bi 42ufdid o,Exact,Campaign negative,Expanded negative control
SZ_Search_BayArea_Hyper_ExactPhrase_2026_v3,bi36 sub zero,Exact,Campaign negative,Expanded negative control
SZ_Search_BayArea_Hyper_ExactPhrase_2026_v3,bio fridge,Phrase,Campaign negative,Expanded negative control
SZ_Search_BayArea_Hyper_ExactPhrase_2026_v3,biology fridge,Phrase,Campaign negative,Expanded negative control
SZ_Search_BayArea_Hyper_ExactPhrase_2026_v3,black fridge,Phrase,Campaign negative,Expanded negative control
SZ_Search_BayArea_Hyper_ExactPhrase_2026_v3,blast chiller,Phrase,Campaign negative,Expanded negative control
SZ_Search_BayArea_Hyper_ExactPhrase_2026_v3,blue fridge,Phrase,Campaign negative,Expanded negative control
SZ_Search_BayArea_Hyper_ExactPhrase_2026_v3,blueprint,Broad,Campaign negative,Expanded negative control
SZ_Search_BayArea_Hyper_ExactPhrase_2026_v3,bluetooth fridge,Phrase,Campaign negative,Expanded negative control
SZ_Search_BayArea_Hyper_ExactPhrase_2026_v3,boat fridge,Phrase,Campaign negative,Expanded negative control
SZ_Search_BayArea_Hyper_ExactPhrase_2026_v3,boca,Broad,Campaign negative,Expanded negative control
SZ_Search_BayArea_Hyper_ExactPhrase_2026_v3,body fridge,Phrase,Campaign negative,Expanded negative control
SZ_Search_BayArea_Hyper_ExactPhrase_2026_v3,bond,Broad,Campaign negative,Expanded negative control
SZ_Search_BayArea_Hyper_ExactPhrase_2026_v3,bosch,Broad,Campaign negative,Expanded negative control
SZ_Search_BayArea_Hyper_ExactPhrase_2026_v3,bosch filter,Phrase,Campaign negative,Expanded negative control
SZ_Search_BayArea_Hyper_ExactPhrase_2026_v3,boston,Broad,Campaign negative,Expanded negative control
SZ_Search_BayArea_Hyper_ExactPhrase_2026_v3,brand new,Broad,Campaign negative,Expanded negative control
SZ_Search_BayArea_Hyper_ExactPhrase_2026_v3,branded cooler,Phrase,Campaign negative,Expanded negative control
SZ_Search_BayArea_Hyper_ExactPhrase_2026_v3,brazil,Broad,Campaign negative,Expanded negative control
SZ_Search_BayArea_Hyper_ExactPhrase_2026_v3,broiler,Broad,Campaign negative,Expanded negative control
SZ_Search_BayArea_Hyper_ExactPhrase_2026_v3,broken fridge,Phrase,Campaign negative,Expanded negative control
SZ_Search_BayArea_Hyper_ExactPhrase_2026_v3,brooklyn,Broad,Campaign negative,Expanded negative control
SZ_Search_BayArea_Hyper_ExactPhrase_2026_v3,budget,Broad,Campaign negative,Expanded negative control
SZ_Search_BayArea_Hyper_ExactPhrase_2026_v3,built in fridge sub zero,Exact,Campaign negative,Expanded negative control
SZ_Search_BayArea_Hyper_ExactPhrase_2026_v3,built in sub zero,Exact,Campaign negative,Expanded negative control
SZ_Search_BayArea_Hyper_ExactPhrase_2026_v3,built in sub zero fridge,Exact,Campaign negative,Expanded negative control
SZ_Search_BayArea_Hyper_ExactPhrase_2026_v3,built in sub zero refrigerator,Exact,Campaign negative,Expanded negative control
SZ_Search_BayArea_Hyper_ExactPhrase_2026_v3,butcher fridge,Phrase,Campaign negative,Expanded negative control
SZ_Search_BayArea_Hyper_ExactPhrase_2026_v3,button repair,Phrase,Campaign negative,Expanded negative control
SZ_Search_BayArea_Hyper_ExactPhrase_2026_v3,buy,Broad,Campaign negative,Expanded negative control
SZ_Search_BayArea_Hyper_ExactPhrase_2026_v3,buy filter,Phrase,Campaign negative,Expanded negative control
SZ_Search_BayArea_Hyper_ExactPhrase_2026_v3,buy freezer,Phrase,Campaign negative,Expanded negative control
SZ_Search_BayArea_Hyper_ExactPhrase_2026_v3,buy ice machine,Phrase,Campaign negative,Expanded negative control
SZ_Search_BayArea_Hyper_ExactPhrase_2026_v3,buy online,Broad,Campaign negative,Expanded negative control
SZ_Search_BayArea_Hyper_ExactPhrase_2026_v3,buy part,Phrase,Campaign negative,Expanded negative control
SZ_Search_BayArea_Hyper_ExactPhrase_2026_v3,buy refrigerator,Phrase,Campaign negative,Expanded negative control
SZ_Search_BayArea_Hyper_ExactPhrase_2026_v3,bypass,Broad,Campaign negative,Expanded negative control
SZ_Search_BayArea_Hyper_ExactPhrase_2026_v3,cabin fridge,Phrase,Campaign negative,Expanded negative control
SZ_Search_BayArea_Hyper_ExactPhrase_2026_v3,cadaver cooler,Phrase,Campaign negative,Expanded negative control
SZ_Search_BayArea_Hyper_ExactPhrase_2026_v3,cafe equipment,Phrase,Campaign negative,Expanded negative control
SZ_Search_BayArea_Hyper_ExactPhrase_2026_v3,cafe fridge,Phrase,Campaign negative,Expanded negative control
SZ_Search_BayArea_Hyper_ExactPhrase_2026_v3,cafeteria,Phrase,Campaign negative,Expanded negative control
SZ_Search_BayArea_Hyper_ExactPhrase_2026_v3,calibrate,Broad,Campaign negative,Expanded negative control
SZ_Search_BayArea_Hyper_ExactPhrase_2026_v3,calibration,Broad,Campaign negative,Expanded negative control
SZ_Search_BayArea_Hyper_ExactPhrase_2026_v3,call center,Phrase,Campaign negative,Expanded negative control
SZ_Search_BayArea_Hyper_ExactPhrase_2026_v3,call sub zero,Exact,Campaign negative,Expanded negative control
SZ_Search_BayArea_Hyper_ExactPhrase_2026_v3,call support fridge,Phrase,Campaign negative,Expanded negative control
SZ_Search_BayArea_Hyper_ExactPhrase_2026_v3,camping cooler,Phrase,Campaign negative,Expanded negative control
SZ_Search_BayArea_Hyper_ExactPhrase_2026_v3,camping fridge,Phrase,Campaign negative,Expanded negative control
SZ_Search_BayArea_Hyper_ExactPhrase_2026_v3,canada,Broad,Campaign negative,Expanded negative control
SZ_Search_BayArea_Hyper_ExactPhrase_2026_v3,capacitor,Broad,Campaign negative,Expanded negative control
SZ_Search_BayArea_Hyper_ExactPhrase_2026_v3,car fridge,Phrase,Campaign negative,Expanded negative control
SZ_Search_BayArea_Hyper_ExactPhrase_2026_v3,carbon filter,Phrase,Campaign negative,Expanded negative control
SZ_Search_BayArea_Hyper_ExactPhrase_2026_v3,career,Broad,Campaign negative,Expanded negative control
SZ_Search_BayArea_Hyper_ExactPhrase_2026_v3,catalog,Broad,Campaign negative,Expanded negative control
SZ_Search_BayArea_Hyper_ExactPhrase_2026_v3,catering,Broad,Campaign negative,Expanded negative control
SZ_Search_BayArea_Hyper_ExactPhrase_2026_v3,catering fridge,Phrase,Campaign negative,Expanded negative control
SZ_Search_BayArea_Hyper_ExactPhrase_2026_v3,certificate,Broad,Campaign negative,Expanded negative control
SZ_Search_BayArea_Hyper_ExactPhrase_2026_v3,certification,Broad,Campaign negative,Expanded negative control
SZ_Search_BayArea_Hyper_ExactPhrase_2026_v3,change,Broad,Campaign negative,Expanded negative control
SZ_Search_BayArea_Hyper_ExactPhrase_2026_v3,changing light bulb in sub zero refrigerator,Exact,Campaign negative,Expanded negative control
SZ_Search_BayArea_Hyper_ExactPhrase_2026_v3,changing sub zero water filter,Exact,Campaign negative,Expanded negative control
SZ_Search_BayArea_Hyper_ExactPhrase_2026_v3,changing water filter on sub zero fridge,Exact,Campaign negative,Expanded negative control
SZ_Search_BayArea_Hyper_ExactPhrase_2026_v3,charity fridge,Phrase,Campaign negative,Expanded negative control
SZ_Search_BayArea_Hyper_ExactPhrase_2026_v3,cheap,Broad,Campaign negative,Expanded negative control
SZ_Search_BayArea_Hyper_ExactPhrase_2026_v3,cheapest,Broad,Campaign negative,Expanded negative control
SZ_Search_BayArea_Hyper_ExactPhrase_2026_v3,cheese fridge,Phrase,Campaign negative,Expanded negative control
SZ_Search_BayArea_Hyper_ExactPhrase_2026_v3,chicago,Broad,Campaign negative,Expanded negative control
SZ_Search_BayArea_Hyper_ExactPhrase_2026_v3,children fridge,Phrase,Campaign negative,Expanded negative control
SZ_Search_BayArea_Hyper_ExactPhrase_2026_v3,chiller,Phrase,Campaign negative,Expanded negative control
SZ_Search_BayArea_Hyper_ExactPhrase_2026_v3,church fridge,Phrase,Campaign negative,Expanded negative control
SZ_Search_BayArea_Hyper_ExactPhrase_2026_v3,cincinnati,Broad,Campaign negative,Expanded negative control
SZ_Search_BayArea_Hyper_ExactPhrase_2026_v3,circuit board,Phrase,Campaign negative,Expanded negative control
SZ_Search_BayArea_Hyper_ExactPhrase_2026_v3,cl3650,Exact,Campaign negative,Expanded negative control
SZ_Search_BayArea_Hyper_ExactPhrase_2026_v3,cl3650f o l,Exact,Campaign negative,Expanded negative control
SZ_Search_BayArea_Hyper_ExactPhrase_2026_v3,cl3650u o,Exact,Campaign negative,Expanded negative control
SZ_Search_BayArea_Hyper_ExactPhrase_2026_v3,cl3650u o l,Exact,Campaign negative,Expanded negative control
SZ_Search_BayArea_Hyper_ExactPhrase_2026_v3,cl3650u o r,Exact,Campaign negative,Expanded negative control
SZ_Search_BayArea_Hyper_ExactPhrase_2026_v3,cl3650u s p r,Exact,Campaign negative,Expanded negative control
SZ_Search_BayArea_Hyper_ExactPhrase_2026_v3,cl3650ufd o,Exact,Campaign negative,Expanded negative control
SZ_Search_BayArea_Hyper_ExactPhrase_2026_v3,cl3650ufdid o,Exact,Campaign negative,Expanded negative control
SZ_Search_BayArea_Hyper_ExactPhrase_2026_v3,cl3650ufdidsp,Exact,Campaign negative,Expanded negative control
SZ_Search_BayArea_Hyper_ExactPhrase_2026_v3,cl3650uid o l,Exact,Campaign negative,Expanded negative control
SZ_Search_BayArea_Hyper_ExactPhrase_2026_v3,cl3650uidspr,Exact,Campaign negative,Expanded negative control
SZ_Search_BayArea_Hyper_ExactPhrase_2026_v3,cl4250s o,Exact,Campaign negative,Expanded negative control
SZ_Search_BayArea_Hyper_ExactPhrase_2026_v3,cl4250sd o,Exact,Campaign negative,Expanded negative control
SZ_Search_BayArea_Hyper_ExactPhrase_2026_v3,cl4250sid o,Exact,Campaign negative,Expanded negative control
SZ_Search_BayArea_Hyper_ExactPhrase_2026_v3,cl4250sst,Exact,Campaign negative,Expanded negative control
SZ_Search_BayArea_Hyper_ExactPhrase_2026_v3,cl4250ufdid o,Exact,Campaign negative,Expanded negative control
SZ_Search_BayArea_Hyper_ExactPhrase_2026_v3,cl4250ufdid o panel specs,Exact,Campaign negative,Expanded negative control
SZ_Search_BayArea_Hyper_ExactPhrase_2026_v3,cl4250ufdid o sub zero,Exact,Campaign negative,Expanded negative control
SZ_Search_BayArea_Hyper_ExactPhrase_2026_v3,cl4850s o,Exact,Campaign negative,Expanded negative control
SZ_Search_BayArea_Hyper_ExactPhrase_2026_v3,cl4850s o sub zero,Exact,Campaign negative,Expanded negative control
SZ_Search_BayArea_Hyper_ExactPhrase_2026_v3,cl4850sid o,Exact,Campaign negative,Expanded negative control
SZ_Search_BayArea_Hyper_ExactPhrase_2026_v3,cl4850so,Exact,Campaign negative,Expanded negative control
SZ_Search_BayArea_Hyper_ExactPhrase_2026_v3,cl4850ufd o,Exact,Campaign negative,Expanded negative control
SZ_Search_BayArea_Hyper_ExactPhrase_2026_v3,cl4850ufd s t,Exact,Campaign negative,Expanded negative control
SZ_Search_BayArea_Hyper_ExactPhrase_2026_v3,cl4850ufdid 0,Exact,Campaign negative,Expanded negative control
SZ_Search_BayArea_Hyper_ExactPhrase_2026_v3,cl4850ufdid o,Exact,Campaign negative,Expanded negative control
SZ_Search_BayArea_Hyper_ExactPhrase_2026_v3,cl4850ufdidsp,Exact,Campaign negative,Expanded negative control
SZ_Search_BayArea_Hyper_ExactPhrase_2026_v3,cl4850ufdsp,Exact,Campaign negative,Expanded negative control
SZ_Search_BayArea_Hyper_ExactPhrase_2026_v3,claim,Broad,Campaign negative,Expanded negative control
SZ_Search_BayArea_Hyper_ExactPhrase_2026_v3,claim fridge,Phrase,Campaign negative,Expanded negative control
SZ_Search_BayArea_Hyper_ExactPhrase_2026_v3,claims,Broad,Campaign negative,Expanded negative control
SZ_Search_BayArea_Hyper_ExactPhrase_2026_v3,class,Broad,Campaign negative,Expanded negative control
SZ_Search_BayArea_Hyper_ExactPhrase_2026_v3,class action,Phrase,Campaign negative,Expanded negative control
SZ_Search_BayArea_Hyper_ExactPhrase_2026_v3,classic fridge,Phrase,Campaign negative,Expanded negative control
SZ_Search_BayArea_Hyper_ExactPhrase_2026_v3,classic sub zero,Exact,Campaign negative,Expanded negative control
SZ_Search_BayArea_Hyper_ExactPhrase_2026_v3,clean,Broad,Campaign negative,Expanded negative control
SZ_Search_BayArea_Hyper_ExactPhrase_2026_v3,clean wolf range top,Exact,Campaign negative,Expanded negative control
SZ_Search_BayArea_Hyper_ExactPhrase_2026_v3,clean wolf stove top,Exact,Campaign negative,Expanded negative control
SZ_Search_BayArea_Hyper_ExactPhrase_2026_v3,cleaner,Broad,Campaign negative,Expanded negative control
SZ_Search_BayArea_Hyper_ExactPhrase_2026_v3,cleaning,Broad,Campaign negative,Expanded negative control
SZ_Search_BayArea_Hyper_ExactPhrase_2026_v3,client,Broad,Campaign negative,Expanded negative control
SZ_Search_BayArea_Hyper_ExactPhrase_2026_v3,clinic fridge,Phrase,Campaign negative,Expanded negative control
SZ_Search_BayArea_Hyper_ExactPhrase_2026_v3,closer,Broad,Campaign negative,Expanded negative control
SZ_Search_BayArea_Hyper_ExactPhrase_2026_v3,code,Broad,Campaign negative,Expanded negative control
SZ_Search_BayArea_Hyper_ExactPhrase_2026_v3,coffee,Broad,Campaign negative,Expanded negative control
SZ_Search_BayArea_Hyper_ExactPhrase_2026_v3,coffee maker repair,Phrase,Campaign negative,Expanded negative control
SZ_Search_BayArea_Hyper_ExactPhrase_2026_v3,coffee vending,Phrase,Campaign negative,Expanded negative control
SZ_Search_BayArea_Hyper_ExactPhrase_2026_v3,coil cleaning,Phrase,Campaign negative,Expanded negative control
SZ_Search_BayArea_Hyper_ExactPhrase_2026_v3,cold chamber,Phrase,Campaign negative,Expanded negative control
SZ_Search_BayArea_Hyper_ExactPhrase_2026_v3,cold room,Phrase,Campaign negative,Expanded negative control
SZ_Search_BayArea_Hyper_ExactPhrase_2026_v3,cold storage,Phrase,Campaign negative,Expanded negative control
SZ_Search_BayArea_Hyper_ExactPhrase_2026_v3,cold warehouse,Phrase,Campaign negative,Expanded negative control
SZ_Search_BayArea_Hyper_ExactPhrase_2026_v3,coleman cooler,Phrase,Campaign negative,Expanded negative control
SZ_Search_BayArea_Hyper_ExactPhrase_2026_v3,collectible fridge,Phrase,Campaign negative,Expanded negative control
SZ_Search_BayArea_Hyper_ExactPhrase_2026_v3,collection,Broad,Campaign negative,Expanded negative control
SZ_Search_BayArea_Hyper_ExactPhrase_2026_v3,collection magnet,Phrase,Campaign negative,Expanded negative control
SZ_Search_BayArea_Hyper_ExactPhrase_2026_v3,college,Broad,Campaign negative,Expanded negative control
SZ_Search_BayArea_Hyper_ExactPhrase_2026_v3,college fridge,Phrase,Campaign negative,Expanded negative control
SZ_Search_BayArea_Hyper_ExactPhrase_2026_v3,colorful fridge,Phrase,Campaign negative,Expanded negative control
SZ_Search_BayArea_Hyper_ExactPhrase_2026_v3,com,Broad,Campaign negative,Expanded negative control
SZ_Search_BayArea_Hyper_ExactPhrase_2026_v3,commercial kitchen,Phrase,Campaign negative,Expanded negative control
SZ_Search_BayArea_Hyper_ExactPhrase_2026_v3,commercial sub zero,Exact,Campaign negative,Expanded negative control
SZ_Search_BayArea_Hyper_ExactPhrase_2026_v3,compare,Broad,Campaign negative,Expanded negative control
SZ_Search_BayArea_Hyper_ExactPhrase_2026_v3,complaints,Broad,Campaign negative,Expanded negative control
SZ_Search_BayArea_Hyper_ExactPhrase_2026_v3,compressor for sale,Phrase,Campaign negative,Expanded negative control
SZ_Search_BayArea_Hyper_ExactPhrase_2026_v3,compressor for sub zero refrigerator,Exact,Campaign negative,Expanded negative control
SZ_Search_BayArea_Hyper_ExactPhrase_2026_v3,compressor price,Phrase,Campaign negative,Expanded negative control
SZ_Search_BayArea_Hyper_ExactPhrase_2026_v3,computer fridge,Phrase,Campaign negative,Expanded negative control
SZ_Search_BayArea_Hyper_ExactPhrase_2026_v3,condenser,Broad,Campaign negative,Expanded negative control
SZ_Search_BayArea_Hyper_ExactPhrase_2026_v3,condenser cleaning,Phrase,Campaign negative,Expanded negative control
SZ_Search_BayArea_Hyper_ExactPhrase_2026_v3,congelador sub zero,Exact,Campaign negative,Expanded negative control
SZ_Search_BayArea_Hyper_ExactPhrase_2026_v3,connect sub zero to wifi,Exact,Campaign negative,Expanded negative control
SZ_Search_BayArea_Hyper_ExactPhrase_2026_v3,connected fridge,Phrase,Campaign negative,Expanded negative control
SZ_Search_BayArea_Hyper_ExactPhrase_2026_v3,contact,Broad,Campaign negative,Expanded negative control
SZ_Search_BayArea_Hyper_ExactPhrase_2026_v3,contact sub zero,Exact,Campaign negative,Expanded negative control
SZ_Search_BayArea_Hyper_ExactPhrase_2026_v3,container fridge,Phrase,Campaign negative,Expanded negative control
SZ_Search_BayArea_Hyper_ExactPhrase_2026_v3,contractor,Broad,Campaign negative,Expanded negative control
SZ_Search_BayArea_Hyper_ExactPhrase_2026_v3,control board,Phrase,Campaign negative,Expanded negative control
SZ_Search_BayArea_Hyper_ExactPhrase_2026_v3,cooler bag,Phrase,Campaign negative,Expanded negative control
SZ_Search_BayArea_Hyper_ExactPhrase_2026_v3,cooler dispenser,Phrase,Campaign negative,Expanded negative control
SZ_Search_BayArea_Hyper_ExactPhrase_2026_v3,copper fridge,Phrase,Campaign negative,Expanded negative control
SZ_Search_BayArea_Hyper_ExactPhrase_2026_v3,corporate,Broad,Campaign negative,Expanded negative control
SZ_Search_BayArea_Hyper_ExactPhrase_2026_v3,corporate fridge,Phrase,Campaign negative,Expanded negative control
SZ_Search_BayArea_Hyper_ExactPhrase_2026_v3,cost,Broad,Campaign negative,Expanded negative control
SZ_Search_BayArea_Hyper_ExactPhrase_2026_v3,cost of a sub zero refrigerator,Exact,Campaign negative,Expanded negative control
SZ_Search_BayArea_Hyper_ExactPhrase_2026_v3,cost of new sub zero refrigerator,Exact,Campaign negative,Expanded negative control
SZ_Search_BayArea_Hyper_ExactPhrase_2026_v3,cost of sub zero fridge,Exact,Campaign negative,Expanded negative control
SZ_Search_BayArea_Hyper_ExactPhrase_2026_v3,cost of sub zero pro 48 refrigerator,Exact,Campaign negative,Expanded negative control
SZ_Search_BayArea_Hyper_ExactPhrase_2026_v3,cost of sub zero refrigerator,Exact,Campaign negative,Expanded negative control
SZ_Search_BayArea_Hyper_ExactPhrase_2026_v3,cost of sub zero refrigerator freezer,Exact,Campaign negative,Expanded negative control
SZ_Search_BayArea_Hyper_ExactPhrase_2026_v3,cost sub zero refrigerator,Exact,Campaign negative,Expanded negative control
SZ_Search_BayArea_Hyper_ExactPhrase_2026_v3,costco,Broad,Campaign negative,Expanded negative control
SZ_Search_BayArea_Hyper_ExactPhrase_2026_v3,cottage fridge,Phrase,Campaign negative,Expanded negative control
SZ_Search_BayArea_Hyper_ExactPhrase_2026_v3,country fridge,Phrase,Campaign negative,Expanded negative control
SZ_Search_BayArea_Hyper_ExactPhrase_2026_v3,coupon,Broad,Campaign negative,Expanded negative control
SZ_Search_BayArea_Hyper_ExactPhrase_2026_v3,course,Broad,Campaign negative,Expanded negative control
SZ_Search_BayArea_Hyper_ExactPhrase_2026_v3,cove,Broad,Campaign negative,Expanded negative control
SZ_Search_BayArea_Hyper_ExactPhrase_2026_v3,cove sub zero,Exact,Campaign negative,Expanded negative control
SZ_Search_BayArea_Hyper_ExactPhrase_2026_v3,cove sub zero wolf,Exact,Campaign negative,Expanded negative control
SZ_Search_BayArea_Hyper_ExactPhrase_2026_v3,cove wolf sub zero,Exact,Campaign negative,Expanded negative control
SZ_Search_BayArea_Hyper_ExactPhrase_2026_v3,craft magnet,Phrase,Campaign negative,Expanded negative control
SZ_Search_BayArea_Hyper_ExactPhrase_2026_v3,craigslist,Broad,Campaign negative,Expanded negative control
SZ_Search_BayArea_Hyper_ExactPhrase_2026_v3,craigslist fridge,Phrase,Campaign negative,Expanded negative control
SZ_Search_BayArea_Hyper_ExactPhrase_2026_v3,cream,Broad,Campaign negative,Expanded negative control
SZ_Search_BayArea_Hyper_ExactPhrase_2026_v3,cryogenic,Broad,Campaign negative,Expanded negative control
SZ_Search_BayArea_Hyper_ExactPhrase_2026_v3,cuanto cuesta un refrigerador sub zero,Exact,Campaign negative,Expanded negative control
SZ_Search_BayArea_Hyper_ExactPhrase_2026_v3,custom fridge magnet,Phrase,Campaign negative,Expanded negative control
SZ_Search_BayArea_Hyper_ExactPhrase_2026_v3,custom fridge sticker,Phrase,Campaign negative,Expanded negative control
SZ_Search_BayArea_Hyper_ExactPhrase_2026_v3,custom panels for sub zero refrigerator,Exact,Campaign negative,Expanded negative control
SZ_Search_BayArea_Hyper_ExactPhrase_2026_v3,custom sub zero,Exact,Campaign negative,Expanded negative control
SZ_Search_BayArea_Hyper_ExactPhrase_2026_v3,custom wrap fridge,Phrase,Campaign negative,Expanded negative control
SZ_Search_BayArea_Hyper_ExactPhrase_2026_v3,customer,Broad,Campaign negative,Expanded negative control
SZ_Search_BayArea_Hyper_ExactPhrase_2026_v3,customer service,Phrase,Campaign negative,Expanded negative control
SZ_Search_BayArea_Hyper_ExactPhrase_2026_v3,dairy fridge,Phrase,Campaign negative,Expanded negative control
SZ_Search_BayArea_Hyper_ExactPhrase_2026_v3,dallas,Broad,Campaign negative,Expanded negative control
SZ_Search_BayArea_Hyper_ExactPhrase_2026_v3,dead fridge,Phrase,Campaign negative,Expanded negative control
SZ_Search_BayArea_Hyper_ExactPhrase_2026_v3,deal,Broad,Campaign negative,Expanded negative control
SZ_Search_BayArea_Hyper_ExactPhrase_2026_v3,dealer,Broad,Campaign negative,Expanded negative control
SZ_Search_BayArea_Hyper_ExactPhrase_2026_v3,dealers,Broad,Campaign negative,Expanded negative control
SZ_Search_BayArea_Hyper_ExactPhrase_2026_v3,deals,Broad,Campaign negative,Expanded negative control
SZ_Search_BayArea_Hyper_ExactPhrase_2026_v3,debt,Broad,Campaign negative,Expanded negative control
SZ_Search_BayArea_Hyper_ExactPhrase_2026_v3,dec1850fi l,Exact,Campaign negative,Expanded negative control
SZ_Search_BayArea_Hyper_ExactPhrase_2026_v3,dec3050r r,Exact,Campaign negative,Expanded negative control
SZ_Search_BayArea_Hyper_ExactPhrase_2026_v3,dec3650fi l,Exact,Campaign negative,Expanded negative control
SZ_Search_BayArea_Hyper_ExactPhrase_2026_v3,dec3650fi r,Exact,Campaign negative,Expanded negative control
SZ_Search_BayArea_Hyper_ExactPhrase_2026_v3,dec3650r r,Exact,Campaign negative,Expanded negative control
SZ_Search_BayArea_Hyper_ExactPhrase_2026_v3,dec3650rid l,Exact,Campaign negative,Expanded negative control
SZ_Search_BayArea_Hyper_ExactPhrase_2026_v3,dec3650rid r,Exact,Campaign negative,Expanded negative control
SZ_Search_BayArea_Hyper_ExactPhrase_2026_v3,decorative fridge sticker,Phrase,Campaign negative,Expanded negative control
SZ_Search_BayArea_Hyper_ExactPhrase_2026_v3,decorative magnet,Phrase,Campaign negative,Expanded negative control
SZ_Search_BayArea_Hyper_ExactPhrase_2026_v3,defrost sub zero freezer,Exact,Campaign negative,Expanded negative control
SZ_Search_BayArea_Hyper_ExactPhrase_2026_v3,defrosting sub zero freezer,Exact,Campaign negative,Expanded negative control
SZ_Search_BayArea_Hyper_ExactPhrase_2026_v3,deli cooler,Phrase,Campaign negative,Expanded negative control
SZ_Search_BayArea_Hyper_ExactPhrase_2026_v3,delivery,Broad,Campaign negative,Expanded negative control
SZ_Search_BayArea_Hyper_ExactPhrase_2026_v3,delivery fridge,Phrase,Campaign negative,Expanded negative control
SZ_Search_BayArea_Hyper_ExactPhrase_2026_v3,denver,Broad,Campaign negative,Expanded negative control
SZ_Search_BayArea_Hyper_ExactPhrase_2026_v3,depth,Broad,Campaign negative,Expanded negative control
SZ_Search_BayArea_Hyper_ExactPhrase_2026_v3,descale,Broad,Campaign negative,Expanded negative control
SZ_Search_BayArea_Hyper_ExactPhrase_2026_v3,descaling,Broad,Campaign negative,Expanded negative control
SZ_Search_BayArea_Hyper_ExactPhrase_2026_v3,designer,Broad,Campaign negative,Expanded negative control
SZ_Search_BayArea_Hyper_ExactPhrase_2026_v3,designer fridge,Phrase,Campaign negative,Expanded negative control
SZ_Search_BayArea_Hyper_ExactPhrase_2026_v3,det3650ci r,Exact,Campaign negative,Expanded negative control
SZ_Search_BayArea_Hyper_ExactPhrase_2026_v3,det3650ciid l,Exact,Campaign negative,Expanded negative control
SZ_Search_BayArea_Hyper_ExactPhrase_2026_v3,det3650ciid r,Exact,Campaign negative,Expanded negative control
SZ_Search_BayArea_Hyper_ExactPhrase_2026_v3,det3650ciid sub zero,Exact,Campaign negative,Expanded negative control
SZ_Search_BayArea_Hyper_ExactPhrase_2026_v3,det3650cir,Exact,Campaign negative,Expanded negative control
SZ_Search_BayArea_Hyper_ExactPhrase_2026_v3,deu2450bg,Broad,Campaign negative,Expanded negative control
SZ_Search_BayArea_Hyper_ExactPhrase_2026_v3,deu2450bg,Exact,Campaign negative,Expanded negative control
SZ_Search_BayArea_Hyper_ExactPhrase_2026_v3,deu2450bg ada l,Exact,Campaign negative,Expanded negative control
SZ_Search_BayArea_Hyper_ExactPhrase_2026_v3,deu2450bg l,Exact,Campaign negative,Expanded negative control
SZ_Search_BayArea_Hyper_ExactPhrase_2026_v3,deu2450bg r,Exact,Campaign negative,Expanded negative control
SZ_Search_BayArea_Hyper_ExactPhrase_2026_v3,deu2450bgl,Exact,Campaign negative,Expanded negative control
SZ_Search_BayArea_Hyper_ExactPhrase_2026_v3,deu2450r,Exact,Campaign negative,Expanded negative control
SZ_Search_BayArea_Hyper_ExactPhrase_2026_v3,deu2450r ada,Exact,Campaign negative,Expanded negative control
SZ_Search_BayArea_Hyper_ExactPhrase_2026_v3,deu2450r l,Exact,Campaign negative,Expanded negative control
SZ_Search_BayArea_Hyper_ExactPhrase_2026_v3,deu2450r r,Exact,Campaign negative,Expanded negative control
SZ_Search_BayArea_Hyper_ExactPhrase_2026_v3,deu2450ro,Exact,Campaign negative,Expanded negative control
SZ_Search_BayArea_Hyper_ExactPhrase_2026_v3,deu2450ro r,Exact,Campaign negative,Expanded negative control
SZ_Search_BayArea_Hyper_ExactPhrase_2026_v3,diagnostic,Broad,Campaign negative,Expanded negative control
SZ_Search_BayArea_Hyper_ExactPhrase_2026_v3,diagram,Broad,Campaign negative,Expanded negative control
SZ_Search_BayArea_Hyper_ExactPhrase_2026_v3,diamond fridge,Phrase,Campaign negative,Expanded negative control
SZ_Search_BayArea_Hyper_ExactPhrase_2026_v3,digital cooler,Phrase,Campaign negative,Expanded negative control
SZ_Search_BayArea_Hyper_ExactPhrase_2026_v3,directions,Broad,Campaign negative,Expanded negative control
SZ_Search_BayArea_Hyper_ExactPhrase_2026_v3,disassemble fridge,Phrase,Campaign negative,Expanded negative control
SZ_Search_BayArea_Hyper_ExactPhrase_2026_v3,discount,Broad,Campaign negative,Expanded negative control
SZ_Search_BayArea_Hyper_ExactPhrase_2026_v3,dishwasher,Broad,Campaign negative,Expanded negative control
SZ_Search_BayArea_Hyper_ExactPhrase_2026_v3,dishwasher repair,Phrase,Campaign negative,Expanded negative control
SZ_Search_BayArea_Hyper_ExactPhrase_2026_v3,dismantle fridge,Phrase,Campaign negative,Expanded negative control
SZ_Search_BayArea_Hyper_ExactPhrase_2026_v3,display fridge,Phrase,Campaign negative,Expanded negative control
SZ_Search_BayArea_Hyper_ExactPhrase_2026_v3,disposal,Broad,Campaign negative,Expanded negative control
SZ_Search_BayArea_Hyper_ExactPhrase_2026_v3,disposal fridge,Phrase,Campaign negative,Expanded negative control
SZ_Search_BayArea_Hyper_ExactPhrase_2026_v3,distributor,Broad,Campaign negative,Expanded negative control
SZ_Search_BayArea_Hyper_ExactPhrase_2026_v3,diy,Broad,Campaign negative,Expanded negative control
SZ_Search_BayArea_Hyper_ExactPhrase_2026_v3,diy magnet,Phrase,Campaign negative,Expanded negative control
SZ_Search_BayArea_Hyper_ExactPhrase_2026_v3,do it yourself,Phrase,Campaign negative,Expanded negative control
SZ_Search_BayArea_Hyper_ExactPhrase_2026_v3,do sub zero refrigerators have ice makers,Exact,Campaign negative,Expanded negative control
SZ_Search_BayArea_Hyper_ExactPhrase_2026_v3,doctor fridge,Phrase,Campaign negative,Expanded negative control
SZ_Search_BayArea_Hyper_ExactPhrase_2026_v3,doll fridge,Phrase,Campaign negative,Expanded negative control
SZ_Search_BayArea_Hyper_ExactPhrase_2026_v3,donation,Broad,Campaign negative,Expanded negative control
SZ_Search_BayArea_Hyper_ExactPhrase_2026_v3,donation fridge,Phrase,Campaign negative,Expanded negative control
SZ_Search_BayArea_Hyper_ExactPhrase_2026_v3,door,Broad,Campaign negative,Expanded negative control
SZ_Search_BayArea_Hyper_ExactPhrase_2026_v3,door adjustment,Phrase,Campaign negative,Expanded negative control
SZ_Search_BayArea_Hyper_ExactPhrase_2026_v3,door gasket,Phrase,Campaign negative,Expanded negative control
SZ_Search_BayArea_Hyper_ExactPhrase_2026_v3,door handle,Phrase,Campaign negative,Expanded negative control
SZ_Search_BayArea_Hyper_ExactPhrase_2026_v3,door hinge,Phrase,Campaign negative,Expanded negative control
SZ_Search_BayArea_Hyper_ExactPhrase_2026_v3,door repair,Phrase,Campaign negative,Expanded negative control
SZ_Search_BayArea_Hyper_ExactPhrase_2026_v3,door seal,Phrase,Campaign negative,Expanded negative control
SZ_Search_BayArea_Hyper_ExactPhrase_2026_v3,door switch,Phrase,Campaign negative,Expanded negative control
SZ_Search_BayArea_Hyper_ExactPhrase_2026_v3,dorm fridge,Phrase,Campaign negative,Expanded negative control
SZ_Search_BayArea_Hyper_ExactPhrase_2026_v3,download,Broad,Campaign negative,Expanded negative control
SZ_Search_BayArea_Hyper_ExactPhrase_2026_v3,download manual,Phrase,Campaign negative,Expanded negative control
SZ_Search_BayArea_Hyper_ExactPhrase_2026_v3,dump,Broad,Campaign negative,Expanded negative control
SZ_Search_BayArea_Hyper_ExactPhrase_2026_v3,dump fridge,Phrase,Campaign negative,Expanded negative control
SZ_Search_BayArea_Hyper_ExactPhrase_2026_v3,ebay,Broad,Campaign negative,Expanded negative control
SZ_Search_BayArea_Hyper_ExactPhrase_2026_v3,ec 50 sub zero,Exact,Campaign negative,Expanded negative control
SZ_Search_BayArea_Hyper_ExactPhrase_2026_v3,electrolux,Broad,Campaign negative,Expanded negative control
SZ_Search_BayArea_Hyper_ExactPhrase_2026_v3,electronic fridge,Phrase,Campaign negative,Expanded negative control
SZ_Search_BayArea_Hyper_ExactPhrase_2026_v3,entertainment fridge,Phrase,Campaign negative,Expanded negative control
SZ_Search_BayArea_Hyper_ExactPhrase_2026_v3,error,Broad,Campaign negative,Expanded negative control
SZ_Search_BayArea_Hyper_ExactPhrase_2026_v3,evaporator cost,Phrase,Campaign negative,Expanded negative control
SZ_Search_BayArea_Hyper_ExactPhrase_2026_v3,event fridge,Phrase,Campaign negative,Expanded negative control
SZ_Search_BayArea_Hyper_ExactPhrase_2026_v3,exchange fridge,Phrase,Campaign negative,Expanded negative control
SZ_Search_BayArea_Hyper_ExactPhrase_2026_v3,exploded,Broad,Campaign negative,Expanded negative control
SZ_Search_BayArea_Hyper_ExactPhrase_2026_v3,extended warranty fridge,Phrase,Campaign negative,Expanded negative control
SZ_Search_BayArea_Hyper_ExactPhrase_2026_v3,exxcel,Broad,Campaign negative,Expanded negative control
SZ_Search_BayArea_Hyper_ExactPhrase_2026_v3,facebook,Broad,Campaign negative,Expanded negative control
SZ_Search_BayArea_Hyper_ExactPhrase_2026_v3,factory,Broad,Campaign negative,Expanded negative control
SZ_Search_BayArea_Hyper_ExactPhrase_2026_v3,fake fridge,Phrase,Campaign negative,Expanded negative control
SZ_Search_BayArea_Hyper_ExactPhrase_2026_v3,fancy fridge,Phrase,Campaign negative,Expanded negative control
SZ_Search_BayArea_Hyper_ExactPhrase_2026_v3,faq fridge,Phrase,Campaign negative,Expanded negative control
SZ_Search_BayArea_Hyper_ExactPhrase_2026_v3,farmhouse fridge,Phrase,Campaign negative,Expanded negative control
SZ_Search_BayArea_Hyper_ExactPhrase_2026_v3,fashion fridge,Phrase,Campaign negative,Expanded negative control
SZ_Search_BayArea_Hyper_ExactPhrase_2026_v3,feet,Broad,Campaign negative,Expanded negative control
SZ_Search_BayArea_Hyper_ExactPhrase_2026_v3,ferguson sub zero,Exact,Campaign negative,Expanded negative control
SZ_Search_BayArea_Hyper_ExactPhrase_2026_v3,filter,Broad,Campaign negative,Expanded negative control
SZ_Search_BayArea_Hyper_ExactPhrase_2026_v3,filter for sub zero refrigerator,Exact,Campaign negative,Expanded negative control
SZ_Search_BayArea_Hyper_ExactPhrase_2026_v3,filter shop,Phrase,Campaign negative,Expanded negative control
SZ_Search_BayArea_Hyper_ExactPhrase_2026_v3,filters,Broad,Campaign negative,Expanded negative control
SZ_Search_BayArea_Hyper_ExactPhrase_2026_v3,fish fridge,Phrase,Campaign negative,Expanded negative control
SZ_Search_BayArea_Hyper_ExactPhrase_2026_v3,fishing cooler,Phrase,Campaign negative,Expanded negative control
SZ_Search_BayArea_Hyper_ExactPhrase_2026_v3,fitness,Broad,Campaign negative,Expanded negative control
SZ_Search_BayArea_Hyper_ExactPhrase_2026_v3,flashing wrench on sub zero fridge,Exact,Campaign negative,Expanded negative control
SZ_Search_BayArea_Hyper_ExactPhrase_2026_v3,floral fridge,Phrase,Campaign negative,Expanded negative control
SZ_Search_BayArea_Hyper_ExactPhrase_2026_v3,flower fridge,Phrase,Campaign negative,Expanded negative control
SZ_Search_BayArea_Hyper_ExactPhrase_2026_v3,for sale,Phrase,Campaign negative,Expanded negative control
SZ_Search_BayArea_Hyper_ExactPhrase_2026_v3,forge sub zero,Exact,Campaign negative,Expanded negative control
SZ_Search_BayArea_Hyper_ExactPhrase_2026_v3,forum,Broad,Campaign negative,Expanded negative control
SZ_Search_BayArea_Hyper_ExactPhrase_2026_v3,free,Broad,Campaign negative,Expanded negative control
SZ_Search_BayArea_Hyper_ExactPhrase_2026_v3,free delivery fridge,Phrase,Campaign negative,Expanded negative control
SZ_Search_BayArea_Hyper_ExactPhrase_2026_v3,free fridge,Phrase,Campaign negative,Expanded negative control
SZ_Search_BayArea_Hyper_ExactPhrase_2026_v3,free manual,Phrase,Campaign negative,Expanded negative control
SZ_Search_BayArea_Hyper_ExactPhrase_2026_v3,free pickup fridge,Phrase,Campaign negative,Expanded negative control
SZ_Search_BayArea_Hyper_ExactPhrase_2026_v3,free shipping,Phrase,Campaign negative,Expanded negative control
SZ_Search_BayArea_Hyper_ExactPhrase_2026_v3,free support,Phrase,Campaign negative,Expanded negative control
SZ_Search_BayArea_Hyper_ExactPhrase_2026_v3,freezer storage,Phrase,Campaign negative,Expanded negative control
SZ_Search_BayArea_Hyper_ExactPhrase_2026_v3,french door sub zero fridge,Exact,Campaign negative,Expanded negative control
SZ_Search_BayArea_Hyper_ExactPhrase_2026_v3,french door sub zero refrigerator,Exact,Campaign negative,Expanded negative control
SZ_Search_BayArea_Hyper_ExactPhrase_2026_v3,fridge art,Phrase,Campaign negative,Expanded negative control
SZ_Search_BayArea_Hyper_ExactPhrase_2026_v3,fridge cover,Phrase,Campaign negative,Expanded negative control
SZ_Search_BayArea_Hyper_ExactPhrase_2026_v3,fridge decal,Phrase,Campaign negative,Expanded negative control
SZ_Search_BayArea_Hyper_ExactPhrase_2026_v3,fridge magnet,Phrase,Campaign negative,Expanded negative control
SZ_Search_BayArea_Hyper_ExactPhrase_2026_v3,fridge mural,Phrase,Campaign negative,Expanded negative control
SZ_Search_BayArea_Hyper_ExactPhrase_2026_v3,fridge protector,Phrase,Campaign negative,Expanded negative control
SZ_Search_BayArea_Hyper_ExactPhrase_2026_v3,fridge skin,Phrase,Campaign negative,Expanded negative control
SZ_Search_BayArea_Hyper_ExactPhrase_2026_v3,fridge stickers,Phrase,Campaign negative,Expanded negative control
SZ_Search_BayArea_Hyper_ExactPhrase_2026_v3,fridge sub zero,Exact,Campaign negative,Expanded negative control
SZ_Search_BayArea_Hyper_ExactPhrase_2026_v3,fridge sub zero prices,Exact,Campaign negative,Expanded negative control
SZ_Search_BayArea_Hyper_ExactPhrase_2026_v3,fridge vinyl sticker,Phrase,Campaign negative,Expanded negative control
SZ_Search_BayArea_Hyper_ExactPhrase_2026_v3,fridge wallpaper,Phrase,Campaign negative,Expanded negative control
SZ_Search_BayArea_Hyper_ExactPhrase_2026_v3,fridge with camera,Phrase,Campaign negative,Expanded negative control
SZ_Search_BayArea_Hyper_ExactPhrase_2026_v3,fridge with screen,Phrase,Campaign negative,Expanded negative control
SZ_Search_BayArea_Hyper_ExactPhrase_2026_v3,fridge with speaker,Phrase,Campaign negative,Expanded negative control
SZ_Search_BayArea_Hyper_ExactPhrase_2026_v3,frigidaire,Broad,Campaign negative,Expanded negative control
SZ_Search_BayArea_Hyper_ExactPhrase_2026_v3,frost in sub zero freezer,Exact,Campaign negative,Expanded negative control
SZ_Search_BayArea_Hyper_ExactPhrase_2026_v3,funeral cooler,Phrase,Campaign negative,Expanded negative control
SZ_Search_BayArea_Hyper_ExactPhrase_2026_v3,funny fridge,Phrase,Campaign negative,Expanded negative control
SZ_Search_BayArea_Hyper_ExactPhrase_2026_v3,funny fridge sticker,Phrase,Campaign negative,Expanded negative control
SZ_Search_BayArea_Hyper_ExactPhrase_2026_v3,funny magnet,Phrase,Campaign negative,Expanded negative control
SZ_Search_BayArea_Hyper_ExactPhrase_2026_v3,fuse,Broad,Campaign negative,Expanded negative control
SZ_Search_BayArea_Hyper_ExactPhrase_2026_v3,futuristic fridge,Phrase,Campaign negative,Expanded negative control
SZ_Search_BayArea_Hyper_ExactPhrase_2026_v3,gag fridge,Phrase,Campaign negative,Expanded negative control
SZ_Search_BayArea_Hyper_ExactPhrase_2026_v3,gamer fridge,Phrase,Campaign negative,Expanded negative control
SZ_Search_BayArea_Hyper_ExactPhrase_2026_v3,gaming fridge,Phrase,Campaign negative,Expanded negative control
SZ_Search_BayArea_Hyper_ExactPhrase_2026_v3,garage fridge,Phrase,Campaign negative,Expanded negative control
SZ_Search_BayArea_Hyper_ExactPhrase_2026_v3,garbage fridge,Phrase,Campaign negative,Expanded negative control
SZ_Search_BayArea_Hyper_ExactPhrase_2026_v3,gasket,Broad,Campaign negative,Expanded negative control
SZ_Search_BayArea_Hyper_ExactPhrase_2026_v3,ge,Broad,Campaign negative,Expanded negative control
SZ_Search_BayArea_Hyper_ExactPhrase_2026_v3,ge 42 inch monogram refrigerator,Exact,Campaign negative,Expanded negative control
SZ_Search_BayArea_Hyper_ExactPhrase_2026_v3,ge monogram 27 inch double oven,Exact,Campaign negative,Expanded negative control
SZ_Search_BayArea_Hyper_ExactPhrase_2026_v3,ge monogram 27 inch double wall oven,Exact,Campaign negative,Expanded negative control
SZ_Search_BayArea_Hyper_ExactPhrase_2026_v3,ge monogram 27 inch wall oven,Exact,Campaign negative,Expanded negative control
SZ_Search_BayArea_Hyper_ExactPhrase_2026_v3,ge monogram 30 inch double wall oven,Exact,Campaign negative,Expanded negative control
SZ_Search_BayArea_Hyper_ExactPhrase_2026_v3,ge monogram 30 inch wall oven,Exact,Campaign negative,Expanded negative control
SZ_Search_BayArea_Hyper_ExactPhrase_2026_v3,ge monogram 42 inch built in refrigerator,Exact,Campaign negative,Expanded negative control
SZ_Search_BayArea_Hyper_ExactPhrase_2026_v3,ge monogram 42 inch refrigerator,Exact,Campaign negative,Expanded negative control
SZ_Search_BayArea_Hyper_ExactPhrase_2026_v3,ge monogram 42 inch side by side refrigerator,Exact,Campaign negative,Expanded negative control
SZ_Search_BayArea_Hyper_ExactPhrase_2026_v3,ge monogram 48 inch refrigerator,Exact,Campaign negative,Expanded negative control
SZ_Search_BayArea_Hyper_ExactPhrase_2026_v3,ge monogram 48 inch side by side built in refrigerator,Exact,Campaign negative,Expanded negative control
SZ_Search_BayArea_Hyper_ExactPhrase_2026_v3,ge monogram double oven 27 inch,Exact,Campaign negative,Expanded negative control
SZ_Search_BayArea_Hyper_ExactPhrase_2026_v3,ge monogram refrigerator 36 inch,Exact,Campaign negative,Expanded negative control
SZ_Search_BayArea_Hyper_ExactPhrase_2026_v3,ge monogram refrigerator 42 inch,Exact,Campaign negative,Expanded negative control
SZ_Search_BayArea_Hyper_ExactPhrase_2026_v3,ge monogram refrigerator 42 inch price,Exact,Campaign negative,Expanded negative control
SZ_Search_BayArea_Hyper_ExactPhrase_2026_v3,ge monogram refrigerator 48 inch,Exact,Campaign negative,Expanded negative control
SZ_Search_BayArea_Hyper_ExactPhrase_2026_v3,ge monogram sub zero refrigerator,Exact,Campaign negative,Expanded negative control
SZ_Search_BayArea_Hyper_ExactPhrase_2026_v3,ge parts,Phrase,Campaign negative,Expanded negative control
SZ_Search_BayArea_Hyper_ExactPhrase_2026_v3,ge sub zero refrigerator,Exact,Campaign negative,Expanded negative control
SZ_Search_BayArea_Hyper_ExactPhrase_2026_v3,generic,Broad,Campaign negative,Expanded negative control
SZ_Search_BayArea_Hyper_ExactPhrase_2026_v3,giveaway fridge,Phrase,Campaign negative,Expanded negative control
SZ_Search_BayArea_Hyper_ExactPhrase_2026_v3,gold fridge,Phrase,Campaign negative,Expanded negative control
SZ_Search_BayArea_Hyper_ExactPhrase_2026_v3,google cooler,Phrase,Campaign negative,Expanded negative control
SZ_Search_BayArea_Hyper_ExactPhrase_2026_v3,google fridge,Phrase,Campaign negative,Expanded negative control
SZ_Search_BayArea_Hyper_ExactPhrase_2026_v3,government fridge,Phrase,Campaign negative,Expanded negative control
SZ_Search_BayArea_Hyper_ExactPhrase_2026_v3,graffiti fridge,Phrase,Campaign negative,Expanded negative control
SZ_Search_BayArea_Hyper_ExactPhrase_2026_v3,green fridge,Phrase,Campaign negative,Expanded negative control
SZ_Search_BayArea_Hyper_ExactPhrase_2026_v3,griddle,Broad,Campaign negative,Expanded negative control
SZ_Search_BayArea_Hyper_ExactPhrase_2026_v3,grocery cooler,Phrase,Campaign negative,Expanded negative control
SZ_Search_BayArea_Hyper_ExactPhrase_2026_v3,groupon sub zero,Exact,Campaign negative,Expanded negative control
SZ_Search_BayArea_Hyper_ExactPhrase_2026_v3,guide,Broad,Campaign negative,Expanded negative control
SZ_Search_BayArea_Hyper_ExactPhrase_2026_v3,h2 lo sub zero,Exact,Campaign negative,Expanded negative control
SZ_Search_BayArea_Hyper_ExactPhrase_2026_v3,handle,Broad,Campaign negative,Expanded negative control
SZ_Search_BayArea_Hyper_ExactPhrase_2026_v3,handle replacement,Phrase,Campaign negative,Expanded negative control
SZ_Search_BayArea_Hyper_ExactPhrase_2026_v3,haul away fridge,Phrase,Campaign negative,Expanded negative control
SZ_Search_BayArea_Hyper_ExactPhrase_2026_v3,help fridge,Phrase,Campaign negative,Expanded negative control
SZ_Search_BayArea_Hyper_ExactPhrase_2026_v3,hinge,Broad,Campaign negative,Expanded negative control
SZ_Search_BayArea_Hyper_ExactPhrase_2026_v3,hiring,Broad,Campaign negative,Expanded negative control
SZ_Search_BayArea_Hyper_ExactPhrase_2026_v3,home depot,Phrase,Campaign negative,Expanded negative control
SZ_Search_BayArea_Hyper_ExactPhrase_2026_v3,homeless fridge,Phrase,Campaign negative,Expanded negative control
SZ_Search_BayArea_Hyper_ExactPhrase_2026_v3,honolulu,Broad,Campaign negative,Expanded negative control
SZ_Search_BayArea_Hyper_ExactPhrase_2026_v3,hood,Broad,Campaign negative,Expanded negative control
SZ_Search_BayArea_Hyper_ExactPhrase_2026_v3,hospital fridge,Phrase,Campaign negative,Expanded negative control
SZ_Search_BayArea_Hyper_ExactPhrase_2026_v3,hotel cooler,Phrase,Campaign negative,Expanded negative control
SZ_Search_BayArea_Hyper_ExactPhrase_2026_v3,hotel fridge,Phrase,Campaign negative,Expanded negative control
SZ_Search_BayArea_Hyper_ExactPhrase_2026_v3,hotline fridge,Phrase,Campaign negative,Expanded negative control
SZ_Search_BayArea_Hyper_ExactPhrase_2026_v3,hotpoint,Broad,Campaign negative,Expanded negative control
SZ_Search_BayArea_Hyper_ExactPhrase_2026_v3,houston,Broad,Campaign negative,Expanded negative control
SZ_Search_BayArea_Hyper_ExactPhrase_2026_v3,how,Broad,Campaign negative,Expanded negative control
SZ_Search_BayArea_Hyper_ExactPhrase_2026_v3,how to,Phrase,Campaign negative,Expanded negative control
SZ_Search_BayArea_Hyper_ExactPhrase_2026_v3,how to fix,Phrase,Campaign negative,Expanded negative control
SZ_Search_BayArea_Hyper_ExactPhrase_2026_v3,how to fridge repair,Phrase,Campaign negative,Expanded negative control
SZ_Search_BayArea_Hyper_ExactPhrase_2026_v3,hunting cooler,Phrase,Campaign negative,Expanded negative control
SZ_Search_BayArea_Hyper_ExactPhrase_2026_v3,hvac,Broad,Campaign negative,Expanded negative control
SZ_Search_BayArea_Hyper_ExactPhrase_2026_v3,ic 24fi lh,Exact,Campaign negative,Expanded negative control
SZ_Search_BayArea_Hyper_ExactPhrase_2026_v3,ic 24fi rh,Exact,Campaign negative,Expanded negative control
SZ_Search_BayArea_Hyper_ExactPhrase_2026_v3,ice bin,Phrase,Campaign negative,Expanded negative control
SZ_Search_BayArea_Hyper_ExactPhrase_2026_v3,ice chest,Phrase,Campaign negative,Expanded negative control
SZ_Search_BayArea_Hyper_ExactPhrase_2026_v3,ice machine,Phrase,Campaign negative,Expanded negative control
SZ_Search_BayArea_Hyper_ExactPhrase_2026_v3,ice machine repair,Phrase,Campaign negative,Expanded negative control
SZ_Search_BayArea_Hyper_ExactPhrase_2026_v3,ice maker filter,Phrase,Campaign negative,Expanded negative control
SZ_Search_BayArea_Hyper_ExactPhrase_2026_v3,ice maker sub zero,Exact,Campaign negative,Expanded negative control
SZ_Search_BayArea_Hyper_ExactPhrase_2026_v3,ice storage,Phrase,Campaign negative,Expanded negative control
SZ_Search_BayArea_Hyper_ExactPhrase_2026_v3,id 24f,Exact,Campaign negative,Expanded negative control
SZ_Search_BayArea_Hyper_ExactPhrase_2026_v3,id 27r,Exact,Campaign negative,Expanded negative control
SZ_Search_BayArea_Hyper_ExactPhrase_2026_v3,id 36r,Exact,Campaign negative,Expanded negative control
SZ_Search_BayArea_Hyper_ExactPhrase_2026_v3,ikea,Broad,Campaign negative,Expanded negative control
SZ_Search_BayArea_Hyper_ExactPhrase_2026_v3,imbd04 012,Exact,Campaign negative,Expanded negative control
SZ_Search_BayArea_Hyper_ExactPhrase_2026_v3,inc,Broad,Campaign negative,Expanded negative control
SZ_Search_BayArea_Hyper_ExactPhrase_2026_v3,indianapolis,Broad,Campaign negative,Expanded negative control
SZ_Search_BayArea_Hyper_ExactPhrase_2026_v3,industrial refrigerator,Phrase,Campaign negative,Expanded negative control
SZ_Search_BayArea_Hyper_ExactPhrase_2026_v3,install,Broad,Campaign negative,Expanded negative control
SZ_Search_BayArea_Hyper_ExactPhrase_2026_v3,installation,Broad,Campaign negative,Expanded negative control
SZ_Search_BayArea_Hyper_ExactPhrase_2026_v3,installer,Broad,Campaign negative,Expanded negative control
SZ_Search_BayArea_Hyper_ExactPhrase_2026_v3,installers,Broad,Campaign negative,Expanded negative control
SZ_Search_BayArea_Hyper_ExactPhrase_2026_v3,installing sub zero fridge,Exact,Campaign negative,Expanded negative control
SZ_Search_BayArea_Hyper_ExactPhrase_2026_v3,instructions,Broad,Campaign negative,Expanded negative control
SZ_Search_BayArea_Hyper_ExactPhrase_2026_v3,insulated bag,Phrase,Campaign negative,Expanded negative control
SZ_Search_BayArea_Hyper_ExactPhrase_2026_v3,insurance fridge,Phrase,Campaign negative,Expanded negative control
SZ_Search_BayArea_Hyper_ExactPhrase_2026_v3,integrated sub zero fridge,Exact,Campaign negative,Expanded negative control
SZ_Search_BayArea_Hyper_ExactPhrase_2026_v3,interactive fridge,Phrase,Campaign negative,Expanded negative control
SZ_Search_BayArea_Hyper_ExactPhrase_2026_v3,interior light,Phrase,Campaign negative,Expanded negative control
SZ_Search_BayArea_Hyper_ExactPhrase_2026_v3,internet fridge,Phrase,Campaign negative,Expanded negative control
SZ_Search_BayArea_Hyper_ExactPhrase_2026_v3,internship,Broad,Campaign negative,Expanded negative control
SZ_Search_BayArea_Hyper_ExactPhrase_2026_v3,iron repair,Phrase,Campaign negative,Expanded negative control
SZ_Search_BayArea_Hyper_ExactPhrase_2026_v3,is a sub zero fridge worth it,Exact,Campaign negative,Expanded negative control
SZ_Search_BayArea_Hyper_ExactPhrase_2026_v3,is sub zero fridge worth it,Exact,Campaign negative,Expanded negative control
SZ_Search_BayArea_Hyper_ExactPhrase_2026_v3,is sub zero refrigerator worth it,Exact,Campaign negative,Expanded negative control
SZ_Search_BayArea_Hyper_ExactPhrase_2026_v3,it 36ci,Exact,Campaign negative,Expanded negative control
SZ_Search_BayArea_Hyper_ExactPhrase_2026_v3,it 36ci rh,Exact,Campaign negative,Expanded negative control
SZ_Search_BayArea_Hyper_ExactPhrase_2026_v3,it 36ciid rh,Exact,Campaign negative,Expanded negative control
SZ_Search_BayArea_Hyper_ExactPhrase_2026_v3,jersey,Broad,Campaign negative,Expanded negative control
SZ_Search_BayArea_Hyper_ExactPhrase_2026_v3,job,Broad,Campaign negative,Expanded negative control
SZ_Search_BayArea_Hyper_ExactPhrase_2026_v3,jobs,Broad,Campaign negative,Expanded negative control
SZ_Search_BayArea_Hyper_ExactPhrase_2026_v3,joke fridge,Phrase,Campaign negative,Expanded negative control
SZ_Search_BayArea_Hyper_ExactPhrase_2026_v3,juice cooler,Phrase,Campaign negative,Expanded negative control
SZ_Search_BayArea_Hyper_ExactPhrase_2026_v3,junk fridge,Phrase,Campaign negative,Expanded negative control
SZ_Search_BayArea_Hyper_ExactPhrase_2026_v3,junkyard fridge,Phrase,Campaign negative,Expanded negative control
SZ_Search_BayArea_Hyper_ExactPhrase_2026_v3,keg cooler,Phrase,Campaign negative,Expanded negative control
SZ_Search_BayArea_Hyper_ExactPhrase_2026_v3,kenmore,Broad,Campaign negative,Expanded negative control
SZ_Search_BayArea_Hyper_ExactPhrase_2026_v3,kettle repair,Phrase,Campaign negative,Expanded negative control
SZ_Search_BayArea_Hyper_ExactPhrase_2026_v3,kids fridge,Phrase,Campaign negative,Expanded negative control
SZ_Search_BayArea_Hyper_ExactPhrase_2026_v3,kitchenaid,Broad,Campaign negative,Expanded negative control
SZ_Search_BayArea_Hyper_ExactPhrase_2026_v3,kitchenaid sub zero refrigerator,Exact,Campaign negative,Expanded negative control
SZ_Search_BayArea_Hyper_ExactPhrase_2026_v3,ky,Broad,Campaign negative,Expanded negative control
SZ_Search_BayArea_Hyper_ExactPhrase_2026_v3,lab cooler,Phrase,Campaign negative,Expanded negative control
SZ_Search_BayArea_Hyper_ExactPhrase_2026_v3,lab refrigerator,Phrase,Campaign negative,Expanded negative control
SZ_Search_BayArea_Hyper_ExactPhrase_2026_v3,lake,Broad,Campaign negative,Expanded negative control
SZ_Search_BayArea_Hyper_ExactPhrase_2026_v3,landfill fridge,Phrase,Campaign negative,Expanded negative control
SZ_Search_BayArea_Hyper_ExactPhrase_2026_v3,large sub zero fridge,Exact,Campaign negative,Expanded negative control
SZ_Search_BayArea_Hyper_ExactPhrase_2026_v3,lawsuit,Broad,Campaign negative,Expanded negative control
SZ_Search_BayArea_Hyper_ExactPhrase_2026_v3,lead time for sub zero refrigerator,Exact,Campaign negative,Expanded negative control
SZ_Search_BayArea_Hyper_ExactPhrase_2026_v3,learn fridge repair,Phrase,Campaign negative,Expanded negative control
SZ_Search_BayArea_Hyper_ExactPhrase_2026_v3,lease fridge,Phrase,Campaign negative,Expanded negative control
SZ_Search_BayArea_Hyper_ExactPhrase_2026_v3,led fridge,Phrase,Campaign negative,Expanded negative control
SZ_Search_BayArea_Hyper_ExactPhrase_2026_v3,led light,Phrase,Campaign negative,Expanded negative control
SZ_Search_BayArea_Hyper_ExactPhrase_2026_v3,lg,Broad,Campaign negative,Expanded negative control
SZ_Search_BayArea_Hyper_ExactPhrase_2026_v3,lg filter,Phrase,Campaign negative,Expanded negative control
SZ_Search_BayArea_Hyper_ExactPhrase_2026_v3,lg smart fridge,Phrase,Campaign negative,Expanded negative control
SZ_Search_BayArea_Hyper_ExactPhrase_2026_v3,license,Broad,Campaign negative,Expanded negative control
SZ_Search_BayArea_Hyper_ExactPhrase_2026_v3,lifespan,Broad,Campaign negative,Expanded negative control
SZ_Search_BayArea_Hyper_ExactPhrase_2026_v3,light bulb,Phrase,Campaign negative,Expanded negative control
SZ_Search_BayArea_Hyper_ExactPhrase_2026_v3,light bulb for sub zero refrigerator,Exact,Campaign negative,Expanded negative control
SZ_Search_BayArea_Hyper_ExactPhrase_2026_v3,liquid nitrogen,Broad,Campaign negative,Expanded negative control
SZ_Search_BayArea_Hyper_ExactPhrase_2026_v3,list,Broad,Campaign negative,Expanded negative control
SZ_Search_BayArea_Hyper_ExactPhrase_2026_v3,llc,Broad,Campaign negative,Expanded negative control
SZ_Search_BayArea_Hyper_ExactPhrase_2026_v3,location,Broad,Campaign negative,Expanded negative control
SZ_Search_BayArea_Hyper_ExactPhrase_2026_v3,locked,Broad,Campaign negative,Expanded negative control
SZ_Search_BayArea_Hyper_ExactPhrase_2026_v3,login,Broad,Campaign negative,Expanded negative control
SZ_Search_BayArea_Hyper_ExactPhrase_2026_v3,long term fridge rental,Phrase,Campaign negative,Expanded negative control
SZ_Search_BayArea_Hyper_ExactPhrase_2026_v3,loose handle on sub zero custom panel,Exact,Campaign negative,Expanded negative control
SZ_Search_BayArea_Hyper_ExactPhrase_2026_v3,louisville,Broad,Campaign negative,Expanded negative control
SZ_Search_BayArea_Hyper_ExactPhrase_2026_v3,low cost,Broad,Campaign negative,Expanded negative control
SZ_Search_BayArea_Hyper_ExactPhrase_2026_v3,lowes,Broad,Campaign negative,Expanded negative control
SZ_Search_BayArea_Hyper_ExactPhrase_2026_v3,lunch box cooler,Phrase,Campaign negative,Expanded negative control
SZ_Search_BayArea_Hyper_ExactPhrase_2026_v3,lunch cooler,Phrase,Campaign negative,Expanded negative control
SZ_Search_BayArea_Hyper_ExactPhrase_2026_v3,luxury fridge,Phrase,Campaign negative,Expanded negative control
SZ_Search_BayArea_Hyper_ExactPhrase_2026_v3,made,Broad,Campaign negative,Expanded negative control
SZ_Search_BayArea_Hyper_ExactPhrase_2026_v3,magnetic board,Phrase,Campaign negative,Expanded negative control
SZ_Search_BayArea_Hyper_ExactPhrase_2026_v3,make,Broad,Campaign negative,Expanded negative control
SZ_Search_BayArea_Hyper_ExactPhrase_2026_v3,manual,Broad,Campaign negative,Expanded negative control
SZ_Search_BayArea_Hyper_ExactPhrase_2026_v3,manuals,Broad,Campaign negative,Expanded negative control
SZ_Search_BayArea_Hyper_ExactPhrase_2026_v3,manufacturer,Broad,Campaign negative,Expanded negative control
SZ_Search_BayArea_Hyper_ExactPhrase_2026_v3,marketing fridge magnet,Phrase,Campaign negative,Expanded negative control
SZ_Search_BayArea_Hyper_ExactPhrase_2026_v3,marketplace,Broad,Campaign negative,Expanded negative control
SZ_Search_BayArea_Hyper_ExactPhrase_2026_v3,marketplace fridge,Phrase,Campaign negative,Expanded negative control
SZ_Search_BayArea_Hyper_ExactPhrase_2026_v3,massachusetts,Broad,Campaign negative,Expanded negative control
SZ_Search_BayArea_Hyper_ExactPhrase_2026_v3,maytag,Broad,Campaign negative,Expanded negative control
SZ_Search_BayArea_Hyper_ExactPhrase_2026_v3,meat cooler,Phrase,Campaign negative,Expanded negative control
SZ_Search_BayArea_Hyper_ExactPhrase_2026_v3,medical fridge,Phrase,Campaign negative,Expanded negative control
SZ_Search_BayArea_Hyper_ExactPhrase_2026_v3,medidas refrigerador sub zero,Exact,Campaign negative,Expanded negative control
SZ_Search_BayArea_Hyper_ExactPhrase_2026_v3,meme fridge,Phrase,Campaign negative,Expanded negative control
SZ_Search_BayArea_Hyper_ExactPhrase_2026_v3,message,Broad,Campaign negative,Expanded negative control
SZ_Search_BayArea_Hyper_ExactPhrase_2026_v3,metal scrap fridge,Phrase,Campaign negative,Expanded negative control
SZ_Search_BayArea_Hyper_ExactPhrase_2026_v3,miami,Broad,Campaign negative,Expanded negative control
SZ_Search_BayArea_Hyper_ExactPhrase_2026_v3,microsoft fridge,Phrase,Campaign negative,Expanded negative control
SZ_Search_BayArea_Hyper_ExactPhrase_2026_v3,microwave,Broad,Campaign negative,Expanded negative control
SZ_Search_BayArea_Hyper_ExactPhrase_2026_v3,microwave repair,Phrase,Campaign negative,Expanded negative control
SZ_Search_BayArea_Hyper_ExactPhrase_2026_v3,miele,Broad,Campaign negative,Expanded negative control
SZ_Search_BayArea_Hyper_ExactPhrase_2026_v3,miele sub zero refrigerator,Exact,Campaign negative,Expanded negative control
SZ_Search_BayArea_Hyper_ExactPhrase_2026_v3,military fridge,Phrase,Campaign negative,Expanded negative control
SZ_Search_BayArea_Hyper_ExactPhrase_2026_v3,milk cooler,Phrase,Campaign negative,Expanded negative control
SZ_Search_BayArea_Hyper_ExactPhrase_2026_v3,milwaukee,Broad,Campaign negative,Expanded negative control
SZ_Search_BayArea_Hyper_ExactPhrase_2026_v3,mini bar,Phrase,Campaign negative,Expanded negative control
SZ_Search_BayArea_Hyper_ExactPhrase_2026_v3,mini fridge,Phrase,Campaign negative,Expanded negative control
SZ_Search_BayArea_Hyper_ExactPhrase_2026_v3,mini magnet,Phrase,Campaign negative,Expanded negative control
SZ_Search_BayArea_Hyper_ExactPhrase_2026_v3,mini sub zero,Exact,Campaign negative,Expanded negative control
SZ_Search_BayArea_Hyper_ExactPhrase_2026_v3,mini sub zero fridge,Exact,Campaign negative,Expanded negative control
SZ_Search_BayArea_Hyper_ExactPhrase_2026_v3,miniature fridge,Phrase,Campaign negative,Expanded negative control
SZ_Search_BayArea_Hyper_ExactPhrase_2026_v3,mixer,Broad,Campaign negative,Expanded negative control
SZ_Search_BayArea_Hyper_ExactPhrase_2026_v3,mode,Broad,Campaign negative,Expanded negative control
SZ_Search_BayArea_Hyper_ExactPhrase_2026_v3,model fridge,Phrase,Campaign negative,Expanded negative control
SZ_Search_BayArea_Hyper_ExactPhrase_2026_v3,monogram,Broad,Campaign negative,Expanded negative control
SZ_Search_BayArea_Hyper_ExactPhrase_2026_v3,monogram 42 inch refrigerator,Exact,Campaign negative,Expanded negative control
SZ_Search_BayArea_Hyper_ExactPhrase_2026_v3,monogram 48 inch refrigerator,Exact,Campaign negative,Expanded negative control
SZ_Search_BayArea_Hyper_ExactPhrase_2026_v3,monogram refrigerator 36 inch,Exact,Campaign negative,Expanded negative control
SZ_Search_BayArea_Hyper_ExactPhrase_2026_v3,morgue refrigerator,Phrase,Campaign negative,Expanded negative control
SZ_Search_BayArea_Hyper_ExactPhrase_2026_v3,mortuary fridge,Phrase,Campaign negative,Expanded negative control
SZ_Search_BayArea_Hyper_ExactPhrase_2026_v3,motel cooler,Phrase,Campaign negative,Expanded negative control
SZ_Search_BayArea_Hyper_ExactPhrase_2026_v3,motel fridge,Phrase,Campaign negative,Expanded negative control
SZ_Search_BayArea_Hyper_ExactPhrase_2026_v3,moving,Broad,Campaign negative,Expanded negative control
SZ_Search_BayArea_Hyper_ExactPhrase_2026_v3,moving a sub zero fridge,Exact,Campaign negative,Expanded negative control
SZ_Search_BayArea_Hyper_ExactPhrase_2026_v3,moving sub zero fridge,Exact,Campaign negative,Expanded negative control
SZ_Search_BayArea_Hyper_ExactPhrase_2026_v3,music fridge,Phrase,Campaign negative,Expanded negative control
SZ_Search_BayArea_Hyper_ExactPhrase_2026_v3,navy fridge,Phrase,Campaign negative,Expanded negative control
SZ_Search_BayArea_Hyper_ExactPhrase_2026_v3,nearest shop,Phrase,Campaign negative,Expanded negative control
SZ_Search_BayArea_Hyper_ExactPhrase_2026_v3,new,Broad,Campaign negative,Expanded negative control
SZ_Search_BayArea_Hyper_ExactPhrase_2026_v3,new freezer,Phrase,Campaign negative,Expanded negative control
SZ_Search_BayArea_Hyper_ExactPhrase_2026_v3,new refrigerator,Phrase,Campaign negative,Expanded negative control
SZ_Search_BayArea_Hyper_ExactPhrase_2026_v3,new sub zero fridge,Exact,Campaign negative,Expanded negative control
SZ_Search_BayArea_Hyper_ExactPhrase_2026_v3,next day delivery fridge,Phrase,Campaign negative,Expanded negative control
SZ_Search_BayArea_Hyper_ExactPhrase_2026_v3,nintendo fridge,Phrase,Campaign negative,Expanded negative control
SZ_Search_BayArea_Hyper_ExactPhrase_2026_v3,novelty magnet,Phrase,Campaign negative,Expanded negative control
SZ_Search_BayArea_Hyper_ExactPhrase_2026_v3,nurse fridge,Phrase,Campaign negative,Expanded negative control
SZ_Search_BayArea_Hyper_ExactPhrase_2026_v3,ny,Broad,Campaign negative,Expanded negative control
SZ_Search_BayArea_Hyper_ExactPhrase_2026_v3,nyc,Broad,Campaign negative,Expanded negative control
SZ_Search_BayArea_Hyper_ExactPhrase_2026_v3,offers,Broad,Campaign negative,Expanded negative control
SZ_Search_BayArea_Hyper_ExactPhrase_2026_v3,office cooler,Phrase,Campaign negative,Expanded negative control
SZ_Search_BayArea_Hyper_ExactPhrase_2026_v3,office fridge,Phrase,Campaign negative,Expanded negative control
SZ_Search_BayArea_Hyper_ExactPhrase_2026_v3,office fridge rental,Phrase,Campaign negative,Expanded negative control
SZ_Search_BayArea_Hyper_ExactPhrase_2026_v3,official,Broad,Campaign negative,Expanded negative control
SZ_Search_BayArea_Hyper_ExactPhrase_2026_v3,official service,Phrase,Campaign negative,Expanded negative control
SZ_Search_BayArea_Hyper_ExactPhrase_2026_v3,oilfield,Broad,Campaign negative,Expanded negative control
SZ_Search_BayArea_Hyper_ExactPhrase_2026_v3,oklahoma,Broad,Campaign negative,Expanded negative control
SZ_Search_BayArea_Hyper_ExactPhrase_2026_v3,old fridge,Phrase,Campaign negative,Expanded negative control
SZ_Search_BayArea_Hyper_ExactPhrase_2026_v3,online chat,Phrase,Campaign negative,Expanded negative control
SZ_Search_BayArea_Hyper_ExactPhrase_2026_v3,online course,Phrase,Campaign negative,Expanded negative control
SZ_Search_BayArea_Hyper_ExactPhrase_2026_v3,order,Broad,Campaign negative,Expanded negative control
SZ_Search_BayArea_Hyper_ExactPhrase_2026_v3,outlet,Broad,Campaign negative,Expanded negative control
SZ_Search_BayArea_Hyper_ExactPhrase_2026_v3,oven repair,Exact,Campaign negative,Expanded negative control
SZ_Search_BayArea_Hyper_ExactPhrase_2026_v3,owner manual,Phrase,Campaign negative,Expanded negative control
SZ_Search_BayArea_Hyper_ExactPhrase_2026_v3,owns,Broad,Campaign negative,Expanded negative control
SZ_Search_BayArea_Hyper_ExactPhrase_2026_v3,package,Broad,Campaign negative,Expanded negative control
SZ_Search_BayArea_Hyper_ExactPhrase_2026_v3,painted fridge,Phrase,Campaign negative,Expanded negative control
SZ_Search_BayArea_Hyper_ExactPhrase_2026_v3,panel ready refrigerator sub zero,Exact,Campaign negative,Expanded negative control
SZ_Search_BayArea_Hyper_ExactPhrase_2026_v3,panel ready sub zero refrigerator,Exact,Campaign negative,Expanded negative control
SZ_Search_BayArea_Hyper_ExactPhrase_2026_v3,part,Broad,Campaign negative,Expanded negative control
SZ_Search_BayArea_Hyper_ExactPhrase_2026_v3,parts,Broad,Campaign negative,Expanded negative control
SZ_Search_BayArea_Hyper_ExactPhrase_2026_v3,parts fridge,Phrase,Campaign negative,Expanded negative control
SZ_Search_BayArea_Hyper_ExactPhrase_2026_v3,parts store,Phrase,Campaign negative,Expanded negative control
SZ_Search_BayArea_Hyper_ExactPhrase_2026_v3,pastry fridge,Phrase,Campaign negative,Expanded negative control
SZ_Search_BayArea_Hyper_ExactPhrase_2026_v3,patient fridge,Phrase,Campaign negative,Expanded negative control
SZ_Search_BayArea_Hyper_ExactPhrase_2026_v3,pdf,Broad,Campaign negative,Expanded negative control
SZ_Search_BayArea_Hyper_ExactPhrase_2026_v3,pdf manual,Phrase,Campaign negative,Expanded negative control
SZ_Search_BayArea_Hyper_ExactPhrase_2026_v3,pdf repair guide,Phrase,Campaign negative,Expanded negative control
SZ_Search_BayArea_Hyper_ExactPhrase_2026_v3,personalized magnet,Phrase,Campaign negative,Expanded negative control
SZ_Search_BayArea_Hyper_ExactPhrase_2026_v3,pet refrigerator,Phrase,Campaign negative,Expanded negative control
SZ_Search_BayArea_Hyper_ExactPhrase_2026_v3,pharmaceutical fridge,Phrase,Campaign negative,Expanded negative control
SZ_Search_BayArea_Hyper_ExactPhrase_2026_v3,pharmacy fridge,Phrase,Campaign negative,Expanded negative control
SZ_Search_BayArea_Hyper_ExactPhrase_2026_v3,phoenix sub zero,Exact,Campaign negative,Expanded negative control
SZ_Search_BayArea_Hyper_ExactPhrase_2026_v3,phone,Broad,Campaign negative,Expanded negative control
SZ_Search_BayArea_Hyper_ExactPhrase_2026_v3,phone number,Phrase,Campaign negative,Expanded negative control
SZ_Search_BayArea_Hyper_ExactPhrase_2026_v3,photo magnet,Phrase,Campaign negative,Expanded negative control
SZ_Search_BayArea_Hyper_ExactPhrase_2026_v3,picnic basket cooler,Phrase,Campaign negative,Expanded negative control
SZ_Search_BayArea_Hyper_ExactPhrase_2026_v3,picnic cooler,Phrase,Campaign negative,Expanded negative control
SZ_Search_BayArea_Hyper_ExactPhrase_2026_v3,pink fridge,Phrase,Campaign negative,Expanded negative control
SZ_Search_BayArea_Hyper_ExactPhrase_2026_v3,plan,Broad,Campaign negative,Expanded negative control
SZ_Search_BayArea_Hyper_ExactPhrase_2026_v3,plans,Broad,Campaign negative,Expanded negative control
SZ_Search_BayArea_Hyper_ExactPhrase_2026_v3,plastic fridge,Phrase,Campaign negative,Expanded negative control
SZ_Search_BayArea_Hyper_ExactPhrase_2026_v3,playstation fridge,Phrase,Campaign negative,Expanded negative control
SZ_Search_BayArea_Hyper_ExactPhrase_2026_v3,portable fridge,Phrase,Campaign negative,Expanded negative control
SZ_Search_BayArea_Hyper_ExactPhrase_2026_v3,portable ice chest,Phrase,Campaign negative,Expanded negative control
SZ_Search_BayArea_Hyper_ExactPhrase_2026_v3,poultry fridge,Phrase,Campaign negative,Expanded negative control
SZ_Search_BayArea_Hyper_ExactPhrase_2026_v3,prank fridge,Phrase,Campaign negative,Expanded negative control
SZ_Search_BayArea_Hyper_ExactPhrase_2026_v3,pre owned sub zero refrigerator,Exact,Campaign negative,Expanded negative control
SZ_Search_BayArea_Hyper_ExactPhrase_2026_v3,precio refrigerador sub zero,Exact,Campaign negative,Expanded negative control
SZ_Search_BayArea_Hyper_ExactPhrase_2026_v3,preventive maintenance,Phrase,Campaign negative,Expanded negative control
SZ_Search_BayArea_Hyper_ExactPhrase_2026_v3,price,Broad,Campaign negative,Expanded negative control
SZ_Search_BayArea_Hyper_ExactPhrase_2026_v3,price list,Phrase,Campaign negative,Expanded negative control
SZ_Search_BayArea_Hyper_ExactPhrase_2026_v3,price of sub zero refrigerator,Exact,Campaign negative,Expanded negative control
SZ_Search_BayArea_Hyper_ExactPhrase_2026_v3,price of sub zero refrigerator freezer,Exact,Campaign negative,Expanded negative control
SZ_Search_BayArea_Hyper_ExactPhrase_2026_v3,price sub zero 48 inch refrigerator,Exact,Campaign negative,Expanded negative control
SZ_Search_BayArea_Hyper_ExactPhrase_2026_v3,price sub zero refrigerator,Exact,Campaign negative,Expanded negative control
SZ_Search_BayArea_Hyper_ExactPhrase_2026_v3,prices,Broad,Campaign negative,Expanded negative control
SZ_Search_BayArea_Hyper_ExactPhrase_2026_v3,prices on sub zero refrigerators,Exact,Campaign negative,Expanded negative control
SZ_Search_BayArea_Hyper_ExactPhrase_2026_v3,printed wrap fridge,Phrase,Campaign negative,Expanded negative control
SZ_Search_BayArea_Hyper_ExactPhrase_2026_v3,pro3650g rh,Exact,Campaign negative,Expanded negative control
SZ_Search_BayArea_Hyper_ExactPhrase_2026_v3,pro48 sub zero,Exact,Campaign negative,Expanded negative control
SZ_Search_BayArea_Hyper_ExactPhrase_2026_v3,pro4850,Exact,Campaign negative,Expanded negative control
SZ_Search_BayArea_Hyper_ExactPhrase_2026_v3,pro4850g,Exact,Campaign negative,Expanded negative control
SZ_Search_BayArea_Hyper_ExactPhrase_2026_v3,pro4850g sub zero,Exact,Campaign negative,Expanded negative control
SZ_Search_BayArea_Hyper_ExactPhrase_2026_v3,processor,Broad,Campaign negative,Expanded negative control
SZ_Search_BayArea_Hyper_ExactPhrase_2026_v3,promo,Broad,Campaign negative,Expanded negative control
SZ_Search_BayArea_Hyper_ExactPhrase_2026_v3,promo code,Phrase,Campaign negative,Expanded negative control
SZ_Search_BayArea_Hyper_ExactPhrase_2026_v3,promotional cooler,Phrase,Campaign negative,Expanded negative control
SZ_Search_BayArea_Hyper_ExactPhrase_2026_v3,promotions,Broad,Campaign negative,Expanded negative control
SZ_Search_BayArea_Hyper_ExactPhrase_2026_v3,provider,Broad,Campaign negative,Expanded negative control
SZ_Search_BayArea_Hyper_ExactPhrase_2026_v3,ps5 fridge,Phrase,Campaign negative,Expanded negative control
SZ_Search_BayArea_Hyper_ExactPhrase_2026_v3,pub fridge,Phrase,Campaign negative,Expanded negative control
SZ_Search_BayArea_Hyper_ExactPhrase_2026_v3,pure air sub zero,Exact,Campaign negative,Expanded negative control
SZ_Search_BayArea_Hyper_ExactPhrase_2026_v3,que hacer cuando el refrigerador no enfria por dentro,Exact,Campaign negative,Expanded negative control
SZ_Search_BayArea_Hyper_ExactPhrase_2026_v3,rainbow fridge,Phrase,Campaign negative,Expanded negative control
SZ_Search_BayArea_Hyper_ExactPhrase_2026_v3,rating,Broad,Campaign negative,Expanded negative control
SZ_Search_BayArea_Hyper_ExactPhrase_2026_v3,raton,Broad,Campaign negative,Expanded negative control
SZ_Search_BayArea_Hyper_ExactPhrase_2026_v3,rebate,Broad,Campaign negative,Expanded negative control
SZ_Search_BayArea_Hyper_ExactPhrase_2026_v3,rebates,Broad,Campaign negative,Expanded negative control
SZ_Search_BayArea_Hyper_ExactPhrase_2026_v3,recall,Broad,Campaign negative,Expanded negative control
SZ_Search_BayArea_Hyper_ExactPhrase_2026_v3,recharge sub zero refrigerator,Exact,Campaign negative,Expanded negative control
SZ_Search_BayArea_Hyper_ExactPhrase_2026_v3,recycle,Broad,Campaign negative,Expanded negative control
SZ_Search_BayArea_Hyper_ExactPhrase_2026_v3,recycle center fridge,Phrase,Campaign negative,Expanded negative control
SZ_Search_BayArea_Hyper_ExactPhrase_2026_v3,recycle fridge,Phrase,Campaign negative,Expanded negative control
SZ_Search_BayArea_Hyper_ExactPhrase_2026_v3,recycling center,Phrase,Campaign negative,Expanded negative control
SZ_Search_BayArea_Hyper_ExactPhrase_2026_v3,red fridge,Phrase,Campaign negative,Expanded negative control
SZ_Search_BayArea_Hyper_ExactPhrase_2026_v3,reddit,Broad,Campaign negative,Expanded negative control
SZ_Search_BayArea_Hyper_ExactPhrase_2026_v3,reefer container,Phrase,Campaign negative,Expanded negative control
SZ_Search_BayArea_Hyper_ExactPhrase_2026_v3,reefer truck,Phrase,Campaign negative,Expanded negative control
SZ_Search_BayArea_Hyper_ExactPhrase_2026_v3,refri sub zero,Exact,Campaign negative,Expanded negative control
SZ_Search_BayArea_Hyper_ExactPhrase_2026_v3,refrigerador marca sub zero,Exact,Campaign negative,Expanded negative control
SZ_Search_BayArea_Hyper_ExactPhrase_2026_v3,refrigerador sub zero,Exact,Campaign negative,Expanded negative control
SZ_Search_BayArea_Hyper_ExactPhrase_2026_v3,refrigerador sub zero precio,Exact,Campaign negative,Expanded negative control
SZ_Search_BayArea_Hyper_ExactPhrase_2026_v3,refrigerador wolf,Exact,Campaign negative,Expanded negative control
SZ_Search_BayArea_Hyper_ExactPhrase_2026_v3,refrigeradores sub zero,Exact,Campaign negative,Expanded negative control
SZ_Search_BayArea_Hyper_ExactPhrase_2026_v3,refrigerated counter,Phrase,Campaign negative,Expanded negative control
SZ_Search_BayArea_Hyper_ExactPhrase_2026_v3,refrigerated van,Phrase,Campaign negative,Expanded negative control
SZ_Search_BayArea_Hyper_ExactPhrase_2026_v3,refrigerator diagram,Phrase,Campaign negative,Expanded negative control
SZ_Search_BayArea_Hyper_ExactPhrase_2026_v3,refrigerator drawers sub zero,Exact,Campaign negative,Expanded negative control
SZ_Search_BayArea_Hyper_ExactPhrase_2026_v3,refrigerator schematic,Phrase,Campaign negative,Expanded negative control
SZ_Search_BayArea_Hyper_ExactPhrase_2026_v3,refrigerator sub zero,Exact,Campaign negative,Expanded negative control
SZ_Search_BayArea_Hyper_ExactPhrase_2026_v3,refrigerator training,Phrase,Campaign negative,Expanded negative control
SZ_Search_BayArea_Hyper_ExactPhrase_2026_v3,refrigerator wrap,Phrase,Campaign negative,Expanded negative control
SZ_Search_BayArea_Hyper_ExactPhrase_2026_v3,refund fridge,Phrase,Campaign negative,Expanded negative control
SZ_Search_BayArea_Hyper_ExactPhrase_2026_v3,refurbished,Broad,Campaign negative,Expanded negative control
SZ_Search_BayArea_Hyper_ExactPhrase_2026_v3,refurbished sub zero,Exact,Campaign negative,Expanded negative control
SZ_Search_BayArea_Hyper_ExactPhrase_2026_v3,refurbished sub zero fridge,Exact,Campaign negative,Expanded negative control
SZ_Search_BayArea_Hyper_ExactPhrase_2026_v3,refurbished sub zero refrigerator,Exact,Campaign negative,Expanded negative control
SZ_Search_BayArea_Hyper_ExactPhrase_2026_v3,register,Broad,Campaign negative,Expanded negative control
SZ_Search_BayArea_Hyper_ExactPhrase_2026_v3,registration,Broad,Campaign negative,Expanded negative control
SZ_Search_BayArea_Hyper_ExactPhrase_2026_v3,relay,Broad,Campaign negative,Expanded negative control
SZ_Search_BayArea_Hyper_ExactPhrase_2026_v3,reliable,Broad,Campaign negative,Expanded negative control
SZ_Search_BayArea_Hyper_ExactPhrase_2026_v3,remote,Broad,Campaign negative,Expanded negative control
SZ_Search_BayArea_Hyper_ExactPhrase_2026_v3,removal,Broad,Campaign negative,Expanded negative control
SZ_Search_BayArea_Hyper_ExactPhrase_2026_v3,removing sub zero refrigerator,Exact,Campaign negative,Expanded negative control
SZ_Search_BayArea_Hyper_ExactPhrase_2026_v3,rent bar fridge,Phrase,Campaign negative,Expanded negative control
SZ_Search_BayArea_Hyper_ExactPhrase_2026_v3,rent beer cooler,Phrase,Campaign negative,Expanded negative control
SZ_Search_BayArea_Hyper_ExactPhrase_2026_v3,rent commercial fridge,Phrase,Campaign negative,Expanded negative control
SZ_Search_BayArea_Hyper_ExactPhrase_2026_v3,rent display fridge,Phrase,Campaign negative,Expanded negative control
SZ_Search_BayArea_Hyper_ExactPhrase_2026_v3,rent freezer,Phrase,Campaign negative,Expanded negative control
SZ_Search_BayArea_Hyper_ExactPhrase_2026_v3,rent fridge,Phrase,Campaign negative,Expanded negative control
SZ_Search_BayArea_Hyper_ExactPhrase_2026_v3,rent ice machine,Phrase,Campaign negative,Expanded negative control
SZ_Search_BayArea_Hyper_ExactPhrase_2026_v3,rent wine cooler,Phrase,Campaign negative,Expanded negative control
SZ_Search_BayArea_Hyper_ExactPhrase_2026_v3,rental,Broad,Campaign negative,Expanded negative control
SZ_Search_BayArea_Hyper_ExactPhrase_2026_v3,rental fridge,Phrase,Campaign negative,Expanded negative control
SZ_Search_BayArea_Hyper_ExactPhrase_2026_v3,repair class,Phrase,Campaign negative,Expanded negative control
SZ_Search_BayArea_Hyper_ExactPhrase_2026_v3,repair course,Phrase,Campaign negative,Expanded negative control
SZ_Search_BayArea_Hyper_ExactPhrase_2026_v3,repair kit,Phrase,Campaign negative,Expanded negative control
SZ_Search_BayArea_Hyper_ExactPhrase_2026_v3,repair manual download,Phrase,Campaign negative,Expanded negative control
SZ_Search_BayArea_Hyper_ExactPhrase_2026_v3,repair school,Phrase,Campaign negative,Expanded negative control
SZ_Search_BayArea_Hyper_ExactPhrase_2026_v3,repair training,Phrase,Campaign negative,Expanded negative control
SZ_Search_BayArea_Hyper_ExactPhrase_2026_v3,repair yourself,Phrase,Campaign negative,Expanded negative control
SZ_Search_BayArea_Hyper_ExactPhrase_2026_v3,replace,Broad,Campaign negative,Expanded negative control
SZ_Search_BayArea_Hyper_ExactPhrase_2026_v3,replacement,Broad,Campaign negative,Expanded negative control
SZ_Search_BayArea_Hyper_ExactPhrase_2026_v3,replacement filter,Phrase,Campaign negative,Expanded negative control
SZ_Search_BayArea_Hyper_ExactPhrase_2026_v3,replacement part,Phrase,Campaign negative,Expanded negative control
SZ_Search_BayArea_Hyper_ExactPhrase_2026_v3,replacing,Broad,Campaign negative,Expanded negative control
SZ_Search_BayArea_Hyper_ExactPhrase_2026_v3,reptile fridge,Phrase,Campaign negative,Expanded negative control
SZ_Search_BayArea_Hyper_ExactPhrase_2026_v3,reset,Broad,Campaign negative,Expanded negative control
SZ_Search_BayArea_Hyper_ExactPhrase_2026_v3,reset button,Phrase,Campaign negative,Expanded negative control
SZ_Search_BayArea_Hyper_ExactPhrase_2026_v3,restaurant equipment,Phrase,Campaign negative,Expanded negative control
SZ_Search_BayArea_Hyper_ExactPhrase_2026_v3,restaurant fridge,Phrase,Campaign negative,Expanded negative control
SZ_Search_BayArea_Hyper_ExactPhrase_2026_v3,retailer,Broad,Campaign negative,Expanded negative control
SZ_Search_BayArea_Hyper_ExactPhrase_2026_v3,retailers,Broad,Campaign negative,Expanded negative control
SZ_Search_BayArea_Hyper_ExactPhrase_2026_v3,retro fridge,Phrase,Campaign negative,Expanded negative control
SZ_Search_BayArea_Hyper_ExactPhrase_2026_v3,return fridge,Phrase,Campaign negative,Expanded negative control
SZ_Search_BayArea_Hyper_ExactPhrase_2026_v3,reveal sub zero,Exact,Campaign negative,Expanded negative control
SZ_Search_BayArea_Hyper_ExactPhrase_2026_v3,reveal sub zero wolf,Exact,Campaign negative,Expanded negative control
SZ_Search_BayArea_Hyper_ExactPhrase_2026_v3,review,Broad,Campaign negative,Expanded negative control
SZ_Search_BayArea_Hyper_ExactPhrase_2026_v3,reviews,Broad,Campaign negative,Expanded negative control
SZ_Search_BayArea_Hyper_ExactPhrase_2026_v3,riggs,Broad,Campaign negative,Expanded negative control
SZ_Search_BayArea_Hyper_ExactPhrase_2026_v3,robotic fridge,Phrase,Campaign negative,Expanded negative control
SZ_Search_BayArea_Hyper_ExactPhrase_2026_v3,rustic fridge,Phrase,Campaign negative,Expanded negative control
SZ_Search_BayArea_Hyper_ExactPhrase_2026_v3,rv fridge,Phrase,Campaign negative,Expanded negative control
SZ_Search_BayArea_Hyper_ExactPhrase_2026_v3,sacramento,Broad,Campaign negative,Expanded negative control
SZ_Search_BayArea_Hyper_ExactPhrase_2026_v3,salary,Broad,Campaign negative,Expanded negative control
SZ_Search_BayArea_Hyper_ExactPhrase_2026_v3,sale,Broad,Campaign negative,Expanded negative control
SZ_Search_BayArea_Hyper_ExactPhrase_2026_v3,sales,Broad,Campaign negative,Expanded negative control
SZ_Search_BayArea_Hyper_ExactPhrase_2026_v3,salt,Broad,Campaign negative,Expanded negative control
SZ_Search_BayArea_Hyper_ExactPhrase_2026_v3,same day delivery fridge,Phrase,Campaign negative,Expanded negative control
SZ_Search_BayArea_Hyper_ExactPhrase_2026_v3,samsung,Broad,Campaign negative,Expanded negative control
SZ_Search_BayArea_Hyper_ExactPhrase_2026_v3,samsung smart fridge,Phrase,Campaign negative,Expanded negative control
SZ_Search_BayArea_Hyper_ExactPhrase_2026_v3,schematic,Broad,Campaign negative,Expanded negative control
SZ_Search_BayArea_Hyper_ExactPhrase_2026_v3,school,Broad,Campaign negative,Expanded negative control
SZ_Search_BayArea_Hyper_ExactPhrase_2026_v3,school fridge,Phrase,Campaign negative,Expanded negative control
SZ_Search_BayArea_Hyper_ExactPhrase_2026_v3,science fridge,Phrase,Campaign negative,Expanded negative control
SZ_Search_BayArea_Hyper_ExactPhrase_2026_v3,scientific equipment,Phrase,Campaign negative,Expanded negative control
SZ_Search_BayArea_Hyper_ExactPhrase_2026_v3,scottsdale,Broad,Campaign negative,Expanded negative control
SZ_Search_BayArea_Hyper_ExactPhrase_2026_v3,scrap,Broad,Campaign negative,Expanded negative control
SZ_Search_BayArea_Hyper_ExactPhrase_2026_v3,scrap fridge,Phrase,Campaign negative,Expanded negative control
SZ_Search_BayArea_Hyper_ExactPhrase_2026_v3,scrap yard fridge,Phrase,Campaign negative,Expanded negative control
SZ_Search_BayArea_Hyper_ExactPhrase_2026_v3,scratches on wolf range,Exact,Campaign negative,Expanded negative control
SZ_Search_BayArea_Hyper_ExactPhrase_2026_v3,seafood fridge,Phrase,Campaign negative,Expanded negative control
SZ_Search_BayArea_Hyper_ExactPhrase_2026_v3,seal,Broad,Campaign negative,Expanded negative control
SZ_Search_BayArea_Hyper_ExactPhrase_2026_v3,sears,Broad,Campaign negative,Expanded negative control
SZ_Search_BayArea_Hyper_ExactPhrase_2026_v3,seattle,Broad,Campaign negative,Expanded negative control
SZ_Search_BayArea_Hyper_ExactPhrase_2026_v3,second hand,Phrase,Campaign negative,Expanded negative control
SZ_Search_BayArea_Hyper_ExactPhrase_2026_v3,second hand fridge,Phrase,Campaign negative,Expanded negative control
SZ_Search_BayArea_Hyper_ExactPhrase_2026_v3,second hand sub zero fridge freezer,Exact,Campaign negative,Expanded negative control
SZ_Search_BayArea_Hyper_ExactPhrase_2026_v3,secondhand fridge,Phrase,Campaign negative,Expanded negative control
SZ_Search_BayArea_Hyper_ExactPhrase_2026_v3,self repair fridge,Phrase,Campaign negative,Expanded negative control
SZ_Search_BayArea_Hyper_ExactPhrase_2026_v3,sell fridge,Phrase,Campaign negative,Expanded negative control
SZ_Search_BayArea_Hyper_ExactPhrase_2026_v3,sensor,Broad,Campaign negative,Expanded negative control
SZ_Search_BayArea_Hyper_ExactPhrase_2026_v3,service central sub zero,Exact,Campaign negative,Expanded negative control
SZ_Search_BayArea_Hyper_ExactPhrase_2026_v3,service manual,Phrase,Campaign negative,Expanded negative control
SZ_Search_BayArea_Hyper_ExactPhrase_2026_v3,service phone number,Phrase,Campaign negative,Expanded negative control
SZ_Search_BayArea_Hyper_ExactPhrase_2026_v3,servicio sub zero,Exact,Campaign negative,Expanded negative control
SZ_Search_BayArea_Hyper_ExactPhrase_2026_v3,settings,Broad,Campaign negative,Expanded negative control
SZ_Search_BayArea_Hyper_ExactPhrase_2026_v3,sewing,Broad,Campaign negative,Expanded negative control
SZ_Search_BayArea_Hyper_ExactPhrase_2026_v3,shabby fridge,Phrase,Campaign negative,Expanded negative control
SZ_Search_BayArea_Hyper_ExactPhrase_2026_v3,shed fridge,Phrase,Campaign negative,Expanded negative control
SZ_Search_BayArea_Hyper_ExactPhrase_2026_v3,sheep,Broad,Campaign negative,Expanded negative control
SZ_Search_BayArea_Hyper_ExactPhrase_2026_v3,shipping,Broad,Campaign negative,Expanded negative control
SZ_Search_BayArea_Hyper_ExactPhrase_2026_v3,shipping fridge,Phrase,Campaign negative,Expanded negative control
SZ_Search_BayArea_Hyper_ExactPhrase_2026_v3,shock freezer,Phrase,Campaign negative,Expanded negative control
SZ_Search_BayArea_Hyper_ExactPhrase_2026_v3,shop,Broad,Campaign negative,Expanded negative control
SZ_Search_BayArea_Hyper_ExactPhrase_2026_v3,shop sub zero,Exact,Campaign negative,Expanded negative control
SZ_Search_BayArea_Hyper_ExactPhrase_2026_v3,shop sub zero fridge,Exact,Campaign negative,Expanded negative control
SZ_Search_BayArea_Hyper_ExactPhrase_2026_v3,short term fridge rental,Phrase,Campaign negative,Expanded negative control
SZ_Search_BayArea_Hyper_ExactPhrase_2026_v3,showcase refrigerator,Phrase,Campaign negative,Expanded negative control
SZ_Search_BayArea_Hyper_ExactPhrase_2026_v3,showroom,Broad,Campaign negative,Expanded negative control
SZ_Search_BayArea_Hyper_ExactPhrase_2026_v3,showrooms,Broad,Campaign negative,Expanded negative control
SZ_Search_BayArea_Hyper_ExactPhrase_2026_v3,side by side sub zero fridge,Exact,Campaign negative,Expanded negative control
SZ_Search_BayArea_Hyper_ExactPhrase_2026_v3,silver fridge,Phrase,Campaign negative,Expanded negative control
SZ_Search_BayArea_Hyper_ExactPhrase_2026_v3,sizes of sub zero refrigerators,Exact,Campaign negative,Expanded negative control
SZ_Search_BayArea_Hyper_ExactPhrase_2026_v3,small fridge,Phrase,Campaign negative,Expanded negative control
SZ_Search_BayArea_Hyper_ExactPhrase_2026_v3,small sub zero fridge,Exact,Campaign negative,Expanded negative control
SZ_Search_BayArea_Hyper_ExactPhrase_2026_v3,smallest sub zero refrigerator,Exact,Campaign negative,Expanded negative control
SZ_Search_BayArea_Hyper_ExactPhrase_2026_v3,smart cooler,Phrase,Campaign negative,Expanded negative control
SZ_Search_BayArea_Hyper_ExactPhrase_2026_v3,smart fridge,Phrase,Campaign negative,Expanded negative control
SZ_Search_BayArea_Hyper_ExactPhrase_2026_v3,smells,Broad,Campaign negative,Expanded negative control
SZ_Search_BayArea_Hyper_ExactPhrase_2026_v3,smoothie fridge,Phrase,Campaign negative,Expanded negative control
SZ_Search_BayArea_Hyper_ExactPhrase_2026_v3,soda fountain,Phrase,Campaign negative,Expanded negative control
SZ_Search_BayArea_Hyper_ExactPhrase_2026_v3,soda machine,Phrase,Campaign negative,Expanded negative control
SZ_Search_BayArea_Hyper_ExactPhrase_2026_v3,souvenir magnet,Phrase,Campaign negative,Expanded negative control
SZ_Search_BayArea_Hyper_ExactPhrase_2026_v3,spare part buy,Phrase,Campaign negative,Expanded negative control
SZ_Search_BayArea_Hyper_ExactPhrase_2026_v3,spare parts,Broad,Campaign negative,Expanded negative control
SZ_Search_BayArea_Hyper_ExactPhrase_2026_v3,sports cooler,Phrase,Campaign negative,Expanded negative control
SZ_Search_BayArea_Hyper_ExactPhrase_2026_v3,spotify fridge,Phrase,Campaign negative,Expanded negative control
SZ_Search_BayArea_Hyper_ExactPhrase_2026_v3,stacked,Broad,Campaign negative,Expanded negative control
SZ_Search_BayArea_Hyper_ExactPhrase_2026_v3,stadium fridge,Phrase,Campaign negative,Expanded negative control
SZ_Search_BayArea_Hyper_ExactPhrase_2026_v3,stainless,Broad,Campaign negative,Expanded negative control
SZ_Search_BayArea_Hyper_ExactPhrase_2026_v3,steel fridge,Phrase,Campaign negative,Expanded negative control
SZ_Search_BayArea_Hyper_ExactPhrase_2026_v3,step,Broad,Campaign negative,Expanded negative control
SZ_Search_BayArea_Hyper_ExactPhrase_2026_v3,store,Broad,Campaign negative,Expanded negative control
SZ_Search_BayArea_Hyper_ExactPhrase_2026_v3,store locator,Phrase,Campaign negative,Expanded negative control
SZ_Search_BayArea_Hyper_ExactPhrase_2026_v3,strong magnet,Phrase,Campaign negative,Expanded negative control
SZ_Search_BayArea_Hyper_ExactPhrase_2026_v3,student,Broad,Campaign negative,Expanded negative control
SZ_Search_BayArea_Hyper_ExactPhrase_2026_v3,study guide,Broad,Campaign negative,Expanded negative control
SZ_Search_BayArea_Hyper_ExactPhrase_2026_v3,sub 0 fridge,Exact,Campaign negative,Expanded negative control
SZ_Search_BayArea_Hyper_ExactPhrase_2026_v3,sub 0 refrigerator,Exact,Campaign negative,Expanded negative control
SZ_Search_BayArea_Hyper_ExactPhrase_2026_v3,sub wolf,Exact,Campaign negative,Expanded negative control
SZ_Search_BayArea_Hyper_ExactPhrase_2026_v3,sub wolf appliances,Exact,Campaign negative,Expanded negative control
SZ_Search_BayArea_Hyper_ExactPhrase_2026_v3,sub zero,Exact,Campaign negative,Expanded negative control
SZ_Search_BayArea_Hyper_ExactPhrase_2026_v3,sub zero 15,Exact,Campaign negative,Expanded negative control
SZ_Search_BayArea_Hyper_ExactPhrase_2026_v3,sub zero 15 beverage center,Exact,Campaign negative,Expanded negative control
SZ_Search_BayArea_Hyper_ExactPhrase_2026_v3,sub zero 18 wine column,Exact,Campaign negative,Expanded negative control
SZ_Search_BayArea_Hyper_ExactPhrase_2026_v3,sub zero 201r,Exact,Campaign negative,Expanded negative control
SZ_Search_BayArea_Hyper_ExactPhrase_2026_v3,sub zero 24 beverage center,Exact,Campaign negative,Expanded negative control
SZ_Search_BayArea_Hyper_ExactPhrase_2026_v3,sub zero 24 designer undercounter refrigerator,Exact,Campaign negative,Expanded negative control
SZ_Search_BayArea_Hyper_ExactPhrase_2026_v3,sub zero 24 fridge,Exact,Campaign negative,Expanded negative control
SZ_Search_BayArea_Hyper_ExactPhrase_2026_v3,sub zero 24 inch fridge,Exact,Campaign negative,Expanded negative control
SZ_Search_BayArea_Hyper_ExactPhrase_2026_v3,sub zero 24 inch refrigerator,Exact,Campaign negative,Expanded negative control
SZ_Search_BayArea_Hyper_ExactPhrase_2026_v3,sub zero 24 refrigerator drawers,Exact,Campaign negative,Expanded negative control
SZ_Search_BayArea_Hyper_ExactPhrase_2026_v3,sub zero 24 refrigerator freezer drawers,Exact,Campaign negative,Expanded negative control
SZ_Search_BayArea_Hyper_ExactPhrase_2026_v3,sub zero 24 undercounter,Exact,Campaign negative,Expanded negative control
SZ_Search_BayArea_Hyper_ExactPhrase_2026_v3,sub zero 24 undercounter beverage center,Exact,Campaign negative,Expanded negative control
SZ_Search_BayArea_Hyper_ExactPhrase_2026_v3,sub zero 24 undercounter beverage center panel ready,Exact,Campaign negative,Expanded negative control
SZ_Search_BayArea_Hyper_ExactPhrase_2026_v3,sub zero 24 undercounter refrigerator,Exact,Campaign negative,Expanded negative control
SZ_Search_BayArea_Hyper_ExactPhrase_2026_v3,sub zero 24 undercounter refrigerator drawers,Exact,Campaign negative,Expanded negative control
SZ_Search_BayArea_Hyper_ExactPhrase_2026_v3,sub zero 24 wine column,Exact,Campaign negative,Expanded negative control
SZ_Search_BayArea_Hyper_ExactPhrase_2026_v3,sub zero 24 wine fridge,Exact,Campaign negative,Expanded negative control
SZ_Search_BayArea_Hyper_ExactPhrase_2026_v3,sub zero 24 wine fridge panel ready,Exact,Campaign negative,Expanded negative control
SZ_Search_BayArea_Hyper_ExactPhrase_2026_v3,sub zero 249r,Exact,Campaign negative,Expanded negative control
SZ_Search_BayArea_Hyper_ExactPhrase_2026_v3,sub zero 249rp,Exact,Campaign negative,Expanded negative control
SZ_Search_BayArea_Hyper_ExactPhrase_2026_v3,sub zero 27 inch refrigerator,Exact,Campaign negative,Expanded negative control
SZ_Search_BayArea_Hyper_ExactPhrase_2026_v3,sub zero 27 refrigerator,Exact,Campaign negative,Expanded negative control
SZ_Search_BayArea_Hyper_ExactPhrase_2026_v3,sub zero 30,Exact,Campaign negative,Expanded negative control
SZ_Search_BayArea_Hyper_ExactPhrase_2026_v3,sub zero 30 column fridge,Exact,Campaign negative,Expanded negative control
SZ_Search_BayArea_Hyper_ExactPhrase_2026_v3,sub zero 30 column refrigerator,Exact,Campaign negative,Expanded negative control
SZ_Search_BayArea_Hyper_ExactPhrase_2026_v3,sub zero 30 fridge,Exact,Campaign negative,Expanded negative control
SZ_Search_BayArea_Hyper_ExactPhrase_2026_v3,sub zero 30 inch built in refrigerator,Exact,Campaign negative,Expanded negative control
SZ_Search_BayArea_Hyper_ExactPhrase_2026_v3,sub zero 30 inch fridge,Exact,Campaign negative,Expanded negative control
SZ_Search_BayArea_Hyper_ExactPhrase_2026_v3,sub zero 30 inch refrigerator,Exact,Campaign negative,Expanded negative control
SZ_Search_BayArea_Hyper_ExactPhrase_2026_v3,sub zero 30 inch refrigerator panel ready,Exact,Campaign negative,Expanded negative control
SZ_Search_BayArea_Hyper_ExactPhrase_2026_v3,sub zero 30 integrated refrigerator,Exact,Campaign negative,Expanded negative control
SZ_Search_BayArea_Hyper_ExactPhrase_2026_v3,sub zero 30 panel ready refrigerator,Exact,Campaign negative,Expanded negative control
SZ_Search_BayArea_Hyper_ExactPhrase_2026_v3,sub zero 3211rfd,Exact,Campaign negative,Expanded negative control
SZ_Search_BayArea_Hyper_ExactPhrase_2026_v3,sub zero 350,Exact,Campaign negative,Expanded negative control
SZ_Search_BayArea_Hyper_ExactPhrase_2026_v3,sub zero 36,Exact,Campaign negative,Expanded negative control
SZ_Search_BayArea_Hyper_ExactPhrase_2026_v3,sub zero 36 bottom freezer,Exact,Campaign negative,Expanded negative control
SZ_Search_BayArea_Hyper_ExactPhrase_2026_v3,sub zero 36 built in bottom freezer refrigerator,Exact,Campaign negative,Expanded negative control
SZ_Search_BayArea_Hyper_ExactPhrase_2026_v3,sub zero 36 built in refrigerator,Exact,Campaign negative,Expanded negative control
SZ_Search_BayArea_Hyper_ExactPhrase_2026_v3,sub zero 36 classic french door refrigerator freezer,Exact,Campaign negative,Expanded negative control
SZ_Search_BayArea_Hyper_ExactPhrase_2026_v3,sub zero 36 classic over and under refrigerator freezer,Exact,Campaign negative,Expanded negative control
SZ_Search_BayArea_Hyper_ExactPhrase_2026_v3,sub zero 36 column refrigerator,Exact,Campaign negative,Expanded negative control
SZ_Search_BayArea_Hyper_ExactPhrase_2026_v3,sub zero 36 designer column refrigerator,Exact,Campaign negative,Expanded negative control
SZ_Search_BayArea_Hyper_ExactPhrase_2026_v3,sub zero 36 designer column refrigerator panel ready,Exact,Campaign negative,Expanded negative control
SZ_Search_BayArea_Hyper_ExactPhrase_2026_v3,sub zero 36 french door,Exact,Campaign negative,Expanded negative control
SZ_Search_BayArea_Hyper_ExactPhrase_2026_v3,sub zero 36 french door panel ready,Exact,Campaign negative,Expanded negative control
SZ_Search_BayArea_Hyper_ExactPhrase_2026_v3,sub zero 36 fridge,Exact,Campaign negative,Expanded negative control
SZ_Search_BayArea_Hyper_ExactPhrase_2026_v3,sub zero 36 glass door refrigerator,Exact,Campaign negative,Expanded negative control
SZ_Search_BayArea_Hyper_ExactPhrase_2026_v3,sub zero 36 in refrigerator,Exact,Campaign negative,Expanded negative control
SZ_Search_BayArea_Hyper_ExactPhrase_2026_v3,sub zero 36 inch,Exact,Campaign negative,Expanded negative control
SZ_Search_BayArea_Hyper_ExactPhrase_2026_v3,sub zero 36 inch fridge,Exact,Campaign negative,Expanded negative control
SZ_Search_BayArea_Hyper_ExactPhrase_2026_v3,sub zero 36 inch fridge price,Exact,Campaign negative,Expanded negative control
SZ_Search_BayArea_Hyper_ExactPhrase_2026_v3,sub zero 36 inch refrigerator,Exact,Campaign negative,Expanded negative control
SZ_Search_BayArea_Hyper_ExactPhrase_2026_v3,sub zero 36 inch refrigerator freezer,Exact,Campaign negative,Expanded negative control
SZ_Search_BayArea_Hyper_ExactPhrase_2026_v3,sub zero 36 inch refrigerator panel ready,Exact,Campaign negative,Expanded negative control
SZ_Search_BayArea_Hyper_ExactPhrase_2026_v3,sub zero 36 inch side by side,Exact,Campaign negative,Expanded negative control
SZ_Search_BayArea_Hyper_ExactPhrase_2026_v3,sub zero 36 over under,Exact,Campaign negative,Expanded negative control
SZ_Search_BayArea_Hyper_ExactPhrase_2026_v3,sub zero 36 panel ready fridge,Exact,Campaign negative,Expanded negative control
SZ_Search_BayArea_Hyper_ExactPhrase_2026_v3,sub zero 36 pro,Exact,Campaign negative,Expanded negative control
SZ_Search_BayArea_Hyper_ExactPhrase_2026_v3,sub zero 36 refrigerator,Exact,Campaign negative,Expanded negative control
SZ_Search_BayArea_Hyper_ExactPhrase_2026_v3,sub zero 36 refrigerator column,Exact,Campaign negative,Expanded negative control
SZ_Search_BayArea_Hyper_ExactPhrase_2026_v3,sub zero 36 refrigerator only,Exact,Campaign negative,Expanded negative control
SZ_Search_BayArea_Hyper_ExactPhrase_2026_v3,sub zero 36 refrigerator price,Exact,Campaign negative,Expanded negative control
SZ_Search_BayArea_Hyper_ExactPhrase_2026_v3,sub zero 36 side by side,Exact,Campaign negative,Expanded negative control
SZ_Search_BayArea_Hyper_ExactPhrase_2026_v3,sub zero 36 side by side refrigerator,Exact,Campaign negative,Expanded negative control
SZ_Search_BayArea_Hyper_ExactPhrase_2026_v3,sub zero 40,Exact,Campaign negative,Expanded negative control
SZ_Search_BayArea_Hyper_ExactPhrase_2026_v3,sub zero 40 ec,Exact,Campaign negative,Expanded negative control
SZ_Search_BayArea_Hyper_ExactPhrase_2026_v3,sub zero 42,Exact,Campaign negative,Expanded negative control
SZ_Search_BayArea_Hyper_ExactPhrase_2026_v3,sub zero 42 built in french door refrigerator,Exact,Campaign negative,Expanded negative control
SZ_Search_BayArea_Hyper_ExactPhrase_2026_v3,sub zero 42 built in refrigerator,Exact,Campaign negative,Expanded negative control
SZ_Search_BayArea_Hyper_ExactPhrase_2026_v3,sub zero 42 classic french door refrigerator freezer,Exact,Campaign negative,Expanded negative control
SZ_Search_BayArea_Hyper_ExactPhrase_2026_v3,sub zero 42 french door,Exact,Campaign negative,Expanded negative control
SZ_Search_BayArea_Hyper_ExactPhrase_2026_v3,sub zero 42 french door panel ready,Exact,Campaign negative,Expanded negative control
SZ_Search_BayArea_Hyper_ExactPhrase_2026_v3,sub zero 42 french door refrigerator,Exact,Campaign negative,Expanded negative control
SZ_Search_BayArea_Hyper_ExactPhrase_2026_v3,sub zero 42 fridge,Exact,Campaign negative,Expanded negative control
SZ_Search_BayArea_Hyper_ExactPhrase_2026_v3,sub zero 42 inch,Exact,Campaign negative,Expanded negative control
SZ_Search_BayArea_Hyper_ExactPhrase_2026_v3,sub zero 42 inch built in refrigerator,Exact,Campaign negative,Expanded negative control
SZ_Search_BayArea_Hyper_ExactPhrase_2026_v3,sub zero 42 inch built in refrigerator with water dispenser,Exact,Campaign negative,Expanded negative control
SZ_Search_BayArea_Hyper_ExactPhrase_2026_v3,sub zero 42 inch french door,Exact,Campaign negative,Expanded negative control
SZ_Search_BayArea_Hyper_ExactPhrase_2026_v3,sub zero 42 inch french door refrigerator,Exact,Campaign negative,Expanded negative control
SZ_Search_BayArea_Hyper_ExactPhrase_2026_v3,sub zero 42 inch french door refrigerator specs,Exact,Campaign negative,Expanded negative control
SZ_Search_BayArea_Hyper_ExactPhrase_2026_v3,sub zero 42 inch fridge,Exact,Campaign negative,Expanded negative control
SZ_Search_BayArea_Hyper_ExactPhrase_2026_v3,sub zero 42 inch refrigerator,Exact,Campaign negative,Expanded negative control
SZ_Search_BayArea_Hyper_ExactPhrase_2026_v3,sub zero 42 inch refrigerator dimensions,Exact,Campaign negative,Expanded negative control
SZ_Search_BayArea_Hyper_ExactPhrase_2026_v3,sub zero 42 inch refrigerator prices,Exact,Campaign negative,Expanded negative control
SZ_Search_BayArea_Hyper_ExactPhrase_2026_v3,sub zero 42 refrigerator,Exact,Campaign negative,Expanded negative control
SZ_Search_BayArea_Hyper_ExactPhrase_2026_v3,sub zero 42 refrigerator panel ready,Exact,Campaign negative,Expanded negative control
SZ_Search_BayArea_Hyper_ExactPhrase_2026_v3,sub zero 42 refrigerators,Exact,Campaign negative,Expanded negative control
SZ_Search_BayArea_Hyper_ExactPhrase_2026_v3,sub zero 42 side by side,Exact,Campaign negative,Expanded negative control
SZ_Search_BayArea_Hyper_ExactPhrase_2026_v3,sub zero 42 side by side panel ready,Exact,Campaign negative,Expanded negative control
SZ_Search_BayArea_Hyper_ExactPhrase_2026_v3,sub zero 42 side by side refrigerator,Exact,Campaign negative,Expanded negative control
SZ_Search_BayArea_Hyper_ExactPhrase_2026_v3,sub zero 4200740,Exact,Campaign negative,Expanded negative control
SZ_Search_BayArea_Hyper_ExactPhrase_2026_v3,sub zero 4204490,Exact,Campaign negative,Expanded negative control
SZ_Search_BayArea_Hyper_ExactPhrase_2026_v3,sub zero 4204490 water filter,Exact,Campaign negative,Expanded negative control
SZ_Search_BayArea_Hyper_ExactPhrase_2026_v3,sub zero 424 wine cooler,Exact,Campaign negative,Expanded negative control
SZ_Search_BayArea_Hyper_ExactPhrase_2026_v3,sub zero 4290510,Exact,Campaign negative,Expanded negative control
SZ_Search_BayArea_Hyper_ExactPhrase_2026_v3,sub zero 48,Exact,Campaign negative,Expanded negative control
SZ_Search_BayArea_Hyper_ExactPhrase_2026_v3,sub zero 48 built in refrigerator,Exact,Campaign negative,Expanded negative control
SZ_Search_BayArea_Hyper_ExactPhrase_2026_v3,sub zero 48 built in side by side refrigerator,Exact,Campaign negative,Expanded negative control
SZ_Search_BayArea_Hyper_ExactPhrase_2026_v3,sub zero 48 classic side by side refrigerator freezer,Exact,Campaign negative,Expanded negative control
SZ_Search_BayArea_Hyper_ExactPhrase_2026_v3,sub zero 48 french door,Exact,Campaign negative,Expanded negative control
SZ_Search_BayArea_Hyper_ExactPhrase_2026_v3,sub zero 48 french door panel ready,Exact,Campaign negative,Expanded negative control
SZ_Search_BayArea_Hyper_ExactPhrase_2026_v3,sub zero 48 fridge,Exact,Campaign negative,Expanded negative control
SZ_Search_BayArea_Hyper_ExactPhrase_2026_v3,sub zero 48 fridge freezer,Exact,Campaign negative,Expanded negative control
SZ_Search_BayArea_Hyper_ExactPhrase_2026_v3,sub zero 48 inch built in refrigerator,Exact,Campaign negative,Expanded negative control
SZ_Search_BayArea_Hyper_ExactPhrase_2026_v3,sub zero 48 inch french door,Exact,Campaign negative,Expanded negative control
SZ_Search_BayArea_Hyper_ExactPhrase_2026_v3,sub zero 48 inch french door refrigerator,Exact,Campaign negative,Expanded negative control
SZ_Search_BayArea_Hyper_ExactPhrase_2026_v3,sub zero 48 inch fridge,Exact,Campaign negative,Expanded negative control
SZ_Search_BayArea_Hyper_ExactPhrase_2026_v3,sub zero 48 inch pro refrigerator,Exact,Campaign negative,Expanded negative control
SZ_Search_BayArea_Hyper_ExactPhrase_2026_v3,sub zero 48 inch refrigerator,Exact,Campaign negative,Expanded negative control
SZ_Search_BayArea_Hyper_ExactPhrase_2026_v3,sub zero 48 inch refrigerator with water dispenser,Exact,Campaign negative,Expanded negative control
SZ_Search_BayArea_Hyper_ExactPhrase_2026_v3,sub zero 48 inch side by side refrigerator,Exact,Campaign negative,Expanded negative control
SZ_Search_BayArea_Hyper_ExactPhrase_2026_v3,sub zero 48 pro,Exact,Campaign negative,Expanded negative control
SZ_Search_BayArea_Hyper_ExactPhrase_2026_v3,sub zero 48 pro refrigerator freezer with glass door,Exact,Campaign negative,Expanded negative control
SZ_Search_BayArea_Hyper_ExactPhrase_2026_v3,sub zero 48 refrigerator,Exact,Campaign negative,Expanded negative control
SZ_Search_BayArea_Hyper_ExactPhrase_2026_v3,sub zero 48 refrigerator panel ready,Exact,Campaign negative,Expanded negative control
SZ_Search_BayArea_Hyper_ExactPhrase_2026_v3,sub zero 48 refrigerator price,Exact,Campaign negative,Expanded negative control
SZ_Search_BayArea_Hyper_ExactPhrase_2026_v3,sub zero 48 side by side,Exact,Campaign negative,Expanded negative control
SZ_Search_BayArea_Hyper_ExactPhrase_2026_v3,sub zero 48 side by side panel ready,Exact,Campaign negative,Expanded negative control
SZ_Search_BayArea_Hyper_ExactPhrase_2026_v3,sub zero 48 side by side refrigerator,Exact,Campaign negative,Expanded negative control
SZ_Search_BayArea_Hyper_ExactPhrase_2026_v3,sub zero 511,Exact,Campaign negative,Expanded negative control
SZ_Search_BayArea_Hyper_ExactPhrase_2026_v3,sub zero 532,Exact,Campaign negative,Expanded negative control
SZ_Search_BayArea_Hyper_ExactPhrase_2026_v3,sub zero 532 compressor,Exact,Campaign negative,Expanded negative control
SZ_Search_BayArea_Hyper_ExactPhrase_2026_v3,sub zero 532 dimensions,Exact,Campaign negative,Expanded negative control
SZ_Search_BayArea_Hyper_ExactPhrase_2026_v3,sub zero 532 ice maker troubleshooting,Exact,Campaign negative,Expanded negative control
SZ_Search_BayArea_Hyper_ExactPhrase_2026_v3,sub zero 532 price,Exact,Campaign negative,Expanded negative control
SZ_Search_BayArea_Hyper_ExactPhrase_2026_v3,sub zero 532 refrigerator door gasket,Exact,Campaign negative,Expanded negative control
SZ_Search_BayArea_Hyper_ExactPhrase_2026_v3,sub zero 550,Exact,Campaign negative,Expanded negative control
SZ_Search_BayArea_Hyper_ExactPhrase_2026_v3,sub zero 550 defrost timer,Exact,Campaign negative,Expanded negative control
SZ_Search_BayArea_Hyper_ExactPhrase_2026_v3,sub zero 550 ice maker,Exact,Campaign negative,Expanded negative control
SZ_Search_BayArea_Hyper_ExactPhrase_2026_v3,sub zero 550 refrigerator troubleshooting,Exact,Campaign negative,Expanded negative control
SZ_Search_BayArea_Hyper_ExactPhrase_2026_v3,sub zero 550 troubleshooting,Exact,Campaign negative,Expanded negative control
SZ_Search_BayArea_Hyper_ExactPhrase_2026_v3,sub zero 561 dimensions,Exact,Campaign negative,Expanded negative control
SZ_Search_BayArea_Hyper_ExactPhrase_2026_v3,sub zero 561 door gasket,Exact,Campaign negative,Expanded negative control
SZ_Search_BayArea_Hyper_ExactPhrase_2026_v3,sub zero 561 f,Exact,Campaign negative,Expanded negative control
SZ_Search_BayArea_Hyper_ExactPhrase_2026_v3,sub zero 561 price,Exact,Campaign negative,Expanded negative control
SZ_Search_BayArea_Hyper_ExactPhrase_2026_v3,sub zero 561 refrigerator,Exact,Campaign negative,Expanded negative control
SZ_Search_BayArea_Hyper_ExactPhrase_2026_v3,sub zero 561 refrigerator door gasket,Exact,Campaign negative,Expanded negative control
SZ_Search_BayArea_Hyper_ExactPhrase_2026_v3,sub zero 561 s,Exact,Campaign negative,Expanded negative control
SZ_Search_BayArea_Hyper_ExactPhrase_2026_v3,sub zero 561 specs,Exact,Campaign negative,Expanded negative control
SZ_Search_BayArea_Hyper_ExactPhrase_2026_v3,sub zero 590 door gasket,Exact,Campaign negative,Expanded negative control
SZ_Search_BayArea_Hyper_ExactPhrase_2026_v3,sub zero 60,Exact,Campaign negative,Expanded negative control
SZ_Search_BayArea_Hyper_ExactPhrase_2026_v3,sub zero 60 inch refrigerator,Exact,Campaign negative,Expanded negative control
SZ_Search_BayArea_Hyper_ExactPhrase_2026_v3,sub zero 60 refrigerator,Exact,Campaign negative,Expanded negative control
SZ_Search_BayArea_Hyper_ExactPhrase_2026_v3,sub zero 600 series ice maker troubleshooting,Exact,Campaign negative,Expanded negative control
SZ_Search_BayArea_Hyper_ExactPhrase_2026_v3,sub zero 600 series troubleshooting,Exact,Campaign negative,Expanded negative control
SZ_Search_BayArea_Hyper_ExactPhrase_2026_v3,sub zero 601f,Exact,Campaign negative,Expanded negative control
SZ_Search_BayArea_Hyper_ExactPhrase_2026_v3,sub zero 601f freezer,Exact,Campaign negative,Expanded negative control
SZ_Search_BayArea_Hyper_ExactPhrase_2026_v3,sub zero 601f ice maker troubleshooting,Exact,Campaign negative,Expanded negative control
SZ_Search_BayArea_Hyper_ExactPhrase_2026_v3,sub zero 601f s,Exact,Campaign negative,Expanded negative control
SZ_Search_BayArea_Hyper_ExactPhrase_2026_v3,sub zero 601f troubleshooting,Exact,Campaign negative,Expanded negative control
SZ_Search_BayArea_Hyper_ExactPhrase_2026_v3,sub zero 601r,Exact,Campaign negative,Expanded negative control
SZ_Search_BayArea_Hyper_ExactPhrase_2026_v3,sub zero 601r door gasket,Exact,Campaign negative,Expanded negative control
SZ_Search_BayArea_Hyper_ExactPhrase_2026_v3,sub zero 601r light bulb,Exact,Campaign negative,Expanded negative control
SZ_Search_BayArea_Hyper_ExactPhrase_2026_v3,sub zero 601r price,Exact,Campaign negative,Expanded negative control
SZ_Search_BayArea_Hyper_ExactPhrase_2026_v3,sub zero 601r specs,Exact,Campaign negative,Expanded negative control
SZ_Search_BayArea_Hyper_ExactPhrase_2026_v3,sub zero 611,Exact,Campaign negative,Expanded negative control
SZ_Search_BayArea_Hyper_ExactPhrase_2026_v3,sub zero 611 refrigerator troubleshooting,Exact,Campaign negative,Expanded negative control
SZ_Search_BayArea_Hyper_ExactPhrase_2026_v3,sub zero 632 dimensions,Exact,Campaign negative,Expanded negative control
SZ_Search_BayArea_Hyper_ExactPhrase_2026_v3,sub zero 632 door gasket,Exact,Campaign negative,Expanded negative control
SZ_Search_BayArea_Hyper_ExactPhrase_2026_v3,sub zero 632 door gasket part number,Exact,Campaign negative,Expanded negative control
SZ_Search_BayArea_Hyper_ExactPhrase_2026_v3,sub zero 632 door seal,Exact,Campaign negative,Expanded negative control
SZ_Search_BayArea_Hyper_ExactPhrase_2026_v3,sub zero 632 gasket,Exact,Campaign negative,Expanded negative control
SZ_Search_BayArea_Hyper_ExactPhrase_2026_v3,sub zero 632 ice bucket slide rail,Exact,Campaign negative,Expanded negative control
SZ_Search_BayArea_Hyper_ExactPhrase_2026_v3,sub zero 632 ice maker,Exact,Campaign negative,Expanded negative control
SZ_Search_BayArea_Hyper_ExactPhrase_2026_v3,sub zero 632 ice maker drawer install,Exact,Campaign negative,Expanded negative control
SZ_Search_BayArea_Hyper_ExactPhrase_2026_v3,sub zero 632 ice maker troubleshooting,Exact,Campaign negative,Expanded negative control
SZ_Search_BayArea_Hyper_ExactPhrase_2026_v3,sub zero 632 refrigerator,Exact,Campaign negative,Expanded negative control
SZ_Search_BayArea_Hyper_ExactPhrase_2026_v3,sub zero 632 refrigerator door gasket,Exact,Campaign negative,Expanded negative control
SZ_Search_BayArea_Hyper_ExactPhrase_2026_v3,sub zero 632 s,Exact,Campaign negative,Expanded negative control
SZ_Search_BayArea_Hyper_ExactPhrase_2026_v3,sub zero 632 water filter,Exact,Campaign negative,Expanded negative control
SZ_Search_BayArea_Hyper_ExactPhrase_2026_v3,sub zero 642,Exact,Campaign negative,Expanded negative control
SZ_Search_BayArea_Hyper_ExactPhrase_2026_v3,sub zero 642 door gasket,Exact,Campaign negative,Expanded negative control
SZ_Search_BayArea_Hyper_ExactPhrase_2026_v3,sub zero 642 door gasket part number,Exact,Campaign negative,Expanded negative control
SZ_Search_BayArea_Hyper_ExactPhrase_2026_v3,sub zero 642 ice maker,Exact,Campaign negative,Expanded negative control
SZ_Search_BayArea_Hyper_ExactPhrase_2026_v3,sub zero 642 ice maker troubleshooting,Exact,Campaign negative,Expanded negative control
SZ_Search_BayArea_Hyper_ExactPhrase_2026_v3,sub zero 648prog,Exact,Campaign negative,Expanded negative control
SZ_Search_BayArea_Hyper_ExactPhrase_2026_v3,sub zero 650,Exact,Campaign negative,Expanded negative control
SZ_Search_BayArea_Hyper_ExactPhrase_2026_v3,sub zero 650 0,Exact,Campaign negative,Expanded negative control
SZ_Search_BayArea_Hyper_ExactPhrase_2026_v3,sub zero 650 control board,Exact,Campaign negative,Expanded negative control
SZ_Search_BayArea_Hyper_ExactPhrase_2026_v3,sub zero 650 door gasket,Exact,Campaign negative,Expanded negative control
SZ_Search_BayArea_Hyper_ExactPhrase_2026_v3,sub zero 650 freezer door gasket,Exact,Campaign negative,Expanded negative control
SZ_Search_BayArea_Hyper_ExactPhrase_2026_v3,sub zero 650 freezer gasket,Exact,Campaign negative,Expanded negative control
SZ_Search_BayArea_Hyper_ExactPhrase_2026_v3,sub zero 650 ice maker,Exact,Campaign negative,Expanded negative control
SZ_Search_BayArea_Hyper_ExactPhrase_2026_v3,sub zero 650 light bulb,Exact,Campaign negative,Expanded negative control
SZ_Search_BayArea_Hyper_ExactPhrase_2026_v3,sub zero 650 price,Exact,Campaign negative,Expanded negative control
SZ_Search_BayArea_Hyper_ExactPhrase_2026_v3,sub zero 650 refrigerator,Exact,Campaign negative,Expanded negative control
SZ_Search_BayArea_Hyper_ExactPhrase_2026_v3,sub zero 650 s2,Exact,Campaign negative,Expanded negative control
SZ_Search_BayArea_Hyper_ExactPhrase_2026_v3,sub zero 650 specs,Exact,Campaign negative,Expanded negative control
SZ_Search_BayArea_Hyper_ExactPhrase_2026_v3,sub zero 650s,Exact,Campaign negative,Expanded negative control
SZ_Search_BayArea_Hyper_ExactPhrase_2026_v3,sub zero 680,Exact,Campaign negative,Expanded negative control
SZ_Search_BayArea_Hyper_ExactPhrase_2026_v3,sub zero 680 ice maker troubleshooting,Exact,Campaign negative,Expanded negative control
SZ_Search_BayArea_Hyper_ExactPhrase_2026_v3,sub zero 685 price,Exact,Campaign negative,Expanded negative control
SZ_Search_BayArea_Hyper_ExactPhrase_2026_v3,sub zero 685 s,Exact,Campaign negative,Expanded negative control
SZ_Search_BayArea_Hyper_ExactPhrase_2026_v3,sub zero 685 water filter,Exact,Campaign negative,Expanded negative control
SZ_Search_BayArea_Hyper_ExactPhrase_2026_v3,sub zero 690,Exact,Campaign negative,Expanded negative control
SZ_Search_BayArea_Hyper_ExactPhrase_2026_v3,sub zero 690 price,Exact,Campaign negative,Expanded negative control
SZ_Search_BayArea_Hyper_ExactPhrase_2026_v3,sub zero 690 refrigerator,Exact,Campaign negative,Expanded negative control
SZ_Search_BayArea_Hyper_ExactPhrase_2026_v3,sub zero 695,Exact,Campaign negative,Expanded negative control
SZ_Search_BayArea_Hyper_ExactPhrase_2026_v3,sub zero 695 price,Exact,Campaign negative,Expanded negative control
SZ_Search_BayArea_Hyper_ExactPhrase_2026_v3,sub zero 695 water filter,Exact,Campaign negative,Expanded negative control
SZ_Search_BayArea_Hyper_ExactPhrase_2026_v3,sub zero 700 series,Exact,Campaign negative,Expanded negative control
SZ_Search_BayArea_Hyper_ExactPhrase_2026_v3,sub zero 700 series drawers,Exact,Campaign negative,Expanded negative control
SZ_Search_BayArea_Hyper_ExactPhrase_2026_v3,sub zero 700 tr,Exact,Campaign negative,Expanded negative control
SZ_Search_BayArea_Hyper_ExactPhrase_2026_v3,sub zero 7006999,Exact,Campaign negative,Expanded negative control
SZ_Search_BayArea_Hyper_ExactPhrase_2026_v3,sub zero 7007067,Exact,Campaign negative,Expanded negative control
SZ_Search_BayArea_Hyper_ExactPhrase_2026_v3,sub zero 700bf freezer drawers,Exact,Campaign negative,Expanded negative control
SZ_Search_BayArea_Hyper_ExactPhrase_2026_v3,sub zero 700br,Exact,Campaign negative,Expanded negative control
SZ_Search_BayArea_Hyper_ExactPhrase_2026_v3,sub zero 700br specs,Exact,Campaign negative,Expanded negative control
SZ_Search_BayArea_Hyper_ExactPhrase_2026_v3,sub zero 700tc for sale,Exact,Campaign negative,Expanded negative control
SZ_Search_BayArea_Hyper_ExactPhrase_2026_v3,sub zero 700tc price,Exact,Campaign negative,Expanded negative control
SZ_Search_BayArea_Hyper_ExactPhrase_2026_v3,sub zero 700tci,Exact,Campaign negative,Expanded negative control
SZ_Search_BayArea_Hyper_ExactPhrase_2026_v3,sub zero 700tf,Exact,Campaign negative,Expanded negative control
SZ_Search_BayArea_Hyper_ExactPhrase_2026_v3,sub zero 7012333,Exact,Campaign negative,Expanded negative control
SZ_Search_BayArea_Hyper_ExactPhrase_2026_v3,sub zero 7023628,Exact,Campaign negative,Expanded negative control
SZ_Search_BayArea_Hyper_ExactPhrase_2026_v3,sub zero 7023812,Exact,Campaign negative,Expanded negative control
SZ_Search_BayArea_Hyper_ExactPhrase_2026_v3,sub zero 7042798,Exact,Campaign negative,Expanded negative control
SZ_Search_BayArea_Hyper_ExactPhrase_2026_v3,sub zero 72 inch refrigerator,Exact,Campaign negative,Expanded negative control
SZ_Search_BayArea_Hyper_ExactPhrase_2026_v3,sub zero 736 tc,Exact,Campaign negative,Expanded negative control
SZ_Search_BayArea_Hyper_ExactPhrase_2026_v3,sub zero 736tc,Exact,Campaign negative,Expanded negative control
SZ_Search_BayArea_Hyper_ExactPhrase_2026_v3,sub zero 736tci,Exact,Campaign negative,Expanded negative control
SZ_Search_BayArea_Hyper_ExactPhrase_2026_v3,sub zero 736tci 3,Exact,Campaign negative,Expanded negative control
SZ_Search_BayArea_Hyper_ExactPhrase_2026_v3,sub zero a c recharge,Exact,Campaign negative,Expanded negative control
SZ_Search_BayArea_Hyper_ExactPhrase_2026_v3,sub zero accessories,Exact,Campaign negative,Expanded negative control
SZ_Search_BayArea_Hyper_ExactPhrase_2026_v3,sub zero air conditioning,Exact,Campaign negative,Expanded negative control
SZ_Search_BayArea_Hyper_ExactPhrase_2026_v3,sub zero air filter,Exact,Campaign negative,Expanded negative control
SZ_Search_BayArea_Hyper_ExactPhrase_2026_v3,sub zero air filter indicator,Exact,Campaign negative,Expanded negative control
SZ_Search_BayArea_Hyper_ExactPhrase_2026_v3,sub zero air filters,Exact,Campaign negative,Expanded negative control
SZ_Search_BayArea_Hyper_ExactPhrase_2026_v3,sub zero air purification,Exact,Campaign negative,Expanded negative control
SZ_Search_BayArea_Hyper_ExactPhrase_2026_v3,sub zero air purification cartridge,Exact,Campaign negative,Expanded negative control
SZ_Search_BayArea_Hyper_ExactPhrase_2026_v3,sub zero air purification cartridge 7007067,Exact,Campaign negative,Expanded negative control
SZ_Search_BayArea_Hyper_ExactPhrase_2026_v3,sub zero air purification cartridge 7042798,Exact,Campaign negative,Expanded negative control
SZ_Search_BayArea_Hyper_ExactPhrase_2026_v3,sub zero air purification system,Exact,Campaign negative,Expanded negative control
SZ_Search_BayArea_Hyper_ExactPhrase_2026_v3,sub zero air purifier,Exact,Campaign negative,Expanded negative control
SZ_Search_BayArea_Hyper_ExactPhrase_2026_v3,sub zero air purifier filter,Exact,Campaign negative,Expanded negative control
SZ_Search_BayArea_Hyper_ExactPhrase_2026_v3,sub zero alarm symbols,Exact,Campaign negative,Expanded negative control
SZ_Search_BayArea_Hyper_ExactPhrase_2026_v3,sub zero all refrigerator 36,Exact,Campaign negative,Expanded negative control
SZ_Search_BayArea_Hyper_ExactPhrase_2026_v3,sub zero and wolf,Exact,Campaign negative,Expanded negative control
SZ_Search_BayArea_Hyper_ExactPhrase_2026_v3,sub zero and wolf appliances,Exact,Campaign negative,Expanded negative control
SZ_Search_BayArea_Hyper_ExactPhrase_2026_v3,sub zero appliance,Exact,Campaign negative,Expanded negative control
SZ_Search_BayArea_Hyper_ExactPhrase_2026_v3,sub zero appliance care,Exact,Campaign negative,Expanded negative control
SZ_Search_BayArea_Hyper_ExactPhrase_2026_v3,sub zero appliance handles,Exact,Campaign negative,Expanded negative control
SZ_Search_BayArea_Hyper_ExactPhrase_2026_v3,sub zero appliance pulls,Exact,Campaign negative,Expanded negative control
SZ_Search_BayArea_Hyper_ExactPhrase_2026_v3,sub zero appliances near me,Exact,Campaign negative,Expanded negative control
SZ_Search_BayArea_Hyper_ExactPhrase_2026_v3,sub zero appliances usa,Exact,Campaign negative,Expanded negative control
SZ_Search_BayArea_Hyper_ExactPhrase_2026_v3,sub zero arizona,Exact,Campaign negative,Expanded negative control
SZ_Search_BayArea_Hyper_ExactPhrase_2026_v3,sub zero bar refrigerator,Exact,Campaign negative,Expanded negative control
SZ_Search_BayArea_Hyper_ExactPhrase_2026_v3,sub zero bath,Exact,Campaign negative,Expanded negative control
SZ_Search_BayArea_Hyper_ExactPhrase_2026_v3,sub zero beer fridge,Exact,Campaign negative,Expanded negative control
SZ_Search_BayArea_Hyper_ExactPhrase_2026_v3,sub zero beverage center,Exact,Campaign negative,Expanded negative control
SZ_Search_BayArea_Hyper_ExactPhrase_2026_v3,sub zero beverage center 24,Exact,Campaign negative,Expanded negative control
SZ_Search_BayArea_Hyper_ExactPhrase_2026_v3,sub zero beverage centre,Exact,Campaign negative,Expanded negative control
SZ_Search_BayArea_Hyper_ExactPhrase_2026_v3,sub zero beverage cooler,Exact,Campaign negative,Expanded negative control
SZ_Search_BayArea_Hyper_ExactPhrase_2026_v3,sub zero beverage drawers,Exact,Campaign negative,Expanded negative control
SZ_Search_BayArea_Hyper_ExactPhrase_2026_v3,sub zero beverage fridge,Exact,Campaign negative,Expanded negative control
SZ_Search_BayArea_Hyper_ExactPhrase_2026_v3,sub zero bi,Exact,Campaign negative,Expanded negative control
SZ_Search_BayArea_Hyper_ExactPhrase_2026_v3,sub zero bi 30u,Exact,Campaign negative,Expanded negative control
SZ_Search_BayArea_Hyper_ExactPhrase_2026_v3,sub zero bi 30u o,Exact,Campaign negative,Expanded negative control
SZ_Search_BayArea_Hyper_ExactPhrase_2026_v3,sub zero bi 36f o,Exact,Campaign negative,Expanded negative control
SZ_Search_BayArea_Hyper_ExactPhrase_2026_v3,sub zero bi 36u o,Exact,Campaign negative,Expanded negative control
SZ_Search_BayArea_Hyper_ExactPhrase_2026_v3,sub zero bi 36u o rh,Exact,Campaign negative,Expanded negative control
SZ_Search_BayArea_Hyper_ExactPhrase_2026_v3,sub zero bi 36ufd,Exact,Campaign negative,Expanded negative control
SZ_Search_BayArea_Hyper_ExactPhrase_2026_v3,sub zero bi 42s,Exact,Campaign negative,Expanded negative control
SZ_Search_BayArea_Hyper_ExactPhrase_2026_v3,sub zero bi 42sd,Exact,Campaign negative,Expanded negative control
SZ_Search_BayArea_Hyper_ExactPhrase_2026_v3,sub zero bi 42sd s th,Exact,Campaign negative,Expanded negative control
SZ_Search_BayArea_Hyper_ExactPhrase_2026_v3,sub zero bi 42sid,Exact,Campaign negative,Expanded negative control
SZ_Search_BayArea_Hyper_ExactPhrase_2026_v3,sub zero bi 42ufdid s ph,Exact,Campaign negative,Expanded negative control
SZ_Search_BayArea_Hyper_ExactPhrase_2026_v3,sub zero bi 48 light bulb,Exact,Campaign negative,Expanded negative control
SZ_Search_BayArea_Hyper_ExactPhrase_2026_v3,sub zero bi 48s o,Exact,Campaign negative,Expanded negative control
SZ_Search_BayArea_Hyper_ExactPhrase_2026_v3,sub zero bi 48s s ph,Exact,Campaign negative,Expanded negative control
SZ_Search_BayArea_Hyper_ExactPhrase_2026_v3,sub zero bi 48sd o,Exact,Campaign negative,Expanded negative control
SZ_Search_BayArea_Hyper_ExactPhrase_2026_v3,sub zero bi 48sd s th,Exact,Campaign negative,Expanded negative control
SZ_Search_BayArea_Hyper_ExactPhrase_2026_v3,sub zero bi 48sid,Exact,Campaign negative,Expanded negative control
SZ_Search_BayArea_Hyper_ExactPhrase_2026_v3,sub zero bi 48sid s ph,Exact,Campaign negative,Expanded negative control
SZ_Search_BayArea_Hyper_ExactPhrase_2026_v3,sub zero bi 48sid s th,Exact,Campaign negative,Expanded negative control
SZ_Search_BayArea_Hyper_ExactPhrase_2026_v3,sub zero bi36ufd,Exact,Campaign negative,Expanded negative control
SZ_Search_BayArea_Hyper_ExactPhrase_2026_v3,sub zero bi42s,Exact,Campaign negative,Expanded negative control
SZ_Search_BayArea_Hyper_ExactPhrase_2026_v3,sub zero boise,Exact,Campaign negative,Expanded negative control
SZ_Search_BayArea_Hyper_ExactPhrase_2026_v3,sub zero bottom freezer,Exact,Campaign negative,Expanded negative control
SZ_Search_BayArea_Hyper_ExactPhrase_2026_v3,sub zero bottom freezer refrigerator,Exact,Campaign negative,Expanded negative control
SZ_Search_BayArea_Hyper_ExactPhrase_2026_v3,sub zero br700,Exact,Campaign negative,Expanded negative control
SZ_Search_BayArea_Hyper_ExactPhrase_2026_v3,sub zero brand,Exact,Campaign negative,Expanded negative control
SZ_Search_BayArea_Hyper_ExactPhrase_2026_v3,sub zero brand refrigerator,Exact,Campaign negative,Expanded negative control
SZ_Search_BayArea_Hyper_ExactPhrase_2026_v3,sub zero brand refrigerators,Exact,Campaign negative,Expanded negative control
SZ_Search_BayArea_Hyper_ExactPhrase_2026_v3,sub zero built in,Exact,Campaign negative,Expanded negative control
SZ_Search_BayArea_Hyper_ExactPhrase_2026_v3,sub zero built in fridge,Exact,Campaign negative,Expanded negative control
SZ_Search_BayArea_Hyper_ExactPhrase_2026_v3,sub zero built in refrigerator,Exact,Campaign negative,Expanded negative control
SZ_Search_BayArea_Hyper_ExactPhrase_2026_v3,sub zero built in refrigerator 36,Exact,Campaign negative,Expanded negative control
SZ_Search_BayArea_Hyper_ExactPhrase_2026_v3,sub zero built in refrigerator 42,Exact,Campaign negative,Expanded negative control
SZ_Search_BayArea_Hyper_ExactPhrase_2026_v3,sub zero built in refrigerator 48,Exact,Campaign negative,Expanded negative control
SZ_Search_BayArea_Hyper_ExactPhrase_2026_v3,sub zero built in refrigerators,Exact,Campaign negative,Expanded negative control
SZ_Search_BayArea_Hyper_ExactPhrase_2026_v3,sub zero butter shelf,Exact,Campaign negative,Expanded negative control
SZ_Search_BayArea_Hyper_ExactPhrase_2026_v3,sub zero cabinet fridge,Exact,Campaign negative,Expanded negative control
SZ_Search_BayArea_Hyper_ExactPhrase_2026_v3,sub zero cabinet refrigerator,Exact,Campaign negative,Expanded negative control
SZ_Search_BayArea_Hyper_ExactPhrase_2026_v3,sub zero care,Exact,Campaign negative,Expanded negative control
SZ_Search_BayArea_Hyper_ExactPhrase_2026_v3,sub zero care plus,Exact,Campaign negative,Expanded negative control
SZ_Search_BayArea_Hyper_ExactPhrase_2026_v3,sub zero cartridge,Exact,Campaign negative,Expanded negative control
SZ_Search_BayArea_Hyper_ExactPhrase_2026_v3,sub zero certification,Exact,Campaign negative,Expanded negative control
SZ_Search_BayArea_Hyper_ExactPhrase_2026_v3,sub zero certified installer,Exact,Campaign negative,Expanded negative control
SZ_Search_BayArea_Hyper_ExactPhrase_2026_v3,sub zero certified repair,Exact,Campaign negative,Expanded negative control
SZ_Search_BayArea_Hyper_ExactPhrase_2026_v3,sub zero cl3650u o,Exact,Campaign negative,Expanded negative control
SZ_Search_BayArea_Hyper_ExactPhrase_2026_v3,sub zero cl3650ufd o,Exact,Campaign negative,Expanded negative control
SZ_Search_BayArea_Hyper_ExactPhrase_2026_v3,sub zero cl3650ufd s,Exact,Campaign negative,Expanded negative control
SZ_Search_BayArea_Hyper_ExactPhrase_2026_v3,sub zero cl3650ufdid o,Exact,Campaign negative,Expanded negative control
SZ_Search_BayArea_Hyper_ExactPhrase_2026_v3,sub zero cl3650ufdid s,Exact,Campaign negative,Expanded negative control
SZ_Search_BayArea_Hyper_ExactPhrase_2026_v3,sub zero cl4250sid o,Exact,Campaign negative,Expanded negative control
SZ_Search_BayArea_Hyper_ExactPhrase_2026_v3,sub zero cl4250ufd o,Exact,Campaign negative,Expanded negative control
SZ_Search_BayArea_Hyper_ExactPhrase_2026_v3,sub zero cl4250ufdid o,Exact,Campaign negative,Expanded negative control
SZ_Search_BayArea_Hyper_ExactPhrase_2026_v3,sub zero cl4250ufdid s,Exact,Campaign negative,Expanded negative control
SZ_Search_BayArea_Hyper_ExactPhrase_2026_v3,sub zero cl4250ufdid s p,Exact,Campaign negative,Expanded negative control
SZ_Search_BayArea_Hyper_ExactPhrase_2026_v3,sub zero cl4850,Exact,Campaign negative,Expanded negative control
SZ_Search_BayArea_Hyper_ExactPhrase_2026_v3,sub zero cl4850s o,Exact,Campaign negative,Expanded negative control
SZ_Search_BayArea_Hyper_ExactPhrase_2026_v3,sub zero cl4850s s,Exact,Campaign negative,Expanded negative control
SZ_Search_BayArea_Hyper_ExactPhrase_2026_v3,sub zero cl4850s s p,Exact,Campaign negative,Expanded negative control
SZ_Search_BayArea_Hyper_ExactPhrase_2026_v3,sub zero cl4850sd s p,Exact,Campaign negative,Expanded negative control
SZ_Search_BayArea_Hyper_ExactPhrase_2026_v3,sub zero cl4850sid,Exact,Campaign negative,Expanded negative control
SZ_Search_BayArea_Hyper_ExactPhrase_2026_v3,sub zero cl4850sid o,Exact,Campaign negative,Expanded negative control
SZ_Search_BayArea_Hyper_ExactPhrase_2026_v3,sub zero cl4850sid s p,Exact,Campaign negative,Expanded negative control
SZ_Search_BayArea_Hyper_ExactPhrase_2026_v3,sub zero cl4850ufdid,Exact,Campaign negative,Expanded negative control
SZ_Search_BayArea_Hyper_ExactPhrase_2026_v3,sub zero cl4850ufdid o,Exact,Campaign negative,Expanded negative control
SZ_Search_BayArea_Hyper_ExactPhrase_2026_v3,sub zero cl4850ufdid s p,Exact,Campaign negative,Expanded negative control
SZ_Search_BayArea_Hyper_ExactPhrase_2026_v3,sub zero classic 42,Exact,Campaign negative,Expanded negative control
SZ_Search_BayArea_Hyper_ExactPhrase_2026_v3,sub zero classic 48,Exact,Campaign negative,Expanded negative control
SZ_Search_BayArea_Hyper_ExactPhrase_2026_v3,sub zero classic refrigerator,Exact,Campaign negative,Expanded negative control
SZ_Search_BayArea_Hyper_ExactPhrase_2026_v3,sub zero classic series refrigerator,Exact,Campaign negative,Expanded negative control
SZ_Search_BayArea_Hyper_ExactPhrase_2026_v3,sub zero classic side by side,Exact,Campaign negative,Expanded negative control
SZ_Search_BayArea_Hyper_ExactPhrase_2026_v3,sub zero column,Exact,Campaign negative,Expanded negative control
SZ_Search_BayArea_Hyper_ExactPhrase_2026_v3,sub zero column freezer,Exact,Campaign negative,Expanded negative control
SZ_Search_BayArea_Hyper_ExactPhrase_2026_v3,sub zero column freezer 36,Exact,Campaign negative,Expanded negative control
SZ_Search_BayArea_Hyper_ExactPhrase_2026_v3,sub zero column fridge,Exact,Campaign negative,Expanded negative control
SZ_Search_BayArea_Hyper_ExactPhrase_2026_v3,sub zero column refrigerator,Exact,Campaign negative,Expanded negative control
SZ_Search_BayArea_Hyper_ExactPhrase_2026_v3,sub zero column refrigerator 30 inch,Exact,Campaign negative,Expanded negative control
SZ_Search_BayArea_Hyper_ExactPhrase_2026_v3,sub zero column refrigerator and freezer,Exact,Campaign negative,Expanded negative control
SZ_Search_BayArea_Hyper_ExactPhrase_2026_v3,sub zero column refrigerators,Exact,Campaign negative,Expanded negative control
SZ_Search_BayArea_Hyper_ExactPhrase_2026_v3,sub zero columns,Exact,Campaign negative,Expanded negative control
SZ_Search_BayArea_Hyper_ExactPhrase_2026_v3,sub zero com,Exact,Campaign negative,Expanded negative control
SZ_Search_BayArea_Hyper_ExactPhrase_2026_v3,sub zero com specs,Exact,Campaign negative,Expanded negative control
SZ_Search_BayArea_Hyper_ExactPhrase_2026_v3,sub zero commercial fridge,Exact,Campaign negative,Expanded negative control
SZ_Search_BayArea_Hyper_ExactPhrase_2026_v3,sub zero compact refrigerators,Exact,Campaign negative,Expanded negative control
SZ_Search_BayArea_Hyper_ExactPhrase_2026_v3,sub zero company,Exact,Campaign negative,Expanded negative control
SZ_Search_BayArea_Hyper_ExactPhrase_2026_v3,sub zero company headquarters,Exact,Campaign negative,Expanded negative control
SZ_Search_BayArea_Hyper_ExactPhrase_2026_v3,sub zero compressor,Exact,Campaign negative,Expanded negative control
SZ_Search_BayArea_Hyper_ExactPhrase_2026_v3,sub zero compressor price,Exact,Campaign negative,Expanded negative control
SZ_Search_BayArea_Hyper_ExactPhrase_2026_v3,sub zero compressor replacement cost,Exact,Campaign negative,Expanded negative control
SZ_Search_BayArea_Hyper_ExactPhrase_2026_v3,sub zero contact,Exact,Campaign negative,Expanded negative control
SZ_Search_BayArea_Hyper_ExactPhrase_2026_v3,sub zero contact number,Exact,Campaign negative,Expanded negative control
SZ_Search_BayArea_Hyper_ExactPhrase_2026_v3,sub zero contact us,Exact,Campaign negative,Expanded negative control
SZ_Search_BayArea_Hyper_ExactPhrase_2026_v3,sub zero control board,Exact,Campaign negative,Expanded negative control
SZ_Search_BayArea_Hyper_ExactPhrase_2026_v3,sub zero control panel blank,Exact,Campaign negative,Expanded negative control
SZ_Search_BayArea_Hyper_ExactPhrase_2026_v3,sub zero control panel symbols,Exact,Campaign negative,Expanded negative control
SZ_Search_BayArea_Hyper_ExactPhrase_2026_v3,sub zero cooktop,Exact,Campaign negative,Expanded negative control
SZ_Search_BayArea_Hyper_ExactPhrase_2026_v3,sub zero coolers,Exact,Campaign negative,Expanded negative control
SZ_Search_BayArea_Hyper_ExactPhrase_2026_v3,sub zero corp,Exact,Campaign negative,Expanded negative control
SZ_Search_BayArea_Hyper_ExactPhrase_2026_v3,sub zero corporation,Exact,Campaign negative,Expanded negative control
SZ_Search_BayArea_Hyper_ExactPhrase_2026_v3,sub zero costa mesa,Exact,Campaign negative,Expanded negative control
SZ_Search_BayArea_Hyper_ExactPhrase_2026_v3,sub zero costs,Exact,Campaign negative,Expanded negative control
SZ_Search_BayArea_Hyper_ExactPhrase_2026_v3,sub zero cove,Exact,Campaign negative,Expanded negative control
SZ_Search_BayArea_Hyper_ExactPhrase_2026_v3,sub zero cove wolf,Exact,Campaign negative,Expanded negative control
SZ_Search_BayArea_Hyper_ExactPhrase_2026_v3,sub zero crisper drawer disassembly,Exact,Campaign negative,Expanded negative control
SZ_Search_BayArea_Hyper_ExactPhrase_2026_v3,sub zero custom fridge,Exact,Campaign negative,Expanded negative control
SZ_Search_BayArea_Hyper_ExactPhrase_2026_v3,sub zero custom panels cost,Exact,Campaign negative,Expanded negative control
SZ_Search_BayArea_Hyper_ExactPhrase_2026_v3,sub zero dairy compartment,Exact,Campaign negative,Expanded negative control
SZ_Search_BayArea_Hyper_ExactPhrase_2026_v3,sub zero dairy storage component,Exact,Campaign negative,Expanded negative control
SZ_Search_BayArea_Hyper_ExactPhrase_2026_v3,sub zero dec1850fi,Exact,Campaign negative,Expanded negative control
SZ_Search_BayArea_Hyper_ExactPhrase_2026_v3,sub zero dec1850fi l,Exact,Campaign negative,Expanded negative control
SZ_Search_BayArea_Hyper_ExactPhrase_2026_v3,sub zero dec2450fi,Exact,Campaign negative,Expanded negative control
SZ_Search_BayArea_Hyper_ExactPhrase_2026_v3,sub zero dec2450fi l,Exact,Campaign negative,Expanded negative control
SZ_Search_BayArea_Hyper_ExactPhrase_2026_v3,sub zero dec2450r,Exact,Campaign negative,Expanded negative control
SZ_Search_BayArea_Hyper_ExactPhrase_2026_v3,sub zero dec3050fi l,Exact,Campaign negative,Expanded negative control
SZ_Search_BayArea_Hyper_ExactPhrase_2026_v3,sub zero dec3050r,Exact,Campaign negative,Expanded negative control
SZ_Search_BayArea_Hyper_ExactPhrase_2026_v3,sub zero dec3050r r,Exact,Campaign negative,Expanded negative control
SZ_Search_BayArea_Hyper_ExactPhrase_2026_v3,sub zero dec3050rid,Exact,Campaign negative,Expanded negative control
SZ_Search_BayArea_Hyper_ExactPhrase_2026_v3,sub zero dec3050rid r,Exact,Campaign negative,Expanded negative control
SZ_Search_BayArea_Hyper_ExactPhrase_2026_v3,sub zero dec3650r r,Exact,Campaign negative,Expanded negative control
SZ_Search_BayArea_Hyper_ExactPhrase_2026_v3,sub zero dec3650rid,Exact,Campaign negative,Expanded negative control
SZ_Search_BayArea_Hyper_ExactPhrase_2026_v3,sub zero dec3650rid r,Exact,Campaign negative,Expanded negative control
SZ_Search_BayArea_Hyper_ExactPhrase_2026_v3,sub zero defrost thermostat,Exact,Campaign negative,Expanded negative control
SZ_Search_BayArea_Hyper_ExactPhrase_2026_v3,sub zero defrost timer,Exact,Campaign negative,Expanded negative control
SZ_Search_BayArea_Hyper_ExactPhrase_2026_v3,sub zero designer,Exact,Campaign negative,Expanded negative control
SZ_Search_BayArea_Hyper_ExactPhrase_2026_v3,sub zero designer 36 refrigerator,Exact,Campaign negative,Expanded negative control
SZ_Search_BayArea_Hyper_ExactPhrase_2026_v3,sub zero designer refrigerator,Exact,Campaign negative,Expanded negative control
SZ_Search_BayArea_Hyper_ExactPhrase_2026_v3,sub zero designer series,Exact,Campaign negative,Expanded negative control
SZ_Search_BayArea_Hyper_ExactPhrase_2026_v3,sub zero designer series 36,Exact,Campaign negative,Expanded negative control
SZ_Search_BayArea_Hyper_ExactPhrase_2026_v3,sub zero designer series refrigerator,Exact,Campaign negative,Expanded negative control
SZ_Search_BayArea_Hyper_ExactPhrase_2026_v3,sub zero det3050ci,Exact,Campaign negative,Expanded negative control
SZ_Search_BayArea_Hyper_ExactPhrase_2026_v3,sub zero det3650ci,Exact,Campaign negative,Expanded negative control
SZ_Search_BayArea_Hyper_ExactPhrase_2026_v3,sub zero det3650ci l,Exact,Campaign negative,Expanded negative control
SZ_Search_BayArea_Hyper_ExactPhrase_2026_v3,sub zero det3650ciid,Exact,Campaign negative,Expanded negative control
SZ_Search_BayArea_Hyper_ExactPhrase_2026_v3,sub zero det3650ciid l,Exact,Campaign negative,Expanded negative control
SZ_Search_BayArea_Hyper_ExactPhrase_2026_v3,sub zero det3650ciid r,Exact,Campaign negative,Expanded negative control
SZ_Search_BayArea_Hyper_ExactPhrase_2026_v3,sub zero det3650ciidr,Exact,Campaign negative,Expanded negative control
SZ_Search_BayArea_Hyper_ExactPhrase_2026_v3,sub zero deu2450bg,Exact,Campaign negative,Expanded negative control
SZ_Search_BayArea_Hyper_ExactPhrase_2026_v3,sub zero deu2450bg l,Exact,Campaign negative,Expanded negative control
SZ_Search_BayArea_Hyper_ExactPhrase_2026_v3,sub zero deu2450bg r,Exact,Campaign negative,Expanded negative control
SZ_Search_BayArea_Hyper_ExactPhrase_2026_v3,sub zero deu2450bgr,Exact,Campaign negative,Expanded negative control
SZ_Search_BayArea_Hyper_ExactPhrase_2026_v3,sub zero deu2450ci,Exact,Campaign negative,Expanded negative control
SZ_Search_BayArea_Hyper_ExactPhrase_2026_v3,sub zero deu2450r,Exact,Campaign negative,Expanded negative control
SZ_Search_BayArea_Hyper_ExactPhrase_2026_v3,sub zero deu2450r ada,Exact,Campaign negative,Expanded negative control
SZ_Search_BayArea_Hyper_ExactPhrase_2026_v3,sub zero deu2450ro,Exact,Campaign negative,Expanded negative control
SZ_Search_BayArea_Hyper_ExactPhrase_2026_v3,sub zero deu2450w,Exact,Campaign negative,Expanded negative control
SZ_Search_BayArea_Hyper_ExactPhrase_2026_v3,sub zero deu2450wr,Exact,Campaign negative,Expanded negative control
SZ_Search_BayArea_Hyper_ExactPhrase_2026_v3,sub zero device,Exact,Campaign negative,Expanded negative control
SZ_Search_BayArea_Hyper_ExactPhrase_2026_v3,sub zero discounts,Exact,Campaign negative,Expanded negative control
SZ_Search_BayArea_Hyper_ExactPhrase_2026_v3,sub zero distributor,Exact,Campaign negative,Expanded negative control
SZ_Search_BayArea_Hyper_ExactPhrase_2026_v3,sub zero distributor near me,Exact,Campaign negative,Expanded negative control
SZ_Search_BayArea_Hyper_ExactPhrase_2026_v3,sub zero door gasket,Exact,Campaign negative,Expanded negative control
SZ_Search_BayArea_Hyper_ExactPhrase_2026_v3,sub zero door handle set screw,Exact,Campaign negative,Expanded negative control
SZ_Search_BayArea_Hyper_ExactPhrase_2026_v3,sub zero door seal,Exact,Campaign negative,Expanded negative control
SZ_Search_BayArea_Hyper_ExactPhrase_2026_v3,sub zero double door fridge,Exact,Campaign negative,Expanded negative control
SZ_Search_BayArea_Hyper_ExactPhrase_2026_v3,sub zero double door refrigerator,Exact,Campaign negative,Expanded negative control
SZ_Search_BayArea_Hyper_ExactPhrase_2026_v3,sub zero drain tube,Exact,Campaign negative,Expanded negative control
SZ_Search_BayArea_Hyper_ExactPhrase_2026_v3,sub zero drain tube clogged,Exact,Campaign negative,Expanded negative control
SZ_Search_BayArea_Hyper_ExactPhrase_2026_v3,sub zero drain tube replacement,Exact,Campaign negative,Expanded negative control
SZ_Search_BayArea_Hyper_ExactPhrase_2026_v3,sub zero drawer,Exact,Campaign negative,Expanded negative control
SZ_Search_BayArea_Hyper_ExactPhrase_2026_v3,sub zero drawer freezer,Exact,Campaign negative,Expanded negative control
SZ_Search_BayArea_Hyper_ExactPhrase_2026_v3,sub zero drawers,Exact,Campaign negative,Expanded negative control
SZ_Search_BayArea_Hyper_ExactPhrase_2026_v3,sub zero drink fridge,Exact,Campaign negative,Expanded negative control
SZ_Search_BayArea_Hyper_ExactPhrase_2026_v3,sub zero drip tray overflowing,Exact,Campaign negative,Expanded negative control
SZ_Search_BayArea_Hyper_ExactPhrase_2026_v3,sub zero dual refrigeration 650,Exact,Campaign negative,Expanded negative control
SZ_Search_BayArea_Hyper_ExactPhrase_2026_v3,sub zero ec,Exact,Campaign negative,Expanded negative control
SZ_Search_BayArea_Hyper_ExactPhrase_2026_v3,sub zero ec 24,Exact,Campaign negative,Expanded negative control
SZ_Search_BayArea_Hyper_ExactPhrase_2026_v3,sub zero ec 40,Exact,Campaign negative,Expanded negative control
SZ_Search_BayArea_Hyper_ExactPhrase_2026_v3,sub zero ec24,Exact,Campaign negative,Expanded negative control
SZ_Search_BayArea_Hyper_ExactPhrase_2026_v3,sub zero email,Exact,Campaign negative,Expanded negative control
SZ_Search_BayArea_Hyper_ExactPhrase_2026_v3,sub zero encinitas,Exact,Campaign negative,Expanded negative control
SZ_Search_BayArea_Hyper_ExactPhrase_2026_v3,sub zero escondido,Exact,Campaign negative,Expanded negative control
SZ_Search_BayArea_Hyper_ExactPhrase_2026_v3,sub zero evaporator fan motor,Exact,Campaign negative,Expanded negative control
SZ_Search_BayArea_Hyper_ExactPhrase_2026_v3,sub zero factory,Exact,Campaign negative,Expanded negative control
SZ_Search_BayArea_Hyper_ExactPhrase_2026_v3,sub zero fan,Exact,Campaign negative,Expanded negative control
SZ_Search_BayArea_Hyper_ExactPhrase_2026_v3,sub zero fan motor,Exact,Campaign negative,Expanded negative control
SZ_Search_BayArea_Hyper_ExactPhrase_2026_v3,sub zero fan switch,Exact,Campaign negative,Expanded negative control
SZ_Search_BayArea_Hyper_ExactPhrase_2026_v3,sub zero filter,Exact,Campaign negative,Expanded negative control
SZ_Search_BayArea_Hyper_ExactPhrase_2026_v3,sub zero filters,Exact,Campaign negative,Expanded negative control
SZ_Search_BayArea_Hyper_ExactPhrase_2026_v3,sub zero flashing wrench,Exact,Campaign negative,Expanded negative control
SZ_Search_BayArea_Hyper_ExactPhrase_2026_v3,sub zero flush install,Exact,Campaign negative,Expanded negative control
SZ_Search_BayArea_Hyper_ExactPhrase_2026_v3,sub zero food preservation,Exact,Campaign negative,Expanded negative control
SZ_Search_BayArea_Hyper_ExactPhrase_2026_v3,sub zero freestanding fridge,Exact,Campaign negative,Expanded negative control
SZ_Search_BayArea_Hyper_ExactPhrase_2026_v3,sub zero freezer,Exact,Campaign negative,Expanded negative control
SZ_Search_BayArea_Hyper_ExactPhrase_2026_v3,sub zero freezer co,Exact,Campaign negative,Expanded negative control
SZ_Search_BayArea_Hyper_ExactPhrase_2026_v3,sub zero freezer column,Exact,Campaign negative,Expanded negative control
SZ_Search_BayArea_Hyper_ExactPhrase_2026_v3,sub zero freezer compressor,Exact,Campaign negative,Expanded negative control
SZ_Search_BayArea_Hyper_ExactPhrase_2026_v3,sub zero freezer defrost,Exact,Campaign negative,Expanded negative control
SZ_Search_BayArea_Hyper_ExactPhrase_2026_v3,sub zero freezer door hard to open,Exact,Campaign negative,Expanded negative control
SZ_Search_BayArea_Hyper_ExactPhrase_2026_v3,sub zero freezer door shelf,Exact,Campaign negative,Expanded negative control
SZ_Search_BayArea_Hyper_ExactPhrase_2026_v3,sub zero freezer door stuck,Exact,Campaign negative,Expanded negative control
SZ_Search_BayArea_Hyper_ExactPhrase_2026_v3,sub zero freezer drain clogged,Exact,Campaign negative,Expanded negative control
SZ_Search_BayArea_Hyper_ExactPhrase_2026_v3,sub zero freezer drawer,Exact,Campaign negative,Expanded negative control
SZ_Search_BayArea_Hyper_ExactPhrase_2026_v3,sub zero freezer drawer gasket,Exact,Campaign negative,Expanded negative control
SZ_Search_BayArea_Hyper_ExactPhrase_2026_v3,sub zero freezer drawer stuck,Exact,Campaign negative,Expanded negative control
SZ_Search_BayArea_Hyper_ExactPhrase_2026_v3,sub zero freezer drawers,Exact,Campaign negative,Expanded negative control
SZ_Search_BayArea_Hyper_ExactPhrase_2026_v3,sub zero freezer drawers with ice maker,Exact,Campaign negative,Expanded negative control
SZ_Search_BayArea_Hyper_ExactPhrase_2026_v3,sub zero freezer for sale,Exact,Campaign negative,Expanded negative control
SZ_Search_BayArea_Hyper_ExactPhrase_2026_v3,sub zero freezer gasket,Exact,Campaign negative,Expanded negative control
SZ_Search_BayArea_Hyper_ExactPhrase_2026_v3,sub zero freezer gasket replacement,Exact,Campaign negative,Expanded negative control
SZ_Search_BayArea_Hyper_ExactPhrase_2026_v3,sub zero freezer ice build up,Exact,Campaign negative,Expanded negative control
SZ_Search_BayArea_Hyper_ExactPhrase_2026_v3,sub zero freezer ice maker,Exact,Campaign negative,Expanded negative control
SZ_Search_BayArea_Hyper_ExactPhrase_2026_v3,sub zero freezer ice maker troubleshooting,Exact,Campaign negative,Expanded negative control
SZ_Search_BayArea_Hyper_ExactPhrase_2026_v3,sub zero freezer setting,Exact,Campaign negative,Expanded negative control
SZ_Search_BayArea_Hyper_ExactPhrase_2026_v3,sub zero freezer temperature,Exact,Campaign negative,Expanded negative control
SZ_Search_BayArea_Hyper_ExactPhrase_2026_v3,sub zero freezer temperature fluctuates,Exact,Campaign negative,Expanded negative control
SZ_Search_BayArea_Hyper_ExactPhrase_2026_v3,sub zero freezer temperature rising,Exact,Campaign negative,Expanded negative control
SZ_Search_BayArea_Hyper_ExactPhrase_2026_v3,sub zero freezer temperature setting,Exact,Campaign negative,Expanded negative control
SZ_Search_BayArea_Hyper_ExactPhrase_2026_v3,sub zero freezer troubleshooting,Exact,Campaign negative,Expanded negative control
SZ_Search_BayArea_Hyper_ExactPhrase_2026_v3,sub zero freezer water filter,Exact,Campaign negative,Expanded negative control
SZ_Search_BayArea_Hyper_ExactPhrase_2026_v3,sub zero freezerless refrigerator,Exact,Campaign negative,Expanded negative control
SZ_Search_BayArea_Hyper_ExactPhrase_2026_v3,sub zero freezers,Exact,Campaign negative,Expanded negative control
SZ_Search_BayArea_Hyper_ExactPhrase_2026_v3,sub zero french door,Exact,Campaign negative,Expanded negative control
SZ_Search_BayArea_Hyper_ExactPhrase_2026_v3,sub zero french door 42,Exact,Campaign negative,Expanded negative control
SZ_Search_BayArea_Hyper_ExactPhrase_2026_v3,sub zero french door 48,Exact,Campaign negative,Expanded negative control
SZ_Search_BayArea_Hyper_ExactPhrase_2026_v3,sub zero french door fridge,Exact,Campaign negative,Expanded negative control
SZ_Search_BayArea_Hyper_ExactPhrase_2026_v3,sub zero french door refrigerator,Exact,Campaign negative,Expanded negative control
SZ_Search_BayArea_Hyper_ExactPhrase_2026_v3,sub zero french door refrigerator 36,Exact,Campaign negative,Expanded negative control
SZ_Search_BayArea_Hyper_ExactPhrase_2026_v3,sub zero french door refrigerator 42,Exact,Campaign negative,Expanded negative control
SZ_Search_BayArea_Hyper_ExactPhrase_2026_v3,sub zero fridge 30 inch,Exact,Campaign negative,Expanded negative control
SZ_Search_BayArea_Hyper_ExactPhrase_2026_v3,sub zero fridge 36,Exact,Campaign negative,Expanded negative control
SZ_Search_BayArea_Hyper_ExactPhrase_2026_v3,sub zero fridge 36 inch,Exact,Campaign negative,Expanded negative control
SZ_Search_BayArea_Hyper_ExactPhrase_2026_v3,sub zero fridge 48,Exact,Campaign negative,Expanded negative control
SZ_Search_BayArea_Hyper_ExactPhrase_2026_v3,sub zero fridge 501r,Exact,Campaign negative,Expanded negative control
SZ_Search_BayArea_Hyper_ExactPhrase_2026_v3,sub zero fridge 60 inch,Exact,Campaign negative,Expanded negative control
SZ_Search_BayArea_Hyper_ExactPhrase_2026_v3,sub zero fridge accessories,Exact,Campaign negative,Expanded negative control
SZ_Search_BayArea_Hyper_ExactPhrase_2026_v3,sub zero fridge air filter,Exact,Campaign negative,Expanded negative control
SZ_Search_BayArea_Hyper_ExactPhrase_2026_v3,sub zero fridge alarm,Exact,Campaign negative,Expanded negative control
SZ_Search_BayArea_Hyper_ExactPhrase_2026_v3,sub zero fridge and freezer,Exact,Campaign negative,Expanded negative control
SZ_Search_BayArea_Hyper_ExactPhrase_2026_v3,sub zero fridge and freezer combo,Exact,Campaign negative,Expanded negative control
SZ_Search_BayArea_Hyper_ExactPhrase_2026_v3,sub zero fridge built in,Exact,Campaign negative,Expanded negative control
SZ_Search_BayArea_Hyper_ExactPhrase_2026_v3,sub zero fridge cabinet front,Exact,Campaign negative,Expanded negative control
SZ_Search_BayArea_Hyper_ExactPhrase_2026_v3,sub zero fridge cost,Exact,Campaign negative,Expanded negative control
SZ_Search_BayArea_Hyper_ExactPhrase_2026_v3,sub zero fridge dimensions,Exact,Campaign negative,Expanded negative control
SZ_Search_BayArea_Hyper_ExactPhrase_2026_v3,sub zero fridge door handles,Exact,Campaign negative,Expanded negative control
SZ_Search_BayArea_Hyper_ExactPhrase_2026_v3,sub zero fridge door hard to open,Exact,Campaign negative,Expanded negative control
SZ_Search_BayArea_Hyper_ExactPhrase_2026_v3,sub zero fridge door seal,Exact,Campaign negative,Expanded negative control
SZ_Search_BayArea_Hyper_ExactPhrase_2026_v3,sub zero fridge drawers,Exact,Campaign negative,Expanded negative control
SZ_Search_BayArea_Hyper_ExactPhrase_2026_v3,sub zero fridge filter,Exact,Campaign negative,Expanded negative control
SZ_Search_BayArea_Hyper_ExactPhrase_2026_v3,sub zero fridge for sale,Exact,Campaign negative,Expanded negative control
SZ_Search_BayArea_Hyper_ExactPhrase_2026_v3,sub zero fridge freezer,Exact,Campaign negative,Expanded negative control
SZ_Search_BayArea_Hyper_ExactPhrase_2026_v3,sub zero fridge freezer and wine cooler,Exact,Campaign negative,Expanded negative control
SZ_Search_BayArea_Hyper_ExactPhrase_2026_v3,sub zero fridge freezer combo,Exact,Campaign negative,Expanded negative control
SZ_Search_BayArea_Hyper_ExactPhrase_2026_v3,sub zero fridge glass door,Exact,Campaign negative,Expanded negative control
SZ_Search_BayArea_Hyper_ExactPhrase_2026_v3,sub zero fridge handle loose,Exact,Campaign negative,Expanded negative control
SZ_Search_BayArea_Hyper_ExactPhrase_2026_v3,sub zero fridge hard to open,Exact,Campaign negative,Expanded negative control
SZ_Search_BayArea_Hyper_ExactPhrase_2026_v3,sub zero fridge height,Exact,Campaign negative,Expanded negative control
SZ_Search_BayArea_Hyper_ExactPhrase_2026_v3,sub zero fridge ice build up,Exact,Campaign negative,Expanded negative control
SZ_Search_BayArea_Hyper_ExactPhrase_2026_v3,sub zero fridge install,Exact,Campaign negative,Expanded negative control
SZ_Search_BayArea_Hyper_ExactPhrase_2026_v3,sub zero fridge interior,Exact,Campaign negative,Expanded negative control
SZ_Search_BayArea_Hyper_ExactPhrase_2026_v3,sub zero fridge light bulb,Exact,Campaign negative,Expanded negative control
SZ_Search_BayArea_Hyper_ExactPhrase_2026_v3,sub zero fridge lo c,Exact,Campaign negative,Expanded negative control
SZ_Search_BayArea_Hyper_ExactPhrase_2026_v3,sub zero fridge manufacturer,Exact,Campaign negative,Expanded negative control
SZ_Search_BayArea_Hyper_ExactPhrase_2026_v3,sub zero fridge measurements,Exact,Campaign negative,Expanded negative control
SZ_Search_BayArea_Hyper_ExactPhrase_2026_v3,sub zero fridge models,Exact,Campaign negative,Expanded negative control
SZ_Search_BayArea_Hyper_ExactPhrase_2026_v3,sub zero fridge near me,Exact,Campaign negative,Expanded negative control
SZ_Search_BayArea_Hyper_ExactPhrase_2026_v3,sub zero fridge panel ready,Exact,Campaign negative,Expanded negative control
SZ_Search_BayArea_Hyper_ExactPhrase_2026_v3,sub zero fridge price,Exact,Campaign negative,Expanded negative control
SZ_Search_BayArea_Hyper_ExactPhrase_2026_v3,sub zero fridge sale,Exact,Campaign negative,Expanded negative control
SZ_Search_BayArea_Hyper_ExactPhrase_2026_v3,sub zero fridge servicing,Exact,Campaign negative,Expanded negative control
SZ_Search_BayArea_Hyper_ExactPhrase_2026_v3,sub zero fridge sizes,Exact,Campaign negative,Expanded negative control
SZ_Search_BayArea_Hyper_ExactPhrase_2026_v3,sub zero fridge temperature,Exact,Campaign negative,Expanded negative control
SZ_Search_BayArea_Hyper_ExactPhrase_2026_v3,sub zero fridge troubleshooting,Exact,Campaign negative,Expanded negative control
SZ_Search_BayArea_Hyper_ExactPhrase_2026_v3,sub zero fridge usa,Exact,Campaign negative,Expanded negative control
SZ_Search_BayArea_Hyper_ExactPhrase_2026_v3,sub zero fridge water filter,Exact,Campaign negative,Expanded negative control
SZ_Search_BayArea_Hyper_ExactPhrase_2026_v3,sub zero fridge weight,Exact,Campaign negative,Expanded negative control
SZ_Search_BayArea_Hyper_ExactPhrase_2026_v3,sub zero fridge white,Exact,Campaign negative,Expanded negative control
SZ_Search_BayArea_Hyper_ExactPhrase_2026_v3,sub zero fridge width,Exact,Campaign negative,Expanded negative control
SZ_Search_BayArea_Hyper_ExactPhrase_2026_v3,sub zero fridge wine,Exact,Campaign negative,Expanded negative control
SZ_Search_BayArea_Hyper_ExactPhrase_2026_v3,sub zero fridge with water dispenser,Exact,Campaign negative,Expanded negative control
SZ_Search_BayArea_Hyper_ExactPhrase_2026_v3,sub zero fridges,Exact,Campaign negative,Expanded negative control
SZ_Search_BayArea_Hyper_ExactPhrase_2026_v3,sub zero frig,Exact,Campaign negative,Expanded negative control
SZ_Search_BayArea_Hyper_ExactPhrase_2026_v3,sub zero frigidaire,Exact,Campaign negative,Expanded negative control
SZ_Search_BayArea_Hyper_ExactPhrase_2026_v3,sub zero gasket,Exact,Campaign negative,Expanded negative control
SZ_Search_BayArea_Hyper_ExactPhrase_2026_v3,sub zero glass door,Exact,Campaign negative,Expanded negative control
SZ_Search_BayArea_Hyper_ExactPhrase_2026_v3,sub zero glass door fridge,Exact,Campaign negative,Expanded negative control
SZ_Search_BayArea_Hyper_ExactPhrase_2026_v3,sub zero glass door refrigerator,Exact,Campaign negative,Expanded negative control
SZ_Search_BayArea_Hyper_ExactPhrase_2026_v3,sub zero glass door refrigerator 36,Exact,Campaign negative,Expanded negative control
SZ_Search_BayArea_Hyper_ExactPhrase_2026_v3,sub zero glass refrigerator,Exact,Campaign negative,Expanded negative control
SZ_Search_BayArea_Hyper_ExactPhrase_2026_v3,sub zero goodyear az,Exact,Campaign negative,Expanded negative control
SZ_Search_BayArea_Hyper_ExactPhrase_2026_v3,sub zero group,Exact,Campaign negative,Expanded negative control
SZ_Search_BayArea_Hyper_ExactPhrase_2026_v3,sub zero group west,Exact,Campaign negative,Expanded negative control
SZ_Search_BayArea_Hyper_ExactPhrase_2026_v3,sub zero h2 lo,Exact,Campaign negative,Expanded negative control
SZ_Search_BayArea_Hyper_ExactPhrase_2026_v3,sub zero handle,Exact,Campaign negative,Expanded negative control
SZ_Search_BayArea_Hyper_ExactPhrase_2026_v3,sub zero handle loose,Exact,Campaign negative,Expanded negative control
SZ_Search_BayArea_Hyper_ExactPhrase_2026_v3,sub zero handles,Exact,Campaign negative,Expanded negative control
SZ_Search_BayArea_Hyper_ExactPhrase_2026_v3,sub zero handles for refrigerator,Exact,Campaign negative,Expanded negative control
SZ_Search_BayArea_Hyper_ExactPhrase_2026_v3,sub zero headquarters,Exact,Campaign negative,Expanded negative control
SZ_Search_BayArea_Hyper_ExactPhrase_2026_v3,sub zero help,Exact,Campaign negative,Expanded negative control
SZ_Search_BayArea_Hyper_ExactPhrase_2026_v3,sub zero home appliances,Exact,Campaign negative,Expanded negative control
SZ_Search_BayArea_Hyper_ExactPhrase_2026_v3,sub zero home depot,Exact,Campaign negative,Expanded negative control
SZ_Search_BayArea_Hyper_ExactPhrase_2026_v3,sub zero hq,Exact,Campaign negative,Expanded negative control
SZ_Search_BayArea_Hyper_ExactPhrase_2026_v3,sub zero ic 27r,Exact,Campaign negative,Expanded negative control
SZ_Search_BayArea_Hyper_ExactPhrase_2026_v3,sub zero ic 30r,Exact,Campaign negative,Expanded negative control
SZ_Search_BayArea_Hyper_ExactPhrase_2026_v3,sub zero ic 30r rh,Exact,Campaign negative,Expanded negative control
SZ_Search_BayArea_Hyper_ExactPhrase_2026_v3,sub zero ic 30rid,Exact,Campaign negative,Expanded negative control
SZ_Search_BayArea_Hyper_ExactPhrase_2026_v3,sub zero ic 36rid,Exact,Campaign negative,Expanded negative control
SZ_Search_BayArea_Hyper_ExactPhrase_2026_v3,sub zero ice bin,Exact,Campaign negative,Expanded negative control
SZ_Search_BayArea_Hyper_ExactPhrase_2026_v3,sub zero ice buildup in refrigerator,Exact,Campaign negative,Expanded negative control
SZ_Search_BayArea_Hyper_ExactPhrase_2026_v3,sub zero ice machine,Exact,Campaign negative,Expanded negative control
SZ_Search_BayArea_Hyper_ExactPhrase_2026_v3,sub zero ice maker,Exact,Campaign negative,Expanded negative control
SZ_Search_BayArea_Hyper_ExactPhrase_2026_v3,sub zero ice maker fill tube frozen,Exact,Campaign negative,Expanded negative control
SZ_Search_BayArea_Hyper_ExactPhrase_2026_v3,sub zero ice maker filter,Exact,Campaign negative,Expanded negative control
SZ_Search_BayArea_Hyper_ExactPhrase_2026_v3,sub zero ice maker filter 7012333,Exact,Campaign negative,Expanded negative control
SZ_Search_BayArea_Hyper_ExactPhrase_2026_v3,sub zero ice maker price,Exact,Campaign negative,Expanded negative control
SZ_Search_BayArea_Hyper_ExactPhrase_2026_v3,sub zero ice maker stuck,Exact,Campaign negative,Expanded negative control
SZ_Search_BayArea_Hyper_ExactPhrase_2026_v3,sub zero ice maker troubleshooting,Exact,Campaign negative,Expanded negative control
SZ_Search_BayArea_Hyper_ExactPhrase_2026_v3,sub zero ice maker turn on,Exact,Campaign negative,Expanded negative control
SZ_Search_BayArea_Hyper_ExactPhrase_2026_v3,sub zero ice maker uc15ip,Exact,Campaign negative,Expanded negative control
SZ_Search_BayArea_Hyper_ExactPhrase_2026_v3,sub zero ice maker water filter,Exact,Campaign negative,Expanded negative control
SZ_Search_BayArea_Hyper_ExactPhrase_2026_v3,sub zero icemaker,Exact,Campaign negative,Expanded negative control
SZ_Search_BayArea_Hyper_ExactPhrase_2026_v3,sub zero id 24f,Exact,Campaign negative,Expanded negative control
SZ_Search_BayArea_Hyper_ExactPhrase_2026_v3,sub zero id 24r,Exact,Campaign negative,Expanded negative control
SZ_Search_BayArea_Hyper_ExactPhrase_2026_v3,sub zero id 24r specs,Exact,Campaign negative,Expanded negative control
SZ_Search_BayArea_Hyper_ExactPhrase_2026_v3,sub zero id 24ro,Exact,Campaign negative,Expanded negative control
SZ_Search_BayArea_Hyper_ExactPhrase_2026_v3,sub zero id 27r,Exact,Campaign negative,Expanded negative control
SZ_Search_BayArea_Hyper_ExactPhrase_2026_v3,sub zero id 30ci,Exact,Campaign negative,Expanded negative control
SZ_Search_BayArea_Hyper_ExactPhrase_2026_v3,sub zero id 36r,Exact,Campaign negative,Expanded negative control
SZ_Search_BayArea_Hyper_ExactPhrase_2026_v3,sub zero id24r,Exact,Campaign negative,Expanded negative control
SZ_Search_BayArea_Hyper_ExactPhrase_2026_v3,sub zero id27r,Exact,Campaign negative,Expanded negative control
SZ_Search_BayArea_Hyper_ExactPhrase_2026_v3,sub zero id30ci,Exact,Campaign negative,Expanded negative control
SZ_Search_BayArea_Hyper_ExactPhrase_2026_v3,sub zero id36ci,Exact,Campaign negative,Expanded negative control
SZ_Search_BayArea_Hyper_ExactPhrase_2026_v3,sub zero ideal temperature settings,Exact,Campaign negative,Expanded negative control
SZ_Search_BayArea_Hyper_ExactPhrase_2026_v3,sub zero indiana,Exact,Campaign negative,Expanded negative control
SZ_Search_BayArea_Hyper_ExactPhrase_2026_v3,sub zero indicator lights,Exact,Campaign negative,Expanded negative control
SZ_Search_BayArea_Hyper_ExactPhrase_2026_v3,sub zero induction range,Exact,Campaign negative,Expanded negative control
SZ_Search_BayArea_Hyper_ExactPhrase_2026_v3,sub zero industrial refrigeration,Exact,Campaign negative,Expanded negative control
SZ_Search_BayArea_Hyper_ExactPhrase_2026_v3,sub zero install,Exact,Campaign negative,Expanded negative control
SZ_Search_BayArea_Hyper_ExactPhrase_2026_v3,sub zero integrated fridge,Exact,Campaign negative,Expanded negative control
SZ_Search_BayArea_Hyper_ExactPhrase_2026_v3,sub zero integrated refrigerator,Exact,Campaign negative,Expanded negative control
SZ_Search_BayArea_Hyper_ExactPhrase_2026_v3,sub zero it 30rid,Exact,Campaign negative,Expanded negative control
SZ_Search_BayArea_Hyper_ExactPhrase_2026_v3,sub zero it 36,Exact,Campaign negative,Expanded negative control
SZ_Search_BayArea_Hyper_ExactPhrase_2026_v3,sub zero it 36ci,Exact,Campaign negative,Expanded negative control
SZ_Search_BayArea_Hyper_ExactPhrase_2026_v3,sub zero it 36ci rh,Exact,Campaign negative,Expanded negative control
SZ_Search_BayArea_Hyper_ExactPhrase_2026_v3,sub zero iw 18,Exact,Campaign negative,Expanded negative control
SZ_Search_BayArea_Hyper_ExactPhrase_2026_v3,sub zero iw 30,Exact,Campaign negative,Expanded negative control
SZ_Search_BayArea_Hyper_ExactPhrase_2026_v3,sub zero kitchen,Exact,Campaign negative,Expanded negative control
SZ_Search_BayArea_Hyper_ExactPhrase_2026_v3,sub zero kitchen appliance,Exact,Campaign negative,Expanded negative control
SZ_Search_BayArea_Hyper_ExactPhrase_2026_v3,sub zero kitchen appliances,Exact,Campaign negative,Expanded negative control
SZ_Search_BayArea_Hyper_ExactPhrase_2026_v3,sub zero legacy model,Exact,Campaign negative,Expanded negative control
SZ_Search_BayArea_Hyper_ExactPhrase_2026_v3,sub zero light bulb 40 watt,Exact,Campaign negative,Expanded negative control
SZ_Search_BayArea_Hyper_ExactPhrase_2026_v3,sub zero light bulbs,Exact,Campaign negative,Expanded negative control
SZ_Search_BayArea_Hyper_ExactPhrase_2026_v3,sub zero light switch,Exact,Campaign negative,Expanded negative control
SZ_Search_BayArea_Hyper_ExactPhrase_2026_v3,sub zero light switch 7014646,Exact,Campaign negative,Expanded negative control
SZ_Search_BayArea_Hyper_ExactPhrase_2026_v3,sub zero light terminator,Exact,Campaign negative,Expanded negative control
SZ_Search_BayArea_Hyper_ExactPhrase_2026_v3,sub zero lights,Exact,Campaign negative,Expanded negative control
SZ_Search_BayArea_Hyper_ExactPhrase_2026_v3,sub zero lo c,Exact,Campaign negative,Expanded negative control
SZ_Search_BayArea_Hyper_ExactPhrase_2026_v3,sub zero locator,Exact,Campaign negative,Expanded negative control
SZ_Search_BayArea_Hyper_ExactPhrase_2026_v3,sub zero los angeles,Exact,Campaign negative,Expanded negative control
SZ_Search_BayArea_Hyper_ExactPhrase_2026_v3,sub zero loud,Exact,Campaign negative,Expanded negative control
SZ_Search_BayArea_Hyper_ExactPhrase_2026_v3,sub zero loyalty program,Exact,Campaign negative,Expanded negative control
SZ_Search_BayArea_Hyper_ExactPhrase_2026_v3,sub zero madison,Exact,Campaign negative,Expanded negative control
SZ_Search_BayArea_Hyper_ExactPhrase_2026_v3,sub zero manufacturing,Exact,Campaign negative,Expanded negative control
SZ_Search_BayArea_Hyper_ExactPhrase_2026_v3,sub zero manufacturing locations,Exact,Campaign negative,Expanded negative control
SZ_Search_BayArea_Hyper_ExactPhrase_2026_v3,sub zero mexico,Exact,Campaign negative,Expanded negative control
SZ_Search_BayArea_Hyper_ExactPhrase_2026_v3,sub zero mini bar,Exact,Campaign negative,Expanded negative control
SZ_Search_BayArea_Hyper_ExactPhrase_2026_v3,sub zero mini fridge,Exact,Campaign negative,Expanded negative control
SZ_Search_BayArea_Hyper_ExactPhrase_2026_v3,sub zero model,Exact,Campaign negative,Expanded negative control
SZ_Search_BayArea_Hyper_ExactPhrase_2026_v3,sub zero model 245,Exact,Campaign negative,Expanded negative control
SZ_Search_BayArea_Hyper_ExactPhrase_2026_v3,sub zero model 3211rfd,Exact,Campaign negative,Expanded negative control
SZ_Search_BayArea_Hyper_ExactPhrase_2026_v3,sub zero model 424,Exact,Campaign negative,Expanded negative control
SZ_Search_BayArea_Hyper_ExactPhrase_2026_v3,sub zero model 427,Exact,Campaign negative,Expanded negative control
SZ_Search_BayArea_Hyper_ExactPhrase_2026_v3,sub zero model 427 price,Exact,Campaign negative,Expanded negative control
SZ_Search_BayArea_Hyper_ExactPhrase_2026_v3,sub zero model 532,Exact,Campaign negative,Expanded negative control
SZ_Search_BayArea_Hyper_ExactPhrase_2026_v3,sub zero model 532 specs,Exact,Campaign negative,Expanded negative control
SZ_Search_BayArea_Hyper_ExactPhrase_2026_v3,sub zero model 561,Exact,Campaign negative,Expanded negative control
SZ_Search_BayArea_Hyper_ExactPhrase_2026_v3,sub zero model 561 dimensions,Exact,Campaign negative,Expanded negative control
SZ_Search_BayArea_Hyper_ExactPhrase_2026_v3,sub zero model 561 for sale,Exact,Campaign negative,Expanded negative control
SZ_Search_BayArea_Hyper_ExactPhrase_2026_v3,sub zero model 590,Exact,Campaign negative,Expanded negative control
SZ_Search_BayArea_Hyper_ExactPhrase_2026_v3,sub zero model 611,Exact,Campaign negative,Expanded negative control
SZ_Search_BayArea_Hyper_ExactPhrase_2026_v3,sub zero model 632,Exact,Campaign negative,Expanded negative control
SZ_Search_BayArea_Hyper_ExactPhrase_2026_v3,sub zero model 650,Exact,Campaign negative,Expanded negative control
SZ_Search_BayArea_Hyper_ExactPhrase_2026_v3,sub zero model bi 36u s th,Exact,Campaign negative,Expanded negative control
SZ_Search_BayArea_Hyper_ExactPhrase_2026_v3,sub zero model number lookup,Exact,Campaign negative,Expanded negative control
SZ_Search_BayArea_Hyper_ExactPhrase_2026_v3,sub zero near me,Exact,Campaign negative,Expanded negative control
SZ_Search_BayArea_Hyper_ExactPhrase_2026_v3,sub zero no ice,Exact,Campaign negative,Expanded negative control
SZ_Search_BayArea_Hyper_ExactPhrase_2026_v3,sub zero number,Exact,Campaign negative,Expanded negative control
SZ_Search_BayArea_Hyper_ExactPhrase_2026_v3,sub zero official website,Exact,Campaign negative,Expanded negative control
SZ_Search_BayArea_Hyper_ExactPhrase_2026_v3,sub zero orange county ca,Exact,Campaign negative,Expanded negative control
SZ_Search_BayArea_Hyper_ExactPhrase_2026_v3,sub zero oven,Exact,Campaign negative,Expanded negative control
SZ_Search_BayArea_Hyper_ExactPhrase_2026_v3,sub zero overlay panels,Exact,Campaign negative,Expanded negative control
SZ_Search_BayArea_Hyper_ExactPhrase_2026_v3,sub zero packages,Exact,Campaign negative,Expanded negative control
SZ_Search_BayArea_Hyper_ExactPhrase_2026_v3,sub zero panel fridge,Exact,Campaign negative,Expanded negative control
SZ_Search_BayArea_Hyper_ExactPhrase_2026_v3,sub zero panel kit,Exact,Campaign negative,Expanded negative control
SZ_Search_BayArea_Hyper_ExactPhrase_2026_v3,sub zero panel ready,Exact,Campaign negative,Expanded negative control
SZ_Search_BayArea_Hyper_ExactPhrase_2026_v3,sub zero panel ready fridge,Exact,Campaign negative,Expanded negative control
SZ_Search_BayArea_Hyper_ExactPhrase_2026_v3,sub zero panel ready refrigerator,Exact,Campaign negative,Expanded negative control
SZ_Search_BayArea_Hyper_ExactPhrase_2026_v3,sub zero panel refrigerator,Exact,Campaign negative,Expanded negative control
SZ_Search_BayArea_Hyper_ExactPhrase_2026_v3,sub zero panels,Exact,Campaign negative,Expanded negative control
SZ_Search_BayArea_Hyper_ExactPhrase_2026_v3,sub zero part,Exact,Campaign negative,Expanded negative control
SZ_Search_BayArea_Hyper_ExactPhrase_2026_v3,sub zero phoenix az,Exact,Campaign negative,Expanded negative control
SZ_Search_BayArea_Hyper_ExactPhrase_2026_v3,sub zero phone,Exact,Campaign negative,Expanded negative control
SZ_Search_BayArea_Hyper_ExactPhrase_2026_v3,sub zero phone number,Exact,Campaign negative,Expanded negative control
SZ_Search_BayArea_Hyper_ExactPhrase_2026_v3,sub zero price,Exact,Campaign negative,Expanded negative control
SZ_Search_BayArea_Hyper_ExactPhrase_2026_v3,sub zero prices,Exact,Campaign negative,Expanded negative control
SZ_Search_BayArea_Hyper_ExactPhrase_2026_v3,sub zero prices refrigerator,Exact,Campaign negative,Expanded negative control
SZ_Search_BayArea_Hyper_ExactPhrase_2026_v3,sub zero pricing,Exact,Campaign negative,Expanded negative control
SZ_Search_BayArea_Hyper_ExactPhrase_2026_v3,sub zero pro,Exact,Campaign negative,Expanded negative control
SZ_Search_BayArea_Hyper_ExactPhrase_2026_v3,sub zero pro 36,Exact,Campaign negative,Expanded negative control
SZ_Search_BayArea_Hyper_ExactPhrase_2026_v3,sub zero pro 3650,Exact,Campaign negative,Expanded negative control
SZ_Search_BayArea_Hyper_ExactPhrase_2026_v3,sub zero pro 48,Exact,Campaign negative,Expanded negative control
SZ_Search_BayArea_Hyper_ExactPhrase_2026_v3,sub zero pro 48 glass door refrigerator,Exact,Campaign negative,Expanded negative control
SZ_Search_BayArea_Hyper_ExactPhrase_2026_v3,sub zero pro 48 refrigerator,Exact,Campaign negative,Expanded negative control
SZ_Search_BayArea_Hyper_ExactPhrase_2026_v3,sub zero pro 4850 price,Exact,Campaign negative,Expanded negative control
SZ_Search_BayArea_Hyper_ExactPhrase_2026_v3,sub zero pro handle,Exact,Campaign negative,Expanded negative control
SZ_Search_BayArea_Hyper_ExactPhrase_2026_v3,sub zero pro refrigerator,Exact,Campaign negative,Expanded negative control
SZ_Search_BayArea_Hyper_ExactPhrase_2026_v3,sub zero pro series,Exact,Campaign negative,Expanded negative control
SZ_Search_BayArea_Hyper_ExactPhrase_2026_v3,sub zero pro vs tubular handle,Exact,Campaign negative,Expanded negative control
SZ_Search_BayArea_Hyper_ExactPhrase_2026_v3,sub zero pro4850,Exact,Campaign negative,Expanded negative control
SZ_Search_BayArea_Hyper_ExactPhrase_2026_v3,sub zero pro4850g,Exact,Campaign negative,Expanded negative control
SZ_Search_BayArea_Hyper_ExactPhrase_2026_v3,sub zero products,Exact,Campaign negative,Expanded negative control
SZ_Search_BayArea_Hyper_ExactPhrase_2026_v3,sub zero promotions,Exact,Campaign negative,Expanded negative control
SZ_Search_BayArea_Hyper_ExactPhrase_2026_v3,sub zero pulls,Exact,Campaign negative,Expanded negative control
SZ_Search_BayArea_Hyper_ExactPhrase_2026_v3,sub zero pure air filter,Exact,Campaign negative,Expanded negative control
SZ_Search_BayArea_Hyper_ExactPhrase_2026_v3,sub zero recalls,Exact,Campaign negative,Expanded negative control
SZ_Search_BayArea_Hyper_ExactPhrase_2026_v3,sub zero recharge,Exact,Campaign negative,Expanded negative control
SZ_Search_BayArea_Hyper_ExactPhrase_2026_v3,sub zero ref,Exact,Campaign negative,Expanded negative control
SZ_Search_BayArea_Hyper_ExactPhrase_2026_v3,sub zero refer,Exact,Campaign negative,Expanded negative control
SZ_Search_BayArea_Hyper_ExactPhrase_2026_v3,sub zero refrig,Exact,Campaign negative,Expanded negative control
SZ_Search_BayArea_Hyper_ExactPhrase_2026_v3,sub zero refrigerador,Exact,Campaign negative,Expanded negative control
SZ_Search_BayArea_Hyper_ExactPhrase_2026_v3,sub zero refrigerador precio,Exact,Campaign negative,Expanded negative control
SZ_Search_BayArea_Hyper_ExactPhrase_2026_v3,sub zero refrigerant,Exact,Campaign negative,Expanded negative control
SZ_Search_BayArea_Hyper_ExactPhrase_2026_v3,sub zero refrigeration,Exact,Campaign negative,Expanded negative control
SZ_Search_BayArea_Hyper_ExactPhrase_2026_v3,sub zero refrigeration system 532,Exact,Campaign negative,Expanded negative control
SZ_Search_BayArea_Hyper_ExactPhrase_2026_v3,sub zero refrigeration system 561,Exact,Campaign negative,Expanded negative control
SZ_Search_BayArea_Hyper_ExactPhrase_2026_v3,sub zero refrigerator,Exact,Campaign negative,Expanded negative control
SZ_Search_BayArea_Hyper_ExactPhrase_2026_v3,sub zero refrigerator 36,Exact,Campaign negative,Expanded negative control
SZ_Search_BayArea_Hyper_ExactPhrase_2026_v3,sub zero refrigerator 36 inch,Exact,Campaign negative,Expanded negative control
SZ_Search_BayArea_Hyper_ExactPhrase_2026_v3,sub zero refrigerator 36 inch french door panel ready,Exact,Campaign negative,Expanded negative control
SZ_Search_BayArea_Hyper_ExactPhrase_2026_v3,sub zero refrigerator 36 inch side by side,Exact,Campaign negative,Expanded negative control
SZ_Search_BayArea_Hyper_ExactPhrase_2026_v3,sub zero refrigerator 42 inch,Exact,Campaign negative,Expanded negative control
SZ_Search_BayArea_Hyper_ExactPhrase_2026_v3,sub zero refrigerator 42 inch french door,Exact,Campaign negative,Expanded negative control
SZ_Search_BayArea_Hyper_ExactPhrase_2026_v3,sub zero refrigerator 48,Exact,Campaign negative,Expanded negative control
SZ_Search_BayArea_Hyper_ExactPhrase_2026_v3,sub zero refrigerator 48 inch,Exact,Campaign negative,Expanded negative control
SZ_Search_BayArea_Hyper_ExactPhrase_2026_v3,sub zero refrigerator 600 series,Exact,Campaign negative,Expanded negative control
SZ_Search_BayArea_Hyper_ExactPhrase_2026_v3,sub zero refrigerator 632,Exact,Campaign negative,Expanded negative control
SZ_Search_BayArea_Hyper_ExactPhrase_2026_v3,sub zero refrigerator accessories,Exact,Campaign negative,Expanded negative control
SZ_Search_BayArea_Hyper_ExactPhrase_2026_v3,sub zero refrigerator air filter,Exact,Campaign negative,Expanded negative control
SZ_Search_BayArea_Hyper_ExactPhrase_2026_v3,sub zero refrigerator air purification cartridge,Exact,Campaign negative,Expanded negative control
SZ_Search_BayArea_Hyper_ExactPhrase_2026_v3,sub zero refrigerator alarm,Exact,Campaign negative,Expanded negative control
SZ_Search_BayArea_Hyper_ExactPhrase_2026_v3,sub zero refrigerator and freezer,Exact,Campaign negative,Expanded negative control
SZ_Search_BayArea_Hyper_ExactPhrase_2026_v3,sub zero refrigerator bi 36u o,Exact,Campaign negative,Expanded negative control
SZ_Search_BayArea_Hyper_ExactPhrase_2026_v3,sub zero refrigerator bottom freezer,Exact,Campaign negative,Expanded negative control
SZ_Search_BayArea_Hyper_ExactPhrase_2026_v3,sub zero refrigerator built in,Exact,Campaign negative,Expanded negative control
SZ_Search_BayArea_Hyper_ExactPhrase_2026_v3,sub zero refrigerator codes,Exact,Campaign negative,Expanded negative control
SZ_Search_BayArea_Hyper_ExactPhrase_2026_v3,sub zero refrigerator column,Exact,Campaign negative,Expanded negative control
SZ_Search_BayArea_Hyper_ExactPhrase_2026_v3,sub zero refrigerator compressor,Exact,Campaign negative,Expanded negative control
SZ_Search_BayArea_Hyper_ExactPhrase_2026_v3,sub zero refrigerator cost,Exact,Campaign negative,Expanded negative control
SZ_Search_BayArea_Hyper_ExactPhrase_2026_v3,sub zero refrigerator costs,Exact,Campaign negative,Expanded negative control
SZ_Search_BayArea_Hyper_ExactPhrase_2026_v3,sub zero refrigerator custom panel,Exact,Campaign negative,Expanded negative control
SZ_Search_BayArea_Hyper_ExactPhrase_2026_v3,sub zero refrigerator dimensions,Exact,Campaign negative,Expanded negative control
SZ_Search_BayArea_Hyper_ExactPhrase_2026_v3,sub zero refrigerator door gasket,Exact,Campaign negative,Expanded negative control
SZ_Search_BayArea_Hyper_ExactPhrase_2026_v3,sub zero refrigerator door handle loose,Exact,Campaign negative,Expanded negative control
SZ_Search_BayArea_Hyper_ExactPhrase_2026_v3,sub zero refrigerator door handles,Exact,Campaign negative,Expanded negative control
SZ_Search_BayArea_Hyper_ExactPhrase_2026_v3,sub zero refrigerator door seal,Exact,Campaign negative,Expanded negative control
SZ_Search_BayArea_Hyper_ExactPhrase_2026_v3,sub zero refrigerator door shelf,Exact,Campaign negative,Expanded negative control
SZ_Search_BayArea_Hyper_ExactPhrase_2026_v3,sub zero refrigerator door suction,Exact,Campaign negative,Expanded negative control
SZ_Search_BayArea_Hyper_ExactPhrase_2026_v3,sub zero refrigerator doors,Exact,Campaign negative,Expanded negative control
SZ_Search_BayArea_Hyper_ExactPhrase_2026_v3,sub zero refrigerator drain clogged,Exact,Campaign negative,Expanded negative control
SZ_Search_BayArea_Hyper_ExactPhrase_2026_v3,sub zero refrigerator drain tube clogged,Exact,Campaign negative,Expanded negative control
SZ_Search_BayArea_Hyper_ExactPhrase_2026_v3,sub zero refrigerator drawers,Exact,Campaign negative,Expanded negative control
SZ_Search_BayArea_Hyper_ExactPhrase_2026_v3,sub zero refrigerator dripping water,Exact,Campaign negative,Expanded negative control
SZ_Search_BayArea_Hyper_ExactPhrase_2026_v3,sub zero refrigerator filter,Exact,Campaign negative,Expanded negative control
SZ_Search_BayArea_Hyper_ExactPhrase_2026_v3,sub zero refrigerator filters,Exact,Campaign negative,Expanded negative control
SZ_Search_BayArea_Hyper_ExactPhrase_2026_v3,sub zero refrigerator for sale,Exact,Campaign negative,Expanded negative control
SZ_Search_BayArea_Hyper_ExactPhrase_2026_v3,sub zero refrigerator for sale near me,Exact,Campaign negative,Expanded negative control
SZ_Search_BayArea_Hyper_ExactPhrase_2026_v3,sub zero refrigerator freezer,Exact,Campaign negative,Expanded negative control
SZ_Search_BayArea_Hyper_ExactPhrase_2026_v3,sub zero refrigerator freezer combo,Exact,Campaign negative,Expanded negative control
SZ_Search_BayArea_Hyper_ExactPhrase_2026_v3,sub zero refrigerator freezer on bottom,Exact,Campaign negative,Expanded negative control
SZ_Search_BayArea_Hyper_ExactPhrase_2026_v3,sub zero refrigerator freezers,Exact,Campaign negative,Expanded negative control
SZ_Search_BayArea_Hyper_ExactPhrase_2026_v3,sub zero refrigerator freezing up,Exact,Campaign negative,Expanded negative control
SZ_Search_BayArea_Hyper_ExactPhrase_2026_v3,sub zero refrigerator french door,Exact,Campaign negative,Expanded negative control
SZ_Search_BayArea_Hyper_ExactPhrase_2026_v3,sub zero refrigerator freon charge,Exact,Campaign negative,Expanded negative control
SZ_Search_BayArea_Hyper_ExactPhrase_2026_v3,sub zero refrigerator front panels,Exact,Campaign negative,Expanded negative control
SZ_Search_BayArea_Hyper_ExactPhrase_2026_v3,sub zero refrigerator frost back wall,Exact,Campaign negative,Expanded negative control
SZ_Search_BayArea_Hyper_ExactPhrase_2026_v3,sub zero refrigerator gasket,Exact,Campaign negative,Expanded negative control
SZ_Search_BayArea_Hyper_ExactPhrase_2026_v3,sub zero refrigerator handles,Exact,Campaign negative,Expanded negative control
SZ_Search_BayArea_Hyper_ExactPhrase_2026_v3,sub zero refrigerator height,Exact,Campaign negative,Expanded negative control
SZ_Search_BayArea_Hyper_ExactPhrase_2026_v3,sub zero refrigerator hot to touch,Exact,Campaign negative,Expanded negative control
SZ_Search_BayArea_Hyper_ExactPhrase_2026_v3,sub zero refrigerator ice build up,Exact,Campaign negative,Expanded negative control
SZ_Search_BayArea_Hyper_ExactPhrase_2026_v3,sub zero refrigerator ice on back wall,Exact,Campaign negative,Expanded negative control
SZ_Search_BayArea_Hyper_ExactPhrase_2026_v3,sub zero refrigerator icing up inside,Exact,Campaign negative,Expanded negative control
SZ_Search_BayArea_Hyper_ExactPhrase_2026_v3,sub zero refrigerator indicator lights,Exact,Campaign negative,Expanded negative control
SZ_Search_BayArea_Hyper_ExactPhrase_2026_v3,sub zero refrigerator light,Exact,Campaign negative,Expanded negative control
SZ_Search_BayArea_Hyper_ExactPhrase_2026_v3,sub zero refrigerator light bulb,Exact,Campaign negative,Expanded negative control
SZ_Search_BayArea_Hyper_ExactPhrase_2026_v3,sub zero refrigerator light bulbs,Exact,Campaign negative,Expanded negative control
SZ_Search_BayArea_Hyper_ExactPhrase_2026_v3,sub zero refrigerator light bulbs home depot,Exact,Campaign negative,Expanded negative control
SZ_Search_BayArea_Hyper_ExactPhrase_2026_v3,sub zero refrigerator model 561,Exact,Campaign negative,Expanded negative control
SZ_Search_BayArea_Hyper_ExactPhrase_2026_v3,sub zero refrigerator models,Exact,Campaign negative,Expanded negative control
SZ_Search_BayArea_Hyper_ExactPhrase_2026_v3,sub zero refrigerator near me,Exact,Campaign negative,Expanded negative control
SZ_Search_BayArea_Hyper_ExactPhrase_2026_v3,sub zero refrigerator new,Exact,Campaign negative,Expanded negative control
SZ_Search_BayArea_Hyper_ExactPhrase_2026_v3,sub zero refrigerator organization,Exact,Campaign negative,Expanded negative control
SZ_Search_BayArea_Hyper_ExactPhrase_2026_v3,sub zero refrigerator panel ready,Exact,Campaign negative,Expanded negative control
SZ_Search_BayArea_Hyper_ExactPhrase_2026_v3,sub zero refrigerator phone number,Exact,Campaign negative,Expanded negative control
SZ_Search_BayArea_Hyper_ExactPhrase_2026_v3,sub zero refrigerator power consumption,Exact,Campaign negative,Expanded negative control
SZ_Search_BayArea_Hyper_ExactPhrase_2026_v3,sub zero refrigerator precio,Exact,Campaign negative,Expanded negative control
SZ_Search_BayArea_Hyper_ExactPhrase_2026_v3,sub zero refrigerator price,Exact,Campaign negative,Expanded negative control
SZ_Search_BayArea_Hyper_ExactPhrase_2026_v3,sub zero refrigerator prices,Exact,Campaign negative,Expanded negative control
SZ_Search_BayArea_Hyper_ExactPhrase_2026_v3,sub zero refrigerator prices 36,Exact,Campaign negative,Expanded negative control
SZ_Search_BayArea_Hyper_ExactPhrase_2026_v3,sub zero refrigerator prices 42,Exact,Campaign negative,Expanded negative control
SZ_Search_BayArea_Hyper_ExactPhrase_2026_v3,sub zero refrigerator prices 48,Exact,Campaign negative,Expanded negative control
SZ_Search_BayArea_Hyper_ExactPhrase_2026_v3,sub zero refrigerator pricing,Exact,Campaign negative,Expanded negative control
SZ_Search_BayArea_Hyper_ExactPhrase_2026_v3,sub zero refrigerator red key light,Exact,Campaign negative,Expanded negative control
SZ_Search_BayArea_Hyper_ExactPhrase_2026_v3,sub zero refrigerator repair near me,Exact,Campaign negative,Expanded negative control
SZ_Search_BayArea_Hyper_ExactPhrase_2026_v3,sub zero refrigerator runs continuously,Exact,Campaign negative,Expanded negative control
SZ_Search_BayArea_Hyper_ExactPhrase_2026_v3,sub zero refrigerator sale,Exact,Campaign negative,Expanded negative control
SZ_Search_BayArea_Hyper_ExactPhrase_2026_v3,sub zero refrigerator san diego,Exact,Campaign negative,Expanded negative control
SZ_Search_BayArea_Hyper_ExactPhrase_2026_v3,sub zero refrigerator seal,Exact,Campaign negative,Expanded negative control
SZ_Search_BayArea_Hyper_ExactPhrase_2026_v3,sub zero refrigerator service,Exact,Campaign negative,Expanded negative control
SZ_Search_BayArea_Hyper_ExactPhrase_2026_v3,sub zero refrigerator shelves,Exact,Campaign negative,Expanded negative control
SZ_Search_BayArea_Hyper_ExactPhrase_2026_v3,sub zero refrigerator side by side,Exact,Campaign negative,Expanded negative control
SZ_Search_BayArea_Hyper_ExactPhrase_2026_v3,sub zero refrigerator sizes,Exact,Campaign negative,Expanded negative control
SZ_Search_BayArea_Hyper_ExactPhrase_2026_v3,sub zero refrigerator specs,Exact,Campaign negative,Expanded negative control
SZ_Search_BayArea_Hyper_ExactPhrase_2026_v3,sub zero refrigerator surge protector,Exact,Campaign negative,Expanded negative control
SZ_Search_BayArea_Hyper_ExactPhrase_2026_v3,sub zero refrigerator symbols,Exact,Campaign negative,Expanded negative control
SZ_Search_BayArea_Hyper_ExactPhrase_2026_v3,sub zero refrigerator temperature,Exact,Campaign negative,Expanded negative control
SZ_Search_BayArea_Hyper_ExactPhrase_2026_v3,sub zero refrigerator temperature sensor,Exact,Campaign negative,Expanded negative control
SZ_Search_BayArea_Hyper_ExactPhrase_2026_v3,sub zero refrigerator temperature setting,Exact,Campaign negative,Expanded negative control
SZ_Search_BayArea_Hyper_ExactPhrase_2026_v3,sub zero refrigerator tripping breaker,Exact,Campaign negative,Expanded negative control
SZ_Search_BayArea_Hyper_ExactPhrase_2026_v3,sub zero refrigerator troubleshooting,Exact,Campaign negative,Expanded negative control
SZ_Search_BayArea_Hyper_ExactPhrase_2026_v3,sub zero refrigerator troubleshooting codes,Exact,Campaign negative,Expanded negative control
SZ_Search_BayArea_Hyper_ExactPhrase_2026_v3,sub zero refrigerator water dispenser,Exact,Campaign negative,Expanded negative control
SZ_Search_BayArea_Hyper_ExactPhrase_2026_v3,sub zero refrigerator water filter,Exact,Campaign negative,Expanded negative control
SZ_Search_BayArea_Hyper_ExactPhrase_2026_v3,sub zero refrigerator water line,Exact,Campaign negative,Expanded negative control
SZ_Search_BayArea_Hyper_ExactPhrase_2026_v3,sub zero refrigerator website,Exact,Campaign negative,Expanded negative control
SZ_Search_BayArea_Hyper_ExactPhrase_2026_v3,sub zero refrigerator with glass door,Exact,Campaign negative,Expanded negative control
SZ_Search_BayArea_Hyper_ExactPhrase_2026_v3,sub zero refrigerator with ice maker,Exact,Campaign negative,Expanded negative control
SZ_Search_BayArea_Hyper_ExactPhrase_2026_v3,sub zero refrigerator with water dispenser,Exact,Campaign negative,Expanded negative control
SZ_Search_BayArea_Hyper_ExactPhrase_2026_v3,sub zero refrigerator wood panel,Exact,Campaign negative,Expanded negative control
SZ_Search_BayArea_Hyper_ExactPhrase_2026_v3,sub zero refrigerator wrench flashing,Exact,Campaign negative,Expanded negative control
SZ_Search_BayArea_Hyper_ExactPhrase_2026_v3,sub zero refrigerator wrench symbol,Exact,Campaign negative,Expanded negative control
SZ_Search_BayArea_Hyper_ExactPhrase_2026_v3,sub zero refrigerators for sale,Exact,Campaign negative,Expanded negative control
SZ_Search_BayArea_Hyper_ExactPhrase_2026_v3,sub zero refrigerators near me,Exact,Campaign negative,Expanded negative control
SZ_Search_BayArea_Hyper_ExactPhrase_2026_v3,sub zero refrigerators prices,Exact,Campaign negative,Expanded negative control
SZ_Search_BayArea_Hyper_ExactPhrase_2026_v3,sub zero refrigerators san diego,Exact,Campaign negative,Expanded negative control
SZ_Search_BayArea_Hyper_ExactPhrase_2026_v3,sub zero refurbished,Exact,Campaign negative,Expanded negative control
SZ_Search_BayArea_Hyper_ExactPhrase_2026_v3,sub zero repair,Exact,Campaign negative,Expanded negative control
SZ_Search_BayArea_Hyper_ExactPhrase_2026_v3,sub zero repair near me,Exact,Campaign negative,Expanded negative control
SZ_Search_BayArea_Hyper_ExactPhrase_2026_v3,sub zero repairs,Exact,Campaign negative,Expanded negative control
SZ_Search_BayArea_Hyper_ExactPhrase_2026_v3,sub zero retailer near me,Exact,Campaign negative,Expanded negative control
SZ_Search_BayArea_Hyper_ExactPhrase_2026_v3,sub zero reveal,Exact,Campaign negative,Expanded negative control
SZ_Search_BayArea_Hyper_ExactPhrase_2026_v3,sub zero sale,Exact,Campaign negative,Expanded negative control
SZ_Search_BayArea_Hyper_ExactPhrase_2026_v3,sub zero san diego,Exact,Campaign negative,Expanded negative control
SZ_Search_BayArea_Hyper_ExactPhrase_2026_v3,sub zero seals,Exact,Campaign negative,Expanded negative control
SZ_Search_BayArea_Hyper_ExactPhrase_2026_v3,sub zero seattle,Exact,Campaign negative,Expanded negative control
SZ_Search_BayArea_Hyper_ExactPhrase_2026_v3,sub zero see through refrigerator,Exact,Campaign negative,Expanded negative control
SZ_Search_BayArea_Hyper_ExactPhrase_2026_v3,sub zero service,Exact,Campaign negative,Expanded negative control
SZ_Search_BayArea_Hyper_ExactPhrase_2026_v3,sub zero service near me,Exact,Campaign negative,Expanded negative control
SZ_Search_BayArea_Hyper_ExactPhrase_2026_v3,sub zero servicing,Exact,Campaign negative,Expanded negative control
SZ_Search_BayArea_Hyper_ExactPhrase_2026_v3,sub zero shelves,Exact,Campaign negative,Expanded negative control
SZ_Search_BayArea_Hyper_ExactPhrase_2026_v3,sub zero showrooms,Exact,Campaign negative,Expanded negative control
SZ_Search_BayArea_Hyper_ExactPhrase_2026_v3,sub zero side by side,Exact,Campaign negative,Expanded negative control
SZ_Search_BayArea_Hyper_ExactPhrase_2026_v3,sub zero side by side 36,Exact,Campaign negative,Expanded negative control
SZ_Search_BayArea_Hyper_ExactPhrase_2026_v3,sub zero side by side 42,Exact,Campaign negative,Expanded negative control
SZ_Search_BayArea_Hyper_ExactPhrase_2026_v3,sub zero side by side 48,Exact,Campaign negative,Expanded negative control
SZ_Search_BayArea_Hyper_ExactPhrase_2026_v3,sub zero side by side 72,Exact,Campaign negative,Expanded negative control
SZ_Search_BayArea_Hyper_ExactPhrase_2026_v3,sub zero side by side fridge,Exact,Campaign negative,Expanded negative control
SZ_Search_BayArea_Hyper_ExactPhrase_2026_v3,sub zero side by side fridge and freezer,Exact,Campaign negative,Expanded negative control
SZ_Search_BayArea_Hyper_ExactPhrase_2026_v3,sub zero side by side fridge freezer,Exact,Campaign negative,Expanded negative control
SZ_Search_BayArea_Hyper_ExactPhrase_2026_v3,sub zero side by side refrigerator,Exact,Campaign negative,Expanded negative control
SZ_Search_BayArea_Hyper_ExactPhrase_2026_v3,sub zero side by side refrigerator freezer,Exact,Campaign negative,Expanded negative control
SZ_Search_BayArea_Hyper_ExactPhrase_2026_v3,sub zero single door fridge,Exact,Campaign negative,Expanded negative control
SZ_Search_BayArea_Hyper_ExactPhrase_2026_v3,sub zero size refrigerator,Exact,Campaign negative,Expanded negative control
SZ_Search_BayArea_Hyper_ExactPhrase_2026_v3,sub zero solutions,Exact,Campaign negative,Expanded negative control
SZ_Search_BayArea_Hyper_ExactPhrase_2026_v3,sub zero specifications,Exact,Campaign negative,Expanded negative control
SZ_Search_BayArea_Hyper_ExactPhrase_2026_v3,sub zero specs refrigerator,Exact,Campaign negative,Expanded negative control
SZ_Search_BayArea_Hyper_ExactPhrase_2026_v3,sub zero stores near me,Exact,Campaign negative,Expanded negative control
SZ_Search_BayArea_Hyper_ExactPhrase_2026_v3,sub zero sub zero,Exact,Campaign negative,Expanded negative control
SZ_Search_BayArea_Hyper_ExactPhrase_2026_v3,sub zero system 532,Exact,Campaign negative,Expanded negative control
SZ_Search_BayArea_Hyper_ExactPhrase_2026_v3,sub zero tc700,Exact,Campaign negative,Expanded negative control
SZ_Search_BayArea_Hyper_ExactPhrase_2026_v3,sub zero tech,Exact,Campaign negative,Expanded negative control
SZ_Search_BayArea_Hyper_ExactPhrase_2026_v3,sub zero temp control portland,Exact,Campaign negative,Expanded negative control
SZ_Search_BayArea_Hyper_ExactPhrase_2026_v3,sub zero temperature,Exact,Campaign negative,Expanded negative control
SZ_Search_BayArea_Hyper_ExactPhrase_2026_v3,sub zero temperature controller,Exact,Campaign negative,Expanded negative control
SZ_Search_BayArea_Hyper_ExactPhrase_2026_v3,sub zero tower,Exact,Campaign negative,Expanded negative control
SZ_Search_BayArea_Hyper_ExactPhrase_2026_v3,sub zero troubleshooting,Exact,Campaign negative,Expanded negative control
SZ_Search_BayArea_Hyper_ExactPhrase_2026_v3,sub zero two door refrigerator,Exact,Campaign negative,Expanded negative control
SZ_Search_BayArea_Hyper_ExactPhrase_2026_v3,sub zero uc 15i,Exact,Campaign negative,Expanded negative control
SZ_Search_BayArea_Hyper_ExactPhrase_2026_v3,sub zero uc 15ip,Exact,Campaign negative,Expanded negative control
SZ_Search_BayArea_Hyper_ExactPhrase_2026_v3,sub zero uc 24r,Exact,Campaign negative,Expanded negative control
SZ_Search_BayArea_Hyper_ExactPhrase_2026_v3,sub zero uc 24ro ph,Exact,Campaign negative,Expanded negative control
SZ_Search_BayArea_Hyper_ExactPhrase_2026_v3,sub zero uc15ip,Exact,Campaign negative,Expanded negative control
SZ_Search_BayArea_Hyper_ExactPhrase_2026_v3,sub zero under counter freezer,Exact,Campaign negative,Expanded negative control
SZ_Search_BayArea_Hyper_ExactPhrase_2026_v3,sub zero under counter fridge,Exact,Campaign negative,Expanded negative control
SZ_Search_BayArea_Hyper_ExactPhrase_2026_v3,sub zero under counter refrigerator,Exact,Campaign negative,Expanded negative control
SZ_Search_BayArea_Hyper_ExactPhrase_2026_v3,sub zero under counter wine fridge,Exact,Campaign negative,Expanded negative control
SZ_Search_BayArea_Hyper_ExactPhrase_2026_v3,sub zero undercounter beverage center,Exact,Campaign negative,Expanded negative control
SZ_Search_BayArea_Hyper_ExactPhrase_2026_v3,sub zero undercounter fridge,Exact,Campaign negative,Expanded negative control
SZ_Search_BayArea_Hyper_ExactPhrase_2026_v3,sub zero undercounter ice maker,Exact,Campaign negative,Expanded negative control
SZ_Search_BayArea_Hyper_ExactPhrase_2026_v3,sub zero undercounter refrigerator,Exact,Campaign negative,Expanded negative control
SZ_Search_BayArea_Hyper_ExactPhrase_2026_v3,sub zero undercounter refrigerator freezer,Exact,Campaign negative,Expanded negative control
SZ_Search_BayArea_Hyper_ExactPhrase_2026_v3,sub zero undercounter wine,Exact,Campaign negative,Expanded negative control
SZ_Search_BayArea_Hyper_ExactPhrase_2026_v3,sub zero undercounter wine fridge,Exact,Campaign negative,Expanded negative control
SZ_Search_BayArea_Hyper_ExactPhrase_2026_v3,sub zero unlock water dispenser,Exact,Campaign negative,Expanded negative control
SZ_Search_BayArea_Hyper_ExactPhrase_2026_v3,sub zero upright freezer,Exact,Campaign negative,Expanded negative control
SZ_Search_BayArea_Hyper_ExactPhrase_2026_v3,sub zero us,Exact,Campaign negative,Expanded negative control
SZ_Search_BayArea_Hyper_ExactPhrase_2026_v3,sub zero usa,Exact,Campaign negative,Expanded negative control
SZ_Search_BayArea_Hyper_ExactPhrase_2026_v3,sub zero uw 24 s,Exact,Campaign negative,Expanded negative control
SZ_Search_BayArea_Hyper_ExactPhrase_2026_v3,sub zero viking,Exact,Campaign negative,Expanded negative control
SZ_Search_BayArea_Hyper_ExactPhrase_2026_v3,sub zero w,Exact,Campaign negative,Expanded negative control
SZ_Search_BayArea_Hyper_ExactPhrase_2026_v3,sub zero warming drawer,Exact,Campaign negative,Expanded negative control
SZ_Search_BayArea_Hyper_ExactPhrase_2026_v3,sub zero water dispenser,Exact,Campaign negative,Expanded negative control
SZ_Search_BayArea_Hyper_ExactPhrase_2026_v3,sub zero water dispenser dripping,Exact,Campaign negative,Expanded negative control
SZ_Search_BayArea_Hyper_ExactPhrase_2026_v3,sub zero water filter 4204490,Exact,Campaign negative,Expanded negative control
SZ_Search_BayArea_Hyper_ExactPhrase_2026_v3,sub zero water filter 7023811,Exact,Campaign negative,Expanded negative control
SZ_Search_BayArea_Hyper_ExactPhrase_2026_v3,sub zero water filter cartridge,Exact,Campaign negative,Expanded negative control
SZ_Search_BayArea_Hyper_ExactPhrase_2026_v3,sub zero water filter indicator,Exact,Campaign negative,Expanded negative control
SZ_Search_BayArea_Hyper_ExactPhrase_2026_v3,sub zero water filters,Exact,Campaign negative,Expanded negative control
SZ_Search_BayArea_Hyper_ExactPhrase_2026_v3,sub zero water valve,Exact,Campaign negative,Expanded negative control
SZ_Search_BayArea_Hyper_ExactPhrase_2026_v3,sub zero web site,Exact,Campaign negative,Expanded negative control
SZ_Search_BayArea_Hyper_ExactPhrase_2026_v3,sub zero website,Exact,Campaign negative,Expanded negative control
SZ_Search_BayArea_Hyper_ExactPhrase_2026_v3,sub zero wifi module,Exact,Campaign negative,Expanded negative control
SZ_Search_BayArea_Hyper_ExactPhrase_2026_v3,sub zero wine,Exact,Campaign negative,Expanded negative control
SZ_Search_BayArea_Hyper_ExactPhrase_2026_v3,sub zero wine cooler,Exact,Campaign negative,Expanded negative control
SZ_Search_BayArea_Hyper_ExactPhrase_2026_v3,sub zero wine cooler model 427,Exact,Campaign negative,Expanded negative control
SZ_Search_BayArea_Hyper_ExactPhrase_2026_v3,sub zero wine cooler temperature settings,Exact,Campaign negative,Expanded negative control
SZ_Search_BayArea_Hyper_ExactPhrase_2026_v3,sub zero wine cooler with refrigerator drawers,Exact,Campaign negative,Expanded negative control
SZ_Search_BayArea_Hyper_ExactPhrase_2026_v3,sub zero wine coolers,Exact,Campaign negative,Expanded negative control
SZ_Search_BayArea_Hyper_ExactPhrase_2026_v3,sub zero wine fridge,Exact,Campaign negative,Expanded negative control
SZ_Search_BayArea_Hyper_ExactPhrase_2026_v3,sub zero wine fridge 24,Exact,Campaign negative,Expanded negative control
SZ_Search_BayArea_Hyper_ExactPhrase_2026_v3,sub zero wine fridge 424,Exact,Campaign negative,Expanded negative control
SZ_Search_BayArea_Hyper_ExactPhrase_2026_v3,sub zero wine fridge accessories,Exact,Campaign negative,Expanded negative control
SZ_Search_BayArea_Hyper_ExactPhrase_2026_v3,sub zero wine fridge model 424,Exact,Campaign negative,Expanded negative control
SZ_Search_BayArea_Hyper_ExactPhrase_2026_v3,sub zero wine fridge panel ready,Exact,Campaign negative,Expanded negative control
SZ_Search_BayArea_Hyper_ExactPhrase_2026_v3,sub zero wine fridge price,Exact,Campaign negative,Expanded negative control
SZ_Search_BayArea_Hyper_ExactPhrase_2026_v3,sub zero wine fridge under counter,Exact,Campaign negative,Expanded negative control
SZ_Search_BayArea_Hyper_ExactPhrase_2026_v3,sub zero wine refrigerator,Exact,Campaign negative,Expanded negative control
SZ_Search_BayArea_Hyper_ExactPhrase_2026_v3,sub zero wine refrigerator 24,Exact,Campaign negative,Expanded negative control
SZ_Search_BayArea_Hyper_ExactPhrase_2026_v3,sub zero wine refrigerators,Exact,Campaign negative,Expanded negative control
SZ_Search_BayArea_Hyper_ExactPhrase_2026_v3,sub zero wine storage,Exact,Campaign negative,Expanded negative control
SZ_Search_BayArea_Hyper_ExactPhrase_2026_v3,sub zero wisconsin,Exact,Campaign negative,Expanded negative control
SZ_Search_BayArea_Hyper_ExactPhrase_2026_v3,sub zero wolf,Exact,Campaign negative,Expanded negative control
SZ_Search_BayArea_Hyper_ExactPhrase_2026_v3,sub zero wolf and cove,Exact,Campaign negative,Expanded negative control
SZ_Search_BayArea_Hyper_ExactPhrase_2026_v3,sub zero wolf appliance,Exact,Campaign negative,Expanded negative control
SZ_Search_BayArea_Hyper_ExactPhrase_2026_v3,sub zero wolf appliances,Exact,Campaign negative,Expanded negative control
SZ_Search_BayArea_Hyper_ExactPhrase_2026_v3,sub zero wolf appliances near me,Exact,Campaign negative,Expanded negative control
SZ_Search_BayArea_Hyper_ExactPhrase_2026_v3,sub zero wolf com,Exact,Campaign negative,Expanded negative control
SZ_Search_BayArea_Hyper_ExactPhrase_2026_v3,sub zero wolf com builtinconfigurator,Exact,Campaign negative,Expanded negative control
SZ_Search_BayArea_Hyper_ExactPhrase_2026_v3,sub zero wolf com connect,Exact,Campaign negative,Expanded negative control
SZ_Search_BayArea_Hyper_ExactPhrase_2026_v3,sub zero wolf com promotion,Exact,Campaign negative,Expanded negative control
SZ_Search_BayArea_Hyper_ExactPhrase_2026_v3,sub zero wolf connect,Exact,Campaign negative,Expanded negative control
SZ_Search_BayArea_Hyper_ExactPhrase_2026_v3,sub zero wolf costa mesa,Exact,Campaign negative,Expanded negative control
SZ_Search_BayArea_Hyper_ExactPhrase_2026_v3,sub zero wolf cove,Exact,Campaign negative,Expanded negative control
SZ_Search_BayArea_Hyper_ExactPhrase_2026_v3,sub zero wolf distributors,Exact,Campaign negative,Expanded negative control
SZ_Search_BayArea_Hyper_ExactPhrase_2026_v3,sub zero wolf freezer,Exact,Campaign negative,Expanded negative control
SZ_Search_BayArea_Hyper_ExactPhrase_2026_v3,sub zero wolf fridge,Exact,Campaign negative,Expanded negative control
SZ_Search_BayArea_Hyper_ExactPhrase_2026_v3,sub zero wolf hawaii,Exact,Campaign negative,Expanded negative control
SZ_Search_BayArea_Hyper_ExactPhrase_2026_v3,sub zero wolf kitchen,Exact,Campaign negative,Expanded negative control
SZ_Search_BayArea_Hyper_ExactPhrase_2026_v3,sub zero wolf mexico,Exact,Campaign negative,Expanded negative control
SZ_Search_BayArea_Hyper_ExactPhrase_2026_v3,sub zero wolf near me,Exact,Campaign negative,Expanded negative control
SZ_Search_BayArea_Hyper_ExactPhrase_2026_v3,sub zero wolf oven,Exact,Campaign negative,Expanded negative control
SZ_Search_BayArea_Hyper_ExactPhrase_2026_v3,sub zero wolf phone number,Exact,Campaign negative,Expanded negative control
SZ_Search_BayArea_Hyper_ExactPhrase_2026_v3,sub zero wolf promotions,Exact,Campaign negative,Expanded negative control
SZ_Search_BayArea_Hyper_ExactPhrase_2026_v3,sub zero wolf promotions 360incentives com,Exact,Campaign negative,Expanded negative control
SZ_Search_BayArea_Hyper_ExactPhrase_2026_v3,sub zero wolf range,Exact,Campaign negative,Expanded negative control
SZ_Search_BayArea_Hyper_ExactPhrase_2026_v3,sub zero wolf refrigerator,Exact,Campaign negative,Expanded negative control
SZ_Search_BayArea_Hyper_ExactPhrase_2026_v3,sub zero wolf reveal,Exact,Campaign negative,Expanded negative control
SZ_Search_BayArea_Hyper_ExactPhrase_2026_v3,sub zero wolf training,Exact,Campaign negative,Expanded negative control
SZ_Search_BayArea_Hyper_ExactPhrase_2026_v3,sub zero wolf usa,Exact,Campaign negative,Expanded negative control
SZ_Search_BayArea_Hyper_ExactPhrase_2026_v3,sub zero wolf viking,Exact,Campaign negative,Expanded negative control
SZ_Search_BayArea_Hyper_ExactPhrase_2026_v3,sub zero wolf water filter,Exact,Campaign negative,Expanded negative control
SZ_Search_BayArea_Hyper_ExactPhrase_2026_v3,sub zero wolf website,Exact,Campaign negative,Expanded negative control
SZ_Search_BayArea_Hyper_ExactPhrase_2026_v3,sub zero wolff,Exact,Campaign negative,Expanded negative control
SZ_Search_BayArea_Hyper_ExactPhrase_2026_v3,sub zero work,Exact,Campaign negative,Expanded negative control
SZ_Search_BayArea_Hyper_ExactPhrase_2026_v3,sub zero wrench,Exact,Campaign negative,Expanded negative control
SZ_Search_BayArea_Hyper_ExactPhrase_2026_v3,supermarket fridge,Phrase,Campaign negative,Expanded negative control
SZ_Search_BayArea_Hyper_ExactPhrase_2026_v3,support,Broad,Campaign negative,Expanded negative control
SZ_Search_BayArea_Hyper_ExactPhrase_2026_v3,support fridge,Phrase,Campaign negative,Expanded negative control
SZ_Search_BayArea_Hyper_ExactPhrase_2026_v3,support number,Phrase,Campaign negative,Expanded negative control
SZ_Search_BayArea_Hyper_ExactPhrase_2026_v3,suzero,Exact,Campaign negative,Expanded negative control
SZ_Search_BayArea_Hyper_ExactPhrase_2026_v3,switch,Broad,Campaign negative,Expanded negative control
SZ_Search_BayArea_Hyper_ExactPhrase_2026_v3,system pipe part,Phrase,Campaign negative,Expanded negative control
SZ_Search_BayArea_Hyper_ExactPhrase_2026_v3,tablet fridge,Phrase,Campaign negative,Expanded negative control
SZ_Search_BayArea_Hyper_ExactPhrase_2026_v3,tacoma,Broad,Campaign negative,Expanded negative control
SZ_Search_BayArea_Hyper_ExactPhrase_2026_v3,tco,Broad,Campaign negative,Expanded negative control
SZ_Search_BayArea_Hyper_ExactPhrase_2026_v3,tco open wolf oven,Exact,Campaign negative,Expanded negative control
SZ_Search_BayArea_Hyper_ExactPhrase_2026_v3,technician jobs,Phrase,Campaign negative,Expanded negative control
SZ_Search_BayArea_Hyper_ExactPhrase_2026_v3,technician license,Phrase,Campaign negative,Expanded negative control
SZ_Search_BayArea_Hyper_ExactPhrase_2026_v3,temperature setting for sub zero refrigerator,Exact,Campaign negative,Expanded negative control
SZ_Search_BayArea_Hyper_ExactPhrase_2026_v3,tender,Broad,Campaign negative,Expanded negative control
SZ_Search_BayArea_Hyper_ExactPhrase_2026_v3,textbook,Broad,Campaign negative,Expanded negative control
SZ_Search_BayArea_Hyper_ExactPhrase_2026_v3,the sub zero,Exact,Campaign negative,Expanded negative control
SZ_Search_BayArea_Hyper_ExactPhrase_2026_v3,thermador,Broad,Campaign negative,Expanded negative control
SZ_Search_BayArea_Hyper_ExactPhrase_2026_v3,thermador 36 inch range,Exact,Campaign negative,Expanded negative control
SZ_Search_BayArea_Hyper_ExactPhrase_2026_v3,thermador 42 inch built in refrigerator,Exact,Campaign negative,Expanded negative control
SZ_Search_BayArea_Hyper_ExactPhrase_2026_v3,thermador 42 inch side by side refrigerator,Exact,Campaign negative,Expanded negative control
SZ_Search_BayArea_Hyper_ExactPhrase_2026_v3,thermador 48 inch range,Exact,Campaign negative,Expanded negative control
SZ_Search_BayArea_Hyper_ExactPhrase_2026_v3,thermador 48 inch range top,Exact,Campaign negative,Expanded negative control
SZ_Search_BayArea_Hyper_ExactPhrase_2026_v3,thermador range 36 inch,Exact,Campaign negative,Expanded negative control
SZ_Search_BayArea_Hyper_ExactPhrase_2026_v3,thermador refrigerator 48 inch,Exact,Campaign negative,Expanded negative control
SZ_Search_BayArea_Hyper_ExactPhrase_2026_v3,thermal bag,Phrase,Campaign negative,Expanded negative control
SZ_Search_BayArea_Hyper_ExactPhrase_2026_v3,thermostat,Broad,Campaign negative,Expanded negative control
SZ_Search_BayArea_Hyper_ExactPhrase_2026_v3,tips,Broad,Campaign negative,Expanded negative control
SZ_Search_BayArea_Hyper_ExactPhrase_2026_v3,toaster,Broad,Campaign negative,Expanded negative control
SZ_Search_BayArea_Hyper_ExactPhrase_2026_v3,toaster repair,Phrase,Campaign negative,Expanded negative control
SZ_Search_BayArea_Hyper_ExactPhrase_2026_v3,tool kit,Phrase,Campaign negative,Expanded negative control
SZ_Search_BayArea_Hyper_ExactPhrase_2026_v3,top 10,Phrase,Campaign negative,Expanded negative control
SZ_Search_BayArea_Hyper_ExactPhrase_2026_v3,touchscreen fridge,Phrase,Campaign negative,Expanded negative control
SZ_Search_BayArea_Hyper_ExactPhrase_2026_v3,toy cooler,Phrase,Campaign negative,Expanded negative control
SZ_Search_BayArea_Hyper_ExactPhrase_2026_v3,toy fridge,Phrase,Campaign negative,Expanded negative control
SZ_Search_BayArea_Hyper_ExactPhrase_2026_v3,training,Broad,Campaign negative,Expanded negative control
SZ_Search_BayArea_Hyper_ExactPhrase_2026_v3,training class,Phrase,Campaign negative,Expanded negative control
SZ_Search_BayArea_Hyper_ExactPhrase_2026_v3,transport,Broad,Campaign negative,Expanded negative control
SZ_Search_BayArea_Hyper_ExactPhrase_2026_v3,transport cooler,Phrase,Campaign negative,Expanded negative control
SZ_Search_BayArea_Hyper_ExactPhrase_2026_v3,trash,Broad,Campaign negative,Expanded negative control
SZ_Search_BayArea_Hyper_ExactPhrase_2026_v3,trash fridge,Phrase,Campaign negative,Expanded negative control
SZ_Search_BayArea_Hyper_ExactPhrase_2026_v3,travel fridge,Phrase,Campaign negative,Expanded negative control
SZ_Search_BayArea_Hyper_ExactPhrase_2026_v3,troubleshoot,Broad,Campaign negative,Expanded negative control
SZ_Search_BayArea_Hyper_ExactPhrase_2026_v3,troubleshoot sub zero ice maker,Exact,Campaign negative,Expanded negative control
SZ_Search_BayArea_Hyper_ExactPhrase_2026_v3,troubleshooting,Broad,Campaign negative,Expanded negative control
SZ_Search_BayArea_Hyper_ExactPhrase_2026_v3,troubleshooting fridge,Phrase,Campaign negative,Expanded negative control
SZ_Search_BayArea_Hyper_ExactPhrase_2026_v3,troubleshooting sub zero,Exact,Campaign negative,Expanded negative control
SZ_Search_BayArea_Hyper_ExactPhrase_2026_v3,troubleshooting sub zero freezer,Exact,Campaign negative,Expanded negative control
SZ_Search_BayArea_Hyper_ExactPhrase_2026_v3,troubleshooting sub zero ice maker,Exact,Campaign negative,Expanded negative control
SZ_Search_BayArea_Hyper_ExactPhrase_2026_v3,troubleshooting sub zero refrigerator,Exact,Campaign negative,Expanded negative control
SZ_Search_BayArea_Hyper_ExactPhrase_2026_v3,truck fridge,Phrase,Campaign negative,Expanded negative control
SZ_Search_BayArea_Hyper_ExactPhrase_2026_v3,tubular vs pro handle sub zero,Exact,Campaign negative,Expanded negative control
SZ_Search_BayArea_Hyper_ExactPhrase_2026_v3,tutorial,Broad,Campaign negative,Expanded negative control
SZ_Search_BayArea_Hyper_ExactPhrase_2026_v3,tv fridge,Phrase,Campaign negative,Expanded negative control
SZ_Search_BayArea_Hyper_ExactPhrase_2026_v3,uc 15io,Exact,Campaign negative,Expanded negative control
SZ_Search_BayArea_Hyper_ExactPhrase_2026_v3,uc 15ip,Exact,Campaign negative,Expanded negative control
SZ_Search_BayArea_Hyper_ExactPhrase_2026_v3,uc151,Exact,Campaign negative,Expanded negative control
SZ_Search_BayArea_Hyper_ExactPhrase_2026_v3,uc15io,Exact,Campaign negative,Expanded negative control
SZ_Search_BayArea_Hyper_ExactPhrase_2026_v3,uc15ip,Exact,Campaign negative,Expanded negative control
SZ_Search_BayArea_Hyper_ExactPhrase_2026_v3,ultracold freezer,Phrase,Campaign negative,Expanded negative control
SZ_Search_BayArea_Hyper_ExactPhrase_2026_v3,undercounter sub zero fridge,Exact,Campaign negative,Expanded negative control
SZ_Search_BayArea_Hyper_ExactPhrase_2026_v3,units,Broad,Campaign negative,Expanded negative control
SZ_Search_BayArea_Hyper_ExactPhrase_2026_v3,universal,Broad,Campaign negative,Expanded negative control
SZ_Search_BayArea_Hyper_ExactPhrase_2026_v3,university,Broad,Campaign negative,Expanded negative control
SZ_Search_BayArea_Hyper_ExactPhrase_2026_v3,unlock,Broad,Campaign negative,Expanded negative control
SZ_Search_BayArea_Hyper_ExactPhrase_2026_v3,unlock sub zero water dispenser,Exact,Campaign negative,Expanded negative control
SZ_Search_BayArea_Hyper_ExactPhrase_2026_v3,unlock wolf oven,Exact,Campaign negative,Expanded negative control
SZ_Search_BayArea_Hyper_ExactPhrase_2026_v3,used,Broad,Campaign negative,Expanded negative control
SZ_Search_BayArea_Hyper_ExactPhrase_2026_v3,used freezer,Phrase,Campaign negative,Expanded negative control
SZ_Search_BayArea_Hyper_ExactPhrase_2026_v3,used refrigerator,Phrase,Campaign negative,Expanded negative control
SZ_Search_BayArea_Hyper_ExactPhrase_2026_v3,used sub zero for sale,Exact,Campaign negative,Expanded negative control
SZ_Search_BayArea_Hyper_ExactPhrase_2026_v3,used sub zero fridge,Exact,Campaign negative,Expanded negative control
SZ_Search_BayArea_Hyper_ExactPhrase_2026_v3,used sub zero fridge for sale,Exact,Campaign negative,Expanded negative control
SZ_Search_BayArea_Hyper_ExactPhrase_2026_v3,used sub zero refrigerator,Exact,Campaign negative,Expanded negative control
SZ_Search_BayArea_Hyper_ExactPhrase_2026_v3,used sub zero refrigerator for sale,Exact,Campaign negative,Expanded negative control
SZ_Search_BayArea_Hyper_ExactPhrase_2026_v3,vaccine fridge,Phrase,Campaign negative,Expanded negative control
SZ_Search_BayArea_Hyper_ExactPhrase_2026_v3,vaccine storage,Phrase,Campaign negative,Expanded negative control
SZ_Search_BayArea_Hyper_ExactPhrase_2026_v3,vacuum repair,Phrase,Campaign negative,Expanded negative control
SZ_Search_BayArea_Hyper_ExactPhrase_2026_v3,vancouver,Broad,Campaign negative,Expanded negative control
SZ_Search_BayArea_Hyper_ExactPhrase_2026_v3,vegas,Broad,Campaign negative,Expanded negative control
SZ_Search_BayArea_Hyper_ExactPhrase_2026_v3,vending,Phrase,Campaign negative,Expanded negative control
SZ_Search_BayArea_Hyper_ExactPhrase_2026_v3,vending machine,Phrase,Campaign negative,Expanded negative control
SZ_Search_BayArea_Hyper_ExactPhrase_2026_v3,video,Broad,Campaign negative,Expanded negative control
SZ_Search_BayArea_Hyper_ExactPhrase_2026_v3,videos,Broad,Campaign negative,Expanded negative control
SZ_Search_BayArea_Hyper_ExactPhrase_2026_v3,vienna,Broad,Campaign negative,Expanded negative control
SZ_Search_BayArea_Hyper_ExactPhrase_2026_v3,view,Broad,Campaign negative,Expanded negative control
SZ_Search_BayArea_Hyper_ExactPhrase_2026_v3,viking,Broad,Campaign negative,Expanded negative control
SZ_Search_BayArea_Hyper_ExactPhrase_2026_v3,viking sub zero fridge,Exact,Campaign negative,Expanded negative control
SZ_Search_BayArea_Hyper_ExactPhrase_2026_v3,viking wolf sub zero,Exact,Campaign negative,Expanded negative control
SZ_Search_BayArea_Hyper_ExactPhrase_2026_v3,vintage fridge,Phrase,Campaign negative,Expanded negative control
SZ_Search_BayArea_Hyper_ExactPhrase_2026_v3,vinyl wrap fridge,Phrase,Campaign negative,Expanded negative control
SZ_Search_BayArea_Hyper_ExactPhrase_2026_v3,virginia,Broad,Campaign negative,Expanded negative control
SZ_Search_BayArea_Hyper_ExactPhrase_2026_v3,virtual assistant fridge,Phrase,Campaign negative,Expanded negative control
SZ_Search_BayArea_Hyper_ExactPhrase_2026_v3,voice control fridge,Phrase,Campaign negative,Expanded negative control
SZ_Search_BayArea_Hyper_ExactPhrase_2026_v3,warehouse,Broad,Campaign negative,Expanded negative control
SZ_Search_BayArea_Hyper_ExactPhrase_2026_v3,warranty,Broad,Campaign negative,Expanded negative control
SZ_Search_BayArea_Hyper_ExactPhrase_2026_v3,warranty claim,Phrase,Campaign negative,Expanded negative control
SZ_Search_BayArea_Hyper_ExactPhrase_2026_v3,warranty fridge,Phrase,Campaign negative,Expanded negative control
SZ_Search_BayArea_Hyper_ExactPhrase_2026_v3,washer,Broad,Campaign negative,Expanded negative control
SZ_Search_BayArea_Hyper_ExactPhrase_2026_v3,washing machine repair,Phrase,Campaign negative,Expanded negative control
SZ_Search_BayArea_Hyper_ExactPhrase_2026_v3,washington,Broad,Campaign negative,Expanded negative control
SZ_Search_BayArea_Hyper_ExactPhrase_2026_v3,water cooler,Phrase,Campaign negative,Expanded negative control
SZ_Search_BayArea_Hyper_ExactPhrase_2026_v3,water dispenser,Phrase,Campaign negative,Expanded negative control
SZ_Search_BayArea_Hyper_ExactPhrase_2026_v3,water filter,Phrase,Campaign negative,Expanded negative control
SZ_Search_BayArea_Hyper_ExactPhrase_2026_v3,water filter for sub zero fridge,Exact,Campaign negative,Expanded negative control
SZ_Search_BayArea_Hyper_ExactPhrase_2026_v3,water filter for sub zero refrigerator,Exact,Campaign negative,Expanded negative control
SZ_Search_BayArea_Hyper_ExactPhrase_2026_v3,water filter sub zero refrigerator,Exact,Campaign negative,Expanded negative control
SZ_Search_BayArea_Hyper_ExactPhrase_2026_v3,water inside sub zero refrigerator,Exact,Campaign negative,Expanded negative control
SZ_Search_BayArea_Hyper_ExactPhrase_2026_v3,website,Broad,Campaign negative,Expanded negative control
SZ_Search_BayArea_Hyper_ExactPhrase_2026_v3,westchester,Broad,Campaign negative,Expanded negative control
SZ_Search_BayArea_Hyper_ExactPhrase_2026_v3,what,Broad,Campaign negative,Expanded negative control
SZ_Search_BayArea_Hyper_ExactPhrase_2026_v3,what do sub zero refrigerators cost,Exact,Campaign negative,Expanded negative control
SZ_Search_BayArea_Hyper_ExactPhrase_2026_v3,what is a sub zero refrigerator,Exact,Campaign negative,Expanded negative control
SZ_Search_BayArea_Hyper_ExactPhrase_2026_v3,what is a sub zero refrigerators,Exact,Campaign negative,Expanded negative control
SZ_Search_BayArea_Hyper_ExactPhrase_2026_v3,what is sub zero fridge,Exact,Campaign negative,Expanded negative control
SZ_Search_BayArea_Hyper_ExactPhrase_2026_v3,what is the cost of a sub zero refrigerator,Exact,Campaign negative,Expanded negative control
SZ_Search_BayArea_Hyper_ExactPhrase_2026_v3,what is the price of a sub zero refrigerator,Exact,Campaign negative,Expanded negative control
SZ_Search_BayArea_Hyper_ExactPhrase_2026_v3,what temperature should a sub zero refrigerator be set at,Exact,Campaign negative,Expanded negative control
SZ_Search_BayArea_Hyper_ExactPhrase_2026_v3,what temperature should my sub zero freezer be set at,Exact,Campaign negative,Expanded negative control
SZ_Search_BayArea_Hyper_ExactPhrase_2026_v3,what temperature should my sub zero refrigerator be set at,Exact,Campaign negative,Expanded negative control
SZ_Search_BayArea_Hyper_ExactPhrase_2026_v3,what temperature should sub zero freezer be set at,Exact,Campaign negative,Expanded negative control
SZ_Search_BayArea_Hyper_ExactPhrase_2026_v3,where,Broad,Campaign negative,Expanded negative control
SZ_Search_BayArea_Hyper_ExactPhrase_2026_v3,where is the drain tube on my sub zero refrigerator,Exact,Campaign negative,Expanded negative control
SZ_Search_BayArea_Hyper_ExactPhrase_2026_v3,where is the serial number on my sub zero refrigerator,Exact,Campaign negative,Expanded negative control
SZ_Search_BayArea_Hyper_ExactPhrase_2026_v3,whirlpool,Broad,Campaign negative,Expanded negative control
SZ_Search_BayArea_Hyper_ExactPhrase_2026_v3,white fridge,Phrase,Campaign negative,Expanded negative control
SZ_Search_BayArea_Hyper_ExactPhrase_2026_v3,white sub zero refrigerator,Exact,Campaign negative,Expanded negative control
SZ_Search_BayArea_Hyper_ExactPhrase_2026_v3,who,Broad,Campaign negative,Expanded negative control
SZ_Search_BayArea_Hyper_ExactPhrase_2026_v3,who makes sub zero fridges,Exact,Campaign negative,Expanded negative control
SZ_Search_BayArea_Hyper_ExactPhrase_2026_v3,who makes sub zero refrigerators,Exact,Campaign negative,Expanded negative control
SZ_Search_BayArea_Hyper_ExactPhrase_2026_v3,who sells sub zero refrigerators,Exact,Campaign negative,Expanded negative control
SZ_Search_BayArea_Hyper_ExactPhrase_2026_v3,who sells sub zero refrigerators near me,Exact,Campaign negative,Expanded negative control
SZ_Search_BayArea_Hyper_ExactPhrase_2026_v3,wholesale,Broad,Campaign negative,Expanded negative control
SZ_Search_BayArea_Hyper_ExactPhrase_2026_v3,wholesale magnet,Phrase,Campaign negative,Expanded negative control
SZ_Search_BayArea_Hyper_ExactPhrase_2026_v3,why,Broad,Campaign negative,Expanded negative control
SZ_Search_BayArea_Hyper_ExactPhrase_2026_v3,wi,Broad,Campaign negative,Expanded negative control
SZ_Search_BayArea_Hyper_ExactPhrase_2026_v3,wifi fridge,Phrase,Campaign negative,Expanded negative control
SZ_Search_BayArea_Hyper_ExactPhrase_2026_v3,wine chiller,Phrase,Campaign negative,Expanded negative control
SZ_Search_BayArea_Hyper_ExactPhrase_2026_v3,wine cooler sub zero,Exact,Campaign negative,Expanded negative control
SZ_Search_BayArea_Hyper_ExactPhrase_2026_v3,wine fridge sub zero,Exact,Campaign negative,Expanded negative control
SZ_Search_BayArea_Hyper_ExactPhrase_2026_v3,wine fridge wolf,Exact,Campaign negative,Expanded negative control
SZ_Search_BayArea_Hyper_ExactPhrase_2026_v3,wine refrigerator sub zero,Exact,Campaign negative,Expanded negative control
SZ_Search_BayArea_Hyper_ExactPhrase_2026_v3,wine storage sub zero,Exact,Campaign negative,Expanded negative control
SZ_Search_BayArea_Hyper_ExactPhrase_2026_v3,wiring diagram,Phrase,Campaign negative,Expanded negative control
SZ_Search_BayArea_Hyper_ExactPhrase_2026_v3,wolf,Broad,Campaign negative,Expanded negative control
SZ_Search_BayArea_Hyper_ExactPhrase_2026_v3,wolf 36 refrigerator,Exact,Campaign negative,Expanded negative control
SZ_Search_BayArea_Hyper_ExactPhrase_2026_v3,wolf 40 inch gas range,Exact,Campaign negative,Expanded negative control
SZ_Search_BayArea_Hyper_ExactPhrase_2026_v3,wolf and sub zero,Exact,Campaign negative,Expanded negative control
SZ_Search_BayArea_Hyper_ExactPhrase_2026_v3,wolf and sub zero appliances,Exact,Campaign negative,Expanded negative control
SZ_Search_BayArea_Hyper_ExactPhrase_2026_v3,wolf appliance,Exact,Campaign negative,Expanded negative control
SZ_Search_BayArea_Hyper_ExactPhrase_2026_v3,wolf appliance company,Exact,Campaign negative,Expanded negative control
SZ_Search_BayArea_Hyper_ExactPhrase_2026_v3,wolf appliance near me,Exact,Campaign negative,Expanded negative control
SZ_Search_BayArea_Hyper_ExactPhrase_2026_v3,wolf appliances,Exact,Campaign negative,Expanded negative control
SZ_Search_BayArea_Hyper_ExactPhrase_2026_v3,wolf appliances phone number,Exact,Campaign negative,Expanded negative control
SZ_Search_BayArea_Hyper_ExactPhrase_2026_v3,wolf appliances san diego,Exact,Campaign negative,Expanded negative control
SZ_Search_BayArea_Hyper_ExactPhrase_2026_v3,wolf beverage center,Exact,Campaign negative,Expanded negative control
SZ_Search_BayArea_Hyper_ExactPhrase_2026_v3,wolf beverage fridge,Exact,Campaign negative,Expanded negative control
SZ_Search_BayArea_Hyper_ExactPhrase_2026_v3,wolf built in refrigerator,Exact,Campaign negative,Expanded negative control
SZ_Search_BayArea_Hyper_ExactPhrase_2026_v3,wolf burner igniter,Exact,Campaign negative,Expanded negative control
SZ_Search_BayArea_Hyper_ExactPhrase_2026_v3,wolf contact,Exact,Campaign negative,Expanded negative control
SZ_Search_BayArea_Hyper_ExactPhrase_2026_v3,wolf cooking,Exact,Campaign negative,Expanded negative control
SZ_Search_BayArea_Hyper_ExactPhrase_2026_v3,wolf cove sub zero,Exact,Campaign negative,Expanded negative control
SZ_Search_BayArea_Hyper_ExactPhrase_2026_v3,wolf french door refrigerator,Exact,Campaign negative,Expanded negative control
SZ_Search_BayArea_Hyper_ExactPhrase_2026_v3,wolf fridge,Exact,Campaign negative,Expanded negative control
SZ_Search_BayArea_Hyper_ExactPhrase_2026_v3,wolf fridge freezer,Exact,Campaign negative,Expanded negative control
SZ_Search_BayArea_Hyper_ExactPhrase_2026_v3,wolf fridge sub zero,Exact,Campaign negative,Expanded negative control
SZ_Search_BayArea_Hyper_ExactPhrase_2026_v3,wolf gas range troubleshooting,Exact,Campaign negative,Expanded negative control
SZ_Search_BayArea_Hyper_ExactPhrase_2026_v3,wolf help,Exact,Campaign negative,Expanded negative control
SZ_Search_BayArea_Hyper_ExactPhrase_2026_v3,wolf ice maker,Exact,Campaign negative,Expanded negative control
SZ_Search_BayArea_Hyper_ExactPhrase_2026_v3,wolf induction cooktop troubleshooting,Exact,Campaign negative,Expanded negative control
SZ_Search_BayArea_Hyper_ExactPhrase_2026_v3,wolf kitchen,Exact,Campaign negative,Expanded negative control
SZ_Search_BayArea_Hyper_ExactPhrase_2026_v3,wolf kitchen appliances near me,Exact,Campaign negative,Expanded negative control
SZ_Search_BayArea_Hyper_ExactPhrase_2026_v3,wolf kitchen usa,Exact,Campaign negative,Expanded negative control
SZ_Search_BayArea_Hyper_ExactPhrase_2026_v3,wolf oven delayed start,Exact,Campaign negative,Expanded negative control
SZ_Search_BayArea_Hyper_ExactPhrase_2026_v3,wolf oven door hinge,Exact,Campaign negative,Expanded negative control
SZ_Search_BayArea_Hyper_ExactPhrase_2026_v3,wolf oven door hinge pin,Exact,Campaign negative,Expanded negative control
SZ_Search_BayArea_Hyper_ExactPhrase_2026_v3,wolf oven enamel chipping,Exact,Campaign negative,Expanded negative control
SZ_Search_BayArea_Hyper_ExactPhrase_2026_v3,wolf oven fan keeps running,Exact,Campaign negative,Expanded negative control
SZ_Search_BayArea_Hyper_ExactPhrase_2026_v3,wolf oven pilot light,Exact,Campaign negative,Expanded negative control
SZ_Search_BayArea_Hyper_ExactPhrase_2026_v3,wolf oven red light,Exact,Campaign negative,Expanded negative control
SZ_Search_BayArea_Hyper_ExactPhrase_2026_v3,wolf oven self clean,Exact,Campaign negative,Expanded negative control
SZ_Search_BayArea_Hyper_ExactPhrase_2026_v3,wolf oven takes forever to preheat,Exact,Campaign negative,Expanded negative control
SZ_Search_BayArea_Hyper_ExactPhrase_2026_v3,wolf oven temperature calibration,Exact,Campaign negative,Expanded negative control
SZ_Search_BayArea_Hyper_ExactPhrase_2026_v3,wolf oven thermal fuse,Exact,Campaign negative,Expanded negative control
SZ_Search_BayArea_Hyper_ExactPhrase_2026_v3,wolf oven thermocouple,Exact,Campaign negative,Expanded negative control
SZ_Search_BayArea_Hyper_ExactPhrase_2026_v3,wolf oven touchpad sensor line fault,Exact,Campaign negative,Expanded negative control
SZ_Search_BayArea_Hyper_ExactPhrase_2026_v3,wolf oven troubleshooting,Exact,Campaign negative,Expanded negative control
SZ_Search_BayArea_Hyper_ExactPhrase_2026_v3,wolf oven turns on by itself,Exact,Campaign negative,Expanded negative control
SZ_Search_BayArea_Hyper_ExactPhrase_2026_v3,wolf panel ready refrigerator,Exact,Campaign negative,Expanded negative control
SZ_Search_BayArea_Hyper_ExactPhrase_2026_v3,wolf phone number,Exact,Campaign negative,Expanded negative control
SZ_Search_BayArea_Hyper_ExactPhrase_2026_v3,wolf porcelain chipping,Exact,Campaign negative,Expanded negative control
SZ_Search_BayArea_Hyper_ExactPhrase_2026_v3,wolf range flashing red light,Exact,Campaign negative,Expanded negative control
SZ_Search_BayArea_Hyper_ExactPhrase_2026_v3,wolf range knob loose,Exact,Campaign negative,Expanded negative control
SZ_Search_BayArea_Hyper_ExactPhrase_2026_v3,wolf range rubber grate feet,Exact,Campaign negative,Expanded negative control
SZ_Search_BayArea_Hyper_ExactPhrase_2026_v3,wolf range sub zero,Exact,Campaign negative,Expanded negative control
SZ_Search_BayArea_Hyper_ExactPhrase_2026_v3,wolf range troubleshooting,Exact,Campaign negative,Expanded negative control
SZ_Search_BayArea_Hyper_ExactPhrase_2026_v3,wolf refrigerator,Exact,Campaign negative,Expanded negative control
SZ_Search_BayArea_Hyper_ExactPhrase_2026_v3,wolf refrigerator price,Exact,Campaign negative,Expanded negative control
SZ_Search_BayArea_Hyper_ExactPhrase_2026_v3,wolf refrigerator sub zero,Exact,Campaign negative,Expanded negative control
SZ_Search_BayArea_Hyper_ExactPhrase_2026_v3,wolf refrigerators,Exact,Campaign negative,Expanded negative control
SZ_Search_BayArea_Hyper_ExactPhrase_2026_v3,wolf retailer,Exact,Campaign negative,Expanded negative control
SZ_Search_BayArea_Hyper_ExactPhrase_2026_v3,wolf showrooms,Exact,Campaign negative,Expanded negative control
SZ_Search_BayArea_Hyper_ExactPhrase_2026_v3,wolf stove,Exact,Campaign negative,Expanded negative control
SZ_Search_BayArea_Hyper_ExactPhrase_2026_v3,wolf stove keeps sparking,Exact,Campaign negative,Expanded negative control
SZ_Search_BayArea_Hyper_ExactPhrase_2026_v3,wolf stove top 36 inch,Exact,Campaign negative,Expanded negative control
SZ_Search_BayArea_Hyper_ExactPhrase_2026_v3,wolf stove troubleshooting,Exact,Campaign negative,Expanded negative control
SZ_Search_BayArea_Hyper_ExactPhrase_2026_v3,wolf sub,Exact,Campaign negative,Expanded negative control
SZ_Search_BayArea_Hyper_ExactPhrase_2026_v3,wolf sub zero,Exact,Campaign negative,Expanded negative control
SZ_Search_BayArea_Hyper_ExactPhrase_2026_v3,wolf sub zero and cove,Exact,Campaign negative,Expanded negative control
SZ_Search_BayArea_Hyper_ExactPhrase_2026_v3,wolf sub zero appliances,Exact,Campaign negative,Expanded negative control
SZ_Search_BayArea_Hyper_ExactPhrase_2026_v3,wolf sub zero costa mesa,Exact,Campaign negative,Expanded negative control
SZ_Search_BayArea_Hyper_ExactPhrase_2026_v3,wolf sub zero cove,Exact,Campaign negative,Expanded negative control
SZ_Search_BayArea_Hyper_ExactPhrase_2026_v3,wolf sub zero fridge,Exact,Campaign negative,Expanded negative control
SZ_Search_BayArea_Hyper_ExactPhrase_2026_v3,wolf sub zero prices,Exact,Campaign negative,Expanded negative control
SZ_Search_BayArea_Hyper_ExactPhrase_2026_v3,wolf sub zero refrigerator,Exact,Campaign negative,Expanded negative control
SZ_Search_BayArea_Hyper_ExactPhrase_2026_v3,wolf sub zero usa,Exact,Campaign negative,Expanded negative control
SZ_Search_BayArea_Hyper_ExactPhrase_2026_v3,wolf wine fridge,Exact,Campaign negative,Expanded negative control
SZ_Search_BayArea_Hyper_ExactPhrase_2026_v3,wolf wine refrigerator,Exact,Campaign negative,Expanded negative control
SZ_Search_BayArea_Hyper_ExactPhrase_2026_v3,wolff sub zero,Exact,Campaign negative,Expanded negative control
SZ_Search_BayArea_Hyper_ExactPhrase_2026_v3,www,Broad,Campaign negative,Expanded negative control
SZ_Search_BayArea_Hyper_ExactPhrase_2026_v3,xbox fridge,Phrase,Campaign negative,Expanded negative control
SZ_Search_BayArea_Hyper_ExactPhrase_2026_v3,xbox mini fridge,Phrase,Campaign negative,Expanded negative control
SZ_Search_BayArea_Hyper_ExactPhrase_2026_v3,yelp,Broad,Campaign negative,Expanded negative control
SZ_Search_BayArea_Hyper_ExactPhrase_2026_v3,york,Broad,Campaign negative,Expanded negative control
SZ_Search_BayArea_Hyper_ExactPhrase_2026_v3,yourself,Broad,Campaign negative,Expanded negative control
SZ_Search_BayArea_Hyper_ExactPhrase_2026_v3,youtube,Broad,Campaign negative,Expanded negative control
SZ_Search_BayArea_Hyper_ExactPhrase_2026_v3,youtube repair fridge,Phrase,Campaign negative,Expanded negative control
SZ_Search_BayArea_Hyper_ExactPhrase_2026_v3,zuta,Broad,Campaign negative,Expanded negative control
SZ_Search_BayArea_Hyper_ExactPhrase_2026_v3,apprentice,Broad,Campaign negative,v3 negative expansion
SZ_Search_BayArea_Hyper_ExactPhrase_2026_v3,classes,Broad,Campaign negative,v3 negative expansion
SZ_Search_BayArea_Hyper_ExactPhrase_2026_v3,manual pdf,Phrase,Campaign negative,v3 negative expansion
SZ_Search_BayArea_Hyper_ExactPhrase_2026_v3,parts diagram,Phrase,Campaign negative,v3 negative expansion
SZ_Search_BayArea_Hyper_ExactPhrase_2026_v3,exploded view,Phrase,Campaign negative,v3 negative expansion
SZ_Search_BayArea_Hyper_ExactPhrase_2026_v3,repair video,Phrase,Campaign negative,v3 negative expansion
SZ_Search_BayArea_Hyper_ExactPhrase_2026_v3,how to repair,Phrase,Campaign negative,v3 negative expansion
SZ_Search_BayArea_Hyper_ExactPhrase_2026_v3,diy repair,Phrase,Campaign negative,v3 negative expansion
SZ_Search_BayArea_Hyper_ExactPhrase_2026_v3,clearance,Broad,Campaign negative,v3 negative expansion
SZ_Search_BayArea_Hyper_ExactPhrase_2026_v3,coupon code,Phrase,Campaign negative,v3 negative expansion
SZ_Search_BayArea_Hyper_ExactPhrase_2026_v3,discount code,Phrase,Campaign negative,v3 negative expansion
SZ_Search_BayArea_Hyper_ExactPhrase_2026_v3,facebook marketplace,Phrase,Campaign negative,v3 negative expansion
SZ_Search_BayArea_Hyper_ExactPhrase_2026_v3,offerup,Broad,Campaign negative,v3 negative expansion
SZ_Search_BayArea_Hyper_ExactPhrase_2026_v3,retail,Broad,Campaign negative,v3 negative expansion
SZ_Search_BayArea_Hyper_ExactPhrase_2026_v3,spec sheet,Phrase,Campaign negative,v3 negative expansion
SZ_Search_BayArea_Hyper_ExactPhrase_2026_v3,brochure,Broad,Campaign negative,v3 negative expansion
SZ_Search_BayArea_Hyper_ExactPhrase_2026_v3,catalog pdf,Phrase,Campaign negative,v3 negative expansion
SZ_Search_BayArea_Hyper_ExactPhrase_2026_v3,dimensions,Broad,Campaign negative,v3 negative expansion
SZ_Search_BayArea_Hyper_ExactPhrase_2026_v3,specifications,Broad,Campaign negative,v3 negative expansion
SZ_Search_BayArea_Hyper_ExactPhrase_2026_v3,replacement door,Phrase,Campaign negative,v3 negative expansion
SZ_Search_BayArea_Hyper_ExactPhrase_2026_v3,replacement handle,Phrase,Campaign negative,v3 negative expansion
SZ_Search_BayArea_Hyper_ExactPhrase_2026_v3,replacement gasket,Phrase,Campaign negative,v3 negative expansion
SZ_Search_BayArea_Hyper_ExactPhrase_2026_v3,water filter replacement,Phrase,Campaign negative,v3 negative expansion
SZ_Search_BayArea_Hyper_ExactPhrase_2026_v3,air filter replacement,Phrase,Campaign negative,v3 negative expansion
SZ_Search_BayArea_Hyper_ExactPhrase_2026_v3,customer service number,Phrase,Campaign negative,v3+ quality traffic filter
SZ_Search_BayArea_Hyper_ExactPhrase_2026_v3,official website,Phrase,Campaign negative,v3+ quality traffic filter
SZ_Search_BayArea_Hyper_ExactPhrase_2026_v3,headquarters,Broad,Campaign negative,v3+ quality traffic filter
SZ_Search_BayArea_Hyper_ExactPhrase_2026_v3,corporate office,Phrase,Campaign negative,v3+ quality traffic filter
SZ_Search_BayArea_Hyper_ExactPhrase_2026_v3,serial number lookup,Phrase,Campaign negative,v3+ quality traffic filter
SZ_Search_BayArea_Hyper_ExactPhrase_2026_v3,model number lookup,Phrase,Campaign negative,v3+ quality traffic filter
SZ_Search_BayArea_Hyper_ExactPhrase_2026_v3,owner portal,Phrase,Campaign negative,v3+ quality traffic filter
SZ_Search_BayArea_Hyper_ExactPhrase_2026_v3,manual download,Phrase,Campaign negative,v3+ quality traffic filter
SZ_Search_BayArea_Hyper_ExactPhrase_2026_v3,installation guide,Phrase,Campaign negative,v3+ quality traffic filter
SZ_Search_BayArea_Hyper_ExactPhrase_2026_v3,installation instructions,Phrase,Campaign negative,v3+ quality traffic filter
SZ_Search_BayArea_Hyper_ExactPhrase_2026_v3,self repair,Phrase,Campaign negative,v3+ quality traffic filter
SZ_Search_BayArea_Hyper_ExactPhrase_2026_v3,parts list,Phrase,Campaign negative,v3+ quality traffic filter
SZ_Search_BayArea_Hyper_ExactPhrase_2026_v3,oem parts,Phrase,Campaign negative,v3+ quality traffic filter
SZ_Search_BayArea_Hyper_ExactPhrase_2026_v3,used parts,Phrase,Campaign negative,v3+ quality traffic filter
SZ_Search_BayArea_Hyper_ExactPhrase_2026_v3,indeed,Broad,Campaign negative,v3+ quality traffic filter
SZ_Search_BayArea_Hyper_ExactPhrase_2026_v3,linkedin jobs,Phrase,Campaign negative,v3+ quality traffic filter
SZ_Search_BayArea_Hyper_ExactPhrase_2026_v3,glassdoor,Broad,Campaign negative,v3+ quality traffic filter
SZ_Search_BayArea_Hyper_ExactPhrase_2026_v3,job opening,Phrase,Campaign negative,v3+ quality traffic filter
SZ_Search_BayArea_Hyper_ExactPhrase_2026_v3,training course,Phrase,Campaign negative,v3+ quality traffic filter
SZ_Search_BayArea_Hyper_ExactPhrase_2026_v3,ratings,Broad,Campaign negative,v3+ quality traffic filter
SZ_Search_BayArea_Hyper_ExactPhrase_2026_v3,complaint,Broad,Campaign negative,v3+ quality traffic filter
