Campaign,Ad Group,Keyword,Criterion Type,Type,Comment
SZ_Search_BayArea_Hyper_ExactPhrase_2026_v3,Geo San Francisco Repair,door,Broad,Ad group negative,Intent/appliance separation
SZ_Search_BayArea_Hyper_ExactPhrase_2026_v3,Geo San Francisco Repair,gasket,Broad,Ad group negative,Intent/appliance separation
SZ_Search_BayArea_Hyper_ExactPhrase_2026_v3,Geo San Francisco Repair,seal,Broad,Ad group negative,Intent/appliance separation
SZ_Search_BayArea_Hyper_ExactPhrase_2026_v3,Geo San Francisco Repair,hinge,Broad,Ad group negative,Intent/appliance separation
SZ_Search_BayArea_Hyper_ExactPhrase_2026_v3,Geo San Francisco Repair,handle,Broad,Ad group negative,Intent/appliance separation
SZ_Search_BayArea_Hyper_ExactPhrase_2026_v3,Geo San Francisco Repair,parts,Broad,Ad group negative,Intent/appliance separation
SZ_Search_BayArea_Hyper_ExactPhrase_2026_v3,Geo San Francisco Repair,manual,Broad,Ad group negative,Intent/appliance separation
SZ_Search_BayArea_Hyper_ExactPhrase_2026_v3,Geo San Francisco Repair,how to,Phrase,Ad group negative,Intent/appliance separation
SZ_Search_BayArea_Hyper_ExactPhrase_2026_v3,Geo San Francisco Repair,diy,Broad,Ad group negative,Intent/appliance separation
SZ_Search_BayArea_Hyper_ExactPhrase_2026_v3,Geo San Francisco Repair,buy,Broad,Ad group negative,Intent/appliance separation
SZ_Search_BayArea_Hyper_ExactPhrase_2026_v3,Geo San Francisco Repair,for sale,Phrase,Ad group negative,Intent/appliance separation
SZ_Search_BayArea_Hyper_ExactPhrase_2026_v3,Geo San Jose Repair,door,Broad,Ad group negative,Intent/appliance separation
SZ_Search_BayArea_Hyper_ExactPhrase_2026_v3,Geo San Jose Repair,gasket,Broad,Ad group negative,Intent/appliance separation
SZ_Search_BayArea_Hyper_ExactPhrase_2026_v3,Geo San Jose Repair,seal,Broad,Ad group negative,Intent/appliance separation
SZ_Search_BayArea_Hyper_ExactPhrase_2026_v3,Geo San Jose Repair,hinge,Broad,Ad group negative,Intent/appliance separation
SZ_Search_BayArea_Hyper_ExactPhrase_2026_v3,Geo San Jose Repair,handle,Broad,Ad group negative,Intent/appliance separation
SZ_Search_BayArea_Hyper_ExactPhrase_2026_v3,Geo San Jose Repair,parts,Broad,Ad group negative,Intent/appliance separation
SZ_Search_BayArea_Hyper_ExactPhrase_2026_v3,Geo San Jose Repair,manual,Broad,Ad group negative,Intent/appliance separation
SZ_Search_BayArea_Hyper_ExactPhrase_2026_v3,Geo San Jose Repair,how to,Phrase,Ad group negative,Intent/appliance separation
SZ_Search_BayArea_Hyper_ExactPhrase_2026_v3,Geo San Jose Repair,diy,Broad,Ad group negative,Intent/appliance separation
SZ_Search_BayArea_Hyper_ExactPhrase_2026_v3,Geo San Jose Repair,buy,Broad,Ad group negative,Intent/appliance separation
SZ_Search_BayArea_Hyper_ExactPhrase_2026_v3,Geo San Jose Repair,for sale,Phrase,Ad group negative,Intent/appliance separation
SZ_Search_BayArea_Hyper_ExactPhrase_2026_v3,Geo Oakland Repair,door,Broad,Ad group negative,Intent/appliance separation
SZ_Search_BayArea_Hyper_ExactPhrase_2026_v3,Geo Oakland Repair,gasket,Broad,Ad group negative,Intent/appliance separation
SZ_Search_BayArea_Hyper_ExactPhrase_2026_v3,Geo Oakland Repair,seal,Broad,Ad group negative,Intent/appliance separation
SZ_Search_BayArea_Hyper_ExactPhrase_2026_v3,Geo Oakland Repair,hinge,Broad,Ad group negative,Intent/appliance separation
SZ_Search_BayArea_Hyper_ExactPhrase_2026_v3,Geo Oakland Repair,handle,Broad,Ad group negative,Intent/appliance separation
SZ_Search_BayArea_Hyper_ExactPhrase_2026_v3,Geo Oakland Repair,parts,Broad,Ad group negative,Intent/appliance separation
SZ_Search_BayArea_Hyper_ExactPhrase_2026_v3,Geo Oakland Repair,manual,Broad,Ad group negative,Intent/appliance separation
SZ_Search_BayArea_Hyper_ExactPhrase_2026_v3,Geo Oakland Repair,how to,Phrase,Ad group negative,Intent/appliance separation
SZ_Search_BayArea_Hyper_ExactPhrase_2026_v3,Geo Oakland Repair,diy,Broad,Ad group negative,Intent/appliance separation
SZ_Search_BayArea_Hyper_ExactPhrase_2026_v3,Geo Oakland Repair,buy,Broad,Ad group negative,Intent/appliance separation
SZ_Search_BayArea_Hyper_ExactPhrase_2026_v3,Geo Oakland Repair,for sale,Phrase,Ad group negative,Intent/appliance separation
SZ_Search_BayArea_Hyper_ExactPhrase_2026_v3,Geo Palo Alto Repair,door,Broad,Ad group negative,Intent/appliance separation
SZ_Search_BayArea_Hyper_ExactPhrase_2026_v3,Geo Palo Alto Repair,gasket,Broad,Ad group negative,Intent/appliance separation
SZ_Search_BayArea_Hyper_ExactPhrase_2026_v3,Geo Palo Alto Repair,seal,Broad,Ad group negative,Intent/appliance separation
SZ_Search_BayArea_Hyper_ExactPhrase_2026_v3,Geo Palo Alto Repair,hinge,Broad,Ad group negative,Intent/appliance separation
SZ_Search_BayArea_Hyper_ExactPhrase_2026_v3,Geo Palo Alto Repair,handle,Broad,Ad group negative,Intent/appliance separation
SZ_Search_BayArea_Hyper_ExactPhrase_2026_v3,Geo Palo Alto Repair,parts,Broad,Ad group negative,Intent/appliance separation
SZ_Search_BayArea_Hyper_ExactPhrase_2026_v3,Geo Palo Alto Repair,manual,Broad,Ad group negative,Intent/appliance separation
SZ_Search_BayArea_Hyper_ExactPhrase_2026_v3,Geo Palo Alto Repair,how to,Phrase,Ad group negative,Intent/appliance separation
SZ_Search_BayArea_Hyper_ExactPhrase_2026_v3,Geo Palo Alto Repair,diy,Broad,Ad group negative,Intent/appliance separation
SZ_Search_BayArea_Hyper_ExactPhrase_2026_v3,Geo Palo Alto Repair,buy,Broad,Ad group negative,Intent/appliance separation
SZ_Search_BayArea_Hyper_ExactPhrase_2026_v3,Geo Palo Alto Repair,for sale,Phrase,Ad group negative,Intent/appliance separation
SZ_Search_BayArea_Hyper_ExactPhrase_2026_v3,Geo Mountain View Repair,door,Broad,Ad group negative,Intent/appliance separation
SZ_Search_BayArea_Hyper_ExactPhrase_2026_v3,Geo Mountain View Repair,gasket,Broad,Ad group negative,Intent/appliance separation
SZ_Search_BayArea_Hyper_ExactPhrase_2026_v3,Geo Mountain View Repair,seal,Broad,Ad group negative,Intent/appliance separation
SZ_Search_BayArea_Hyper_ExactPhrase_2026_v3,Geo Mountain View Repair,hinge,Broad,Ad group negative,Intent/appliance separation
SZ_Search_BayArea_Hyper_ExactPhrase_2026_v3,Geo Mountain View Repair,handle,Broad,Ad group negative,Intent/appliance separation
SZ_Search_BayArea_Hyper_ExactPhrase_2026_v3,Geo Mountain View Repair,parts,Broad,Ad group negative,Intent/appliance separation
SZ_Search_BayArea_Hyper_ExactPhrase_2026_v3,Geo Mountain View Repair,manual,Broad,Ad group negative,Intent/appliance separation
SZ_Search_BayArea_Hyper_ExactPhrase_2026_v3,Geo Mountain View Repair,how to,Phrase,Ad group negative,Intent/appliance separation
SZ_Search_BayArea_Hyper_ExactPhrase_2026_v3,Geo Mountain View Repair,diy,Broad,Ad group negative,Intent/appliance separation
SZ_Search_BayArea_Hyper_ExactPhrase_2026_v3,Geo Mountain View Repair,buy,Broad,Ad group negative,Intent/appliance separation
SZ_Search_BayArea_Hyper_ExactPhrase_2026_v3,Geo Mountain View Repair,for sale,Phrase,Ad group negative,Intent/appliance separation
SZ_Search_BayArea_Hyper_ExactPhrase_2026_v3,Geo Sunnyvale Repair,door,Broad,Ad group negative,Intent/appliance separation
SZ_Search_BayArea_Hyper_ExactPhrase_2026_v3,Geo Sunnyvale Repair,gasket,Broad,Ad group negative,Intent/appliance separation
SZ_Search_BayArea_Hyper_ExactPhrase_2026_v3,Geo Sunnyvale Repair,seal,Broad,Ad group negative,Intent/appliance separation
SZ_Search_BayArea_Hyper_ExactPhrase_2026_v3,Geo Sunnyvale Repair,hinge,Broad,Ad group negative,Intent/appliance separation
SZ_Search_BayArea_Hyper_ExactPhrase_2026_v3,Geo Sunnyvale Repair,handle,Broad,Ad group negative,Intent/appliance separation
SZ_Search_BayArea_Hyper_ExactPhrase_2026_v3,Geo Sunnyvale Repair,parts,Broad,Ad group negative,Intent/appliance separation
SZ_Search_BayArea_Hyper_ExactPhrase_2026_v3,Geo Sunnyvale Repair,manual,Broad,Ad group negative,Intent/appliance separation
SZ_Search_BayArea_Hyper_ExactPhrase_2026_v3,Geo Sunnyvale Repair,how to,Phrase,Ad group negative,Intent/appliance separation
SZ_Search_BayArea_Hyper_ExactPhrase_2026_v3,Geo Sunnyvale Repair,diy,Broad,Ad group negative,Intent/appliance separation
SZ_Search_BayArea_Hyper_ExactPhrase_2026_v3,Geo Sunnyvale Repair,buy,Broad,Ad group negative,Intent/appliance separation
SZ_Search_BayArea_Hyper_ExactPhrase_2026_v3,Geo Sunnyvale Repair,for sale,Phrase,Ad group negative,Intent/appliance separation
SZ_Search_BayArea_Hyper_ExactPhrase_2026_v3,Geo San Mateo Repair,door,Broad,Ad group negative,Intent/appliance separation
SZ_Search_BayArea_Hyper_ExactPhrase_2026_v3,Geo San Mateo Repair,gasket,Broad,Ad group negative,Intent/appliance separation
SZ_Search_BayArea_Hyper_ExactPhrase_2026_v3,Geo San Mateo Repair,seal,Broad,Ad group negative,Intent/appliance separation
SZ_Search_BayArea_Hyper_ExactPhrase_2026_v3,Geo San Mateo Repair,hinge,Broad,Ad group negative,Intent/appliance separation
SZ_Search_BayArea_Hyper_ExactPhrase_2026_v3,Geo San Mateo Repair,handle,Broad,Ad group negative,Intent/appliance separation
SZ_Search_BayArea_Hyper_ExactPhrase_2026_v3,Geo San Mateo Repair,parts,Broad,Ad group negative,Intent/appliance separation
SZ_Search_BayArea_Hyper_ExactPhrase_2026_v3,Geo San Mateo Repair,manual,Broad,Ad group negative,Intent/appliance separation
SZ_Search_BayArea_Hyper_ExactPhrase_2026_v3,Geo San Mateo Repair,how to,Phrase,Ad group negative,Intent/appliance separation
SZ_Search_BayArea_Hyper_ExactPhrase_2026_v3,Geo San Mateo Repair,diy,Broad,Ad group negative,Intent/appliance separation
SZ_Search_BayArea_Hyper_ExactPhrase_2026_v3,Geo San Mateo Repair,buy,Broad,Ad group negative,Intent/appliance separation
SZ_Search_BayArea_Hyper_ExactPhrase_2026_v3,Geo San Mateo Repair,for sale,Phrase,Ad group negative,Intent/appliance separation
SZ_Search_BayArea_Hyper_ExactPhrase_2026_v3,Geo Redwood City Repair,door,Broad,Ad group negative,Intent/appliance separation
SZ_Search_BayArea_Hyper_ExactPhrase_2026_v3,Geo Redwood City Repair,gasket,Broad,Ad group negative,Intent/appliance separation
SZ_Search_BayArea_Hyper_ExactPhrase_2026_v3,Geo Redwood City Repair,seal,Broad,Ad group negative,Intent/appliance separation
SZ_Search_BayArea_Hyper_ExactPhrase_2026_v3,Geo Redwood City Repair,hinge,Broad,Ad group negative,Intent/appliance separation
SZ_Search_BayArea_Hyper_ExactPhrase_2026_v3,Geo Redwood City Repair,handle,Broad,Ad group negative,Intent/appliance separation
SZ_Search_BayArea_Hyper_ExactPhrase_2026_v3,Geo Redwood City Repair,parts,Broad,Ad group negative,Intent/appliance separation
SZ_Search_BayArea_Hyper_ExactPhrase_2026_v3,Geo Redwood City Repair,manual,Broad,Ad group negative,Intent/appliance separation
SZ_Search_BayArea_Hyper_ExactPhrase_2026_v3,Geo Redwood City Repair,how to,Phrase,Ad group negative,Intent/appliance separation
SZ_Search_BayArea_Hyper_ExactPhrase_2026_v3,Geo Redwood City Repair,diy,Broad,Ad group negative,Intent/appliance separation
SZ_Search_BayArea_Hyper_ExactPhrase_2026_v3,Geo Redwood City Repair,buy,Broad,Ad group negative,Intent/appliance separation
SZ_Search_BayArea_Hyper_ExactPhrase_2026_v3,Geo Redwood City Repair,for sale,Phrase,Ad group negative,Intent/appliance separation
SZ_Search_BayArea_Hyper_ExactPhrase_2026_v3,Geo Santa Clara Repair,door,Broad,Ad group negative,Intent/appliance separation
SZ_Search_BayArea_Hyper_ExactPhrase_2026_v3,Geo Santa Clara Repair,gasket,Broad,Ad group negative,Intent/appliance separation
SZ_Search_BayArea_Hyper_ExactPhrase_2026_v3,Geo Santa Clara Repair,seal,Broad,Ad group negative,Intent/appliance separation
SZ_Search_BayArea_Hyper_ExactPhrase_2026_v3,Geo Santa Clara Repair,hinge,Broad,Ad group negative,Intent/appliance separation
SZ_Search_BayArea_Hyper_ExactPhrase_2026_v3,Geo Santa Clara Repair,handle,Broad,Ad group negative,Intent/appliance separation
SZ_Search_BayArea_Hyper_ExactPhrase_2026_v3,Geo Santa Clara Repair,parts,Broad,Ad group negative,Intent/appliance separation
SZ_Search_BayArea_Hyper_ExactPhrase_2026_v3,Geo Santa Clara Repair,manual,Broad,Ad group negative,Intent/appliance separation
SZ_Search_BayArea_Hyper_ExactPhrase_2026_v3,Geo Santa Clara Repair,how to,Phrase,Ad group negative,Intent/appliance separation
SZ_Search_BayArea_Hyper_ExactPhrase_2026_v3,Geo Santa Clara Repair,diy,Broad,Ad group negative,Intent/appliance separation
SZ_Search_BayArea_Hyper_ExactPhrase_2026_v3,Geo Santa Clara Repair,buy,Broad,Ad group negative,Intent/appliance separation
SZ_Search_BayArea_Hyper_ExactPhrase_2026_v3,Geo Santa Clara Repair,for sale,Phrase,Ad group negative,Intent/appliance separation
SZ_Search_BayArea_Hyper_ExactPhrase_2026_v3,Geo Fremont Repair,door,Broad,Ad group negative,Intent/appliance separation
SZ_Search_BayArea_Hyper_ExactPhrase_2026_v3,Geo Fremont Repair,gasket,Broad,Ad group negative,Intent/appliance separation
SZ_Search_BayArea_Hyper_ExactPhrase_2026_v3,Geo Fremont Repair,seal,Broad,Ad group negative,Intent/appliance separation
SZ_Search_BayArea_Hyper_ExactPhrase_2026_v3,Geo Fremont Repair,hinge,Broad,Ad group negative,Intent/appliance separation
SZ_Search_BayArea_Hyper_ExactPhrase_2026_v3,Geo Fremont Repair,handle,Broad,Ad group negative,Intent/appliance separation
SZ_Search_BayArea_Hyper_ExactPhrase_2026_v3,Geo Fremont Repair,parts,Broad,Ad group negative,Intent/appliance separation
SZ_Search_BayArea_Hyper_ExactPhrase_2026_v3,Geo Fremont Repair,manual,Broad,Ad group negative,Intent/appliance separation
SZ_Search_BayArea_Hyper_ExactPhrase_2026_v3,Geo Fremont Repair,how to,Phrase,Ad group negative,Intent/appliance separation
SZ_Search_BayArea_Hyper_ExactPhrase_2026_v3,Geo Fremont Repair,diy,Broad,Ad group negative,Intent/appliance separation
SZ_Search_BayArea_Hyper_ExactPhrase_2026_v3,Geo Fremont Repair,buy,Broad,Ad group negative,Intent/appliance separation
SZ_Search_BayArea_Hyper_ExactPhrase_2026_v3,Geo Fremont Repair,for sale,Phrase,Ad group negative,Intent/appliance separation
SZ_Search_BayArea_Hyper_ExactPhrase_2026_v3,Wine Cooler Repair,door,Broad,Ad group negative,Intent/appliance separation
SZ_Search_BayArea_Hyper_ExactPhrase_2026_v3,Wine Cooler Repair,gasket,Broad,Ad group negative,Intent/appliance separation
SZ_Search_BayArea_Hyper_ExactPhrase_2026_v3,Wine Cooler Repair,seal,Broad,Ad group negative,Intent/appliance separation
SZ_Search_BayArea_Hyper_ExactPhrase_2026_v3,Wine Cooler Repair,hinge,Broad,Ad group negative,Intent/appliance separation
SZ_Search_BayArea_Hyper_ExactPhrase_2026_v3,Wine Cooler Repair,handle,Broad,Ad group negative,Intent/appliance separation
SZ_Search_BayArea_Hyper_ExactPhrase_2026_v3,Wine Cooler Repair,refrigerator,Broad,Ad group negative,Intent/appliance separation
SZ_Search_BayArea_Hyper_ExactPhrase_2026_v3,Wine Cooler Repair,fridge,Broad,Ad group negative,Intent/appliance separation
SZ_Search_BayArea_Hyper_ExactPhrase_2026_v3,Wine Cooler Repair,freezer,Broad,Ad group negative,Intent/appliance separation
SZ_Search_BayArea_Hyper_ExactPhrase_2026_v3,Wine Cooler Repair,ice maker,Phrase,Ad group negative,Intent/appliance separation
SZ_Search_BayArea_Hyper_ExactPhrase_2026_v3,Wine Cooler Service,door,Broad,Ad group negative,Intent/appliance separation
SZ_Search_BayArea_Hyper_ExactPhrase_2026_v3,Wine Cooler Service,gasket,Broad,Ad group negative,Intent/appliance separation
SZ_Search_BayArea_Hyper_ExactPhrase_2026_v3,Wine Cooler Service,seal,Broad,Ad group negative,Intent/appliance separation
SZ_Search_BayArea_Hyper_ExactPhrase_2026_v3,Wine Cooler Service,hinge,Broad,Ad group negative,Intent/appliance separation
SZ_Search_BayArea_Hyper_ExactPhrase_2026_v3,Wine Cooler Service,handle,Broad,Ad group negative,Intent/appliance separation
SZ_Search_BayArea_Hyper_ExactPhrase_2026_v3,Wine Cooler Service,refrigerator,Broad,Ad group negative,Intent/appliance separation
SZ_Search_BayArea_Hyper_ExactPhrase_2026_v3,Wine Cooler Service,fridge,Broad,Ad group negative,Intent/appliance separation
SZ_Search_BayArea_Hyper_ExactPhrase_2026_v3,Wine Cooler Service,freezer,Broad,Ad group negative,Intent/appliance separation
SZ_Search_BayArea_Hyper_ExactPhrase_2026_v3,Wine Cooler Service,ice maker,Phrase,Ad group negative,Intent/appliance separation
SZ_Search_BayArea_Hyper_ExactPhrase_2026_v3,Wine Cooler Not Cooling,door,Broad,Ad group negative,Intent/appliance separation
SZ_Search_BayArea_Hyper_ExactPhrase_2026_v3,Wine Cooler Not Cooling,gasket,Broad,Ad group negative,Intent/appliance separation
SZ_Search_BayArea_Hyper_ExactPhrase_2026_v3,Wine Cooler Not Cooling,seal,Broad,Ad group negative,Intent/appliance separation
SZ_Search_BayArea_Hyper_ExactPhrase_2026_v3,Wine Cooler Not Cooling,hinge,Broad,Ad group negative,Intent/appliance separation
SZ_Search_BayArea_Hyper_ExactPhrase_2026_v3,Wine Cooler Not Cooling,handle,Broad,Ad group negative,Intent/appliance separation
SZ_Search_BayArea_Hyper_ExactPhrase_2026_v3,Wine Cooler Not Cooling,refrigerator,Broad,Ad group negative,Intent/appliance separation
SZ_Search_BayArea_Hyper_ExactPhrase_2026_v3,Wine Cooler Not Cooling,fridge,Broad,Ad group negative,Intent/appliance separation
SZ_Search_BayArea_Hyper_ExactPhrase_2026_v3,Wine Cooler Not Cooling,freezer,Broad,Ad group negative,Intent/appliance separation
SZ_Search_BayArea_Hyper_ExactPhrase_2026_v3,Wine Cooler Not Cooling,ice maker,Phrase,Ad group negative,Intent/appliance separation
SZ_Search_BayArea_Hyper_ExactPhrase_2026_v3,Wine Cooler Not Cooling,not freezing,Phrase,Ad group negative,Intent/appliance separation
SZ_Search_BayArea_Hyper_ExactPhrase_2026_v3,Wine Cooler Not Cooling,not working,Phrase,Ad group negative,Intent/appliance separation
SZ_Search_BayArea_Hyper_ExactPhrase_2026_v3,Wine Cooler Not Cooling,leaking,Broad,Ad group negative,Intent/appliance separation
SZ_Search_BayArea_Hyper_ExactPhrase_2026_v3,Wine Cooler Not Cooling,not making ice,Phrase,Ad group negative,Intent/appliance separation
SZ_Search_BayArea_Hyper_ExactPhrase_2026_v3,Wine Cooler Not Working,door,Broad,Ad group negative,Intent/appliance separation
SZ_Search_BayArea_Hyper_ExactPhrase_2026_v3,Wine Cooler Not Working,gasket,Broad,Ad group negative,Intent/appliance separation
SZ_Search_BayArea_Hyper_ExactPhrase_2026_v3,Wine Cooler Not Working,seal,Broad,Ad group negative,Intent/appliance separation
SZ_Search_BayArea_Hyper_ExactPhrase_2026_v3,Wine Cooler Not Working,hinge,Broad,Ad group negative,Intent/appliance separation
SZ_Search_BayArea_Hyper_ExactPhrase_2026_v3,Wine Cooler Not Working,handle,Broad,Ad group negative,Intent/appliance separation
SZ_Search_BayArea_Hyper_ExactPhrase_2026_v3,Wine Cooler Not Working,refrigerator,Broad,Ad group negative,Intent/appliance separation
SZ_Search_BayArea_Hyper_ExactPhrase_2026_v3,Wine Cooler Not Working,fridge,Broad,Ad group negative,Intent/appliance separation
SZ_Search_BayArea_Hyper_ExactPhrase_2026_v3,Wine Cooler Not Working,freezer,Broad,Ad group negative,Intent/appliance separation
SZ_Search_BayArea_Hyper_ExactPhrase_2026_v3,Wine Cooler Not Working,ice maker,Phrase,Ad group negative,Intent/appliance separation
SZ_Search_BayArea_Hyper_ExactPhrase_2026_v3,Wine Cooler Not Working,not cooling,Phrase,Ad group negative,Intent/appliance separation
SZ_Search_BayArea_Hyper_ExactPhrase_2026_v3,Wine Cooler Not Working,not freezing,Phrase,Ad group negative,Intent/appliance separation
SZ_Search_BayArea_Hyper_ExactPhrase_2026_v3,Wine Cooler Not Working,leaking,Broad,Ad group negative,Intent/appliance separation
SZ_Search_BayArea_Hyper_ExactPhrase_2026_v3,Ice Maker Repair,door,Broad,Ad group negative,Intent/appliance separation
SZ_Search_BayArea_Hyper_ExactPhrase_2026_v3,Ice Maker Repair,gasket,Broad,Ad group negative,Intent/appliance separation
SZ_Search_BayArea_Hyper_ExactPhrase_2026_v3,Ice Maker Repair,seal,Broad,Ad group negative,Intent/appliance separation
SZ_Search_BayArea_Hyper_ExactPhrase_2026_v3,Ice Maker Repair,hinge,Broad,Ad group negative,Intent/appliance separation
SZ_Search_BayArea_Hyper_ExactPhrase_2026_v3,Ice Maker Repair,handle,Broad,Ad group negative,Intent/appliance separation
SZ_Search_BayArea_Hyper_ExactPhrase_2026_v3,Ice Maker Repair,refrigerator,Broad,Ad group negative,Intent/appliance separation
SZ_Search_BayArea_Hyper_ExactPhrase_2026_v3,Ice Maker Repair,fridge,Broad,Ad group negative,Intent/appliance separation
SZ_Search_BayArea_Hyper_ExactPhrase_2026_v3,Ice Maker Repair,freezer,Broad,Ad group negative,Intent/appliance separation
SZ_Search_BayArea_Hyper_ExactPhrase_2026_v3,Ice Maker Repair,wine cooler,Phrase,Ad group negative,Intent/appliance separation
SZ_Search_BayArea_Hyper_ExactPhrase_2026_v3,Ice Maker Service,door,Broad,Ad group negative,Intent/appliance separation
SZ_Search_BayArea_Hyper_ExactPhrase_2026_v3,Ice Maker Service,gasket,Broad,Ad group negative,Intent/appliance separation
SZ_Search_BayArea_Hyper_ExactPhrase_2026_v3,Ice Maker Service,seal,Broad,Ad group negative,Intent/appliance separation
SZ_Search_BayArea_Hyper_ExactPhrase_2026_v3,Ice Maker Service,hinge,Broad,Ad group negative,Intent/appliance separation
SZ_Search_BayArea_Hyper_ExactPhrase_2026_v3,Ice Maker Service,handle,Broad,Ad group negative,Intent/appliance separation
SZ_Search_BayArea_Hyper_ExactPhrase_2026_v3,Ice Maker Service,refrigerator,Broad,Ad group negative,Intent/appliance separation
SZ_Search_BayArea_Hyper_ExactPhrase_2026_v3,Ice Maker Service,fridge,Broad,Ad group negative,Intent/appliance separation
SZ_Search_BayArea_Hyper_ExactPhrase_2026_v3,Ice Maker Service,freezer,Broad,Ad group negative,Intent/appliance separation
SZ_Search_BayArea_Hyper_ExactPhrase_2026_v3,Ice Maker Service,wine cooler,Phrase,Ad group negative,Intent/appliance separation
SZ_Search_BayArea_Hyper_ExactPhrase_2026_v3,Ice Maker Near Me,door,Broad,Ad group negative,Intent/appliance separation
SZ_Search_BayArea_Hyper_ExactPhrase_2026_v3,Ice Maker Near Me,gasket,Broad,Ad group negative,Intent/appliance separation
SZ_Search_BayArea_Hyper_ExactPhrase_2026_v3,Ice Maker Near Me,seal,Broad,Ad group negative,Intent/appliance separation
SZ_Search_BayArea_Hyper_ExactPhrase_2026_v3,Ice Maker Near Me,hinge,Broad,Ad group negative,Intent/appliance separation
SZ_Search_BayArea_Hyper_ExactPhrase_2026_v3,Ice Maker Near Me,handle,Broad,Ad group negative,Intent/appliance separation
SZ_Search_BayArea_Hyper_ExactPhrase_2026_v3,Ice Maker Near Me,refrigerator,Broad,Ad group negative,Intent/appliance separation
SZ_Search_BayArea_Hyper_ExactPhrase_2026_v3,Ice Maker Near Me,fridge,Broad,Ad group negative,Intent/appliance separation
SZ_Search_BayArea_Hyper_ExactPhrase_2026_v3,Ice Maker Near Me,freezer,Broad,Ad group negative,Intent/appliance separation
SZ_Search_BayArea_Hyper_ExactPhrase_2026_v3,Ice Maker Near Me,wine cooler,Phrase,Ad group negative,Intent/appliance separation
SZ_Search_BayArea_Hyper_ExactPhrase_2026_v3,Ice Maker Technician,door,Broad,Ad group negative,Intent/appliance separation
SZ_Search_BayArea_Hyper_ExactPhrase_2026_v3,Ice Maker Technician,gasket,Broad,Ad group negative,Intent/appliance separation
SZ_Search_BayArea_Hyper_ExactPhrase_2026_v3,Ice Maker Technician,seal,Broad,Ad group negative,Intent/appliance separation
SZ_Search_BayArea_Hyper_ExactPhrase_2026_v3,Ice Maker Technician,hinge,Broad,Ad group negative,Intent/appliance separation
SZ_Search_BayArea_Hyper_ExactPhrase_2026_v3,Ice Maker Technician,handle,Broad,Ad group negative,Intent/appliance separation
SZ_Search_BayArea_Hyper_ExactPhrase_2026_v3,Ice Maker Technician,refrigerator,Broad,Ad group negative,Intent/appliance separation
SZ_Search_BayArea_Hyper_ExactPhrase_2026_v3,Ice Maker Technician,fridge,Broad,Ad group negative,Intent/appliance separation
SZ_Search_BayArea_Hyper_ExactPhrase_2026_v3,Ice Maker Technician,freezer,Broad,Ad group negative,Intent/appliance separation
SZ_Search_BayArea_Hyper_ExactPhrase_2026_v3,Ice Maker Technician,wine cooler,Phrase,Ad group negative,Intent/appliance separation
SZ_Search_BayArea_Hyper_ExactPhrase_2026_v3,Ice Maker Not Working,door,Broad,Ad group negative,Intent/appliance separation
SZ_Search_BayArea_Hyper_ExactPhrase_2026_v3,Ice Maker Not Working,gasket,Broad,Ad group negative,Intent/appliance separation
SZ_Search_BayArea_Hyper_ExactPhrase_2026_v3,Ice Maker Not Working,seal,Broad,Ad group negative,Intent/appliance separation
SZ_Search_BayArea_Hyper_ExactPhrase_2026_v3,Ice Maker Not Working,hinge,Broad,Ad group negative,Intent/appliance separation
SZ_Search_BayArea_Hyper_ExactPhrase_2026_v3,Ice Maker Not Working,handle,Broad,Ad group negative,Intent/appliance separation
SZ_Search_BayArea_Hyper_ExactPhrase_2026_v3,Ice Maker Not Working,refrigerator,Broad,Ad group negative,Intent/appliance separation
SZ_Search_BayArea_Hyper_ExactPhrase_2026_v3,Ice Maker Not Working,fridge,Broad,Ad group negative,Intent/appliance separation
SZ_Search_BayArea_Hyper_ExactPhrase_2026_v3,Ice Maker Not Working,freezer,Broad,Ad group negative,Intent/appliance separation
SZ_Search_BayArea_Hyper_ExactPhrase_2026_v3,Ice Maker Not Working,wine cooler,Phrase,Ad group negative,Intent/appliance separation
SZ_Search_BayArea_Hyper_ExactPhrase_2026_v3,Ice Maker Not Working,not cooling,Phrase,Ad group negative,Intent/appliance separation
SZ_Search_BayArea_Hyper_ExactPhrase_2026_v3,Ice Maker Not Working,not freezing,Phrase,Ad group negative,Intent/appliance separation
SZ_Search_BayArea_Hyper_ExactPhrase_2026_v3,Ice Maker Not Working,leaking,Broad,Ad group negative,Intent/appliance separation
SZ_Search_BayArea_Hyper_ExactPhrase_2026_v3,Ice Maker Not Making Ice,door,Broad,Ad group negative,Intent/appliance separation
SZ_Search_BayArea_Hyper_ExactPhrase_2026_v3,Ice Maker Not Making Ice,gasket,Broad,Ad group negative,Intent/appliance separation
SZ_Search_BayArea_Hyper_ExactPhrase_2026_v3,Ice Maker Not Making Ice,seal,Broad,Ad group negative,Intent/appliance separation
SZ_Search_BayArea_Hyper_ExactPhrase_2026_v3,Ice Maker Not Making Ice,hinge,Broad,Ad group negative,Intent/appliance separation
SZ_Search_BayArea_Hyper_ExactPhrase_2026_v3,Ice Maker Not Making Ice,handle,Broad,Ad group negative,Intent/appliance separation
SZ_Search_BayArea_Hyper_ExactPhrase_2026_v3,Ice Maker Not Making Ice,refrigerator,Broad,Ad group negative,Intent/appliance separation
SZ_Search_BayArea_Hyper_ExactPhrase_2026_v3,Ice Maker Not Making Ice,fridge,Broad,Ad group negative,Intent/appliance separation
SZ_Search_BayArea_Hyper_ExactPhrase_2026_v3,Ice Maker Not Making Ice,freezer,Broad,Ad group negative,Intent/appliance separation
SZ_Search_BayArea_Hyper_ExactPhrase_2026_v3,Ice Maker Not Making Ice,wine cooler,Phrase,Ad group negative,Intent/appliance separation
SZ_Search_BayArea_Hyper_ExactPhrase_2026_v3,Ice Maker Not Making Ice,not cooling,Phrase,Ad group negative,Intent/appliance separation
SZ_Search_BayArea_Hyper_ExactPhrase_2026_v3,Ice Maker Not Making Ice,not freezing,Phrase,Ad group negative,Intent/appliance separation
SZ_Search_BayArea_Hyper_ExactPhrase_2026_v3,Ice Maker Not Making Ice,leaking,Broad,Ad group negative,Intent/appliance separation
SZ_Search_BayArea_Hyper_ExactPhrase_2026_v3,Ice Maker Leaking,door,Broad,Ad group negative,Intent/appliance separation
SZ_Search_BayArea_Hyper_ExactPhrase_2026_v3,Ice Maker Leaking,gasket,Broad,Ad group negative,Intent/appliance separation
SZ_Search_BayArea_Hyper_ExactPhrase_2026_v3,Ice Maker Leaking,seal,Broad,Ad group negative,Intent/appliance separation
SZ_Search_BayArea_Hyper_ExactPhrase_2026_v3,Ice Maker Leaking,hinge,Broad,Ad group negative,Intent/appliance separation
SZ_Search_BayArea_Hyper_ExactPhrase_2026_v3,Ice Maker Leaking,handle,Broad,Ad group negative,Intent/appliance separation
SZ_Search_BayArea_Hyper_ExactPhrase_2026_v3,Ice Maker Leaking,refrigerator,Broad,Ad group negative,Intent/appliance separation
SZ_Search_BayArea_Hyper_ExactPhrase_2026_v3,Ice Maker Leaking,fridge,Broad,Ad group negative,Intent/appliance separation
SZ_Search_BayArea_Hyper_ExactPhrase_2026_v3,Ice Maker Leaking,freezer,Broad,Ad group negative,Intent/appliance separation
SZ_Search_BayArea_Hyper_ExactPhrase_2026_v3,Ice Maker Leaking,wine cooler,Phrase,Ad group negative,Intent/appliance separation
SZ_Search_BayArea_Hyper_ExactPhrase_2026_v3,Ice Maker Leaking,not cooling,Phrase,Ad group negative,Intent/appliance separation
SZ_Search_BayArea_Hyper_ExactPhrase_2026_v3,Ice Maker Leaking,not freezing,Phrase,Ad group negative,Intent/appliance separation
SZ_Search_BayArea_Hyper_ExactPhrase_2026_v3,Ice Maker Leaking,not working,Phrase,Ad group negative,Intent/appliance separation
SZ_Search_BayArea_Hyper_ExactPhrase_2026_v3,Ice Dispenser Not Working,door,Broad,Ad group negative,Intent/appliance separation
SZ_Search_BayArea_Hyper_ExactPhrase_2026_v3,Ice Dispenser Not Working,gasket,Broad,Ad group negative,Intent/appliance separation
SZ_Search_BayArea_Hyper_ExactPhrase_2026_v3,Ice Dispenser Not Working,seal,Broad,Ad group negative,Intent/appliance separation
SZ_Search_BayArea_Hyper_ExactPhrase_2026_v3,Ice Dispenser Not Working,hinge,Broad,Ad group negative,Intent/appliance separation
SZ_Search_BayArea_Hyper_ExactPhrase_2026_v3,Ice Dispenser Not Working,handle,Broad,Ad group negative,Intent/appliance separation
SZ_Search_BayArea_Hyper_ExactPhrase_2026_v3,Ice Dispenser Not Working,refrigerator,Broad,Ad group negative,Intent/appliance separation
SZ_Search_BayArea_Hyper_ExactPhrase_2026_v3,Ice Dispenser Not Working,fridge,Broad,Ad group negative,Intent/appliance separation
SZ_Search_BayArea_Hyper_ExactPhrase_2026_v3,Ice Dispenser Not Working,freezer,Broad,Ad group negative,Intent/appliance separation
SZ_Search_BayArea_Hyper_ExactPhrase_2026_v3,Ice Dispenser Not Working,wine cooler,Phrase,Ad group negative,Intent/appliance separation
SZ_Search_BayArea_Hyper_ExactPhrase_2026_v3,Ice Dispenser Not Working,not cooling,Phrase,Ad group negative,Intent/appliance separation
SZ_Search_BayArea_Hyper_ExactPhrase_2026_v3,Ice Dispenser Not Working,not freezing,Phrase,Ad group negative,Intent/appliance separation
SZ_Search_BayArea_Hyper_ExactPhrase_2026_v3,Ice Dispenser Not Working,leaking,Broad,Ad group negative,Intent/appliance separation
SZ_Search_BayArea_Hyper_ExactPhrase_2026_v3,Freezer Repair,door,Broad,Ad group negative,Intent/appliance separation
SZ_Search_BayArea_Hyper_ExactPhrase_2026_v3,Freezer Repair,gasket,Broad,Ad group negative,Intent/appliance separation
SZ_Search_BayArea_Hyper_ExactPhrase_2026_v3,Freezer Repair,seal,Broad,Ad group negative,Intent/appliance separation
SZ_Search_BayArea_Hyper_ExactPhrase_2026_v3,Freezer Repair,hinge,Broad,Ad group negative,Intent/appliance separation
SZ_Search_BayArea_Hyper_ExactPhrase_2026_v3,Freezer Repair,handle,Broad,Ad group negative,Intent/appliance separation
SZ_Search_BayArea_Hyper_ExactPhrase_2026_v3,Freezer Repair,refrigerator,Broad,Ad group negative,Intent/appliance separation
SZ_Search_BayArea_Hyper_ExactPhrase_2026_v3,Freezer Repair,fridge,Broad,Ad group negative,Intent/appliance separation
SZ_Search_BayArea_Hyper_ExactPhrase_2026_v3,Freezer Repair,ice maker,Phrase,Ad group negative,Intent/appliance separation
SZ_Search_BayArea_Hyper_ExactPhrase_2026_v3,Freezer Repair,wine cooler,Phrase,Ad group negative,Intent/appliance separation
SZ_Search_BayArea_Hyper_ExactPhrase_2026_v3,Freezer Service,door,Broad,Ad group negative,Intent/appliance separation
SZ_Search_BayArea_Hyper_ExactPhrase_2026_v3,Freezer Service,gasket,Broad,Ad group negative,Intent/appliance separation
SZ_Search_BayArea_Hyper_ExactPhrase_2026_v3,Freezer Service,seal,Broad,Ad group negative,Intent/appliance separation
SZ_Search_BayArea_Hyper_ExactPhrase_2026_v3,Freezer Service,hinge,Broad,Ad group negative,Intent/appliance separation
SZ_Search_BayArea_Hyper_ExactPhrase_2026_v3,Freezer Service,handle,Broad,Ad group negative,Intent/appliance separation
SZ_Search_BayArea_Hyper_ExactPhrase_2026_v3,Freezer Service,refrigerator,Broad,Ad group negative,Intent/appliance separation
SZ_Search_BayArea_Hyper_ExactPhrase_2026_v3,Freezer Service,fridge,Broad,Ad group negative,Intent/appliance separation
SZ_Search_BayArea_Hyper_ExactPhrase_2026_v3,Freezer Service,ice maker,Phrase,Ad group negative,Intent/appliance separation
SZ_Search_BayArea_Hyper_ExactPhrase_2026_v3,Freezer Service,wine cooler,Phrase,Ad group negative,Intent/appliance separation
SZ_Search_BayArea_Hyper_ExactPhrase_2026_v3,Freezer Near Me,door,Broad,Ad group negative,Intent/appliance separation
SZ_Search_BayArea_Hyper_ExactPhrase_2026_v3,Freezer Near Me,gasket,Broad,Ad group negative,Intent/appliance separation
SZ_Search_BayArea_Hyper_ExactPhrase_2026_v3,Freezer Near Me,seal,Broad,Ad group negative,Intent/appliance separation
SZ_Search_BayArea_Hyper_ExactPhrase_2026_v3,Freezer Near Me,hinge,Broad,Ad group negative,Intent/appliance separation
SZ_Search_BayArea_Hyper_ExactPhrase_2026_v3,Freezer Near Me,handle,Broad,Ad group negative,Intent/appliance separation
SZ_Search_BayArea_Hyper_ExactPhrase_2026_v3,Freezer Near Me,refrigerator,Broad,Ad group negative,Intent/appliance separation
SZ_Search_BayArea_Hyper_ExactPhrase_2026_v3,Freezer Near Me,fridge,Broad,Ad group negative,Intent/appliance separation
SZ_Search_BayArea_Hyper_ExactPhrase_2026_v3,Freezer Near Me,ice maker,Phrase,Ad group negative,Intent/appliance separation
SZ_Search_BayArea_Hyper_ExactPhrase_2026_v3,Freezer Near Me,wine cooler,Phrase,Ad group negative,Intent/appliance separation
SZ_Search_BayArea_Hyper_ExactPhrase_2026_v3,Freezer Technician,door,Broad,Ad group negative,Intent/appliance separation
SZ_Search_BayArea_Hyper_ExactPhrase_2026_v3,Freezer Technician,gasket,Broad,Ad group negative,Intent/appliance separation
SZ_Search_BayArea_Hyper_ExactPhrase_2026_v3,Freezer Technician,seal,Broad,Ad group negative,Intent/appliance separation
SZ_Search_BayArea_Hyper_ExactPhrase_2026_v3,Freezer Technician,hinge,Broad,Ad group negative,Intent/appliance separation
SZ_Search_BayArea_Hyper_ExactPhrase_2026_v3,Freezer Technician,handle,Broad,Ad group negative,Intent/appliance separation
SZ_Search_BayArea_Hyper_ExactPhrase_2026_v3,Freezer Technician,refrigerator,Broad,Ad group negative,Intent/appliance separation
SZ_Search_BayArea_Hyper_ExactPhrase_2026_v3,Freezer Technician,fridge,Broad,Ad group negative,Intent/appliance separation
SZ_Search_BayArea_Hyper_ExactPhrase_2026_v3,Freezer Technician,ice maker,Phrase,Ad group negative,Intent/appliance separation
SZ_Search_BayArea_Hyper_ExactPhrase_2026_v3,Freezer Technician,wine cooler,Phrase,Ad group negative,Intent/appliance separation
SZ_Search_BayArea_Hyper_ExactPhrase_2026_v3,Freezer Not Cooling,door,Broad,Ad group negative,Intent/appliance separation
SZ_Search_BayArea_Hyper_ExactPhrase_2026_v3,Freezer Not Cooling,gasket,Broad,Ad group negative,Intent/appliance separation
SZ_Search_BayArea_Hyper_ExactPhrase_2026_v3,Freezer Not Cooling,seal,Broad,Ad group negative,Intent/appliance separation
SZ_Search_BayArea_Hyper_ExactPhrase_2026_v3,Freezer Not Cooling,hinge,Broad,Ad group negative,Intent/appliance separation
SZ_Search_BayArea_Hyper_ExactPhrase_2026_v3,Freezer Not Cooling,handle,Broad,Ad group negative,Intent/appliance separation
SZ_Search_BayArea_Hyper_ExactPhrase_2026_v3,Freezer Not Cooling,refrigerator,Broad,Ad group negative,Intent/appliance separation
SZ_Search_BayArea_Hyper_ExactPhrase_2026_v3,Freezer Not Cooling,fridge,Broad,Ad group negative,Intent/appliance separation
SZ_Search_BayArea_Hyper_ExactPhrase_2026_v3,Freezer Not Cooling,ice maker,Phrase,Ad group negative,Intent/appliance separation
SZ_Search_BayArea_Hyper_ExactPhrase_2026_v3,Freezer Not Cooling,wine cooler,Phrase,Ad group negative,Intent/appliance separation
SZ_Search_BayArea_Hyper_ExactPhrase_2026_v3,Freezer Not Cooling,not freezing,Phrase,Ad group negative,Intent/appliance separation
SZ_Search_BayArea_Hyper_ExactPhrase_2026_v3,Freezer Not Cooling,not working,Phrase,Ad group negative,Intent/appliance separation
SZ_Search_BayArea_Hyper_ExactPhrase_2026_v3,Freezer Not Cooling,leaking,Broad,Ad group negative,Intent/appliance separation
SZ_Search_BayArea_Hyper_ExactPhrase_2026_v3,Freezer Not Cooling,not making ice,Phrase,Ad group negative,Intent/appliance separation
SZ_Search_BayArea_Hyper_ExactPhrase_2026_v3,Freezer Not Freezing,door,Broad,Ad group negative,Intent/appliance separation
SZ_Search_BayArea_Hyper_ExactPhrase_2026_v3,Freezer Not Freezing,gasket,Broad,Ad group negative,Intent/appliance separation
SZ_Search_BayArea_Hyper_ExactPhrase_2026_v3,Freezer Not Freezing,seal,Broad,Ad group negative,Intent/appliance separation
SZ_Search_BayArea_Hyper_ExactPhrase_2026_v3,Freezer Not Freezing,hinge,Broad,Ad group negative,Intent/appliance separation
SZ_Search_BayArea_Hyper_ExactPhrase_2026_v3,Freezer Not Freezing,handle,Broad,Ad group negative,Intent/appliance separation
SZ_Search_BayArea_Hyper_ExactPhrase_2026_v3,Freezer Not Freezing,refrigerator,Broad,Ad group negative,Intent/appliance separation
SZ_Search_BayArea_Hyper_ExactPhrase_2026_v3,Freezer Not Freezing,fridge,Broad,Ad group negative,Intent/appliance separation
SZ_Search_BayArea_Hyper_ExactPhrase_2026_v3,Freezer Not Freezing,ice maker,Phrase,Ad group negative,Intent/appliance separation
SZ_Search_BayArea_Hyper_ExactPhrase_2026_v3,Freezer Not Freezing,wine cooler,Phrase,Ad group negative,Intent/appliance separation
SZ_Search_BayArea_Hyper_ExactPhrase_2026_v3,Freezer Not Freezing,not cooling,Phrase,Ad group negative,Intent/appliance separation
SZ_Search_BayArea_Hyper_ExactPhrase_2026_v3,Freezer Not Freezing,not working,Phrase,Ad group negative,Intent/appliance separation
SZ_Search_BayArea_Hyper_ExactPhrase_2026_v3,Freezer Not Freezing,leaking,Broad,Ad group negative,Intent/appliance separation
SZ_Search_BayArea_Hyper_ExactPhrase_2026_v3,Freezer Not Working,door,Broad,Ad group negative,Intent/appliance separation
SZ_Search_BayArea_Hyper_ExactPhrase_2026_v3,Freezer Not Working,gasket,Broad,Ad group negative,Intent/appliance separation
SZ_Search_BayArea_Hyper_ExactPhrase_2026_v3,Freezer Not Working,seal,Broad,Ad group negative,Intent/appliance separation
SZ_Search_BayArea_Hyper_ExactPhrase_2026_v3,Freezer Not Working,hinge,Broad,Ad group negative,Intent/appliance separation
SZ_Search_BayArea_Hyper_ExactPhrase_2026_v3,Freezer Not Working,handle,Broad,Ad group negative,Intent/appliance separation
SZ_Search_BayArea_Hyper_ExactPhrase_2026_v3,Freezer Not Working,refrigerator,Broad,Ad group negative,Intent/appliance separation
SZ_Search_BayArea_Hyper_ExactPhrase_2026_v3,Freezer Not Working,fridge,Broad,Ad group negative,Intent/appliance separation
SZ_Search_BayArea_Hyper_ExactPhrase_2026_v3,Freezer Not Working,ice maker,Phrase,Ad group negative,Intent/appliance separation
SZ_Search_BayArea_Hyper_ExactPhrase_2026_v3,Freezer Not Working,wine cooler,Phrase,Ad group negative,Intent/appliance separation
SZ_Search_BayArea_Hyper_ExactPhrase_2026_v3,Freezer Not Working,not cooling,Phrase,Ad group negative,Intent/appliance separation
SZ_Search_BayArea_Hyper_ExactPhrase_2026_v3,Freezer Not Working,not freezing,Phrase,Ad group negative,Intent/appliance separation
SZ_Search_BayArea_Hyper_ExactPhrase_2026_v3,Freezer Not Working,leaking,Broad,Ad group negative,Intent/appliance separation
SZ_Search_BayArea_Hyper_ExactPhrase_2026_v3,Freezer Leaking,door,Broad,Ad group negative,Intent/appliance separation
SZ_Search_BayArea_Hyper_ExactPhrase_2026_v3,Freezer Leaking,gasket,Broad,Ad group negative,Intent/appliance separation
SZ_Search_BayArea_Hyper_ExactPhrase_2026_v3,Freezer Leaking,seal,Broad,Ad group negative,Intent/appliance separation
SZ_Search_BayArea_Hyper_ExactPhrase_2026_v3,Freezer Leaking,hinge,Broad,Ad group negative,Intent/appliance separation
SZ_Search_BayArea_Hyper_ExactPhrase_2026_v3,Freezer Leaking,handle,Broad,Ad group negative,Intent/appliance separation
SZ_Search_BayArea_Hyper_ExactPhrase_2026_v3,Freezer Leaking,refrigerator,Broad,Ad group negative,Intent/appliance separation
SZ_Search_BayArea_Hyper_ExactPhrase_2026_v3,Freezer Leaking,fridge,Broad,Ad group negative,Intent/appliance separation
SZ_Search_BayArea_Hyper_ExactPhrase_2026_v3,Freezer Leaking,ice maker,Phrase,Ad group negative,Intent/appliance separation
SZ_Search_BayArea_Hyper_ExactPhrase_2026_v3,Freezer Leaking,wine cooler,Phrase,Ad group negative,Intent/appliance separation
SZ_Search_BayArea_Hyper_ExactPhrase_2026_v3,Freezer Leaking,not cooling,Phrase,Ad group negative,Intent/appliance separation
SZ_Search_BayArea_Hyper_ExactPhrase_2026_v3,Freezer Leaking,not freezing,Phrase,Ad group negative,Intent/appliance separation
SZ_Search_BayArea_Hyper_ExactPhrase_2026_v3,Freezer Leaking,not working,Phrase,Ad group negative,Intent/appliance separation
SZ_Search_BayArea_Hyper_ExactPhrase_2026_v3,Fridge Repair,door,Broad,Ad group negative,Intent/appliance separation
SZ_Search_BayArea_Hyper_ExactPhrase_2026_v3,Fridge Repair,gasket,Broad,Ad group negative,Intent/appliance separation
SZ_Search_BayArea_Hyper_ExactPhrase_2026_v3,Fridge Repair,seal,Broad,Ad group negative,Intent/appliance separation
SZ_Search_BayArea_Hyper_ExactPhrase_2026_v3,Fridge Repair,hinge,Broad,Ad group negative,Intent/appliance separation
SZ_Search_BayArea_Hyper_ExactPhrase_2026_v3,Fridge Repair,handle,Broad,Ad group negative,Intent/appliance separation
SZ_Search_BayArea_Hyper_ExactPhrase_2026_v3,Fridge Repair,refrigerator,Broad,Ad group negative,Intent/appliance separation
SZ_Search_BayArea_Hyper_ExactPhrase_2026_v3,Fridge Repair,freezer,Broad,Ad group negative,Intent/appliance separation
SZ_Search_BayArea_Hyper_ExactPhrase_2026_v3,Fridge Repair,ice maker,Phrase,Ad group negative,Intent/appliance separation
SZ_Search_BayArea_Hyper_ExactPhrase_2026_v3,Fridge Repair,wine cooler,Phrase,Ad group negative,Intent/appliance separation
SZ_Search_BayArea_Hyper_ExactPhrase_2026_v3,Fridge Service,door,Broad,Ad group negative,Intent/appliance separation
SZ_Search_BayArea_Hyper_ExactPhrase_2026_v3,Fridge Service,gasket,Broad,Ad group negative,Intent/appliance separation
SZ_Search_BayArea_Hyper_ExactPhrase_2026_v3,Fridge Service,seal,Broad,Ad group negative,Intent/appliance separation
SZ_Search_BayArea_Hyper_ExactPhrase_2026_v3,Fridge Service,hinge,Broad,Ad group negative,Intent/appliance separation
SZ_Search_BayArea_Hyper_ExactPhrase_2026_v3,Fridge Service,handle,Broad,Ad group negative,Intent/appliance separation
SZ_Search_BayArea_Hyper_ExactPhrase_2026_v3,Fridge Service,refrigerator,Broad,Ad group negative,Intent/appliance separation
SZ_Search_BayArea_Hyper_ExactPhrase_2026_v3,Fridge Service,freezer,Broad,Ad group negative,Intent/appliance separation
SZ_Search_BayArea_Hyper_ExactPhrase_2026_v3,Fridge Service,ice maker,Phrase,Ad group negative,Intent/appliance separation
SZ_Search_BayArea_Hyper_ExactPhrase_2026_v3,Fridge Service,wine cooler,Phrase,Ad group negative,Intent/appliance separation
SZ_Search_BayArea_Hyper_ExactPhrase_2026_v3,Fridge Near Me,door,Broad,Ad group negative,Intent/appliance separation
SZ_Search_BayArea_Hyper_ExactPhrase_2026_v3,Fridge Near Me,gasket,Broad,Ad group negative,Intent/appliance separation
SZ_Search_BayArea_Hyper_ExactPhrase_2026_v3,Fridge Near Me,seal,Broad,Ad group negative,Intent/appliance separation
SZ_Search_BayArea_Hyper_ExactPhrase_2026_v3,Fridge Near Me,hinge,Broad,Ad group negative,Intent/appliance separation
SZ_Search_BayArea_Hyper_ExactPhrase_2026_v3,Fridge Near Me,handle,Broad,Ad group negative,Intent/appliance separation
SZ_Search_BayArea_Hyper_ExactPhrase_2026_v3,Fridge Near Me,refrigerator,Broad,Ad group negative,Intent/appliance separation
SZ_Search_BayArea_Hyper_ExactPhrase_2026_v3,Fridge Near Me,freezer,Broad,Ad group negative,Intent/appliance separation
SZ_Search_BayArea_Hyper_ExactPhrase_2026_v3,Fridge Near Me,ice maker,Phrase,Ad group negative,Intent/appliance separation
SZ_Search_BayArea_Hyper_ExactPhrase_2026_v3,Fridge Near Me,wine cooler,Phrase,Ad group negative,Intent/appliance separation
SZ_Search_BayArea_Hyper_ExactPhrase_2026_v3,Fridge Technician,door,Broad,Ad group negative,Intent/appliance separation
SZ_Search_BayArea_Hyper_ExactPhrase_2026_v3,Fridge Technician,gasket,Broad,Ad group negative,Intent/appliance separation
SZ_Search_BayArea_Hyper_ExactPhrase_2026_v3,Fridge Technician,seal,Broad,Ad group negative,Intent/appliance separation
SZ_Search_BayArea_Hyper_ExactPhrase_2026_v3,Fridge Technician,hinge,Broad,Ad group negative,Intent/appliance separation
SZ_Search_BayArea_Hyper_ExactPhrase_2026_v3,Fridge Technician,handle,Broad,Ad group negative,Intent/appliance separation
SZ_Search_BayArea_Hyper_ExactPhrase_2026_v3,Fridge Technician,refrigerator,Broad,Ad group negative,Intent/appliance separation
SZ_Search_BayArea_Hyper_ExactPhrase_2026_v3,Fridge Technician,freezer,Broad,Ad group negative,Intent/appliance separation
SZ_Search_BayArea_Hyper_ExactPhrase_2026_v3,Fridge Technician,ice maker,Phrase,Ad group negative,Intent/appliance separation
SZ_Search_BayArea_Hyper_ExactPhrase_2026_v3,Fridge Technician,wine cooler,Phrase,Ad group negative,Intent/appliance separation
SZ_Search_BayArea_Hyper_ExactPhrase_2026_v3,Fridge Not Cooling,door,Broad,Ad group negative,Intent/appliance separation
SZ_Search_BayArea_Hyper_ExactPhrase_2026_v3,Fridge Not Cooling,gasket,Broad,Ad group negative,Intent/appliance separation
SZ_Search_BayArea_Hyper_ExactPhrase_2026_v3,Fridge Not Cooling,seal,Broad,Ad group negative,Intent/appliance separation
SZ_Search_BayArea_Hyper_ExactPhrase_2026_v3,Fridge Not Cooling,hinge,Broad,Ad group negative,Intent/appliance separation
SZ_Search_BayArea_Hyper_ExactPhrase_2026_v3,Fridge Not Cooling,handle,Broad,Ad group negative,Intent/appliance separation
SZ_Search_BayArea_Hyper_ExactPhrase_2026_v3,Fridge Not Cooling,refrigerator,Broad,Ad group negative,Intent/appliance separation
SZ_Search_BayArea_Hyper_ExactPhrase_2026_v3,Fridge Not Cooling,freezer,Broad,Ad group negative,Intent/appliance separation
SZ_Search_BayArea_Hyper_ExactPhrase_2026_v3,Fridge Not Cooling,ice maker,Phrase,Ad group negative,Intent/appliance separation
SZ_Search_BayArea_Hyper_ExactPhrase_2026_v3,Fridge Not Cooling,wine cooler,Phrase,Ad group negative,Intent/appliance separation
SZ_Search_BayArea_Hyper_ExactPhrase_2026_v3,Fridge Not Cooling,not freezing,Phrase,Ad group negative,Intent/appliance separation
SZ_Search_BayArea_Hyper_ExactPhrase_2026_v3,Fridge Not Cooling,not working,Phrase,Ad group negative,Intent/appliance separation
SZ_Search_BayArea_Hyper_ExactPhrase_2026_v3,Fridge Not Cooling,leaking,Broad,Ad group negative,Intent/appliance separation
SZ_Search_BayArea_Hyper_ExactPhrase_2026_v3,Fridge Not Cooling,not making ice,Phrase,Ad group negative,Intent/appliance separation
SZ_Search_BayArea_Hyper_ExactPhrase_2026_v3,Fridge Not Freezing,door,Broad,Ad group negative,Intent/appliance separation
SZ_Search_BayArea_Hyper_ExactPhrase_2026_v3,Fridge Not Freezing,gasket,Broad,Ad group negative,Intent/appliance separation
SZ_Search_BayArea_Hyper_ExactPhrase_2026_v3,Fridge Not Freezing,seal,Broad,Ad group negative,Intent/appliance separation
SZ_Search_BayArea_Hyper_ExactPhrase_2026_v3,Fridge Not Freezing,hinge,Broad,Ad group negative,Intent/appliance separation
SZ_Search_BayArea_Hyper_ExactPhrase_2026_v3,Fridge Not Freezing,handle,Broad,Ad group negative,Intent/appliance separation
SZ_Search_BayArea_Hyper_ExactPhrase_2026_v3,Fridge Not Freezing,refrigerator,Broad,Ad group negative,Intent/appliance separation
SZ_Search_BayArea_Hyper_ExactPhrase_2026_v3,Fridge Not Freezing,freezer,Broad,Ad group negative,Intent/appliance separation
SZ_Search_BayArea_Hyper_ExactPhrase_2026_v3,Fridge Not Freezing,ice maker,Phrase,Ad group negative,Intent/appliance separation
SZ_Search_BayArea_Hyper_ExactPhrase_2026_v3,Fridge Not Freezing,wine cooler,Phrase,Ad group negative,Intent/appliance separation
SZ_Search_BayArea_Hyper_ExactPhrase_2026_v3,Fridge Not Freezing,not cooling,Phrase,Ad group negative,Intent/appliance separation
SZ_Search_BayArea_Hyper_ExactPhrase_2026_v3,Fridge Not Freezing,not working,Phrase,Ad group negative,Intent/appliance separation
SZ_Search_BayArea_Hyper_ExactPhrase_2026_v3,Fridge Not Freezing,leaking,Broad,Ad group negative,Intent/appliance separation
SZ_Search_BayArea_Hyper_ExactPhrase_2026_v3,Fridge Not Working,door,Broad,Ad group negative,Intent/appliance separation
SZ_Search_BayArea_Hyper_ExactPhrase_2026_v3,Fridge Not Working,gasket,Broad,Ad group negative,Intent/appliance separation
SZ_Search_BayArea_Hyper_ExactPhrase_2026_v3,Fridge Not Working,seal,Broad,Ad group negative,Intent/appliance separation
SZ_Search_BayArea_Hyper_ExactPhrase_2026_v3,Fridge Not Working,hinge,Broad,Ad group negative,Intent/appliance separation
SZ_Search_BayArea_Hyper_ExactPhrase_2026_v3,Fridge Not Working,handle,Broad,Ad group negative,Intent/appliance separation
SZ_Search_BayArea_Hyper_ExactPhrase_2026_v3,Fridge Not Working,refrigerator,Broad,Ad group negative,Intent/appliance separation
SZ_Search_BayArea_Hyper_ExactPhrase_2026_v3,Fridge Not Working,freezer,Broad,Ad group negative,Intent/appliance separation
SZ_Search_BayArea_Hyper_ExactPhrase_2026_v3,Fridge Not Working,ice maker,Phrase,Ad group negative,Intent/appliance separation
SZ_Search_BayArea_Hyper_ExactPhrase_2026_v3,Fridge Not Working,wine cooler,Phrase,Ad group negative,Intent/appliance separation
SZ_Search_BayArea_Hyper_ExactPhrase_2026_v3,Fridge Not Working,not cooling,Phrase,Ad group negative,Intent/appliance separation
SZ_Search_BayArea_Hyper_ExactPhrase_2026_v3,Fridge Not Working,not freezing,Phrase,Ad group negative,Intent/appliance separation
SZ_Search_BayArea_Hyper_ExactPhrase_2026_v3,Fridge Not Working,leaking,Broad,Ad group negative,Intent/appliance separation
SZ_Search_BayArea_Hyper_ExactPhrase_2026_v3,Fridge Leaking,door,Broad,Ad group negative,Intent/appliance separation
SZ_Search_BayArea_Hyper_ExactPhrase_2026_v3,Fridge Leaking,gasket,Broad,Ad group negative,Intent/appliance separation
SZ_Search_BayArea_Hyper_ExactPhrase_2026_v3,Fridge Leaking,seal,Broad,Ad group negative,Intent/appliance separation
SZ_Search_BayArea_Hyper_ExactPhrase_2026_v3,Fridge Leaking,hinge,Broad,Ad group negative,Intent/appliance separation
SZ_Search_BayArea_Hyper_ExactPhrase_2026_v3,Fridge Leaking,handle,Broad,Ad group negative,Intent/appliance separation
SZ_Search_BayArea_Hyper_ExactPhrase_2026_v3,Fridge Leaking,refrigerator,Broad,Ad group negative,Intent/appliance separation
SZ_Search_BayArea_Hyper_ExactPhrase_2026_v3,Fridge Leaking,freezer,Broad,Ad group negative,Intent/appliance separation
SZ_Search_BayArea_Hyper_ExactPhrase_2026_v3,Fridge Leaking,ice maker,Phrase,Ad group negative,Intent/appliance separation
SZ_Search_BayArea_Hyper_ExactPhrase_2026_v3,Fridge Leaking,wine cooler,Phrase,Ad group negative,Intent/appliance separation
SZ_Search_BayArea_Hyper_ExactPhrase_2026_v3,Fridge Leaking,not cooling,Phrase,Ad group negative,Intent/appliance separation
SZ_Search_BayArea_Hyper_ExactPhrase_2026_v3,Fridge Leaking,not freezing,Phrase,Ad group negative,Intent/appliance separation
SZ_Search_BayArea_Hyper_ExactPhrase_2026_v3,Fridge Leaking,not working,Phrase,Ad group negative,Intent/appliance separation
SZ_Search_BayArea_Hyper_ExactPhrase_2026_v3,Fridge Warm,door,Broad,Ad group negative,Intent/appliance separation
SZ_Search_BayArea_Hyper_ExactPhrase_2026_v3,Fridge Warm,gasket,Broad,Ad group negative,Intent/appliance separation
SZ_Search_BayArea_Hyper_ExactPhrase_2026_v3,Fridge Warm,seal,Broad,Ad group negative,Intent/appliance separation
SZ_Search_BayArea_Hyper_ExactPhrase_2026_v3,Fridge Warm,hinge,Broad,Ad group negative,Intent/appliance separation
SZ_Search_BayArea_Hyper_ExactPhrase_2026_v3,Fridge Warm,handle,Broad,Ad group negative,Intent/appliance separation
SZ_Search_BayArea_Hyper_ExactPhrase_2026_v3,Fridge Warm,refrigerator,Broad,Ad group negative,Intent/appliance separation
SZ_Search_BayArea_Hyper_ExactPhrase_2026_v3,Fridge Warm,freezer,Broad,Ad group negative,Intent/appliance separation
SZ_Search_BayArea_Hyper_ExactPhrase_2026_v3,Fridge Warm,ice maker,Phrase,Ad group negative,Intent/appliance separation
SZ_Search_BayArea_Hyper_ExactPhrase_2026_v3,Fridge Warm,wine cooler,Phrase,Ad group negative,Intent/appliance separation
SZ_Search_BayArea_Hyper_ExactPhrase_2026_v3,Refrigerator Repair,door,Broad,Ad group negative,Intent/appliance separation
SZ_Search_BayArea_Hyper_ExactPhrase_2026_v3,Refrigerator Repair,gasket,Broad,Ad group negative,Intent/appliance separation
SZ_Search_BayArea_Hyper_ExactPhrase_2026_v3,Refrigerator Repair,seal,Broad,Ad group negative,Intent/appliance separation
SZ_Search_BayArea_Hyper_ExactPhrase_2026_v3,Refrigerator Repair,hinge,Broad,Ad group negative,Intent/appliance separation
SZ_Search_BayArea_Hyper_ExactPhrase_2026_v3,Refrigerator Repair,handle,Broad,Ad group negative,Intent/appliance separation
SZ_Search_BayArea_Hyper_ExactPhrase_2026_v3,Refrigerator Repair,fridge,Broad,Ad group negative,Intent/appliance separation
SZ_Search_BayArea_Hyper_ExactPhrase_2026_v3,Refrigerator Repair,freezer,Broad,Ad group negative,Intent/appliance separation
SZ_Search_BayArea_Hyper_ExactPhrase_2026_v3,Refrigerator Repair,ice maker,Phrase,Ad group negative,Intent/appliance separation
SZ_Search_BayArea_Hyper_ExactPhrase_2026_v3,Refrigerator Repair,wine cooler,Phrase,Ad group negative,Intent/appliance separation
SZ_Search_BayArea_Hyper_ExactPhrase_2026_v3,Refrigerator Service,door,Broad,Ad group negative,Intent/appliance separation
SZ_Search_BayArea_Hyper_ExactPhrase_2026_v3,Refrigerator Service,gasket,Broad,Ad group negative,Intent/appliance separation
SZ_Search_BayArea_Hyper_ExactPhrase_2026_v3,Refrigerator Service,seal,Broad,Ad group negative,Intent/appliance separation
SZ_Search_BayArea_Hyper_ExactPhrase_2026_v3,Refrigerator Service,hinge,Broad,Ad group negative,Intent/appliance separation
SZ_Search_BayArea_Hyper_ExactPhrase_2026_v3,Refrigerator Service,handle,Broad,Ad group negative,Intent/appliance separation
SZ_Search_BayArea_Hyper_ExactPhrase_2026_v3,Refrigerator Service,fridge,Broad,Ad group negative,Intent/appliance separation
SZ_Search_BayArea_Hyper_ExactPhrase_2026_v3,Refrigerator Service,freezer,Broad,Ad group negative,Intent/appliance separation
SZ_Search_BayArea_Hyper_ExactPhrase_2026_v3,Refrigerator Service,ice maker,Phrase,Ad group negative,Intent/appliance separation
SZ_Search_BayArea_Hyper_ExactPhrase_2026_v3,Refrigerator Service,wine cooler,Phrase,Ad group negative,Intent/appliance separation
SZ_Search_BayArea_Hyper_ExactPhrase_2026_v3,Refrigerator Near Me,door,Broad,Ad group negative,Intent/appliance separation
SZ_Search_BayArea_Hyper_ExactPhrase_2026_v3,Refrigerator Near Me,gasket,Broad,Ad group negative,Intent/appliance separation
SZ_Search_BayArea_Hyper_ExactPhrase_2026_v3,Refrigerator Near Me,seal,Broad,Ad group negative,Intent/appliance separation
SZ_Search_BayArea_Hyper_ExactPhrase_2026_v3,Refrigerator Near Me,hinge,Broad,Ad group negative,Intent/appliance separation
SZ_Search_BayArea_Hyper_ExactPhrase_2026_v3,Refrigerator Near Me,handle,Broad,Ad group negative,Intent/appliance separation
SZ_Search_BayArea_Hyper_ExactPhrase_2026_v3,Refrigerator Near Me,fridge,Broad,Ad group negative,Intent/appliance separation
SZ_Search_BayArea_Hyper_ExactPhrase_2026_v3,Refrigerator Near Me,freezer,Broad,Ad group negative,Intent/appliance separation
SZ_Search_BayArea_Hyper_ExactPhrase_2026_v3,Refrigerator Near Me,ice maker,Phrase,Ad group negative,Intent/appliance separation
SZ_Search_BayArea_Hyper_ExactPhrase_2026_v3,Refrigerator Near Me,wine cooler,Phrase,Ad group negative,Intent/appliance separation
SZ_Search_BayArea_Hyper_ExactPhrase_2026_v3,Refrigerator Same Day,door,Broad,Ad group negative,Intent/appliance separation
SZ_Search_BayArea_Hyper_ExactPhrase_2026_v3,Refrigerator Same Day,gasket,Broad,Ad group negative,Intent/appliance separation
SZ_Search_BayArea_Hyper_ExactPhrase_2026_v3,Refrigerator Same Day,seal,Broad,Ad group negative,Intent/appliance separation
SZ_Search_BayArea_Hyper_ExactPhrase_2026_v3,Refrigerator Same Day,hinge,Broad,Ad group negative,Intent/appliance separation
SZ_Search_BayArea_Hyper_ExactPhrase_2026_v3,Refrigerator Same Day,handle,Broad,Ad group negative,Intent/appliance separation
SZ_Search_BayArea_Hyper_ExactPhrase_2026_v3,Refrigerator Same Day,fridge,Broad,Ad group negative,Intent/appliance separation
SZ_Search_BayArea_Hyper_ExactPhrase_2026_v3,Refrigerator Same Day,freezer,Broad,Ad group negative,Intent/appliance separation
SZ_Search_BayArea_Hyper_ExactPhrase_2026_v3,Refrigerator Same Day,ice maker,Phrase,Ad group negative,Intent/appliance separation
SZ_Search_BayArea_Hyper_ExactPhrase_2026_v3,Refrigerator Same Day,wine cooler,Phrase,Ad group negative,Intent/appliance separation
SZ_Search_BayArea_Hyper_ExactPhrase_2026_v3,Refrigerator Technician,door,Broad,Ad group negative,Intent/appliance separation
SZ_Search_BayArea_Hyper_ExactPhrase_2026_v3,Refrigerator Technician,gasket,Broad,Ad group negative,Intent/appliance separation
SZ_Search_BayArea_Hyper_ExactPhrase_2026_v3,Refrigerator Technician,seal,Broad,Ad group negative,Intent/appliance separation
SZ_Search_BayArea_Hyper_ExactPhrase_2026_v3,Refrigerator Technician,hinge,Broad,Ad group negative,Intent/appliance separation
SZ_Search_BayArea_Hyper_ExactPhrase_2026_v3,Refrigerator Technician,handle,Broad,Ad group negative,Intent/appliance separation
SZ_Search_BayArea_Hyper_ExactPhrase_2026_v3,Refrigerator Technician,fridge,Broad,Ad group negative,Intent/appliance separation
SZ_Search_BayArea_Hyper_ExactPhrase_2026_v3,Refrigerator Technician,freezer,Broad,Ad group negative,Intent/appliance separation
SZ_Search_BayArea_Hyper_ExactPhrase_2026_v3,Refrigerator Technician,ice maker,Phrase,Ad group negative,Intent/appliance separation
SZ_Search_BayArea_Hyper_ExactPhrase_2026_v3,Refrigerator Technician,wine cooler,Phrase,Ad group negative,Intent/appliance separation
SZ_Search_BayArea_Hyper_ExactPhrase_2026_v3,Refrigerator Not Cooling,door,Broad,Ad group negative,Intent/appliance separation
SZ_Search_BayArea_Hyper_ExactPhrase_2026_v3,Refrigerator Not Cooling,gasket,Broad,Ad group negative,Intent/appliance separation
SZ_Search_BayArea_Hyper_ExactPhrase_2026_v3,Refrigerator Not Cooling,seal,Broad,Ad group negative,Intent/appliance separation
SZ_Search_BayArea_Hyper_ExactPhrase_2026_v3,Refrigerator Not Cooling,hinge,Broad,Ad group negative,Intent/appliance separation
SZ_Search_BayArea_Hyper_ExactPhrase_2026_v3,Refrigerator Not Cooling,handle,Broad,Ad group negative,Intent/appliance separation
SZ_Search_BayArea_Hyper_ExactPhrase_2026_v3,Refrigerator Not Cooling,fridge,Broad,Ad group negative,Intent/appliance separation
SZ_Search_BayArea_Hyper_ExactPhrase_2026_v3,Refrigerator Not Cooling,freezer,Broad,Ad group negative,Intent/appliance separation
SZ_Search_BayArea_Hyper_ExactPhrase_2026_v3,Refrigerator Not Cooling,ice maker,Phrase,Ad group negative,Intent/appliance separation
SZ_Search_BayArea_Hyper_ExactPhrase_2026_v3,Refrigerator Not Cooling,wine cooler,Phrase,Ad group negative,Intent/appliance separation
SZ_Search_BayArea_Hyper_ExactPhrase_2026_v3,Refrigerator Not Cooling,not freezing,Phrase,Ad group negative,Intent/appliance separation
SZ_Search_BayArea_Hyper_ExactPhrase_2026_v3,Refrigerator Not Cooling,not working,Phrase,Ad group negative,Intent/appliance separation
SZ_Search_BayArea_Hyper_ExactPhrase_2026_v3,Refrigerator Not Cooling,leaking,Broad,Ad group negative,Intent/appliance separation
SZ_Search_BayArea_Hyper_ExactPhrase_2026_v3,Refrigerator Not Cooling,not making ice,Phrase,Ad group negative,Intent/appliance separation
SZ_Search_BayArea_Hyper_ExactPhrase_2026_v3,Refrigerator Not Freezing,door,Broad,Ad group negative,Intent/appliance separation
SZ_Search_BayArea_Hyper_ExactPhrase_2026_v3,Refrigerator Not Freezing,gasket,Broad,Ad group negative,Intent/appliance separation
SZ_Search_BayArea_Hyper_ExactPhrase_2026_v3,Refrigerator Not Freezing,seal,Broad,Ad group negative,Intent/appliance separation
SZ_Search_BayArea_Hyper_ExactPhrase_2026_v3,Refrigerator Not Freezing,hinge,Broad,Ad group negative,Intent/appliance separation
SZ_Search_BayArea_Hyper_ExactPhrase_2026_v3,Refrigerator Not Freezing,handle,Broad,Ad group negative,Intent/appliance separation
SZ_Search_BayArea_Hyper_ExactPhrase_2026_v3,Refrigerator Not Freezing,fridge,Broad,Ad group negative,Intent/appliance separation
SZ_Search_BayArea_Hyper_ExactPhrase_2026_v3,Refrigerator Not Freezing,freezer,Broad,Ad group negative,Intent/appliance separation
SZ_Search_BayArea_Hyper_ExactPhrase_2026_v3,Refrigerator Not Freezing,ice maker,Phrase,Ad group negative,Intent/appliance separation
SZ_Search_BayArea_Hyper_ExactPhrase_2026_v3,Refrigerator Not Freezing,wine cooler,Phrase,Ad group negative,Intent/appliance separation
SZ_Search_BayArea_Hyper_ExactPhrase_2026_v3,Refrigerator Not Freezing,not cooling,Phrase,Ad group negative,Intent/appliance separation
SZ_Search_BayArea_Hyper_ExactPhrase_2026_v3,Refrigerator Not Freezing,not working,Phrase,Ad group negative,Intent/appliance separation
SZ_Search_BayArea_Hyper_ExactPhrase_2026_v3,Refrigerator Not Freezing,leaking,Broad,Ad group negative,Intent/appliance separation
SZ_Search_BayArea_Hyper_ExactPhrase_2026_v3,Refrigerator Not Working,door,Broad,Ad group negative,Intent/appliance separation
SZ_Search_BayArea_Hyper_ExactPhrase_2026_v3,Refrigerator Not Working,gasket,Broad,Ad group negative,Intent/appliance separation
SZ_Search_BayArea_Hyper_ExactPhrase_2026_v3,Refrigerator Not Working,seal,Broad,Ad group negative,Intent/appliance separation
SZ_Search_BayArea_Hyper_ExactPhrase_2026_v3,Refrigerator Not Working,hinge,Broad,Ad group negative,Intent/appliance separation
SZ_Search_BayArea_Hyper_ExactPhrase_2026_v3,Refrigerator Not Working,handle,Broad,Ad group negative,Intent/appliance separation
SZ_Search_BayArea_Hyper_ExactPhrase_2026_v3,Refrigerator Not Working,fridge,Broad,Ad group negative,Intent/appliance separation
SZ_Search_BayArea_Hyper_ExactPhrase_2026_v3,Refrigerator Not Working,freezer,Broad,Ad group negative,Intent/appliance separation
SZ_Search_BayArea_Hyper_ExactPhrase_2026_v3,Refrigerator Not Working,ice maker,Phrase,Ad group negative,Intent/appliance separation
SZ_Search_BayArea_Hyper_ExactPhrase_2026_v3,Refrigerator Not Working,wine cooler,Phrase,Ad group negative,Intent/appliance separation
SZ_Search_BayArea_Hyper_ExactPhrase_2026_v3,Refrigerator Not Working,not cooling,Phrase,Ad group negative,Intent/appliance separation
SZ_Search_BayArea_Hyper_ExactPhrase_2026_v3,Refrigerator Not Working,not freezing,Phrase,Ad group negative,Intent/appliance separation
SZ_Search_BayArea_Hyper_ExactPhrase_2026_v3,Refrigerator Not Working,leaking,Broad,Ad group negative,Intent/appliance separation
SZ_Search_BayArea_Hyper_ExactPhrase_2026_v3,Refrigerator Leaking,door,Broad,Ad group negative,Intent/appliance separation
SZ_Search_BayArea_Hyper_ExactPhrase_2026_v3,Refrigerator Leaking,gasket,Broad,Ad group negative,Intent/appliance separation
SZ_Search_BayArea_Hyper_ExactPhrase_2026_v3,Refrigerator Leaking,seal,Broad,Ad group negative,Intent/appliance separation
SZ_Search_BayArea_Hyper_ExactPhrase_2026_v3,Refrigerator Leaking,hinge,Broad,Ad group negative,Intent/appliance separation
SZ_Search_BayArea_Hyper_ExactPhrase_2026_v3,Refrigerator Leaking,handle,Broad,Ad group negative,Intent/appliance separation
SZ_Search_BayArea_Hyper_ExactPhrase_2026_v3,Refrigerator Leaking,fridge,Broad,Ad group negative,Intent/appliance separation
SZ_Search_BayArea_Hyper_ExactPhrase_2026_v3,Refrigerator Leaking,freezer,Broad,Ad group negative,Intent/appliance separation
SZ_Search_BayArea_Hyper_ExactPhrase_2026_v3,Refrigerator Leaking,ice maker,Phrase,Ad group negative,Intent/appliance separation
SZ_Search_BayArea_Hyper_ExactPhrase_2026_v3,Refrigerator Leaking,wine cooler,Phrase,Ad group negative,Intent/appliance separation
SZ_Search_BayArea_Hyper_ExactPhrase_2026_v3,Refrigerator Leaking,not cooling,Phrase,Ad group negative,Intent/appliance separation
SZ_Search_BayArea_Hyper_ExactPhrase_2026_v3,Refrigerator Leaking,not freezing,Phrase,Ad group negative,Intent/appliance separation
SZ_Search_BayArea_Hyper_ExactPhrase_2026_v3,Refrigerator Leaking,not working,Phrase,Ad group negative,Intent/appliance separation
SZ_Search_BayArea_Hyper_ExactPhrase_2026_v3,Refrigerator Warm,door,Broad,Ad group negative,Intent/appliance separation
SZ_Search_BayArea_Hyper_ExactPhrase_2026_v3,Refrigerator Warm,gasket,Broad,Ad group negative,Intent/appliance separation
SZ_Search_BayArea_Hyper_ExactPhrase_2026_v3,Refrigerator Warm,seal,Broad,Ad group negative,Intent/appliance separation
SZ_Search_BayArea_Hyper_ExactPhrase_2026_v3,Refrigerator Warm,hinge,Broad,Ad group negative,Intent/appliance separation
SZ_Search_BayArea_Hyper_ExactPhrase_2026_v3,Refrigerator Warm,handle,Broad,Ad group negative,Intent/appliance separation
SZ_Search_BayArea_Hyper_ExactPhrase_2026_v3,Refrigerator Warm,fridge,Broad,Ad group negative,Intent/appliance separation
SZ_Search_BayArea_Hyper_ExactPhrase_2026_v3,Refrigerator Warm,freezer,Broad,Ad group negative,Intent/appliance separation
SZ_Search_BayArea_Hyper_ExactPhrase_2026_v3,Refrigerator Warm,ice maker,Phrase,Ad group negative,Intent/appliance separation
SZ_Search_BayArea_Hyper_ExactPhrase_2026_v3,Refrigerator Warm,wine cooler,Phrase,Ad group negative,Intent/appliance separation
SZ_Search_BayArea_Hyper_ExactPhrase_2026_v3,Refrigerator Error Code,door,Broad,Ad group negative,Intent/appliance separation
SZ_Search_BayArea_Hyper_ExactPhrase_2026_v3,Refrigerator Error Code,gasket,Broad,Ad group negative,Intent/appliance separation
SZ_Search_BayArea_Hyper_ExactPhrase_2026_v3,Refrigerator Error Code,seal,Broad,Ad group negative,Intent/appliance separation
SZ_Search_BayArea_Hyper_ExactPhrase_2026_v3,Refrigerator Error Code,hinge,Broad,Ad group negative,Intent/appliance separation
SZ_Search_BayArea_Hyper_ExactPhrase_2026_v3,Refrigerator Error Code,handle,Broad,Ad group negative,Intent/appliance separation
SZ_Search_BayArea_Hyper_ExactPhrase_2026_v3,Refrigerator Error Code,fridge,Broad,Ad group negative,Intent/appliance separation
SZ_Search_BayArea_Hyper_ExactPhrase_2026_v3,Refrigerator Error Code,freezer,Broad,Ad group negative,Intent/appliance separation
SZ_Search_BayArea_Hyper_ExactPhrase_2026_v3,Refrigerator Error Code,ice maker,Phrase,Ad group negative,Intent/appliance separation
SZ_Search_BayArea_Hyper_ExactPhrase_2026_v3,Refrigerator Error Code,wine cooler,Phrase,Ad group negative,Intent/appliance separation
SZ_Search_BayArea_Hyper_ExactPhrase_2026_v3,Core Brand Repair,door,Broad,Ad group negative,Intent/appliance separation
SZ_Search_BayArea_Hyper_ExactPhrase_2026_v3,Core Brand Repair,gasket,Broad,Ad group negative,Intent/appliance separation
SZ_Search_BayArea_Hyper_ExactPhrase_2026_v3,Core Brand Repair,seal,Broad,Ad group negative,Intent/appliance separation
SZ_Search_BayArea_Hyper_ExactPhrase_2026_v3,Core Brand Repair,hinge,Broad,Ad group negative,Intent/appliance separation
SZ_Search_BayArea_Hyper_ExactPhrase_2026_v3,Core Brand Repair,handle,Broad,Ad group negative,Intent/appliance separation
SZ_Search_BayArea_Hyper_ExactPhrase_2026_v3,Core Brand Service,door,Broad,Ad group negative,Intent/appliance separation
SZ_Search_BayArea_Hyper_ExactPhrase_2026_v3,Core Brand Service,gasket,Broad,Ad group negative,Intent/appliance separation
SZ_Search_BayArea_Hyper_ExactPhrase_2026_v3,Core Brand Service,seal,Broad,Ad group negative,Intent/appliance separation
SZ_Search_BayArea_Hyper_ExactPhrase_2026_v3,Core Brand Service,hinge,Broad,Ad group negative,Intent/appliance separation
SZ_Search_BayArea_Hyper_ExactPhrase_2026_v3,Core Brand Service,handle,Broad,Ad group negative,Intent/appliance separation
SZ_Search_BayArea_Hyper_ExactPhrase_2026_v3,Core Near Me,door,Broad,Ad group negative,Intent/appliance separation
SZ_Search_BayArea_Hyper_ExactPhrase_2026_v3,Core Near Me,gasket,Broad,Ad group negative,Intent/appliance separation
SZ_Search_BayArea_Hyper_ExactPhrase_2026_v3,Core Near Me,seal,Broad,Ad group negative,Intent/appliance separation
SZ_Search_BayArea_Hyper_ExactPhrase_2026_v3,Core Near Me,hinge,Broad,Ad group negative,Intent/appliance separation
SZ_Search_BayArea_Hyper_ExactPhrase_2026_v3,Core Near Me,handle,Broad,Ad group negative,Intent/appliance separation
SZ_Search_BayArea_Hyper_ExactPhrase_2026_v3,Core Same Day,door,Broad,Ad group negative,Intent/appliance separation
SZ_Search_BayArea_Hyper_ExactPhrase_2026_v3,Core Same Day,gasket,Broad,Ad group negative,Intent/appliance separation
SZ_Search_BayArea_Hyper_ExactPhrase_2026_v3,Core Same Day,seal,Broad,Ad group negative,Intent/appliance separation
SZ_Search_BayArea_Hyper_ExactPhrase_2026_v3,Core Same Day,hinge,Broad,Ad group negative,Intent/appliance separation
SZ_Search_BayArea_Hyper_ExactPhrase_2026_v3,Core Same Day,handle,Broad,Ad group negative,Intent/appliance separation
SZ_Search_BayArea_Hyper_ExactPhrase_2026_v3,Core Emergency,door,Broad,Ad group negative,Intent/appliance separation
SZ_Search_BayArea_Hyper_ExactPhrase_2026_v3,Core Emergency,gasket,Broad,Ad group negative,Intent/appliance separation
SZ_Search_BayArea_Hyper_ExactPhrase_2026_v3,Core Emergency,seal,Broad,Ad group negative,Intent/appliance separation
SZ_Search_BayArea_Hyper_ExactPhrase_2026_v3,Core Emergency,hinge,Broad,Ad group negative,Intent/appliance separation
SZ_Search_BayArea_Hyper_ExactPhrase_2026_v3,Core Emergency,handle,Broad,Ad group negative,Intent/appliance separation
SZ_Search_BayArea_Hyper_ExactPhrase_2026_v3,Core Technician,door,Broad,Ad group negative,Intent/appliance separation
SZ_Search_BayArea_Hyper_ExactPhrase_2026_v3,Core Technician,gasket,Broad,Ad group negative,Intent/appliance separation
SZ_Search_BayArea_Hyper_ExactPhrase_2026_v3,Core Technician,seal,Broad,Ad group negative,Intent/appliance separation
SZ_Search_BayArea_Hyper_ExactPhrase_2026_v3,Core Technician,hinge,Broad,Ad group negative,Intent/appliance separation
SZ_Search_BayArea_Hyper_ExactPhrase_2026_v3,Core Technician,handle,Broad,Ad group negative,Intent/appliance separation
SZ_Search_BayArea_Hyper_ExactPhrase_2026_v3,Core Repairman,door,Broad,Ad group negative,Intent/appliance separation
SZ_Search_BayArea_Hyper_ExactPhrase_2026_v3,Core Repairman,gasket,Broad,Ad group negative,Intent/appliance separation
SZ_Search_BayArea_Hyper_ExactPhrase_2026_v3,Core Repairman,seal,Broad,Ad group negative,Intent/appliance separation
SZ_Search_BayArea_Hyper_ExactPhrase_2026_v3,Core Repairman,hinge,Broad,Ad group negative,Intent/appliance separation
SZ_Search_BayArea_Hyper_ExactPhrase_2026_v3,Core Repairman,handle,Broad,Ad group negative,Intent/appliance separation
SZ_Search_BayArea_Hyper_ExactPhrase_2026_v3,Core Mechanic,door,Broad,Ad group negative,Intent/appliance separation
SZ_Search_BayArea_Hyper_ExactPhrase_2026_v3,Core Mechanic,gasket,Broad,Ad group negative,Intent/appliance separation
SZ_Search_BayArea_Hyper_ExactPhrase_2026_v3,Core Mechanic,seal,Broad,Ad group negative,Intent/appliance separation
SZ_Search_BayArea_Hyper_ExactPhrase_2026_v3,Core Mechanic,hinge,Broad,Ad group negative,Intent/appliance separation
SZ_Search_BayArea_Hyper_ExactPhrase_2026_v3,Core Mechanic,handle,Broad,Ad group negative,Intent/appliance separation
SZ_Search_BayArea_Hyper_ExactPhrase_2026_v3,Core Specialist,door,Broad,Ad group negative,Intent/appliance separation
SZ_Search_BayArea_Hyper_ExactPhrase_2026_v3,Core Specialist,gasket,Broad,Ad group negative,Intent/appliance separation
SZ_Search_BayArea_Hyper_ExactPhrase_2026_v3,Core Specialist,seal,Broad,Ad group negative,Intent/appliance separation
SZ_Search_BayArea_Hyper_ExactPhrase_2026_v3,Core Specialist,hinge,Broad,Ad group negative,Intent/appliance separation
SZ_Search_BayArea_Hyper_ExactPhrase_2026_v3,Core Specialist,handle,Broad,Ad group negative,Intent/appliance separation
SZ_Search_BayArea_Hyper_ExactPhrase_2026_v3,Core Not Cooling,door,Broad,Ad group negative,Intent/appliance separation
SZ_Search_BayArea_Hyper_ExactPhrase_2026_v3,Core Not Cooling,gasket,Broad,Ad group negative,Intent/appliance separation
SZ_Search_BayArea_Hyper_ExactPhrase_2026_v3,Core Not Cooling,seal,Broad,Ad group negative,Intent/appliance separation
SZ_Search_BayArea_Hyper_ExactPhrase_2026_v3,Core Not Cooling,hinge,Broad,Ad group negative,Intent/appliance separation
SZ_Search_BayArea_Hyper_ExactPhrase_2026_v3,Core Not Cooling,handle,Broad,Ad group negative,Intent/appliance separation
SZ_Search_BayArea_Hyper_ExactPhrase_2026_v3,Core Not Cooling,not freezing,Phrase,Ad group negative,Intent/appliance separation
SZ_Search_BayArea_Hyper_ExactPhrase_2026_v3,Core Not Cooling,not working,Phrase,Ad group negative,Intent/appliance separation
SZ_Search_BayArea_Hyper_ExactPhrase_2026_v3,Core Not Cooling,leaking,Broad,Ad group negative,Intent/appliance separation
SZ_Search_BayArea_Hyper_ExactPhrase_2026_v3,Core Not Cooling,not making ice,Phrase,Ad group negative,Intent/appliance separation
SZ_Search_BayArea_Hyper_ExactPhrase_2026_v3,Core Not Freezing,door,Broad,Ad group negative,Intent/appliance separation
SZ_Search_BayArea_Hyper_ExactPhrase_2026_v3,Core Not Freezing,gasket,Broad,Ad group negative,Intent/appliance separation
SZ_Search_BayArea_Hyper_ExactPhrase_2026_v3,Core Not Freezing,seal,Broad,Ad group negative,Intent/appliance separation
SZ_Search_BayArea_Hyper_ExactPhrase_2026_v3,Core Not Freezing,hinge,Broad,Ad group negative,Intent/appliance separation
SZ_Search_BayArea_Hyper_ExactPhrase_2026_v3,Core Not Freezing,handle,Broad,Ad group negative,Intent/appliance separation
SZ_Search_BayArea_Hyper_ExactPhrase_2026_v3,Core Not Freezing,not cooling,Phrase,Ad group negative,Intent/appliance separation
SZ_Search_BayArea_Hyper_ExactPhrase_2026_v3,Core Not Freezing,not working,Phrase,Ad group negative,Intent/appliance separation
SZ_Search_BayArea_Hyper_ExactPhrase_2026_v3,Core Not Freezing,leaking,Broad,Ad group negative,Intent/appliance separation
SZ_Search_BayArea_Hyper_ExactPhrase_2026_v3,Core Not Working,door,Broad,Ad group negative,Intent/appliance separation
SZ_Search_BayArea_Hyper_ExactPhrase_2026_v3,Core Not Working,gasket,Broad,Ad group negative,Intent/appliance separation
SZ_Search_BayArea_Hyper_ExactPhrase_2026_v3,Core Not Working,seal,Broad,Ad group negative,Intent/appliance separation
SZ_Search_BayArea_Hyper_ExactPhrase_2026_v3,Core Not Working,hinge,Broad,Ad group negative,Intent/appliance separation
SZ_Search_BayArea_Hyper_ExactPhrase_2026_v3,Core Not Working,handle,Broad,Ad group negative,Intent/appliance separation
SZ_Search_BayArea_Hyper_ExactPhrase_2026_v3,Core Not Working,not cooling,Phrase,Ad group negative,Intent/appliance separation
SZ_Search_BayArea_Hyper_ExactPhrase_2026_v3,Core Not Working,not freezing,Phrase,Ad group negative,Intent/appliance separation
SZ_Search_BayArea_Hyper_ExactPhrase_2026_v3,Core Not Working,leaking,Broad,Ad group negative,Intent/appliance separation
SZ_Search_BayArea_Hyper_ExactPhrase_2026_v3,Core Leaking,door,Broad,Ad group negative,Intent/appliance separation
SZ_Search_BayArea_Hyper_ExactPhrase_2026_v3,Core Leaking,gasket,Broad,Ad group negative,Intent/appliance separation
SZ_Search_BayArea_Hyper_ExactPhrase_2026_v3,Core Leaking,seal,Broad,Ad group negative,Intent/appliance separation
SZ_Search_BayArea_Hyper_ExactPhrase_2026_v3,Core Leaking,hinge,Broad,Ad group negative,Intent/appliance separation
SZ_Search_BayArea_Hyper_ExactPhrase_2026_v3,Core Leaking,handle,Broad,Ad group negative,Intent/appliance separation
SZ_Search_BayArea_Hyper_ExactPhrase_2026_v3,Core Leaking,not cooling,Phrase,Ad group negative,Intent/appliance separation
SZ_Search_BayArea_Hyper_ExactPhrase_2026_v3,Core Leaking,not freezing,Phrase,Ad group negative,Intent/appliance separation
SZ_Search_BayArea_Hyper_ExactPhrase_2026_v3,Core Leaking,not working,Phrase,Ad group negative,Intent/appliance separation
SZ_Search_BayArea_Hyper_ExactPhrase_2026_v3,Core Warm,door,Broad,Ad group negative,Intent/appliance separation
SZ_Search_BayArea_Hyper_ExactPhrase_2026_v3,Core Warm,gasket,Broad,Ad group negative,Intent/appliance separation
SZ_Search_BayArea_Hyper_ExactPhrase_2026_v3,Core Warm,seal,Broad,Ad group negative,Intent/appliance separation
SZ_Search_BayArea_Hyper_ExactPhrase_2026_v3,Core Warm,hinge,Broad,Ad group negative,Intent/appliance separation
SZ_Search_BayArea_Hyper_ExactPhrase_2026_v3,Core Warm,handle,Broad,Ad group negative,Intent/appliance separation
SZ_Search_BayArea_Hyper_ExactPhrase_2026_v3,Core Beeping Noise,door,Broad,Ad group negative,Intent/appliance separation
SZ_Search_BayArea_Hyper_ExactPhrase_2026_v3,Core Beeping Noise,gasket,Broad,Ad group negative,Intent/appliance separation
SZ_Search_BayArea_Hyper_ExactPhrase_2026_v3,Core Beeping Noise,seal,Broad,Ad group negative,Intent/appliance separation
SZ_Search_BayArea_Hyper_ExactPhrase_2026_v3,Core Beeping Noise,hinge,Broad,Ad group negative,Intent/appliance separation
SZ_Search_BayArea_Hyper_ExactPhrase_2026_v3,Core Beeping Noise,handle,Broad,Ad group negative,Intent/appliance separation
SZ_Search_BayArea_Hyper_ExactPhrase_2026_v3,Core Error Code,door,Broad,Ad group negative,Intent/appliance separation
SZ_Search_BayArea_Hyper_ExactPhrase_2026_v3,Core Error Code,gasket,Broad,Ad group negative,Intent/appliance separation
SZ_Search_BayArea_Hyper_ExactPhrase_2026_v3,Core Error Code,seal,Broad,Ad group negative,Intent/appliance separation
SZ_Search_BayArea_Hyper_ExactPhrase_2026_v3,Core Error Code,hinge,Broad,Ad group negative,Intent/appliance separation
SZ_Search_BayArea_Hyper_ExactPhrase_2026_v3,Core Error Code,handle,Broad,Ad group negative,Intent/appliance separation
SZ_Search_BayArea_Hyper_ExactPhrase_2026_v3,Geo Berkeley Repair,door,Broad,Ad group negative,Intent/appliance separation v3+
SZ_Search_BayArea_Hyper_ExactPhrase_2026_v3,Geo Berkeley Repair,gasket,Broad,Ad group negative,Intent/appliance separation v3+
SZ_Search_BayArea_Hyper_ExactPhrase_2026_v3,Geo Berkeley Repair,seal,Broad,Ad group negative,Intent/appliance separation v3+
SZ_Search_BayArea_Hyper_ExactPhrase_2026_v3,Geo Berkeley Repair,hinge,Broad,Ad group negative,Intent/appliance separation v3+
SZ_Search_BayArea_Hyper_ExactPhrase_2026_v3,Geo Berkeley Repair,handle,Broad,Ad group negative,Intent/appliance separation v3+
SZ_Search_BayArea_Hyper_ExactPhrase_2026_v3,Geo Berkeley Repair,parts,Broad,Ad group negative,Intent/appliance separation v3+
SZ_Search_BayArea_Hyper_ExactPhrase_2026_v3,Geo Berkeley Repair,manual,Broad,Ad group negative,Intent/appliance separation v3+
SZ_Search_BayArea_Hyper_ExactPhrase_2026_v3,Geo Berkeley Repair,how to,Phrase,Ad group negative,Intent/appliance separation v3+
SZ_Search_BayArea_Hyper_ExactPhrase_2026_v3,Geo Berkeley Repair,diy,Broad,Ad group negative,Intent/appliance separation v3+
SZ_Search_BayArea_Hyper_ExactPhrase_2026_v3,Geo Berkeley Repair,buy,Broad,Ad group negative,Intent/appliance separation v3+
SZ_Search_BayArea_Hyper_ExactPhrase_2026_v3,Geo Berkeley Repair,for sale,Phrase,Ad group negative,Intent/appliance separation v3+
SZ_Search_BayArea_Hyper_ExactPhrase_2026_v3,Geo Cupertino Repair,door,Broad,Ad group negative,Intent/appliance separation v3+
SZ_Search_BayArea_Hyper_ExactPhrase_2026_v3,Geo Cupertino Repair,gasket,Broad,Ad group negative,Intent/appliance separation v3+
SZ_Search_BayArea_Hyper_ExactPhrase_2026_v3,Geo Cupertino Repair,seal,Broad,Ad group negative,Intent/appliance separation v3+
SZ_Search_BayArea_Hyper_ExactPhrase_2026_v3,Geo Cupertino Repair,hinge,Broad,Ad group negative,Intent/appliance separation v3+
SZ_Search_BayArea_Hyper_ExactPhrase_2026_v3,Geo Cupertino Repair,handle,Broad,Ad group negative,Intent/appliance separation v3+
SZ_Search_BayArea_Hyper_ExactPhrase_2026_v3,Geo Cupertino Repair,parts,Broad,Ad group negative,Intent/appliance separation v3+
SZ_Search_BayArea_Hyper_ExactPhrase_2026_v3,Geo Cupertino Repair,manual,Broad,Ad group negative,Intent/appliance separation v3+
SZ_Search_BayArea_Hyper_ExactPhrase_2026_v3,Geo Cupertino Repair,how to,Phrase,Ad group negative,Intent/appliance separation v3+
SZ_Search_BayArea_Hyper_ExactPhrase_2026_v3,Geo Cupertino Repair,diy,Broad,Ad group negative,Intent/appliance separation v3+
SZ_Search_BayArea_Hyper_ExactPhrase_2026_v3,Geo Cupertino Repair,buy,Broad,Ad group negative,Intent/appliance separation v3+
SZ_Search_BayArea_Hyper_ExactPhrase_2026_v3,Geo Cupertino Repair,for sale,Phrase,Ad group negative,Intent/appliance separation v3+
SZ_Search_BayArea_Hyper_ExactPhrase_2026_v3,Geo Daly City Repair,door,Broad,Ad group negative,Intent/appliance separation v3+
SZ_Search_BayArea_Hyper_ExactPhrase_2026_v3,Geo Daly City Repair,gasket,Broad,Ad group negative,Intent/appliance separation v3+
SZ_Search_BayArea_Hyper_ExactPhrase_2026_v3,Geo Daly City Repair,seal,Broad,Ad group negative,Intent/appliance separation v3+
SZ_Search_BayArea_Hyper_ExactPhrase_2026_v3,Geo Daly City Repair,hinge,Broad,Ad group negative,Intent/appliance separation v3+
SZ_Search_BayArea_Hyper_ExactPhrase_2026_v3,Geo Daly City Repair,handle,Broad,Ad group negative,Intent/appliance separation v3+
SZ_Search_BayArea_Hyper_ExactPhrase_2026_v3,Geo Daly City Repair,parts,Broad,Ad group negative,Intent/appliance separation v3+
SZ_Search_BayArea_Hyper_ExactPhrase_2026_v3,Geo Daly City Repair,manual,Broad,Ad group negative,Intent/appliance separation v3+
SZ_Search_BayArea_Hyper_ExactPhrase_2026_v3,Geo Daly City Repair,how to,Phrase,Ad group negative,Intent/appliance separation v3+
SZ_Search_BayArea_Hyper_ExactPhrase_2026_v3,Geo Daly City Repair,diy,Broad,Ad group negative,Intent/appliance separation v3+
SZ_Search_BayArea_Hyper_ExactPhrase_2026_v3,Geo Daly City Repair,buy,Broad,Ad group negative,Intent/appliance separation v3+
SZ_Search_BayArea_Hyper_ExactPhrase_2026_v3,Geo Daly City Repair,for sale,Phrase,Ad group negative,Intent/appliance separation v3+
SZ_Search_BayArea_Hyper_ExactPhrase_2026_v3,Geo Walnut Creek Repair,door,Broad,Ad group negative,Intent/appliance separation v3+
SZ_Search_BayArea_Hyper_ExactPhrase_2026_v3,Geo Walnut Creek Repair,gasket,Broad,Ad group negative,Intent/appliance separation v3+
SZ_Search_BayArea_Hyper_ExactPhrase_2026_v3,Geo Walnut Creek Repair,seal,Broad,Ad group negative,Intent/appliance separation v3+
SZ_Search_BayArea_Hyper_ExactPhrase_2026_v3,Geo Walnut Creek Repair,hinge,Broad,Ad group negative,Intent/appliance separation v3+
SZ_Search_BayArea_Hyper_ExactPhrase_2026_v3,Geo Walnut Creek Repair,handle,Broad,Ad group negative,Intent/appliance separation v3+
SZ_Search_BayArea_Hyper_ExactPhrase_2026_v3,Geo Walnut Creek Repair,parts,Broad,Ad group negative,Intent/appliance separation v3+
SZ_Search_BayArea_Hyper_ExactPhrase_2026_v3,Geo Walnut Creek Repair,manual,Broad,Ad group negative,Intent/appliance separation v3+
SZ_Search_BayArea_Hyper_ExactPhrase_2026_v3,Geo Walnut Creek Repair,how to,Phrase,Ad group negative,Intent/appliance separation v3+
SZ_Search_BayArea_Hyper_ExactPhrase_2026_v3,Geo Walnut Creek Repair,diy,Broad,Ad group negative,Intent/appliance separation v3+
SZ_Search_BayArea_Hyper_ExactPhrase_2026_v3,Geo Walnut Creek Repair,buy,Broad,Ad group negative,Intent/appliance separation v3+
SZ_Search_BayArea_Hyper_ExactPhrase_2026_v3,Geo Walnut Creek Repair,for sale,Phrase,Ad group negative,Intent/appliance separation v3+
SZ_Search_BayArea_Hyper_ExactPhrase_2026_v3,Geo Hayward Repair,door,Broad,Ad group negative,Intent/appliance separation v3+
SZ_Search_BayArea_Hyper_ExactPhrase_2026_v3,Geo Hayward Repair,gasket,Broad,Ad group negative,Intent/appliance separation v3+
SZ_Search_BayArea_Hyper_ExactPhrase_2026_v3,Geo Hayward Repair,seal,Broad,Ad group negative,Intent/appliance separation v3+
SZ_Search_BayArea_Hyper_ExactPhrase_2026_v3,Geo Hayward Repair,hinge,Broad,Ad group negative,Intent/appliance separation v3+
SZ_Search_BayArea_Hyper_ExactPhrase_2026_v3,Geo Hayward Repair,handle,Broad,Ad group negative,Intent/appliance separation v3+
SZ_Search_BayArea_Hyper_ExactPhrase_2026_v3,Geo Hayward Repair,parts,Broad,Ad group negative,Intent/appliance separation v3+
SZ_Search_BayArea_Hyper_ExactPhrase_2026_v3,Geo Hayward Repair,manual,Broad,Ad group negative,Intent/appliance separation v3+
SZ_Search_BayArea_Hyper_ExactPhrase_2026_v3,Geo Hayward Repair,how to,Phrase,Ad group negative,Intent/appliance separation v3+
SZ_Search_BayArea_Hyper_ExactPhrase_2026_v3,Geo Hayward Repair,diy,Broad,Ad group negative,Intent/appliance separation v3+
SZ_Search_BayArea_Hyper_ExactPhrase_2026_v3,Geo Hayward Repair,buy,Broad,Ad group negative,Intent/appliance separation v3+
SZ_Search_BayArea_Hyper_ExactPhrase_2026_v3,Geo Hayward Repair,for sale,Phrase,Ad group negative,Intent/appliance separation v3+
SZ_Search_BayArea_Hyper_ExactPhrase_2026_v3,Geo San Leandro Repair,door,Broad,Ad group negative,Intent/appliance separation v3+
SZ_Search_BayArea_Hyper_ExactPhrase_2026_v3,Geo San Leandro Repair,gasket,Broad,Ad group negative,Intent/appliance separation v3+
SZ_Search_BayArea_Hyper_ExactPhrase_2026_v3,Geo San Leandro Repair,seal,Broad,Ad group negative,Intent/appliance separation v3+
SZ_Search_BayArea_Hyper_ExactPhrase_2026_v3,Geo San Leandro Repair,hinge,Broad,Ad group negative,Intent/appliance separation v3+
SZ_Search_BayArea_Hyper_ExactPhrase_2026_v3,Geo San Leandro Repair,handle,Broad,Ad group negative,Intent/appliance separation v3+
SZ_Search_BayArea_Hyper_ExactPhrase_2026_v3,Geo San Leandro Repair,parts,Broad,Ad group negative,Intent/appliance separation v3+
SZ_Search_BayArea_Hyper_ExactPhrase_2026_v3,Geo San Leandro Repair,manual,Broad,Ad group negative,Intent/appliance separation v3+
SZ_Search_BayArea_Hyper_ExactPhrase_2026_v3,Geo San Leandro Repair,how to,Phrase,Ad group negative,Intent/appliance separation v3+
SZ_Search_BayArea_Hyper_ExactPhrase_2026_v3,Geo San Leandro Repair,diy,Broad,Ad group negative,Intent/appliance separation v3+
SZ_Search_BayArea_Hyper_ExactPhrase_2026_v3,Geo San Leandro Repair,buy,Broad,Ad group negative,Intent/appliance separation v3+
SZ_Search_BayArea_Hyper_ExactPhrase_2026_v3,Geo San Leandro Repair,for sale,Phrase,Ad group negative,Intent/appliance separation v3+
SZ_Search_BayArea_Hyper_ExactPhrase_2026_v3,Geo Los Gatos Repair,door,Broad,Ad group negative,Intent/appliance separation v3+
SZ_Search_BayArea_Hyper_ExactPhrase_2026_v3,Geo Los Gatos Repair,gasket,Broad,Ad group negative,Intent/appliance separation v3+
SZ_Search_BayArea_Hyper_ExactPhrase_2026_v3,Geo Los Gatos Repair,seal,Broad,Ad group negative,Intent/appliance separation v3+
SZ_Search_BayArea_Hyper_ExactPhrase_2026_v3,Geo Los Gatos Repair,hinge,Broad,Ad group negative,Intent/appliance separation v3+
SZ_Search_BayArea_Hyper_ExactPhrase_2026_v3,Geo Los Gatos Repair,handle,Broad,Ad group negative,Intent/appliance separation v3+
SZ_Search_BayArea_Hyper_ExactPhrase_2026_v3,Geo Los Gatos Repair,parts,Broad,Ad group negative,Intent/appliance separation v3+
SZ_Search_BayArea_Hyper_ExactPhrase_2026_v3,Geo Los Gatos Repair,manual,Broad,Ad group negative,Intent/appliance separation v3+
SZ_Search_BayArea_Hyper_ExactPhrase_2026_v3,Geo Los Gatos Repair,how to,Phrase,Ad group negative,Intent/appliance separation v3+
SZ_Search_BayArea_Hyper_ExactPhrase_2026_v3,Geo Los Gatos Repair,diy,Broad,Ad group negative,Intent/appliance separation v3+
SZ_Search_BayArea_Hyper_ExactPhrase_2026_v3,Geo Los Gatos Repair,buy,Broad,Ad group negative,Intent/appliance separation v3+
SZ_Search_BayArea_Hyper_ExactPhrase_2026_v3,Geo Los Gatos Repair,for sale,Phrase,Ad group negative,Intent/appliance separation v3+
SZ_Search_BayArea_Hyper_ExactPhrase_2026_v3,Geo Menlo Park Repair,door,Broad,Ad group negative,Intent/appliance separation v3+
SZ_Search_BayArea_Hyper_ExactPhrase_2026_v3,Geo Menlo Park Repair,gasket,Broad,Ad group negative,Intent/appliance separation v3+
SZ_Search_BayArea_Hyper_ExactPhrase_2026_v3,Geo Menlo Park Repair,seal,Broad,Ad group negative,Intent/appliance separation v3+
SZ_Search_BayArea_Hyper_ExactPhrase_2026_v3,Geo Menlo Park Repair,hinge,Broad,Ad group negative,Intent/appliance separation v3+
SZ_Search_BayArea_Hyper_ExactPhrase_2026_v3,Geo Menlo Park Repair,handle,Broad,Ad group negative,Intent/appliance separation v3+
SZ_Search_BayArea_Hyper_ExactPhrase_2026_v3,Geo Menlo Park Repair,parts,Broad,Ad group negative,Intent/appliance separation v3+
SZ_Search_BayArea_Hyper_ExactPhrase_2026_v3,Geo Menlo Park Repair,manual,Broad,Ad group negative,Intent/appliance separation v3+
SZ_Search_BayArea_Hyper_ExactPhrase_2026_v3,Geo Menlo Park Repair,how to,Phrase,Ad group negative,Intent/appliance separation v3+
SZ_Search_BayArea_Hyper_ExactPhrase_2026_v3,Geo Menlo Park Repair,diy,Broad,Ad group negative,Intent/appliance separation v3+
SZ_Search_BayArea_Hyper_ExactPhrase_2026_v3,Geo Menlo Park Repair,buy,Broad,Ad group negative,Intent/appliance separation v3+
SZ_Search_BayArea_Hyper_ExactPhrase_2026_v3,Geo Menlo Park Repair,for sale,Phrase,Ad group negative,Intent/appliance separation v3+
SZ_Search_BayArea_Hyper_ExactPhrase_2026_v3,Refrigerator Emergency,door,Broad,Ad group negative,Intent/appliance separation v3+
SZ_Search_BayArea_Hyper_ExactPhrase_2026_v3,Refrigerator Emergency,gasket,Broad,Ad group negative,Intent/appliance separation v3+
SZ_Search_BayArea_Hyper_ExactPhrase_2026_v3,Refrigerator Emergency,seal,Broad,Ad group negative,Intent/appliance separation v3+
SZ_Search_BayArea_Hyper_ExactPhrase_2026_v3,Refrigerator Emergency,hinge,Broad,Ad group negative,Intent/appliance separation v3+
SZ_Search_BayArea_Hyper_ExactPhrase_2026_v3,Refrigerator Emergency,handle,Broad,Ad group negative,Intent/appliance separation v3+
SZ_Search_BayArea_Hyper_ExactPhrase_2026_v3,Refrigerator Emergency,parts,Broad,Ad group negative,Intent/appliance separation v3+
SZ_Search_BayArea_Hyper_ExactPhrase_2026_v3,Refrigerator Emergency,manual,Broad,Ad group negative,Intent/appliance separation v3+
SZ_Search_BayArea_Hyper_ExactPhrase_2026_v3,Refrigerator Emergency,how to,Phrase,Ad group negative,Intent/appliance separation v3+
SZ_Search_BayArea_Hyper_ExactPhrase_2026_v3,Refrigerator Emergency,diy,Broad,Ad group negative,Intent/appliance separation v3+
SZ_Search_BayArea_Hyper_ExactPhrase_2026_v3,Refrigerator Emergency,buy,Broad,Ad group negative,Intent/appliance separation v3+
SZ_Search_BayArea_Hyper_ExactPhrase_2026_v3,Refrigerator Emergency,for sale,Phrase,Ad group negative,Intent/appliance separation v3+
SZ_Search_BayArea_Hyper_ExactPhrase_2026_v3,Refrigerator Emergency,wine cooler,Phrase,Ad group negative,Intent/appliance separation v3+
SZ_Search_BayArea_Hyper_ExactPhrase_2026_v3,Refrigerator Emergency,ice maker,Phrase,Ad group negative,Intent/appliance separation v3+
SZ_Search_BayArea_Hyper_ExactPhrase_2026_v3,Refrigerator Emergency,freezer,Broad,Ad group negative,Intent/appliance separation v3+
SZ_Search_BayArea_Hyper_ExactPhrase_2026_v3,Refrigerator Emergency,fridge,Broad,Ad group negative,Intent/appliance separation v3+
SZ_Search_BayArea_Hyper_ExactPhrase_2026_v3,Fridge Same Day,door,Broad,Ad group negative,Intent/appliance separation v3+
SZ_Search_BayArea_Hyper_ExactPhrase_2026_v3,Fridge Same Day,gasket,Broad,Ad group negative,Intent/appliance separation v3+
SZ_Search_BayArea_Hyper_ExactPhrase_2026_v3,Fridge Same Day,seal,Broad,Ad group negative,Intent/appliance separation v3+
SZ_Search_BayArea_Hyper_ExactPhrase_2026_v3,Fridge Same Day,hinge,Broad,Ad group negative,Intent/appliance separation v3+
SZ_Search_BayArea_Hyper_ExactPhrase_2026_v3,Fridge Same Day,handle,Broad,Ad group negative,Intent/appliance separation v3+
SZ_Search_BayArea_Hyper_ExactPhrase_2026_v3,Fridge Same Day,parts,Broad,Ad group negative,Intent/appliance separation v3+
SZ_Search_BayArea_Hyper_ExactPhrase_2026_v3,Fridge Same Day,manual,Broad,Ad group negative,Intent/appliance separation v3+
SZ_Search_BayArea_Hyper_ExactPhrase_2026_v3,Fridge Same Day,how to,Phrase,Ad group negative,Intent/appliance separation v3+
SZ_Search_BayArea_Hyper_ExactPhrase_2026_v3,Fridge Same Day,diy,Broad,Ad group negative,Intent/appliance separation v3+
SZ_Search_BayArea_Hyper_ExactPhrase_2026_v3,Fridge Same Day,buy,Broad,Ad group negative,Intent/appliance separation v3+
SZ_Search_BayArea_Hyper_ExactPhrase_2026_v3,Fridge Same Day,for sale,Phrase,Ad group negative,Intent/appliance separation v3+
SZ_Search_BayArea_Hyper_ExactPhrase_2026_v3,Fridge Same Day,wine cooler,Phrase,Ad group negative,Intent/appliance separation v3+
SZ_Search_BayArea_Hyper_ExactPhrase_2026_v3,Fridge Same Day,ice maker,Phrase,Ad group negative,Intent/appliance separation v3+
SZ_Search_BayArea_Hyper_ExactPhrase_2026_v3,Fridge Same Day,freezer,Broad,Ad group negative,Intent/appliance separation v3+
SZ_Search_BayArea_Hyper_ExactPhrase_2026_v3,Fridge Same Day,refrigerator,Broad,Ad group negative,Intent/appliance separation v3+
SZ_Search_BayArea_Hyper_ExactPhrase_2026_v3,Freezer Same Day,door,Broad,Ad group negative,Intent/appliance separation v3+
SZ_Search_BayArea_Hyper_ExactPhrase_2026_v3,Freezer Same Day,gasket,Broad,Ad group negative,Intent/appliance separation v3+
SZ_Search_BayArea_Hyper_ExactPhrase_2026_v3,Freezer Same Day,seal,Broad,Ad group negative,Intent/appliance separation v3+
SZ_Search_BayArea_Hyper_ExactPhrase_2026_v3,Freezer Same Day,hinge,Broad,Ad group negative,Intent/appliance separation v3+
SZ_Search_BayArea_Hyper_ExactPhrase_2026_v3,Freezer Same Day,handle,Broad,Ad group negative,Intent/appliance separation v3+
SZ_Search_BayArea_Hyper_ExactPhrase_2026_v3,Freezer Same Day,parts,Broad,Ad group negative,Intent/appliance separation v3+
SZ_Search_BayArea_Hyper_ExactPhrase_2026_v3,Freezer Same Day,manual,Broad,Ad group negative,Intent/appliance separation v3+
SZ_Search_BayArea_Hyper_ExactPhrase_2026_v3,Freezer Same Day,how to,Phrase,Ad group negative,Intent/appliance separation v3+
SZ_Search_BayArea_Hyper_ExactPhrase_2026_v3,Freezer Same Day,diy,Broad,Ad group negative,Intent/appliance separation v3+
SZ_Search_BayArea_Hyper_ExactPhrase_2026_v3,Freezer Same Day,buy,Broad,Ad group negative,Intent/appliance separation v3+
SZ_Search_BayArea_Hyper_ExactPhrase_2026_v3,Freezer Same Day,for sale,Phrase,Ad group negative,Intent/appliance separation v3+
SZ_Search_BayArea_Hyper_ExactPhrase_2026_v3,Freezer Same Day,wine cooler,Phrase,Ad group negative,Intent/appliance separation v3+
SZ_Search_BayArea_Hyper_ExactPhrase_2026_v3,Freezer Same Day,ice maker,Phrase,Ad group negative,Intent/appliance separation v3+
SZ_Search_BayArea_Hyper_ExactPhrase_2026_v3,Freezer Same Day,fridge,Broad,Ad group negative,Intent/appliance separation v3+
SZ_Search_BayArea_Hyper_ExactPhrase_2026_v3,Freezer Same Day,refrigerator,Broad,Ad group negative,Intent/appliance separation v3+
SZ_Search_BayArea_Hyper_ExactPhrase_2026_v3,Ice Maker Same Day,door,Broad,Ad group negative,Intent/appliance separation v3+
SZ_Search_BayArea_Hyper_ExactPhrase_2026_v3,Ice Maker Same Day,gasket,Broad,Ad group negative,Intent/appliance separation v3+
SZ_Search_BayArea_Hyper_ExactPhrase_2026_v3,Ice Maker Same Day,seal,Broad,Ad group negative,Intent/appliance separation v3+
SZ_Search_BayArea_Hyper_ExactPhrase_2026_v3,Ice Maker Same Day,hinge,Broad,Ad group negative,Intent/appliance separation v3+
SZ_Search_BayArea_Hyper_ExactPhrase_2026_v3,Ice Maker Same Day,handle,Broad,Ad group negative,Intent/appliance separation v3+
SZ_Search_BayArea_Hyper_ExactPhrase_2026_v3,Ice Maker Same Day,parts,Broad,Ad group negative,Intent/appliance separation v3+
SZ_Search_BayArea_Hyper_ExactPhrase_2026_v3,Ice Maker Same Day,manual,Broad,Ad group negative,Intent/appliance separation v3+
SZ_Search_BayArea_Hyper_ExactPhrase_2026_v3,Ice Maker Same Day,how to,Phrase,Ad group negative,Intent/appliance separation v3+
SZ_Search_BayArea_Hyper_ExactPhrase_2026_v3,Ice Maker Same Day,diy,Broad,Ad group negative,Intent/appliance separation v3+
SZ_Search_BayArea_Hyper_ExactPhrase_2026_v3,Ice Maker Same Day,buy,Broad,Ad group negative,Intent/appliance separation v3+
SZ_Search_BayArea_Hyper_ExactPhrase_2026_v3,Ice Maker Same Day,for sale,Phrase,Ad group negative,Intent/appliance separation v3+
SZ_Search_BayArea_Hyper_ExactPhrase_2026_v3,Ice Maker Same Day,wine cooler,Phrase,Ad group negative,Intent/appliance separation v3+
SZ_Search_BayArea_Hyper_ExactPhrase_2026_v3,Ice Maker Same Day,freezer,Broad,Ad group negative,Intent/appliance separation v3+
SZ_Search_BayArea_Hyper_ExactPhrase_2026_v3,Ice Maker Same Day,fridge,Broad,Ad group negative,Intent/appliance separation v3+
SZ_Search_BayArea_Hyper_ExactPhrase_2026_v3,Ice Maker Same Day,refrigerator,Broad,Ad group negative,Intent/appliance separation v3+
SZ_Search_BayArea_Hyper_ExactPhrase_2026_v3,Wine Cooler Same Day,door,Broad,Ad group negative,Intent/appliance separation v3+
SZ_Search_BayArea_Hyper_ExactPhrase_2026_v3,Wine Cooler Same Day,gasket,Broad,Ad group negative,Intent/appliance separation v3+
SZ_Search_BayArea_Hyper_ExactPhrase_2026_v3,Wine Cooler Same Day,seal,Broad,Ad group negative,Intent/appliance separation v3+
SZ_Search_BayArea_Hyper_ExactPhrase_2026_v3,Wine Cooler Same Day,hinge,Broad,Ad group negative,Intent/appliance separation v3+
SZ_Search_BayArea_Hyper_ExactPhrase_2026_v3,Wine Cooler Same Day,handle,Broad,Ad group negative,Intent/appliance separation v3+
SZ_Search_BayArea_Hyper_ExactPhrase_2026_v3,Wine Cooler Same Day,parts,Broad,Ad group negative,Intent/appliance separation v3+
SZ_Search_BayArea_Hyper_ExactPhrase_2026_v3,Wine Cooler Same Day,manual,Broad,Ad group negative,Intent/appliance separation v3+
SZ_Search_BayArea_Hyper_ExactPhrase_2026_v3,Wine Cooler Same Day,how to,Phrase,Ad group negative,Intent/appliance separation v3+
SZ_Search_BayArea_Hyper_ExactPhrase_2026_v3,Wine Cooler Same Day,diy,Broad,Ad group negative,Intent/appliance separation v3+
SZ_Search_BayArea_Hyper_ExactPhrase_2026_v3,Wine Cooler Same Day,buy,Broad,Ad group negative,Intent/appliance separation v3+
SZ_Search_BayArea_Hyper_ExactPhrase_2026_v3,Wine Cooler Same Day,for sale,Phrase,Ad group negative,Intent/appliance separation v3+
SZ_Search_BayArea_Hyper_ExactPhrase_2026_v3,Wine Cooler Same Day,ice maker,Phrase,Ad group negative,Intent/appliance separation v3+
SZ_Search_BayArea_Hyper_ExactPhrase_2026_v3,Wine Cooler Same Day,freezer,Broad,Ad group negative,Intent/appliance separation v3+
SZ_Search_BayArea_Hyper_ExactPhrase_2026_v3,Wine Cooler Same Day,fridge,Broad,Ad group negative,Intent/appliance separation v3+
SZ_Search_BayArea_Hyper_ExactPhrase_2026_v3,Wine Cooler Same Day,refrigerator,Broad,Ad group negative,Intent/appliance separation v3+
SZ_Search_BayArea_Hyper_ExactPhrase_2026_v3,Refrigerator Service Call,door,Broad,Ad group negative,Intent/appliance separation v3+
SZ_Search_BayArea_Hyper_ExactPhrase_2026_v3,Refrigerator Service Call,gasket,Broad,Ad group negative,Intent/appliance separation v3+
SZ_Search_BayArea_Hyper_ExactPhrase_2026_v3,Refrigerator Service Call,seal,Broad,Ad group negative,Intent/appliance separation v3+
SZ_Search_BayArea_Hyper_ExactPhrase_2026_v3,Refrigerator Service Call,hinge,Broad,Ad group negative,Intent/appliance separation v3+
SZ_Search_BayArea_Hyper_ExactPhrase_2026_v3,Refrigerator Service Call,handle,Broad,Ad group negative,Intent/appliance separation v3+
SZ_Search_BayArea_Hyper_ExactPhrase_2026_v3,Refrigerator Service Call,parts,Broad,Ad group negative,Intent/appliance separation v3+
SZ_Search_BayArea_Hyper_ExactPhrase_2026_v3,Refrigerator Service Call,manual,Broad,Ad group negative,Intent/appliance separation v3+
SZ_Search_BayArea_Hyper_ExactPhrase_2026_v3,Refrigerator Service Call,how to,Phrase,Ad group negative,Intent/appliance separation v3+
SZ_Search_BayArea_Hyper_ExactPhrase_2026_v3,Refrigerator Service Call,diy,Broad,Ad group negative,Intent/appliance separation v3+
SZ_Search_BayArea_Hyper_ExactPhrase_2026_v3,Refrigerator Service Call,buy,Broad,Ad group negative,Intent/appliance separation v3+
SZ_Search_BayArea_Hyper_ExactPhrase_2026_v3,Refrigerator Service Call,for sale,Phrase,Ad group negative,Intent/appliance separation v3+
SZ_Search_BayArea_Hyper_ExactPhrase_2026_v3,Refrigerator Service Call,wine cooler,Phrase,Ad group negative,Intent/appliance separation v3+
SZ_Search_BayArea_Hyper_ExactPhrase_2026_v3,Refrigerator Service Call,ice maker,Phrase,Ad group negative,Intent/appliance separation v3+
SZ_Search_BayArea_Hyper_ExactPhrase_2026_v3,Refrigerator Service Call,freezer,Broad,Ad group negative,Intent/appliance separation v3+
SZ_Search_BayArea_Hyper_ExactPhrase_2026_v3,Refrigerator Service Call,fridge,Broad,Ad group negative,Intent/appliance separation v3+
