Campaign,Ad Group,Keyword,Criterion Type,Max CPC,Final URL,Campaign Status,Ad Group Status,Status,Comment
SZ_Search_BayArea_ULTRA3000_Broad,Core Emergency,24 hour sub zero repair,Broad,46.00,https://appliancepros.netlify.app/subzero/,Enabled,Enabled,Enabled,Core Emergency | Broad
SZ_Search_BayArea_ULTRA3000_Broad,Core Brand Repair,appliance repair sub zero,Broad,35.00,https://appliancepros.netlify.app/subzero/,Enabled,Enabled,Enabled,Core Brand Repair | Broad
SZ_Search_BayArea_ULTRA3000_Broad,Core Near Me,appliance repair sub zero near me,Broad,42.00,https://appliancepros.netlify.app/subzero/,Enabled,Enabled,Enabled,Core Near Me | Broad
SZ_Search_BayArea_ULTRA3000_Broad,Core Brand Repair,best sub zero appliance repair,Broad,35.00,https://appliancepros.netlify.app/subzero/,Enabled,Enabled,Enabled,Core Brand Repair | Broad
SZ_Search_BayArea_ULTRA3000_Broad,Core Near Me,best sub zero appliance repair near me,Broad,42.00,https://appliancepros.netlify.app/subzero/,Enabled,Enabled,Enabled,Core Near Me | Broad
SZ_Search_BayArea_ULTRA3000_Broad,Core Near Me,best sub zero refrigerator repair near me,Broad,42.00,https://appliancepros.netlify.app/subzero/,Enabled,Enabled,Enabled,Core Near Me | Broad
SZ_Search_BayArea_ULTRA3000_Broad,Core Brand Repair,best sub zero repair,Broad,35.00,https://appliancepros.netlify.app/subzero/,Enabled,Enabled,Enabled,Core Brand Repair | Broad
SZ_Search_BayArea_ULTRA3000_Broad,Core Near Me,best sub zero repair near me,Broad,42.00,https://appliancepros.netlify.app/subzero/,Enabled,Enabled,Enabled,Core Near Me | Broad
SZ_Search_BayArea_ULTRA3000_Broad,Core Brand Service,best sub zero service,Broad,33.00,https://appliancepros.netlify.app/subzero/,Enabled,Enabled,Enabled,Core Brand Service | Broad
SZ_Search_BayArea_ULTRA3000_Broad,Core Brand Repair,call sub zero appliance repair,Broad,35.00,https://appliancepros.netlify.app/subzero/,Enabled,Enabled,Enabled,Core Brand Repair | Broad
SZ_Search_BayArea_ULTRA3000_Broad,Core Brand Repair,centric sub zero repair,Broad,35.00,https://appliancepros.netlify.app/subzero/,Enabled,Enabled,Enabled,Core Brand Repair | Broad
SZ_Search_BayArea_ULTRA3000_Broad,Core Brand Repair,cooling off sub zero refrigerator,Broad,35.00,https://appliancepros.netlify.app/subzero/,Enabled,Enabled,Enabled,Core Brand Repair | Broad
SZ_Search_BayArea_ULTRA3000_Broad,Core Emergency,emergency sub zero repair,Broad,46.00,https://appliancepros.netlify.app/subzero/,Enabled,Enabled,Enabled,Core Emergency | Broad
SZ_Search_BayArea_ULTRA3000_Broad,Core Near Me,find sub zero appliance repair near me,Broad,42.00,https://appliancepros.netlify.app/subzero/,Enabled,Enabled,Enabled,Core Near Me | Broad
SZ_Search_BayArea_ULTRA3000_Broad,Ice Maker Repair,fix ice maker sub zero refrigerator,Broad,40.00,https://appliancepros.netlify.app/subzero/,Enabled,Enabled,Enabled,Ice Maker Repair | Broad
SZ_Search_BayArea_ULTRA3000_Broad,Core Brand Repair,fix sub zero,Broad,35.00,https://appliancepros.netlify.app/subzero/,Enabled,Enabled,Enabled,Core Brand Repair | Broad
SZ_Search_BayArea_ULTRA3000_Broad,Freezer Repair,fix sub zero freezer,Broad,35.00,https://appliancepros.netlify.app/subzero/,Enabled,Enabled,Enabled,Freezer Repair | Broad
SZ_Search_BayArea_ULTRA3000_Broad,Fridge Repair,fix sub zero fridge,Broad,35.00,https://appliancepros.netlify.app/subzero/,Enabled,Enabled,Enabled,Fridge Repair | Broad
SZ_Search_BayArea_ULTRA3000_Broad,Ice Maker Repair,fix sub zero ice maker,Broad,40.00,https://appliancepros.netlify.app/subzero/,Enabled,Enabled,Enabled,Ice Maker Repair | Broad
SZ_Search_BayArea_ULTRA3000_Broad,Refrigerator Repair,fix sub zero refrigerator,Broad,35.00,https://appliancepros.netlify.app/subzero/,Enabled,Enabled,Enabled,Refrigerator Repair | Broad
SZ_Search_BayArea_ULTRA3000_Broad,Ice Maker Repair,fixing ice maker on sub zero refrigerator,Broad,40.00,https://appliancepros.netlify.app/subzero/,Enabled,Enabled,Enabled,Ice Maker Repair | Broad
SZ_Search_BayArea_ULTRA3000_Broad,Not Cooling Issues,freezer cold fridge warm sub zero,Broad,40.00,https://appliancepros.netlify.app/subzero/,Enabled,Enabled,Enabled,Not Cooling Issues | Broad
SZ_Search_BayArea_ULTRA3000_Broad,Core Brand Repair,freezer working but not fridge sub zero,Broad,35.00,https://appliancepros.netlify.app/subzero/,Enabled,Enabled,Enabled,Core Brand Repair | Broad
SZ_Search_BayArea_ULTRA3000_Broad,Core Brand Repair,freezer works but sub zero refrigerator is warm,Broad,35.00,https://appliancepros.netlify.app/subzero/,Enabled,Enabled,Enabled,Core Brand Repair | Broad
SZ_Search_BayArea_ULTRA3000_Broad,Not Cooling Issues,fridge not cooling but light is on sub zero,Broad,40.00,https://appliancepros.netlify.app/subzero/,Enabled,Enabled,Enabled,Not Cooling Issues | Broad
SZ_Search_BayArea_ULTRA3000_Broad,Freezer Repair,how to fix sub zero freezer,Broad,35.00,https://appliancepros.netlify.app/subzero/,Enabled,Enabled,Enabled,Freezer Repair | Broad
SZ_Search_BayArea_ULTRA3000_Broad,Fridge Repair,how to fix sub zero fridge,Broad,35.00,https://appliancepros.netlify.app/subzero/,Enabled,Enabled,Enabled,Fridge Repair | Broad
SZ_Search_BayArea_ULTRA3000_Broad,Ice Maker Repair,how to fix sub zero ice maker,Broad,40.00,https://appliancepros.netlify.app/subzero/,Enabled,Enabled,Enabled,Ice Maker Repair | Broad
SZ_Search_BayArea_ULTRA3000_Broad,Ice Maker Repair,how to repair a sub zero ice maker,Broad,40.00,https://appliancepros.netlify.app/subzero/,Enabled,Enabled,Enabled,Ice Maker Repair | Broad
SZ_Search_BayArea_ULTRA3000_Broad,Refrigerator Repair,how to repair sub zero refrigerator,Broad,35.00,https://appliancepros.netlify.app/subzero/,Enabled,Enabled,Enabled,Refrigerator Repair | Broad
SZ_Search_BayArea_ULTRA3000_Broad,Core Brand Repair,how to troubleshoot sub zero ice maker,Broad,35.00,https://appliancepros.netlify.app/subzero/,Enabled,Enabled,Enabled,Core Brand Repair | Broad
SZ_Search_BayArea_ULTRA3000_Broad,Core Brand Repair,ice machine not making ice sub zero,Broad,35.00,https://appliancepros.netlify.app/subzero/,Enabled,Enabled,Enabled,Core Brand Repair | Broad
SZ_Search_BayArea_ULTRA3000_Broad,Core Brand Repair,ice maker broken sub zero refrigerator,Broad,35.00,https://appliancepros.netlify.app/subzero/,Enabled,Enabled,Enabled,Core Brand Repair | Broad
SZ_Search_BayArea_ULTRA3000_Broad,Not Working Issues,ice maker in sub zero fridge not working,Broad,35.00,https://appliancepros.netlify.app/subzero/,Enabled,Enabled,Enabled,Not Working Issues | Broad
SZ_Search_BayArea_ULTRA3000_Broad,Not Working Issues,ice maker in sub zero refrigerator not working,Broad,35.00,https://appliancepros.netlify.app/subzero/,Enabled,Enabled,Enabled,Not Working Issues | Broad
SZ_Search_BayArea_ULTRA3000_Broad,Core Brand Repair,ice maker not making ice sub zero,Broad,35.00,https://appliancepros.netlify.app/subzero/,Enabled,Enabled,Enabled,Core Brand Repair | Broad
SZ_Search_BayArea_ULTRA3000_Broad,Not Working Issues,ice maker not working in sub zero refrigerator,Broad,35.00,https://appliancepros.netlify.app/subzero/,Enabled,Enabled,Enabled,Not Working Issues | Broad
SZ_Search_BayArea_ULTRA3000_Broad,Not Working Issues,ice maker not working on sub zero french door refrigerator,Broad,35.00,https://appliancepros.netlify.app/subzero/,Enabled,Enabled,Enabled,Not Working Issues | Broad
SZ_Search_BayArea_ULTRA3000_Broad,Not Working Issues,ice maker not working on sub zero fridge,Broad,35.00,https://appliancepros.netlify.app/subzero/,Enabled,Enabled,Enabled,Not Working Issues | Broad
SZ_Search_BayArea_ULTRA3000_Broad,Not Working Issues,ice maker not working on sub zero refrigerator,Broad,35.00,https://appliancepros.netlify.app/subzero/,Enabled,Enabled,Enabled,Not Working Issues | Broad
SZ_Search_BayArea_ULTRA3000_Broad,Not Working Issues,ice maker not working sub zero,Broad,35.00,https://appliancepros.netlify.app/subzero/,Enabled,Enabled,Enabled,Not Working Issues | Broad
SZ_Search_BayArea_ULTRA3000_Broad,Not Working Issues,ice maker not working sub zero refrigerator,Broad,35.00,https://appliancepros.netlify.app/subzero/,Enabled,Enabled,Enabled,Not Working Issues | Broad
SZ_Search_BayArea_ULTRA3000_Broad,Not Working Issues,ice maker on sub zero fridge not working,Broad,35.00,https://appliancepros.netlify.app/subzero/,Enabled,Enabled,Enabled,Not Working Issues | Broad
SZ_Search_BayArea_ULTRA3000_Broad,Core Brand Repair,ice maker quit working sub zero refrigerator,Broad,35.00,https://appliancepros.netlify.app/subzero/,Enabled,Enabled,Enabled,Core Brand Repair | Broad
SZ_Search_BayArea_ULTRA3000_Broad,Core Brand Repair,ice maker stopped making ice sub zero,Broad,35.00,https://appliancepros.netlify.app/subzero/,Enabled,Enabled,Enabled,Core Brand Repair | Broad
SZ_Search_BayArea_ULTRA3000_Broad,Core Brand Repair,ice maker sub zero not making ice,Broad,35.00,https://appliancepros.netlify.app/subzero/,Enabled,Enabled,Enabled,Core Brand Repair | Broad
SZ_Search_BayArea_ULTRA3000_Broad,Not Working Issues,ice maker sub zero not working,Broad,35.00,https://appliancepros.netlify.app/subzero/,Enabled,Enabled,Enabled,Not Working Issues | Broad
SZ_Search_BayArea_ULTRA3000_Broad,Core Brand Repair,ice not coming out of sub zero fridge,Broad,35.00,https://appliancepros.netlify.app/subzero/,Enabled,Enabled,Enabled,Core Brand Repair | Broad
SZ_Search_BayArea_ULTRA3000_Broad,Not Working Issues,in door sub zero ice maker not working,Broad,35.00,https://appliancepros.netlify.app/subzero/,Enabled,Enabled,Enabled,Not Working Issues | Broad
SZ_Search_BayArea_ULTRA3000_Broad,Core Brand Repair,local sub zero appliance repair,Broad,35.00,https://appliancepros.netlify.app/subzero/,Enabled,Enabled,Enabled,Core Brand Repair | Broad
SZ_Search_BayArea_ULTRA3000_Broad,Core Near Me,local sub zero appliance repair near me,Broad,42.00,https://appliancepros.netlify.app/subzero/,Enabled,Enabled,Enabled,Core Near Me | Broad
SZ_Search_BayArea_ULTRA3000_Broad,Core Brand Repair,local sub zero repair service,Broad,35.00,https://appliancepros.netlify.app/subzero/,Enabled,Enabled,Enabled,Core Brand Repair | Broad
SZ_Search_BayArea_ULTRA3000_Broad,Not Freezing Issues,my sub zero freezer is not freezing,Broad,40.00,https://appliancepros.netlify.app/subzero/,Enabled,Enabled,Enabled,Not Freezing Issues | Broad
SZ_Search_BayArea_ULTRA3000_Broad,Not Freezing Issues,my sub zero freezer not freezing,Broad,40.00,https://appliancepros.netlify.app/subzero/,Enabled,Enabled,Enabled,Not Freezing Issues | Broad
SZ_Search_BayArea_ULTRA3000_Broad,Not Cooling Issues,my sub zero fridge is not cooling,Broad,40.00,https://appliancepros.netlify.app/subzero/,Enabled,Enabled,Enabled,Not Cooling Issues | Broad
SZ_Search_BayArea_ULTRA3000_Broad,Core Brand Repair,my sub zero fridge is not making ice,Broad,35.00,https://appliancepros.netlify.app/subzero/,Enabled,Enabled,Enabled,Core Brand Repair | Broad
SZ_Search_BayArea_ULTRA3000_Broad,Core Brand Repair,my sub zero fridge isn t making ice,Broad,35.00,https://appliancepros.netlify.app/subzero/,Enabled,Enabled,Enabled,Core Brand Repair | Broad
SZ_Search_BayArea_ULTRA3000_Broad,Not Cooling Issues,my sub zero fridge not cooling,Broad,40.00,https://appliancepros.netlify.app/subzero/,Enabled,Enabled,Enabled,Not Cooling Issues | Broad
SZ_Search_BayArea_ULTRA3000_Broad,Core Brand Repair,my sub zero fridge stopped making ice,Broad,35.00,https://appliancepros.netlify.app/subzero/,Enabled,Enabled,Enabled,Core Brand Repair | Broad
SZ_Search_BayArea_ULTRA3000_Broad,Core Brand Repair,my sub zero ice maker is not making ice,Broad,35.00,https://appliancepros.netlify.app/subzero/,Enabled,Enabled,Enabled,Core Brand Repair | Broad
SZ_Search_BayArea_ULTRA3000_Broad,Not Working Issues,my sub zero ice maker is not working,Broad,35.00,https://appliancepros.netlify.app/subzero/,Enabled,Enabled,Enabled,Not Working Issues | Broad
SZ_Search_BayArea_ULTRA3000_Broad,Core Brand Repair,my sub zero ice maker stopped making ice,Broad,35.00,https://appliancepros.netlify.app/subzero/,Enabled,Enabled,Enabled,Core Brand Repair | Broad
SZ_Search_BayArea_ULTRA3000_Broad,Not Working Issues,my sub zero ice maker stopped working,Broad,35.00,https://appliancepros.netlify.app/subzero/,Enabled,Enabled,Enabled,Not Working Issues | Broad
SZ_Search_BayArea_ULTRA3000_Broad,Core Brand Repair,my sub zero is not making ice,Broad,35.00,https://appliancepros.netlify.app/subzero/,Enabled,Enabled,Enabled,Core Brand Repair | Broad
SZ_Search_BayArea_ULTRA3000_Broad,Not Freezing Issues,my sub zero refrigerator freezer is not freezing,Broad,40.00,https://appliancepros.netlify.app/subzero/,Enabled,Enabled,Enabled,Not Freezing Issues | Broad
SZ_Search_BayArea_ULTRA3000_Broad,Not Cooling Issues,my sub zero refrigerator is not cold enough,Broad,40.00,https://appliancepros.netlify.app/subzero/,Enabled,Enabled,Enabled,Not Cooling Issues | Broad
SZ_Search_BayArea_ULTRA3000_Broad,Not Cooling Issues,my sub zero refrigerator is not cooling,Broad,40.00,https://appliancepros.netlify.app/subzero/,Enabled,Enabled,Enabled,Not Cooling Issues | Broad
SZ_Search_BayArea_ULTRA3000_Broad,Core Brand Repair,my sub zero refrigerator is not dispensing ice,Broad,35.00,https://appliancepros.netlify.app/subzero/,Enabled,Enabled,Enabled,Core Brand Repair | Broad
SZ_Search_BayArea_ULTRA3000_Broad,Core Brand Repair,my sub zero refrigerator is not making ice,Broad,35.00,https://appliancepros.netlify.app/subzero/,Enabled,Enabled,Enabled,Core Brand Repair | Broad
SZ_Search_BayArea_ULTRA3000_Broad,Not Working Issues,my sub zero refrigerator is not working,Broad,35.00,https://appliancepros.netlify.app/subzero/,Enabled,Enabled,Enabled,Not Working Issues | Broad
SZ_Search_BayArea_ULTRA3000_Broad,Core Brand Repair,my sub zero refrigerator stopped making ice,Broad,35.00,https://appliancepros.netlify.app/subzero/,Enabled,Enabled,Enabled,Core Brand Repair | Broad
SZ_Search_BayArea_ULTRA3000_Broad,Not Cooling Issues,my sub zero wine fridge not cooling,Broad,40.00,https://appliancepros.netlify.app/subzero/,Enabled,Enabled,Enabled,Not Cooling Issues | Broad
SZ_Search_BayArea_ULTRA3000_Broad,Not Cooling Issues,new sub zero fridge not cooling,Broad,40.00,https://appliancepros.netlify.app/subzero/,Enabled,Enabled,Enabled,Not Cooling Issues | Broad
SZ_Search_BayArea_ULTRA3000_Broad,Core Brand Repair,new sub zero fridge not making ice,Broad,35.00,https://appliancepros.netlify.app/subzero/,Enabled,Enabled,Enabled,Core Brand Repair | Broad
SZ_Search_BayArea_ULTRA3000_Broad,Not Working Issues,new sub zero ice maker not working,Broad,35.00,https://appliancepros.netlify.app/subzero/,Enabled,Enabled,Enabled,Not Working Issues | Broad
SZ_Search_BayArea_ULTRA3000_Broad,Not Cooling Issues,new sub zero refrigerator not cooling,Broad,40.00,https://appliancepros.netlify.app/subzero/,Enabled,Enabled,Enabled,Not Cooling Issues | Broad
SZ_Search_BayArea_ULTRA3000_Broad,Core Brand Repair,new sub zero refrigerator not getting cold,Broad,35.00,https://appliancepros.netlify.app/subzero/,Enabled,Enabled,Enabled,Core Brand Repair | Broad
SZ_Search_BayArea_ULTRA3000_Broad,Core Brand Repair,new sub zero refrigerator not making ice,Broad,35.00,https://appliancepros.netlify.app/subzero/,Enabled,Enabled,Enabled,Core Brand Repair | Broad
SZ_Search_BayArea_ULTRA3000_Broad,Not Cooling Issues,old sub zero fridge not cooling,Broad,40.00,https://appliancepros.netlify.app/subzero/,Enabled,Enabled,Enabled,Not Cooling Issues | Broad
SZ_Search_BayArea_ULTRA3000_Broad,Core Brand Repair,problems with sub zero refrigerators,Broad,35.00,https://appliancepros.netlify.app/subzero/,Enabled,Enabled,Enabled,Core Brand Repair | Broad
SZ_Search_BayArea_ULTRA3000_Broad,Core Brand Repair,professional sub zero repair,Broad,35.00,https://appliancepros.netlify.app/subzero/,Enabled,Enabled,Enabled,Core Brand Repair | Broad
SZ_Search_BayArea_ULTRA3000_Broad,Not Cooling Issues,refrigerator not cooling sub zero,Broad,40.00,https://appliancepros.netlify.app/subzero/,Enabled,Enabled,Enabled,Not Cooling Issues | Broad
SZ_Search_BayArea_ULTRA3000_Broad,Core Near Me,refrigerator repair near me sub zero,Broad,42.00,https://appliancepros.netlify.app/subzero/,Enabled,Enabled,Enabled,Core Near Me | Broad
SZ_Search_BayArea_ULTRA3000_Broad,Refrigerator Repair,refrigerator repair service sub zero,Broad,35.00,https://appliancepros.netlify.app/subzero/,Enabled,Enabled,Enabled,Refrigerator Repair | Broad
SZ_Search_BayArea_ULTRA3000_Broad,Ice Maker Repair,repair ice maker on sub zero refrigerator,Broad,40.00,https://appliancepros.netlify.app/subzero/,Enabled,Enabled,Enabled,Ice Maker Repair | Broad
SZ_Search_BayArea_ULTRA3000_Broad,Ice Maker Repair,repair ice maker sub zero,Broad,40.00,https://appliancepros.netlify.app/subzero/,Enabled,Enabled,Enabled,Ice Maker Repair | Broad
SZ_Search_BayArea_ULTRA3000_Broad,Ice Maker Repair,repair ice maker sub zero refrigerator,Broad,40.00,https://appliancepros.netlify.app/subzero/,Enabled,Enabled,Enabled,Ice Maker Repair | Broad
SZ_Search_BayArea_ULTRA3000_Broad,Refrigerator Repair,repair service sub zero refrigerator,Broad,35.00,https://appliancepros.netlify.app/subzero/,Enabled,Enabled,Enabled,Refrigerator Repair | Broad
SZ_Search_BayArea_ULTRA3000_Broad,Core Brand Repair,repair sub zero,Broad,35.00,https://appliancepros.netlify.app/subzero/,Enabled,Enabled,Enabled,Core Brand Repair | Broad
SZ_Search_BayArea_ULTRA3000_Broad,Ice Maker Repair,repair sub zero ice maker,Broad,40.00,https://appliancepros.netlify.app/subzero/,Enabled,Enabled,Enabled,Ice Maker Repair | Broad
SZ_Search_BayArea_ULTRA3000_Broad,Refrigerator Repair,repair sub zero monogram refrigerator,Broad,35.00,https://appliancepros.netlify.app/subzero/,Enabled,Enabled,Enabled,Refrigerator Repair | Broad
SZ_Search_BayArea_ULTRA3000_Broad,Refrigerator Repair,repair sub zero refrigerator,Broad,35.00,https://appliancepros.netlify.app/subzero/,Enabled,Enabled,Enabled,Refrigerator Repair | Broad
SZ_Search_BayArea_ULTRA3000_Broad,Core Technician,repairman for sub zero refrigerator,Broad,35.00,https://appliancepros.netlify.app/subzero/,Enabled,Enabled,Enabled,Core Technician | Broad
SZ_Search_BayArea_ULTRA3000_Broad,Core Emergency,same day sub zero repair,Broad,46.00,https://appliancepros.netlify.app/subzero/,Enabled,Enabled,Enabled,Core Emergency | Broad
SZ_Search_BayArea_ULTRA3000_Broad,Geo SanFrancisco Repair,san francisco sub zero appliance repair,Broad,39.00,https://appliancepros.netlify.app/subzero/,Enabled,Enabled,Enabled,Geo SanFrancisco Repair | Broad
SZ_Search_BayArea_ULTRA3000_Broad,Geo SanFrancisco Repair,san francisco subzero appliance repair,Broad,39.00,https://appliancepros.netlify.app/subzero/,Enabled,Enabled,Enabled,Geo SanFrancisco Repair | Broad
SZ_Search_BayArea_ULTRA3000_Broad,Geo SanJose Repair,san jose sub zero appliance repair,Broad,39.00,https://appliancepros.netlify.app/subzero/,Enabled,Enabled,Enabled,Geo SanJose Repair | Broad
SZ_Search_BayArea_ULTRA3000_Broad,Core Brand Service,service central sub zero,Broad,33.00,https://appliancepros.netlify.app/subzero/,Enabled,Enabled,Enabled,Core Brand Service | Broad
SZ_Search_BayArea_ULTRA3000_Broad,Core Brand Service,service ice sub zero,Broad,33.00,https://appliancepros.netlify.app/subzero/,Enabled,Enabled,Enabled,Core Brand Service | Broad
SZ_Search_BayArea_ULTRA3000_Broad,Core Brand Service,service sub zero appliances,Broad,33.00,https://appliancepros.netlify.app/subzero/,Enabled,Enabled,Enabled,Core Brand Service | Broad
SZ_Search_BayArea_ULTRA3000_Broad,Core Brand Repair,servicing sub zero,Broad,35.00,https://appliancepros.netlify.app/subzero/,Enabled,Enabled,Enabled,Core Brand Repair | Broad
SZ_Search_BayArea_ULTRA3000_Broad,Core Brand Repair,sub zero apliance repair,Broad,35.00,https://appliancepros.netlify.app/subzero/,Enabled,Enabled,Enabled,Core Brand Repair | Broad
SZ_Search_BayArea_ULTRA3000_Broad,Core Brand Repair,sub zero appliance care,Broad,35.00,https://appliancepros.netlify.app/subzero/,Enabled,Enabled,Enabled,Core Brand Repair | Broad
SZ_Search_BayArea_ULTRA3000_Broad,Core Maintenance,sub zero appliance maintenance,Broad,33.00,https://appliancepros.netlify.app/subzero/,Enabled,Enabled,Enabled,Core Maintenance | Broad
SZ_Search_BayArea_ULTRA3000_Broad,Core Brand Repair,sub zero appliance repair,Broad,35.00,https://appliancepros.netlify.app/subzero/,Enabled,Enabled,Enabled,Core Brand Repair | Broad
SZ_Search_BayArea_ULTRA3000_Broad,Core Brand Repair,sub zero appliance repair appointment,Broad,35.00,https://appliancepros.netlify.app/subzero/,Enabled,Enabled,Enabled,Core Brand Repair | Broad
SZ_Search_BayArea_ULTRA3000_Broad,Core Brand Repair,sub zero appliance repair cost,Broad,35.00,https://appliancepros.netlify.app/subzero/,Enabled,Enabled,Enabled,Core Brand Repair | Broad
SZ_Search_BayArea_ULTRA3000_Broad,Core Brand Repair,sub zero appliance repair dc,Broad,35.00,https://appliancepros.netlify.app/subzero/,Enabled,Enabled,Enabled,Core Brand Repair | Broad
SZ_Search_BayArea_ULTRA3000_Broad,Geo Alameda Repair,sub zero appliance repair in alameda,Broad,39.00,https://appliancepros.netlify.app/subzero/,Enabled,Enabled,Enabled,Geo Alameda Repair | Broad
SZ_Search_BayArea_ULTRA3000_Broad,Geo Belmont Repair,sub zero appliance repair in belmont,Broad,39.00,https://appliancepros.netlify.app/subzero/,Enabled,Enabled,Enabled,Geo Belmont Repair | Broad
SZ_Search_BayArea_ULTRA3000_Broad,Geo Berkeley Repair,sub zero appliance repair in berkeley,Broad,39.00,https://appliancepros.netlify.app/subzero/,Enabled,Enabled,Enabled,Geo Berkeley Repair | Broad
SZ_Search_BayArea_ULTRA3000_Broad,Geo Burlingame Repair,sub zero appliance repair in burlingame,Broad,39.00,https://appliancepros.netlify.app/subzero/,Enabled,Enabled,Enabled,Geo Burlingame Repair | Broad
SZ_Search_BayArea_ULTRA3000_Broad,Geo Campbell Repair,sub zero appliance repair in campbell,Broad,39.00,https://appliancepros.netlify.app/subzero/,Enabled,Enabled,Enabled,Geo Campbell Repair | Broad
SZ_Search_BayArea_ULTRA3000_Broad,Geo CastroValley Repair,sub zero appliance repair in castro valley,Broad,39.00,https://appliancepros.netlify.app/subzero/,Enabled,Enabled,Enabled,Geo CastroValley Repair | Broad
SZ_Search_BayArea_ULTRA3000_Broad,Geo Concord Repair,sub zero appliance repair in concord,Broad,39.00,https://appliancepros.netlify.app/subzero/,Enabled,Enabled,Enabled,Geo Concord Repair | Broad
SZ_Search_BayArea_ULTRA3000_Broad,Geo Cupertino Repair,sub zero appliance repair in cupertino,Broad,39.00,https://appliancepros.netlify.app/subzero/,Enabled,Enabled,Enabled,Geo Cupertino Repair | Broad
SZ_Search_BayArea_ULTRA3000_Broad,Geo DalyCity Repair,sub zero appliance repair in daly city,Broad,39.00,https://appliancepros.netlify.app/subzero/,Enabled,Enabled,Enabled,Geo DalyCity Repair | Broad
SZ_Search_BayArea_ULTRA3000_Broad,Geo Emeryville Repair,sub zero appliance repair in emeryville,Broad,39.00,https://appliancepros.netlify.app/subzero/,Enabled,Enabled,Enabled,Geo Emeryville Repair | Broad
SZ_Search_BayArea_ULTRA3000_Broad,Geo FosterCity Repair,sub zero appliance repair in foster city,Broad,39.00,https://appliancepros.netlify.app/subzero/,Enabled,Enabled,Enabled,Geo FosterCity Repair | Broad
SZ_Search_BayArea_ULTRA3000_Broad,Geo Fremont Repair,sub zero appliance repair in fremont,Broad,39.00,https://appliancepros.netlify.app/subzero/,Enabled,Enabled,Enabled,Geo Fremont Repair | Broad
SZ_Search_BayArea_ULTRA3000_Broad,Geo Hayward Repair,sub zero appliance repair in hayward,Broad,39.00,https://appliancepros.netlify.app/subzero/,Enabled,Enabled,Enabled,Geo Hayward Repair | Broad
SZ_Search_BayArea_ULTRA3000_Broad,Geo Livermore Repair,sub zero appliance repair in livermore,Broad,39.00,https://appliancepros.netlify.app/subzero/,Enabled,Enabled,Enabled,Geo Livermore Repair | Broad
SZ_Search_BayArea_ULTRA3000_Broad,Geo LosAltos Repair,sub zero appliance repair in los altos,Broad,39.00,https://appliancepros.netlify.app/subzero/,Enabled,Enabled,Enabled,Geo LosAltos Repair | Broad
SZ_Search_BayArea_ULTRA3000_Broad,Geo LosGatos Repair,sub zero appliance repair in los gatos,Broad,39.00,https://appliancepros.netlify.app/subzero/,Enabled,Enabled,Enabled,Geo LosGatos Repair | Broad
SZ_Search_BayArea_ULTRA3000_Broad,Geo MenloPark Repair,sub zero appliance repair in menlo park,Broad,39.00,https://appliancepros.netlify.app/subzero/,Enabled,Enabled,Enabled,Geo MenloPark Repair | Broad
SZ_Search_BayArea_ULTRA3000_Broad,Geo Millbrae Repair,sub zero appliance repair in millbrae,Broad,39.00,https://appliancepros.netlify.app/subzero/,Enabled,Enabled,Enabled,Geo Millbrae Repair | Broad
SZ_Search_BayArea_ULTRA3000_Broad,Geo Milpitas Repair,sub zero appliance repair in milpitas,Broad,39.00,https://appliancepros.netlify.app/subzero/,Enabled,Enabled,Enabled,Geo Milpitas Repair | Broad
SZ_Search_BayArea_ULTRA3000_Broad,Geo MountainView Repair,sub zero appliance repair in mountain view,Broad,39.00,https://appliancepros.netlify.app/subzero/,Enabled,Enabled,Enabled,Geo MountainView Repair | Broad
SZ_Search_BayArea_ULTRA3000_Broad,Core Brand Repair,sub zero appliance repair in my area,Broad,35.00,https://appliancepros.netlify.app/subzero/,Enabled,Enabled,Enabled,Core Brand Repair | Broad
SZ_Search_BayArea_ULTRA3000_Broad,Geo Novato Repair,sub zero appliance repair in novato,Broad,39.00,https://appliancepros.netlify.app/subzero/,Enabled,Enabled,Enabled,Geo Novato Repair | Broad
SZ_Search_BayArea_ULTRA3000_Broad,Geo Oakland Repair,sub zero appliance repair in oakland,Broad,39.00,https://appliancepros.netlify.app/subzero/,Enabled,Enabled,Enabled,Geo Oakland Repair | Broad
SZ_Search_BayArea_ULTRA3000_Broad,Geo PaloAlto Repair,sub zero appliance repair in palo alto,Broad,39.00,https://appliancepros.netlify.app/subzero/,Enabled,Enabled,Enabled,Geo PaloAlto Repair | Broad
SZ_Search_BayArea_ULTRA3000_Broad,Geo Pleasanton Repair,sub zero appliance repair in pleasanton,Broad,39.00,https://appliancepros.netlify.app/subzero/,Enabled,Enabled,Enabled,Geo Pleasanton Repair | Broad
SZ_Search_BayArea_ULTRA3000_Broad,Geo RedwoodCity Repair,sub zero appliance repair in redwood city,Broad,39.00,https://appliancepros.netlify.app/subzero/,Enabled,Enabled,Enabled,Geo RedwoodCity Repair | Broad
SZ_Search_BayArea_ULTRA3000_Broad,Geo Richmond Repair,sub zero appliance repair in richmond,Broad,39.00,https://appliancepros.netlify.app/subzero/,Enabled,Enabled,Enabled,Geo Richmond Repair | Broad
SZ_Search_BayArea_ULTRA3000_Broad,Geo SanBruno Repair,sub zero appliance repair in san bruno,Broad,39.00,https://appliancepros.netlify.app/subzero/,Enabled,Enabled,Enabled,Geo SanBruno Repair | Broad
SZ_Search_BayArea_ULTRA3000_Broad,Geo SanFrancisco Repair,sub zero appliance repair in san francisco,Broad,39.00,https://appliancepros.netlify.app/subzero/,Enabled,Enabled,Enabled,Geo SanFrancisco Repair | Broad
SZ_Search_BayArea_ULTRA3000_Broad,Geo SanJose Repair,sub zero appliance repair in san jose,Broad,39.00,https://appliancepros.netlify.app/subzero/,Enabled,Enabled,Enabled,Geo SanJose Repair | Broad
SZ_Search_BayArea_ULTRA3000_Broad,Geo SanLeandro Repair,sub zero appliance repair in san leandro,Broad,39.00,https://appliancepros.netlify.app/subzero/,Enabled,Enabled,Enabled,Geo SanLeandro Repair | Broad
SZ_Search_BayArea_ULTRA3000_Broad,Geo SanMateo Repair,sub zero appliance repair in san mateo,Broad,39.00,https://appliancepros.netlify.app/subzero/,Enabled,Enabled,Enabled,Geo SanMateo Repair | Broad
SZ_Search_BayArea_ULTRA3000_Broad,Geo SanRafael Repair,sub zero appliance repair in san rafael,Broad,39.00,https://appliancepros.netlify.app/subzero/,Enabled,Enabled,Enabled,Geo SanRafael Repair | Broad
SZ_Search_BayArea_ULTRA3000_Broad,Geo SantaClara Repair,sub zero appliance repair in santa clara,Broad,39.00,https://appliancepros.netlify.app/subzero/,Enabled,Enabled,Enabled,Geo SantaClara Repair | Broad
SZ_Search_BayArea_ULTRA3000_Broad,Core Brand Repair,sub zero appliance repair in sf,Broad,35.00,https://appliancepros.netlify.app/subzero/,Enabled,Enabled,Enabled,Core Brand Repair | Broad
SZ_Search_BayArea_ULTRA3000_Broad,Geo Sunnyvale Repair,sub zero appliance repair in sunnyvale,Broad,39.00,https://appliancepros.netlify.app/subzero/,Enabled,Enabled,Enabled,Geo Sunnyvale Repair | Broad
SZ_Search_BayArea_ULTRA3000_Broad,Geo UnionCity Repair,sub zero appliance repair in union city,Broad,39.00,https://appliancepros.netlify.app/subzero/,Enabled,Enabled,Enabled,Geo UnionCity Repair | Broad
SZ_Search_BayArea_ULTRA3000_Broad,Geo WalnutCreek Repair,sub zero appliance repair in walnut creek,Broad,39.00,https://appliancepros.netlify.app/subzero/,Enabled,Enabled,Enabled,Geo WalnutCreek Repair | Broad
SZ_Search_BayArea_ULTRA3000_Broad,Core Near Me,sub zero appliance repair near me,Broad,42.00,https://appliancepros.netlify.app/subzero/,Enabled,Enabled,Enabled,Core Near Me | Broad
SZ_Search_BayArea_ULTRA3000_Broad,Geo Oakland Repair,sub zero appliance repair oakland,Broad,39.00,https://appliancepros.netlify.app/subzero/,Enabled,Enabled,Enabled,Geo Oakland Repair | Broad
SZ_Search_BayArea_ULTRA3000_Broad,Geo PaloAlto Repair,sub zero appliance repair palo alto,Broad,39.00,https://appliancepros.netlify.app/subzero/,Enabled,Enabled,Enabled,Geo PaloAlto Repair | Broad
SZ_Search_BayArea_ULTRA3000_Broad,Core Brand Repair,sub zero appliance repair phone number,Broad,35.00,https://appliancepros.netlify.app/subzero/,Enabled,Enabled,Enabled,Core Brand Repair | Broad
SZ_Search_BayArea_ULTRA3000_Broad,Core Brand Repair,sub zero appliance repair pros,Broad,35.00,https://appliancepros.netlify.app/subzero/,Enabled,Enabled,Enabled,Core Brand Repair | Broad
SZ_Search_BayArea_ULTRA3000_Broad,Geo RedwoodCity Repair,sub zero appliance repair redwood city,Broad,39.00,https://appliancepros.netlify.app/subzero/,Enabled,Enabled,Enabled,Geo RedwoodCity Repair | Broad
SZ_Search_BayArea_ULTRA3000_Broad,Geo SanFrancisco Repair,sub zero appliance repair san francisco,Broad,39.00,https://appliancepros.netlify.app/subzero/,Enabled,Enabled,Enabled,Geo SanFrancisco Repair | Broad
SZ_Search_BayArea_ULTRA3000_Broad,Geo SanJose Repair,sub zero appliance repair san jose,Broad,39.00,https://appliancepros.netlify.app/subzero/,Enabled,Enabled,Enabled,Geo SanJose Repair | Broad
SZ_Search_BayArea_ULTRA3000_Broad,Geo SanJose Repair,sub zero appliance repair san jose ca,Broad,39.00,https://appliancepros.netlify.app/subzero/,Enabled,Enabled,Enabled,Geo SanJose Repair | Broad
SZ_Search_BayArea_ULTRA3000_Broad,Core Brand Repair,sub zero appliance repair service,Broad,35.00,https://appliancepros.netlify.app/subzero/,Enabled,Enabled,Enabled,Core Brand Repair | Broad
SZ_Search_BayArea_ULTRA3000_Broad,Core Near Me,sub zero appliance repair service near me,Broad,42.00,https://appliancepros.netlify.app/subzero/,Enabled,Enabled,Enabled,Core Near Me | Broad
SZ_Search_BayArea_ULTRA3000_Broad,Core Near Me,sub zero appliance repairman near me,Broad,42.00,https://appliancepros.netlify.app/subzero/,Enabled,Enabled,Enabled,Core Near Me | Broad
SZ_Search_BayArea_ULTRA3000_Broad,Core Brand Service,sub zero appliance service,Broad,33.00,https://appliancepros.netlify.app/subzero/,Enabled,Enabled,Enabled,Core Brand Service | Broad
SZ_Search_BayArea_ULTRA3000_Broad,Core Brand Service,sub zero appliance service call,Broad,33.00,https://appliancepros.netlify.app/subzero/,Enabled,Enabled,Enabled,Core Brand Service | Broad
SZ_Search_BayArea_ULTRA3000_Broad,Core Brand Service,sub zero appliance service locator,Broad,33.00,https://appliancepros.netlify.app/subzero/,Enabled,Enabled,Enabled,Core Brand Service | Broad
SZ_Search_BayArea_ULTRA3000_Broad,Core Near Me,sub zero appliance service near me,Broad,42.00,https://appliancepros.netlify.app/subzero/,Enabled,Enabled,Enabled,Core Near Me | Broad
SZ_Search_BayArea_ULTRA3000_Broad,Core Brand Service,sub zero appliance service pros,Broad,33.00,https://appliancepros.netlify.app/subzero/,Enabled,Enabled,Enabled,Core Brand Service | Broad
SZ_Search_BayArea_ULTRA3000_Broad,Core Technician,sub zero appliance technician,Broad,35.00,https://appliancepros.netlify.app/subzero/,Enabled,Enabled,Enabled,Core Technician | Broad
SZ_Search_BayArea_ULTRA3000_Broad,Core Near Me,sub zero appliances repair near me,Broad,42.00,https://appliancepros.netlify.app/subzero/,Enabled,Enabled,Enabled,Core Near Me | Broad
SZ_Search_BayArea_ULTRA3000_Broad,Core Brand Repair,sub zero appliances repairs,Broad,35.00,https://appliancepros.netlify.app/subzero/,Enabled,Enabled,Enabled,Core Brand Repair | Broad
SZ_Search_BayArea_ULTRA3000_Broad,Core Brand Service,sub zero appliances service,Broad,33.00,https://appliancepros.netlify.app/subzero/,Enabled,Enabled,Enabled,Core Brand Service | Broad
SZ_Search_BayArea_ULTRA3000_Broad,Core Brand Service,sub zero appliances service center,Broad,33.00,https://appliancepros.netlify.app/subzero/,Enabled,Enabled,Enabled,Core Brand Service | Broad
SZ_Search_BayArea_ULTRA3000_Broad,Core Near Me,sub zero appliances service near me,Broad,42.00,https://appliancepros.netlify.app/subzero/,Enabled,Enabled,Enabled,Core Near Me | Broad
SZ_Search_BayArea_ULTRA3000_Broad,Core Brand Repair,sub zero appliances service repair,Broad,35.00,https://appliancepros.netlify.app/subzero/,Enabled,Enabled,Enabled,Core Brand Repair | Broad
SZ_Search_BayArea_ULTRA3000_Broad,Core Brand Repair,sub zero applicances repair,Broad,35.00,https://appliancepros.netlify.app/subzero/,Enabled,Enabled,Enabled,Core Brand Repair | Broad
SZ_Search_BayArea_ULTRA3000_Broad,Not Working Issues,sub zero automatic ice maker not working,Broad,35.00,https://appliancepros.netlify.app/subzero/,Enabled,Enabled,Enabled,Not Working Issues | Broad
SZ_Search_BayArea_ULTRA3000_Broad,Not Working Issues,sub zero bottom freezer ice maker not working,Broad,35.00,https://appliancepros.netlify.app/subzero/,Enabled,Enabled,Enabled,Not Working Issues | Broad
SZ_Search_BayArea_ULTRA3000_Broad,Not Freezing Issues,sub zero bottom freezer not freezing,Broad,40.00,https://appliancepros.netlify.app/subzero/,Enabled,Enabled,Enabled,Not Freezing Issues | Broad
SZ_Search_BayArea_ULTRA3000_Broad,Not Working Issues,sub zero bottom freezer not working,Broad,35.00,https://appliancepros.netlify.app/subzero/,Enabled,Enabled,Enabled,Not Working Issues | Broad
SZ_Search_BayArea_ULTRA3000_Broad,Core Brand Repair,sub zero bottom freezer refrigerator ice maker problems,Broad,35.00,https://appliancepros.netlify.app/subzero/,Enabled,Enabled,Enabled,Core Brand Repair | Broad
SZ_Search_BayArea_ULTRA3000_Broad,Not Cooling Issues,sub zero bottom freezer refrigerator not cooling,Broad,40.00,https://appliancepros.netlify.app/subzero/,Enabled,Enabled,Enabled,Not Cooling Issues | Broad
SZ_Search_BayArea_ULTRA3000_Broad,Core Brand Repair,sub zero bottom freezer refrigerator problems,Broad,35.00,https://appliancepros.netlify.app/subzero/,Enabled,Enabled,Enabled,Core Brand Repair | Broad
SZ_Search_BayArea_ULTRA3000_Broad,Not Working Issues,sub zero built in refrigerator ice maker not working,Broad,35.00,https://appliancepros.netlify.app/subzero/,Enabled,Enabled,Enabled,Not Working Issues | Broad
SZ_Search_BayArea_ULTRA3000_Broad,Core Brand Repair,sub zero built in refrigerator problems,Broad,35.00,https://appliancepros.netlify.app/subzero/,Enabled,Enabled,Enabled,Core Brand Repair | Broad
SZ_Search_BayArea_ULTRA3000_Broad,Refrigerator Repair,sub zero built in refrigerator repair,Broad,35.00,https://appliancepros.netlify.app/subzero/,Enabled,Enabled,Enabled,Refrigerator Repair | Broad
SZ_Search_BayArea_ULTRA3000_Broad,Core Brand Repair,sub zero care,Broad,35.00,https://appliancepros.netlify.app/subzero/,Enabled,Enabled,Enabled,Core Brand Repair | Broad
SZ_Search_BayArea_ULTRA3000_Broad,Core Brand Repair,sub zero care plus,Broad,35.00,https://appliancepros.netlify.app/subzero/,Enabled,Enabled,Enabled,Core Brand Repair | Broad
SZ_Search_BayArea_ULTRA3000_Broad,Core Brand Repair,sub zero condenser fan repair,Broad,35.00,https://appliancepros.netlify.app/subzero/,Enabled,Enabled,Enabled,Core Brand Repair | Broad
SZ_Search_BayArea_ULTRA3000_Broad,Not Freezing Issues,sub zero deep freezer not freezing,Broad,40.00,https://appliancepros.netlify.app/subzero/,Enabled,Enabled,Enabled,Not Freezing Issues | Broad
SZ_Search_BayArea_ULTRA3000_Broad,Core Brand Repair,sub zero defrost problem,Broad,35.00,https://appliancepros.netlify.app/subzero/,Enabled,Enabled,Enabled,Core Brand Repair | Broad
SZ_Search_BayArea_ULTRA3000_Broad,Core Brand Repair,sub zero diagnostic fee,Broad,35.00,https://appliancepros.netlify.app/subzero/,Enabled,Enabled,Enabled,Core Brand Repair | Broad
SZ_Search_BayArea_ULTRA3000_Broad,Door Seal Repair,sub zero door ajar light stays on,Broad,35.00,https://appliancepros.netlify.app/subzero/,Enabled,Enabled,Enabled,Door Seal Repair | Broad
SZ_Search_BayArea_ULTRA3000_Broad,Core Brand Repair,sub zero door gasket repair,Broad,35.00,https://appliancepros.netlify.app/subzero/,Enabled,Enabled,Enabled,Core Brand Repair | Broad
SZ_Search_BayArea_ULTRA3000_Broad,Core Brand Repair,sub zero door handle repair,Broad,35.00,https://appliancepros.netlify.app/subzero/,Enabled,Enabled,Enabled,Core Brand Repair | Broad
SZ_Search_BayArea_ULTRA3000_Broad,Not Working Issues,sub zero door ice maker not working,Broad,35.00,https://appliancepros.netlify.app/subzero/,Enabled,Enabled,Enabled,Not Working Issues | Broad
SZ_Search_BayArea_ULTRA3000_Broad,Door Seal Repair,sub zero door seal problem,Broad,35.00,https://appliancepros.netlify.app/subzero/,Enabled,Enabled,Enabled,Door Seal Repair | Broad
SZ_Search_BayArea_ULTRA3000_Broad,Door Seal Repair,sub zero door seal replacement,Broad,35.00,https://appliancepros.netlify.app/subzero/,Enabled,Enabled,Enabled,Door Seal Repair | Broad
SZ_Search_BayArea_ULTRA3000_Broad,Core Brand Repair,sub zero door switch repair,Broad,35.00,https://appliancepros.netlify.app/subzero/,Enabled,Enabled,Enabled,Core Brand Repair | Broad
SZ_Search_BayArea_ULTRA3000_Broad,Not Cooling Issues,sub zero double door fridge not cooling,Broad,40.00,https://appliancepros.netlify.app/subzero/,Enabled,Enabled,Enabled,Not Cooling Issues | Broad
SZ_Search_BayArea_ULTRA3000_Broad,Not Working Issues,sub zero double door refrigerator ice maker not working,Broad,35.00,https://appliancepros.netlify.app/subzero/,Enabled,Enabled,Enabled,Not Working Issues | Broad
SZ_Search_BayArea_ULTRA3000_Broad,Not Cooling Issues,sub zero double door refrigerator not cooling,Broad,40.00,https://appliancepros.netlify.app/subzero/,Enabled,Enabled,Enabled,Not Cooling Issues | Broad
SZ_Search_BayArea_ULTRA3000_Broad,Core Brand Repair,sub zero electric repair,Broad,35.00,https://appliancepros.netlify.app/subzero/,Enabled,Enabled,Enabled,Core Brand Repair | Broad
SZ_Search_BayArea_ULTRA3000_Broad,Core Emergency,sub zero emergency repair,Broad,46.00,https://appliancepros.netlify.app/subzero/,Enabled,Enabled,Enabled,Core Emergency | Broad
SZ_Search_BayArea_ULTRA3000_Broad,Core Emergency,sub zero emergency service,Broad,46.00,https://appliancepros.netlify.app/subzero/,Enabled,Enabled,Enabled,Core Emergency | Broad
SZ_Search_BayArea_ULTRA3000_Broad,Core Brand Repair,sub zero evaporator fan repair sub zero,Broad,35.00,https://appliancepros.netlify.app/subzero/,Enabled,Enabled,Enabled,Core Brand Repair | Broad
SZ_Search_BayArea_ULTRA3000_Broad,Core Brand Repair,sub zero fix,Broad,35.00,https://appliancepros.netlify.app/subzero/,Enabled,Enabled,Enabled,Core Brand Repair | Broad
SZ_Search_BayArea_ULTRA3000_Broad,Core Brand Repair,sub zero freezer check up,Broad,35.00,https://appliancepros.netlify.app/subzero/,Enabled,Enabled,Enabled,Core Brand Repair | Broad
SZ_Search_BayArea_ULTRA3000_Broad,Not Freezing Issues,sub zero freezer cold but not freezing,Broad,40.00,https://appliancepros.netlify.app/subzero/,Enabled,Enabled,Enabled,Not Freezing Issues | Broad
SZ_Search_BayArea_ULTRA3000_Broad,Core Brand Repair,sub zero freezer cold refrigerator warm,Broad,35.00,https://appliancepros.netlify.app/subzero/,Enabled,Enabled,Enabled,Core Brand Repair | Broad
SZ_Search_BayArea_ULTRA3000_Broad,Core Brand Repair,sub zero freezer defrost problem,Broad,35.00,https://appliancepros.netlify.app/subzero/,Enabled,Enabled,Enabled,Core Brand Repair | Broad
SZ_Search_BayArea_ULTRA3000_Broad,Core Brand Repair,sub zero freezer diagnosis,Broad,35.00,https://appliancepros.netlify.app/subzero/,Enabled,Enabled,Enabled,Core Brand Repair | Broad
SZ_Search_BayArea_ULTRA3000_Broad,Core Brand Repair,sub zero freezer door broken,Broad,35.00,https://appliancepros.netlify.app/subzero/,Enabled,Enabled,Enabled,Core Brand Repair | Broad
SZ_Search_BayArea_ULTRA3000_Broad,Freezer Repair,sub zero freezer door gasket repair,Broad,35.00,https://appliancepros.netlify.app/subzero/,Enabled,Enabled,Enabled,Freezer Repair | Broad
SZ_Search_BayArea_ULTRA3000_Broad,Core Brand Repair,sub zero freezer door handle loose,Broad,35.00,https://appliancepros.netlify.app/subzero/,Enabled,Enabled,Enabled,Core Brand Repair | Broad
SZ_Search_BayArea_ULTRA3000_Broad,Core Brand Repair,sub zero freezer door not sealing,Broad,35.00,https://appliancepros.netlify.app/subzero/,Enabled,Enabled,Enabled,Core Brand Repair | Broad
SZ_Search_BayArea_ULTRA3000_Broad,Core Brand Repair,sub zero freezer door stuck,Broad,35.00,https://appliancepros.netlify.app/subzero/,Enabled,Enabled,Enabled,Core Brand Repair | Broad
SZ_Search_BayArea_ULTRA3000_Broad,Not Working Issues,sub zero freezer drawer ice maker not working,Broad,35.00,https://appliancepros.netlify.app/subzero/,Enabled,Enabled,Enabled,Not Working Issues | Broad
SZ_Search_BayArea_ULTRA3000_Broad,Core Brand Repair,sub zero freezer drawer stuck,Broad,35.00,https://appliancepros.netlify.app/subzero/,Enabled,Enabled,Enabled,Core Brand Repair | Broad
SZ_Search_BayArea_ULTRA3000_Broad,Core Brand Repair,sub zero freezer drawers problems,Broad,35.00,https://appliancepros.netlify.app/subzero/,Enabled,Enabled,Enabled,Core Brand Repair | Broad
SZ_Search_BayArea_ULTRA3000_Broad,Not Working Issues,sub zero freezer fan not working,Broad,35.00,https://appliancepros.netlify.app/subzero/,Enabled,Enabled,Enabled,Not Working Issues | Broad
SZ_Search_BayArea_ULTRA3000_Broad,Core Brand Repair,sub zero freezer handle loose,Broad,35.00,https://appliancepros.netlify.app/subzero/,Enabled,Enabled,Enabled,Core Brand Repair | Broad
SZ_Search_BayArea_ULTRA3000_Broad,Core Brand Repair,sub zero freezer ice build up,Broad,35.00,https://appliancepros.netlify.app/subzero/,Enabled,Enabled,Enabled,Core Brand Repair | Broad
SZ_Search_BayArea_ULTRA3000_Broad,Core Brand Repair,sub zero freezer ice maker not dispensing ice,Broad,35.00,https://appliancepros.netlify.app/subzero/,Enabled,Enabled,Enabled,Core Brand Repair | Broad
SZ_Search_BayArea_ULTRA3000_Broad,Core Brand Repair,sub zero freezer ice maker not making ice,Broad,35.00,https://appliancepros.netlify.app/subzero/,Enabled,Enabled,Enabled,Core Brand Repair | Broad
SZ_Search_BayArea_ULTRA3000_Broad,Not Working Issues,sub zero freezer ice maker not working,Broad,35.00,https://appliancepros.netlify.app/subzero/,Enabled,Enabled,Enabled,Not Working Issues | Broad
SZ_Search_BayArea_ULTRA3000_Broad,Ice Maker Repair,sub zero freezer ice maker repair,Broad,40.00,https://appliancepros.netlify.app/subzero/,Enabled,Enabled,Enabled,Ice Maker Repair | Broad
SZ_Search_BayArea_ULTRA3000_Broad,Core Brand Repair,sub zero freezer is cold but fridge is not,Broad,35.00,https://appliancepros.netlify.app/subzero/,Enabled,Enabled,Enabled,Core Brand Repair | Broad
SZ_Search_BayArea_ULTRA3000_Broad,Not Freezing Issues,sub zero freezer is not freezing,Broad,40.00,https://appliancepros.netlify.app/subzero/,Enabled,Enabled,Enabled,Not Freezing Issues | Broad
SZ_Search_BayArea_ULTRA3000_Broad,Not Working Issues,sub zero freezer is not working,Broad,35.00,https://appliancepros.netlify.app/subzero/,Enabled,Enabled,Enabled,Not Working Issues | Broad
SZ_Search_BayArea_ULTRA3000_Broad,Core Brand Repair,sub zero freezer leaking into fridge,Broad,35.00,https://appliancepros.netlify.app/subzero/,Enabled,Enabled,Enabled,Core Brand Repair | Broad
SZ_Search_BayArea_ULTRA3000_Broad,Water Leak Repair,sub zero freezer leaking water,Broad,40.00,https://appliancepros.netlify.app/subzero/,Enabled,Enabled,Enabled,Water Leak Repair | Broad
SZ_Search_BayArea_ULTRA3000_Broad,Not Working Issues,sub zero freezer led lights not working,Broad,35.00,https://appliancepros.netlify.app/subzero/,Enabled,Enabled,Enabled,Not Working Issues | Broad
SZ_Search_BayArea_ULTRA3000_Broad,Not Working Issues,sub zero freezer light not working,Broad,35.00,https://appliancepros.netlify.app/subzero/,Enabled,Enabled,Enabled,Not Working Issues | Broad
SZ_Search_BayArea_ULTRA3000_Broad,Core Maintenance,sub zero freezer maintenance,Broad,33.00,https://appliancepros.netlify.app/subzero/,Enabled,Enabled,Enabled,Core Maintenance | Broad
SZ_Search_BayArea_ULTRA3000_Broad,Not Cooling Issues,sub zero freezer not cold,Broad,40.00,https://appliancepros.netlify.app/subzero/,Enabled,Enabled,Enabled,Not Cooling Issues | Broad
SZ_Search_BayArea_ULTRA3000_Broad,Not Cooling Issues,sub zero freezer not cold enough,Broad,40.00,https://appliancepros.netlify.app/subzero/,Enabled,Enabled,Enabled,Not Cooling Issues | Broad
SZ_Search_BayArea_ULTRA3000_Broad,Not Cooling Issues,sub zero freezer not cooling,Broad,40.00,https://appliancepros.netlify.app/subzero/,Enabled,Enabled,Enabled,Not Cooling Issues | Broad
SZ_Search_BayArea_ULTRA3000_Broad,Core Brand Repair,sub zero freezer not defrosting,Broad,35.00,https://appliancepros.netlify.app/subzero/,Enabled,Enabled,Enabled,Core Brand Repair | Broad
SZ_Search_BayArea_ULTRA3000_Broad,Not Freezing Issues,sub zero freezer not freezing,Broad,40.00,https://appliancepros.netlify.app/subzero/,Enabled,Enabled,Enabled,Not Freezing Issues | Broad
SZ_Search_BayArea_ULTRA3000_Broad,Not Freezing Issues,sub zero freezer not freezing ice cream,Broad,40.00,https://appliancepros.netlify.app/subzero/,Enabled,Enabled,Enabled,Not Freezing Issues | Broad
SZ_Search_BayArea_ULTRA3000_Broad,Not Freezing Issues,sub zero freezer not freezing properly,Broad,40.00,https://appliancepros.netlify.app/subzero/,Enabled,Enabled,Enabled,Not Freezing Issues | Broad
SZ_Search_BayArea_ULTRA3000_Broad,Core Brand Repair,sub zero freezer not getting cold,Broad,35.00,https://appliancepros.netlify.app/subzero/,Enabled,Enabled,Enabled,Core Brand Repair | Broad
SZ_Search_BayArea_ULTRA3000_Broad,Core Brand Repair,sub zero freezer not getting cold enough,Broad,35.00,https://appliancepros.netlify.app/subzero/,Enabled,Enabled,Enabled,Core Brand Repair | Broad
SZ_Search_BayArea_ULTRA3000_Broad,Core Brand Repair,sub zero freezer not making ice,Broad,35.00,https://appliancepros.netlify.app/subzero/,Enabled,Enabled,Enabled,Core Brand Repair | Broad
SZ_Search_BayArea_ULTRA3000_Broad,Not Working Issues,sub zero freezer not working,Broad,35.00,https://appliancepros.netlify.app/subzero/,Enabled,Enabled,Enabled,Not Working Issues | Broad
SZ_Search_BayArea_ULTRA3000_Broad,Not Working Issues,sub zero freezer not working but fridge is,Broad,35.00,https://appliancepros.netlify.app/subzero/,Enabled,Enabled,Enabled,Not Working Issues | Broad
SZ_Search_BayArea_ULTRA3000_Broad,Core Brand Repair,sub zero freezer problems,Broad,35.00,https://appliancepros.netlify.app/subzero/,Enabled,Enabled,Enabled,Core Brand Repair | Broad
SZ_Search_BayArea_ULTRA3000_Broad,Not Cooling Issues,sub zero freezer refrigerator not cooling,Broad,40.00,https://appliancepros.netlify.app/subzero/,Enabled,Enabled,Enabled,Not Cooling Issues | Broad
SZ_Search_BayArea_ULTRA3000_Broad,Freezer Repair,sub zero freezer repair,Broad,35.00,https://appliancepros.netlify.app/subzero/,Enabled,Enabled,Enabled,Freezer Repair | Broad
SZ_Search_BayArea_ULTRA3000_Broad,Core Near Me,sub zero freezer repair near me,Broad,42.00,https://appliancepros.netlify.app/subzero/,Enabled,Enabled,Enabled,Core Near Me | Broad
SZ_Search_BayArea_ULTRA3000_Broad,Freezer Repair,sub zero freezer repair service,Broad,35.00,https://appliancepros.netlify.app/subzero/,Enabled,Enabled,Enabled,Freezer Repair | Broad
SZ_Search_BayArea_ULTRA3000_Broad,Core Near Me,sub zero freezer repairs near me,Broad,42.00,https://appliancepros.netlify.app/subzero/,Enabled,Enabled,Enabled,Core Near Me | Broad
SZ_Search_BayArea_ULTRA3000_Broad,Core Brand Service,sub zero freezer service,Broad,33.00,https://appliancepros.netlify.app/subzero/,Enabled,Enabled,Enabled,Core Brand Service | Broad
SZ_Search_BayArea_ULTRA3000_Broad,Core Brand Service,sub zero freezer service call,Broad,33.00,https://appliancepros.netlify.app/subzero/,Enabled,Enabled,Enabled,Core Brand Service | Broad
SZ_Search_BayArea_ULTRA3000_Broad,Core Near Me,sub zero freezer service near me,Broad,42.00,https://appliancepros.netlify.app/subzero/,Enabled,Enabled,Enabled,Core Near Me | Broad
SZ_Search_BayArea_ULTRA3000_Broad,Core Brand Repair,sub zero freezer stopped freezing,Broad,35.00,https://appliancepros.netlify.app/subzero/,Enabled,Enabled,Enabled,Core Brand Repair | Broad
SZ_Search_BayArea_ULTRA3000_Broad,Not Working Issues,sub zero freezer stopped working,Broad,35.00,https://appliancepros.netlify.app/subzero/,Enabled,Enabled,Enabled,Not Working Issues | Broad
SZ_Search_BayArea_ULTRA3000_Broad,Core Technician,sub zero freezer technician,Broad,35.00,https://appliancepros.netlify.app/subzero/,Enabled,Enabled,Enabled,Core Technician | Broad
SZ_Search_BayArea_ULTRA3000_Broad,Not Working Issues,sub zero freezer temperature not working,Broad,35.00,https://appliancepros.netlify.app/subzero/,Enabled,Enabled,Enabled,Not Working Issues | Broad
SZ_Search_BayArea_ULTRA3000_Broad,Temperature Issues,sub zero freezer temperature problems,Broad,35.00,https://appliancepros.netlify.app/subzero/,Enabled,Enabled,Enabled,Temperature Issues | Broad
SZ_Search_BayArea_ULTRA3000_Broad,Temperature Issues,sub zero freezer temperature too high,Broad,35.00,https://appliancepros.netlify.app/subzero/,Enabled,Enabled,Enabled,Temperature Issues | Broad
SZ_Search_BayArea_ULTRA3000_Broad,Core Brand Repair,sub zero freezer too cold,Broad,35.00,https://appliancepros.netlify.app/subzero/,Enabled,Enabled,Enabled,Core Brand Repair | Broad
SZ_Search_BayArea_ULTRA3000_Broad,Core Brand Repair,sub zero freezer troubleshooting,Broad,35.00,https://appliancepros.netlify.app/subzero/,Enabled,Enabled,Enabled,Core Brand Repair | Broad
SZ_Search_BayArea_ULTRA3000_Broad,Not Working Issues,sub zero freezer water dispenser not working,Broad,35.00,https://appliancepros.netlify.app/subzero/,Enabled,Enabled,Enabled,Not Working Issues | Broad
SZ_Search_BayArea_ULTRA3000_Broad,Core Brand Repair,sub zero freezer won t stop beeping,Broad,35.00,https://appliancepros.netlify.app/subzero/,Enabled,Enabled,Enabled,Core Brand Repair | Broad
SZ_Search_BayArea_ULTRA3000_Broad,Core Brand Repair,sub zero freezer working but not fridge,Broad,35.00,https://appliancepros.netlify.app/subzero/,Enabled,Enabled,Enabled,Core Brand Repair | Broad
SZ_Search_BayArea_ULTRA3000_Broad,Not Cooling Issues,sub zero freezer working but refrigerator not cooling,Broad,40.00,https://appliancepros.netlify.app/subzero/,Enabled,Enabled,Enabled,Not Cooling Issues | Broad
SZ_Search_BayArea_ULTRA3000_Broad,Core Brand Repair,sub zero freezer working fridge not,Broad,35.00,https://appliancepros.netlify.app/subzero/,Enabled,Enabled,Enabled,Core Brand Repair | Broad
SZ_Search_BayArea_ULTRA3000_Broad,Not Working Issues,sub zero french door fridge ice maker not working,Broad,35.00,https://appliancepros.netlify.app/subzero/,Enabled,Enabled,Enabled,Not Working Issues | Broad
SZ_Search_BayArea_ULTRA3000_Broad,Not Cooling Issues,sub zero french door fridge not cooling,Broad,40.00,https://appliancepros.netlify.app/subzero/,Enabled,Enabled,Enabled,Not Cooling Issues | Broad
SZ_Search_BayArea_ULTRA3000_Broad,Core Brand Repair,sub zero french door fridge not making ice,Broad,35.00,https://appliancepros.netlify.app/subzero/,Enabled,Enabled,Enabled,Core Brand Repair | Broad
SZ_Search_BayArea_ULTRA3000_Broad,Core Brand Repair,sub zero french door ice maker not making ice,Broad,35.00,https://appliancepros.netlify.app/subzero/,Enabled,Enabled,Enabled,Core Brand Repair | Broad
SZ_Search_BayArea_ULTRA3000_Broad,Not Working Issues,sub zero french door ice maker not working,Broad,35.00,https://appliancepros.netlify.app/subzero/,Enabled,Enabled,Enabled,Not Working Issues | Broad
SZ_Search_BayArea_ULTRA3000_Broad,Core Brand Repair,sub zero french door not making ice,Broad,35.00,https://appliancepros.netlify.app/subzero/,Enabled,Enabled,Enabled,Core Brand Repair | Broad
SZ_Search_BayArea_ULTRA3000_Broad,Not Freezing Issues,sub zero french door refrigerator freezer not freezing,Broad,40.00,https://appliancepros.netlify.app/subzero/,Enabled,Enabled,Enabled,Not Freezing Issues | Broad
SZ_Search_BayArea_ULTRA3000_Broad,Core Brand Repair,sub zero french door refrigerator ice maker not making ice,Broad,35.00,https://appliancepros.netlify.app/subzero/,Enabled,Enabled,Enabled,Core Brand Repair | Broad
SZ_Search_BayArea_ULTRA3000_Broad,Not Working Issues,sub zero french door refrigerator ice maker not working,Broad,35.00,https://appliancepros.netlify.app/subzero/,Enabled,Enabled,Enabled,Not Working Issues | Broad
SZ_Search_BayArea_ULTRA3000_Broad,Core Brand Repair,sub zero french door refrigerator ice maker problems,Broad,35.00,https://appliancepros.netlify.app/subzero/,Enabled,Enabled,Enabled,Core Brand Repair | Broad
SZ_Search_BayArea_ULTRA3000_Broad,Not Cooling Issues,sub zero french door refrigerator not cooling,Broad,40.00,https://appliancepros.netlify.app/subzero/,Enabled,Enabled,Enabled,Not Cooling Issues | Broad
SZ_Search_BayArea_ULTRA3000_Broad,Core Brand Repair,sub zero french door refrigerator not making ice,Broad,35.00,https://appliancepros.netlify.app/subzero/,Enabled,Enabled,Enabled,Core Brand Repair | Broad
SZ_Search_BayArea_ULTRA3000_Broad,Core Brand Repair,sub zero french door refrigerator problems,Broad,35.00,https://appliancepros.netlify.app/subzero/,Enabled,Enabled,Enabled,Core Brand Repair | Broad
SZ_Search_BayArea_ULTRA3000_Broad,Core Brand Repair,sub zero freon leak repair,Broad,35.00,https://appliancepros.netlify.app/subzero/,Enabled,Enabled,Enabled,Core Brand Repair | Broad
SZ_Search_BayArea_ULTRA3000_Broad,Core Brand Repair,sub zero fridge alarm keeps going off,Broad,35.00,https://appliancepros.netlify.app/subzero/,Enabled,Enabled,Enabled,Core Brand Repair | Broad
SZ_Search_BayArea_ULTRA3000_Broad,Not Cooling Issues,sub zero fridge and freezer not cooling,Broad,40.00,https://appliancepros.netlify.app/subzero/,Enabled,Enabled,Enabled,Not Cooling Issues | Broad
SZ_Search_BayArea_ULTRA3000_Broad,Core Brand Repair,sub zero fridge beeping,Broad,35.00,https://appliancepros.netlify.app/subzero/,Enabled,Enabled,Enabled,Core Brand Repair | Broad
SZ_Search_BayArea_ULTRA3000_Broad,Core Brand Repair,sub zero fridge beeping wrench,Broad,35.00,https://appliancepros.netlify.app/subzero/,Enabled,Enabled,Enabled,Core Brand Repair | Broad
SZ_Search_BayArea_ULTRA3000_Broad,Core Brand Repair,sub zero fridge broken,Broad,35.00,https://appliancepros.netlify.app/subzero/,Enabled,Enabled,Enabled,Core Brand Repair | Broad
SZ_Search_BayArea_ULTRA3000_Broad,Not Working Issues,sub zero fridge control panel not working,Broad,35.00,https://appliancepros.netlify.app/subzero/,Enabled,Enabled,Enabled,Not Working Issues | Broad
SZ_Search_BayArea_ULTRA3000_Broad,Core Brand Repair,sub zero fridge cooling problem,Broad,35.00,https://appliancepros.netlify.app/subzero/,Enabled,Enabled,Enabled,Core Brand Repair | Broad
SZ_Search_BayArea_ULTRA3000_Broad,Not Working Issues,sub zero fridge dispenser not working,Broad,35.00,https://appliancepros.netlify.app/subzero/,Enabled,Enabled,Enabled,Not Working Issues | Broad
SZ_Search_BayArea_ULTRA3000_Broad,Core Brand Repair,sub zero fridge door alarm problem,Broad,35.00,https://appliancepros.netlify.app/subzero/,Enabled,Enabled,Enabled,Core Brand Repair | Broad
SZ_Search_BayArea_ULTRA3000_Broad,Door Seal Repair,sub zero fridge door gasket replacement,Broad,35.00,https://appliancepros.netlify.app/subzero/,Enabled,Enabled,Enabled,Door Seal Repair | Broad
SZ_Search_BayArea_ULTRA3000_Broad,Core Brand Repair,sub zero fridge door handle loose,Broad,35.00,https://appliancepros.netlify.app/subzero/,Enabled,Enabled,Enabled,Core Brand Repair | Broad
SZ_Search_BayArea_ULTRA3000_Broad,Core Brand Repair,sub zero fridge door hinge problems,Broad,35.00,https://appliancepros.netlify.app/subzero/,Enabled,Enabled,Enabled,Core Brand Repair | Broad
SZ_Search_BayArea_ULTRA3000_Broad,Core Brand Repair,sub zero fridge door not sealing,Broad,35.00,https://appliancepros.netlify.app/subzero/,Enabled,Enabled,Enabled,Core Brand Repair | Broad
SZ_Search_BayArea_ULTRA3000_Broad,Core Brand Repair,sub zero fridge door problems,Broad,35.00,https://appliancepros.netlify.app/subzero/,Enabled,Enabled,Enabled,Core Brand Repair | Broad
SZ_Search_BayArea_ULTRA3000_Broad,Not Cooling Issues,sub zero fridge double door not cooling,Broad,40.00,https://appliancepros.netlify.app/subzero/,Enabled,Enabled,Enabled,Not Cooling Issues | Broad
SZ_Search_BayArea_ULTRA3000_Broad,Core Brand Repair,sub zero fridge drain blocked,Broad,35.00,https://appliancepros.netlify.app/subzero/,Enabled,Enabled,Enabled,Core Brand Repair | Broad
SZ_Search_BayArea_ULTRA3000_Broad,Not Working Issues,sub zero fridge fan not working,Broad,35.00,https://appliancepros.netlify.app/subzero/,Enabled,Enabled,Enabled,Not Working Issues | Broad
SZ_Search_BayArea_ULTRA3000_Broad,Fridge Repair,sub zero fridge fix,Broad,35.00,https://appliancepros.netlify.app/subzero/,Enabled,Enabled,Enabled,Fridge Repair | Broad
SZ_Search_BayArea_ULTRA3000_Broad,Not Working Issues,sub zero fridge freezer fan not working,Broad,35.00,https://appliancepros.netlify.app/subzero/,Enabled,Enabled,Enabled,Not Working Issues | Broad
SZ_Search_BayArea_ULTRA3000_Broad,Not Working Issues,sub zero fridge freezer fridge not working,Broad,35.00,https://appliancepros.netlify.app/subzero/,Enabled,Enabled,Enabled,Not Working Issues | Broad
SZ_Search_BayArea_ULTRA3000_Broad,Not Working Issues,sub zero fridge freezer ice maker not working,Broad,35.00,https://appliancepros.netlify.app/subzero/,Enabled,Enabled,Enabled,Not Working Issues | Broad
SZ_Search_BayArea_ULTRA3000_Broad,Not Working Issues,sub zero fridge freezer led light not working,Broad,35.00,https://appliancepros.netlify.app/subzero/,Enabled,Enabled,Enabled,Not Working Issues | Broad
SZ_Search_BayArea_ULTRA3000_Broad,Not Working Issues,sub zero fridge freezer light not working,Broad,35.00,https://appliancepros.netlify.app/subzero/,Enabled,Enabled,Enabled,Not Working Issues | Broad
SZ_Search_BayArea_ULTRA3000_Broad,Not Cooling Issues,sub zero fridge freezer not cold,Broad,40.00,https://appliancepros.netlify.app/subzero/,Enabled,Enabled,Enabled,Not Cooling Issues | Broad
SZ_Search_BayArea_ULTRA3000_Broad,Not Cooling Issues,sub zero fridge freezer not cooling,Broad,40.00,https://appliancepros.netlify.app/subzero/,Enabled,Enabled,Enabled,Not Cooling Issues | Broad
SZ_Search_BayArea_ULTRA3000_Broad,Not Freezing Issues,sub zero fridge freezer not freezing,Broad,40.00,https://appliancepros.netlify.app/subzero/,Enabled,Enabled,Enabled,Not Freezing Issues | Broad
SZ_Search_BayArea_ULTRA3000_Broad,Not Working Issues,sub zero fridge freezer not working,Broad,35.00,https://appliancepros.netlify.app/subzero/,Enabled,Enabled,Enabled,Not Working Issues | Broad
SZ_Search_BayArea_ULTRA3000_Broad,Core Brand Repair,sub zero fridge freezer problems,Broad,35.00,https://appliancepros.netlify.app/subzero/,Enabled,Enabled,Enabled,Core Brand Repair | Broad
SZ_Search_BayArea_ULTRA3000_Broad,Freezer Repair,sub zero fridge freezer repair,Broad,35.00,https://appliancepros.netlify.app/subzero/,Enabled,Enabled,Enabled,Freezer Repair | Broad
SZ_Search_BayArea_ULTRA3000_Broad,Freezer Repair,sub zero fridge freezer repairs,Broad,35.00,https://appliancepros.netlify.app/subzero/,Enabled,Enabled,Enabled,Freezer Repair | Broad
SZ_Search_BayArea_ULTRA3000_Broad,Core Near Me,sub zero fridge freezer repairs near me,Broad,42.00,https://appliancepros.netlify.app/subzero/,Enabled,Enabled,Enabled,Core Near Me | Broad
SZ_Search_BayArea_ULTRA3000_Broad,Not Working Issues,sub zero fridge freezer stopped working,Broad,35.00,https://appliancepros.netlify.app/subzero/,Enabled,Enabled,Enabled,Not Working Issues | Broad
SZ_Search_BayArea_ULTRA3000_Broad,Temperature Issues,sub zero fridge freezer temperature problem,Broad,35.00,https://appliancepros.netlify.app/subzero/,Enabled,Enabled,Enabled,Temperature Issues | Broad
SZ_Search_BayArea_ULTRA3000_Broad,Not Working Issues,sub zero fridge ice dispenser not working,Broad,35.00,https://appliancepros.netlify.app/subzero/,Enabled,Enabled,Enabled,Not Working Issues | Broad
SZ_Search_BayArea_ULTRA3000_Broad,Not Working Issues,sub zero fridge ice machine not working,Broad,35.00,https://appliancepros.netlify.app/subzero/,Enabled,Enabled,Enabled,Not Working Issues | Broad
SZ_Search_BayArea_ULTRA3000_Broad,Not Working Issues,sub zero fridge ice maker and water not working,Broad,35.00,https://appliancepros.netlify.app/subzero/,Enabled,Enabled,Enabled,Not Working Issues | Broad
SZ_Search_BayArea_ULTRA3000_Broad,Core Brand Repair,sub zero fridge ice maker leaking,Broad,35.00,https://appliancepros.netlify.app/subzero/,Enabled,Enabled,Enabled,Core Brand Repair | Broad
SZ_Search_BayArea_ULTRA3000_Broad,Core Brand Repair,sub zero fridge ice maker not dispensing,Broad,35.00,https://appliancepros.netlify.app/subzero/,Enabled,Enabled,Enabled,Core Brand Repair | Broad
SZ_Search_BayArea_ULTRA3000_Broad,Core Brand Repair,sub zero fridge ice maker not making ice,Broad,35.00,https://appliancepros.netlify.app/subzero/,Enabled,Enabled,Enabled,Core Brand Repair | Broad
SZ_Search_BayArea_ULTRA3000_Broad,Not Working Issues,sub zero fridge ice maker not working,Broad,35.00,https://appliancepros.netlify.app/subzero/,Enabled,Enabled,Enabled,Not Working Issues | Broad
SZ_Search_BayArea_ULTRA3000_Broad,Core Brand Repair,sub zero fridge ice maker problems,Broad,35.00,https://appliancepros.netlify.app/subzero/,Enabled,Enabled,Enabled,Core Brand Repair | Broad
SZ_Search_BayArea_ULTRA3000_Broad,Ice Maker Repair,sub zero fridge ice maker repair,Broad,40.00,https://appliancepros.netlify.app/subzero/,Enabled,Enabled,Enabled,Ice Maker Repair | Broad
SZ_Search_BayArea_ULTRA3000_Broad,Not Working Issues,sub zero fridge ice maker stopped working,Broad,35.00,https://appliancepros.netlify.app/subzero/,Enabled,Enabled,Enabled,Not Working Issues | Broad
SZ_Search_BayArea_ULTRA3000_Broad,Not Cooling Issues,sub zero fridge is not cooling,Broad,40.00,https://appliancepros.netlify.app/subzero/,Enabled,Enabled,Enabled,Not Cooling Issues | Broad
SZ_Search_BayArea_ULTRA3000_Broad,Core Brand Repair,sub zero fridge keeps beeping,Broad,35.00,https://appliancepros.netlify.app/subzero/,Enabled,Enabled,Enabled,Core Brand Repair | Broad
SZ_Search_BayArea_ULTRA3000_Broad,Core Brand Repair,sub zero fridge leaking on floor,Broad,35.00,https://appliancepros.netlify.app/subzero/,Enabled,Enabled,Enabled,Core Brand Repair | Broad
SZ_Search_BayArea_ULTRA3000_Broad,Water Leak Repair,sub zero fridge leaking water,Broad,40.00,https://appliancepros.netlify.app/subzero/,Enabled,Enabled,Enabled,Water Leak Repair | Broad
SZ_Search_BayArea_ULTRA3000_Broad,Water Leak Repair,sub zero fridge leaking water from bottom,Broad,40.00,https://appliancepros.netlify.app/subzero/,Enabled,Enabled,Enabled,Water Leak Repair | Broad
SZ_Search_BayArea_ULTRA3000_Broad,Not Working Issues,sub zero fridge lights not working,Broad,35.00,https://appliancepros.netlify.app/subzero/,Enabled,Enabled,Enabled,Not Working Issues | Broad
SZ_Search_BayArea_ULTRA3000_Broad,Core Maintenance,sub zero fridge maintenance,Broad,33.00,https://appliancepros.netlify.app/subzero/,Enabled,Enabled,Enabled,Core Maintenance | Broad
SZ_Search_BayArea_ULTRA3000_Broad,Noise Fan Compressor,sub zero fridge making humming noise,Broad,35.00,https://appliancepros.netlify.app/subzero/,Enabled,Enabled,Enabled,Noise Fan Compressor | Broad
SZ_Search_BayArea_ULTRA3000_Broad,Noise Fan Compressor,sub zero fridge making noise,Broad,35.00,https://appliancepros.netlify.app/subzero/,Enabled,Enabled,Enabled,Noise Fan Compressor | Broad
SZ_Search_BayArea_ULTRA3000_Broad,Core Technician,sub zero fridge mechanic,Broad,35.00,https://appliancepros.netlify.app/subzero/,Enabled,Enabled,Enabled,Core Technician | Broad
SZ_Search_BayArea_ULTRA3000_Broad,Core Brand Repair,sub zero fridge not,Broad,35.00,https://appliancepros.netlify.app/subzero/,Enabled,Enabled,Enabled,Core Brand Repair | Broad
SZ_Search_BayArea_ULTRA3000_Broad,Not Cooling Issues,sub zero fridge not cold freezer is cold,Broad,40.00,https://appliancepros.netlify.app/subzero/,Enabled,Enabled,Enabled,Not Cooling Issues | Broad
SZ_Search_BayArea_ULTRA3000_Broad,Not Cooling Issues,sub zero fridge not cooling,Broad,40.00,https://appliancepros.netlify.app/subzero/,Enabled,Enabled,Enabled,Not Cooling Issues | Broad
SZ_Search_BayArea_ULTRA3000_Broad,Not Cooling Issues,sub zero fridge not cooling after power outage,Broad,40.00,https://appliancepros.netlify.app/subzero/,Enabled,Enabled,Enabled,Not Cooling Issues | Broad
SZ_Search_BayArea_ULTRA3000_Broad,Not Cooling Issues,sub zero fridge not cooling but freezer is,Broad,40.00,https://appliancepros.netlify.app/subzero/,Enabled,Enabled,Enabled,Not Cooling Issues | Broad
SZ_Search_BayArea_ULTRA3000_Broad,Not Cooling Issues,sub zero fridge not cooling but freezer is cold,Broad,40.00,https://appliancepros.netlify.app/subzero/,Enabled,Enabled,Enabled,Not Cooling Issues | Broad
SZ_Search_BayArea_ULTRA3000_Broad,Not Cooling Issues,sub zero fridge not cooling but freezer working,Broad,40.00,https://appliancepros.netlify.app/subzero/,Enabled,Enabled,Enabled,Not Cooling Issues | Broad
SZ_Search_BayArea_ULTRA3000_Broad,Not Cooling Issues,sub zero fridge not cooling but freezer works,Broad,40.00,https://appliancepros.netlify.app/subzero/,Enabled,Enabled,Enabled,Not Cooling Issues | Broad
SZ_Search_BayArea_ULTRA3000_Broad,Not Cooling Issues,sub zero fridge not cooling but light is on,Broad,40.00,https://appliancepros.netlify.app/subzero/,Enabled,Enabled,Enabled,Not Cooling Issues | Broad
SZ_Search_BayArea_ULTRA3000_Broad,Not Cooling Issues,sub zero fridge not cooling enough,Broad,40.00,https://appliancepros.netlify.app/subzero/,Enabled,Enabled,Enabled,Not Cooling Issues | Broad
SZ_Search_BayArea_ULTRA3000_Broad,Not Cooling Issues,sub zero fridge not cooling freezer fine,Broad,40.00,https://appliancepros.netlify.app/subzero/,Enabled,Enabled,Enabled,Not Cooling Issues | Broad
SZ_Search_BayArea_ULTRA3000_Broad,Core Brand Repair,sub zero fridge not defrosting,Broad,35.00,https://appliancepros.netlify.app/subzero/,Enabled,Enabled,Enabled,Core Brand Repair | Broad
SZ_Search_BayArea_ULTRA3000_Broad,Core Brand Repair,sub zero fridge not dispensing water,Broad,35.00,https://appliancepros.netlify.app/subzero/,Enabled,Enabled,Enabled,Core Brand Repair | Broad
SZ_Search_BayArea_ULTRA3000_Broad,Not Freezing Issues,sub zero fridge not freezing,Broad,40.00,https://appliancepros.netlify.app/subzero/,Enabled,Enabled,Enabled,Not Freezing Issues | Broad
SZ_Search_BayArea_ULTRA3000_Broad,Core Brand Repair,sub zero fridge not getting cold,Broad,35.00,https://appliancepros.netlify.app/subzero/,Enabled,Enabled,Enabled,Core Brand Repair | Broad
SZ_Search_BayArea_ULTRA3000_Broad,Core Brand Repair,sub zero fridge not getting cold enough,Broad,35.00,https://appliancepros.netlify.app/subzero/,Enabled,Enabled,Enabled,Core Brand Repair | Broad
SZ_Search_BayArea_ULTRA3000_Broad,Core Brand Repair,sub zero fridge not making ice,Broad,35.00,https://appliancepros.netlify.app/subzero/,Enabled,Enabled,Enabled,Core Brand Repair | Broad
SZ_Search_BayArea_ULTRA3000_Broad,Core Brand Repair,sub zero fridge not turning on,Broad,35.00,https://appliancepros.netlify.app/subzero/,Enabled,Enabled,Enabled,Core Brand Repair | Broad
SZ_Search_BayArea_ULTRA3000_Broad,Not Working Issues,sub zero fridge not working,Broad,35.00,https://appliancepros.netlify.app/subzero/,Enabled,Enabled,Enabled,Not Working Issues | Broad
SZ_Search_BayArea_ULTRA3000_Broad,Not Working Issues,sub zero fridge not working but freezer is,Broad,35.00,https://appliancepros.netlify.app/subzero/,Enabled,Enabled,Enabled,Not Working Issues | Broad
SZ_Search_BayArea_ULTRA3000_Broad,Core Brand Repair,sub zero fridge problems,Broad,35.00,https://appliancepros.netlify.app/subzero/,Enabled,Enabled,Enabled,Core Brand Repair | Broad
SZ_Search_BayArea_ULTRA3000_Broad,Fridge Repair,sub zero fridge repair,Broad,35.00,https://appliancepros.netlify.app/subzero/,Enabled,Enabled,Enabled,Fridge Repair | Broad
SZ_Search_BayArea_ULTRA3000_Broad,Fridge Repair,sub zero fridge repair cost,Broad,35.00,https://appliancepros.netlify.app/subzero/,Enabled,Enabled,Enabled,Fridge Repair | Broad
SZ_Search_BayArea_ULTRA3000_Broad,Core Near Me,sub zero fridge repair near me,Broad,42.00,https://appliancepros.netlify.app/subzero/,Enabled,Enabled,Enabled,Core Near Me | Broad
SZ_Search_BayArea_ULTRA3000_Broad,Geo Oakland Repair,sub zero fridge repair oakland,Broad,39.00,https://appliancepros.netlify.app/subzero/,Enabled,Enabled,Enabled,Geo Oakland Repair | Broad
SZ_Search_BayArea_ULTRA3000_Broad,Geo PaloAlto Repair,sub zero fridge repair palo alto,Broad,39.00,https://appliancepros.netlify.app/subzero/,Enabled,Enabled,Enabled,Geo PaloAlto Repair | Broad
SZ_Search_BayArea_ULTRA3000_Broad,Geo SanJose Repair,sub zero fridge repair san jose,Broad,39.00,https://appliancepros.netlify.app/subzero/,Enabled,Enabled,Enabled,Geo SanJose Repair | Broad
SZ_Search_BayArea_ULTRA3000_Broad,Fridge Repair,sub zero fridge repair service,Broad,35.00,https://appliancepros.netlify.app/subzero/,Enabled,Enabled,Enabled,Fridge Repair | Broad
SZ_Search_BayArea_ULTRA3000_Broad,Core Near Me,sub zero fridge repair service near me,Broad,42.00,https://appliancepros.netlify.app/subzero/,Enabled,Enabled,Enabled,Core Near Me | Broad
SZ_Search_BayArea_ULTRA3000_Broad,Core Technician,sub zero fridge repairman,Broad,35.00,https://appliancepros.netlify.app/subzero/,Enabled,Enabled,Enabled,Core Technician | Broad
SZ_Search_BayArea_ULTRA3000_Broad,Fridge Repair,sub zero fridge repairs,Broad,35.00,https://appliancepros.netlify.app/subzero/,Enabled,Enabled,Enabled,Fridge Repair | Broad
SZ_Search_BayArea_ULTRA3000_Broad,Core Near Me,sub zero fridge repairs near me,Broad,42.00,https://appliancepros.netlify.app/subzero/,Enabled,Enabled,Enabled,Core Near Me | Broad
SZ_Search_BayArea_ULTRA3000_Broad,Fridge Repair,sub zero fridge repairs perth,Broad,35.00,https://appliancepros.netlify.app/subzero/,Enabled,Enabled,Enabled,Fridge Repair | Broad
SZ_Search_BayArea_ULTRA3000_Broad,Core Brand Service,sub zero fridge service,Broad,33.00,https://appliancepros.netlify.app/subzero/,Enabled,Enabled,Enabled,Core Brand Service | Broad
SZ_Search_BayArea_ULTRA3000_Broad,Core Brand Service,sub zero fridge service light,Broad,33.00,https://appliancepros.netlify.app/subzero/,Enabled,Enabled,Enabled,Core Brand Service | Broad
SZ_Search_BayArea_ULTRA3000_Broad,Core Near Me,sub zero fridge service near me,Broad,42.00,https://appliancepros.netlify.app/subzero/,Enabled,Enabled,Enabled,Core Near Me | Broad
SZ_Search_BayArea_ULTRA3000_Broad,Core Brand Repair,sub zero fridge slow ice maker,Broad,35.00,https://appliancepros.netlify.app/subzero/,Enabled,Enabled,Enabled,Core Brand Repair | Broad
SZ_Search_BayArea_ULTRA3000_Broad,Core Brand Repair,sub zero fridge stopped cooling,Broad,35.00,https://appliancepros.netlify.app/subzero/,Enabled,Enabled,Enabled,Core Brand Repair | Broad
SZ_Search_BayArea_ULTRA3000_Broad,Core Brand Repair,sub zero fridge stopped making ice,Broad,35.00,https://appliancepros.netlify.app/subzero/,Enabled,Enabled,Enabled,Core Brand Repair | Broad
SZ_Search_BayArea_ULTRA3000_Broad,Not Working Issues,sub zero fridge stopped working,Broad,35.00,https://appliancepros.netlify.app/subzero/,Enabled,Enabled,Enabled,Not Working Issues | Broad
SZ_Search_BayArea_ULTRA3000_Broad,Core Technician,sub zero fridge technician,Broad,35.00,https://appliancepros.netlify.app/subzero/,Enabled,Enabled,Enabled,Core Technician | Broad
SZ_Search_BayArea_ULTRA3000_Broad,Temperature Issues,sub zero fridge temperature issue,Broad,35.00,https://appliancepros.netlify.app/subzero/,Enabled,Enabled,Enabled,Temperature Issues | Broad
SZ_Search_BayArea_ULTRA3000_Broad,Temperature Issues,sub zero fridge temperature too high,Broad,35.00,https://appliancepros.netlify.app/subzero/,Enabled,Enabled,Enabled,Temperature Issues | Broad
SZ_Search_BayArea_ULTRA3000_Broad,Core Brand Repair,sub zero fridge too cold,Broad,35.00,https://appliancepros.netlify.app/subzero/,Enabled,Enabled,Enabled,Core Brand Repair | Broad
SZ_Search_BayArea_ULTRA3000_Broad,Core Brand Repair,sub zero fridge warm freezer cold,Broad,35.00,https://appliancepros.netlify.app/subzero/,Enabled,Enabled,Enabled,Core Brand Repair | Broad
SZ_Search_BayArea_ULTRA3000_Broad,Core Brand Repair,sub zero fridge warm freezer works,Broad,35.00,https://appliancepros.netlify.app/subzero/,Enabled,Enabled,Enabled,Core Brand Repair | Broad
SZ_Search_BayArea_ULTRA3000_Broad,Not Working Issues,sub zero fridge water dispenser not working,Broad,35.00,https://appliancepros.netlify.app/subzero/,Enabled,Enabled,Enabled,Not Working Issues | Broad
SZ_Search_BayArea_ULTRA3000_Broad,Fridge Repair,sub zero fridge water dispenser repair,Broad,35.00,https://appliancepros.netlify.app/subzero/,Enabled,Enabled,Enabled,Fridge Repair | Broad
SZ_Search_BayArea_ULTRA3000_Broad,Water Leak Repair,sub zero fridge water leak,Broad,40.00,https://appliancepros.netlify.app/subzero/,Enabled,Enabled,Enabled,Water Leak Repair | Broad
SZ_Search_BayArea_ULTRA3000_Broad,Water Leak Repair,sub zero fridge water leaking on floor,Broad,40.00,https://appliancepros.netlify.app/subzero/,Enabled,Enabled,Enabled,Water Leak Repair | Broad
SZ_Search_BayArea_ULTRA3000_Broad,Not Cooling Issues,sub zero fridge water not cold,Broad,40.00,https://appliancepros.netlify.app/subzero/,Enabled,Enabled,Enabled,Not Cooling Issues | Broad
SZ_Search_BayArea_ULTRA3000_Broad,Not Working Issues,sub zero fridge water not working,Broad,35.00,https://appliancepros.netlify.app/subzero/,Enabled,Enabled,Enabled,Not Working Issues | Broad
SZ_Search_BayArea_ULTRA3000_Broad,Core Brand Repair,sub zero fridge wont make ice,Broad,35.00,https://appliancepros.netlify.app/subzero/,Enabled,Enabled,Enabled,Core Brand Repair | Broad
SZ_Search_BayArea_ULTRA3000_Broad,Core Brand Repair,sub zero gate opener repair,Broad,35.00,https://appliancepros.netlify.app/subzero/,Enabled,Enabled,Enabled,Core Brand Repair | Broad
SZ_Search_BayArea_ULTRA3000_Broad,Core Brand Repair,sub zero gate repair,Broad,35.00,https://appliancepros.netlify.app/subzero/,Enabled,Enabled,Enabled,Core Brand Repair | Broad
SZ_Search_BayArea_ULTRA3000_Broad,Core Brand Repair,sub zero home appliance repair,Broad,35.00,https://appliancepros.netlify.app/subzero/,Enabled,Enabled,Enabled,Core Brand Repair | Broad
SZ_Search_BayArea_ULTRA3000_Broad,Core Brand Repair,sub zero ice buildup in refrigerator,Broad,35.00,https://appliancepros.netlify.app/subzero/,Enabled,Enabled,Enabled,Core Brand Repair | Broad
SZ_Search_BayArea_ULTRA3000_Broad,Not Working Issues,sub zero ice crusher not working,Broad,35.00,https://appliancepros.netlify.app/subzero/,Enabled,Enabled,Enabled,Not Working Issues | Broad
SZ_Search_BayArea_ULTRA3000_Broad,Not Working Issues,sub zero ice cube maker not working,Broad,35.00,https://appliancepros.netlify.app/subzero/,Enabled,Enabled,Enabled,Not Working Issues | Broad
SZ_Search_BayArea_ULTRA3000_Broad,Not Working Issues,sub zero ice dispenser not working,Broad,35.00,https://appliancepros.netlify.app/subzero/,Enabled,Enabled,Enabled,Not Working Issues | Broad
SZ_Search_BayArea_ULTRA3000_Broad,Not Working Issues,sub zero ice dispenser not working but water dispenser is,Broad,35.00,https://appliancepros.netlify.app/subzero/,Enabled,Enabled,Enabled,Not Working Issues | Broad
SZ_Search_BayArea_ULTRA3000_Broad,Core Brand Repair,sub zero ice dispenser problem,Broad,35.00,https://appliancepros.netlify.app/subzero/,Enabled,Enabled,Enabled,Core Brand Repair | Broad
SZ_Search_BayArea_ULTRA3000_Broad,Core Brand Repair,sub zero ice dispenser sticking,Broad,35.00,https://appliancepros.netlify.app/subzero/,Enabled,Enabled,Enabled,Core Brand Repair | Broad
SZ_Search_BayArea_ULTRA3000_Broad,Core Brand Repair,sub zero ice drawer problems,Broad,35.00,https://appliancepros.netlify.app/subzero/,Enabled,Enabled,Enabled,Core Brand Repair | Broad
SZ_Search_BayArea_ULTRA3000_Broad,Core Brand Repair,sub zero ice flap repair,Broad,35.00,https://appliancepros.netlify.app/subzero/,Enabled,Enabled,Enabled,Core Brand Repair | Broad
SZ_Search_BayArea_ULTRA3000_Broad,Core Brand Repair,sub zero ice machine not making ice,Broad,35.00,https://appliancepros.netlify.app/subzero/,Enabled,Enabled,Enabled,Core Brand Repair | Broad
SZ_Search_BayArea_ULTRA3000_Broad,Not Working Issues,sub zero ice machine not working,Broad,35.00,https://appliancepros.netlify.app/subzero/,Enabled,Enabled,Enabled,Not Working Issues | Broad
SZ_Search_BayArea_ULTRA3000_Broad,Core Brand Repair,sub zero ice machine repair,Broad,35.00,https://appliancepros.netlify.app/subzero/,Enabled,Enabled,Enabled,Core Brand Repair | Broad
SZ_Search_BayArea_ULTRA3000_Broad,Not Working Issues,sub zero ice maker auger not working,Broad,35.00,https://appliancepros.netlify.app/subzero/,Enabled,Enabled,Enabled,Not Working Issues | Broad
SZ_Search_BayArea_ULTRA3000_Broad,Core Brand Repair,sub zero ice maker freezing up,Broad,35.00,https://appliancepros.netlify.app/subzero/,Enabled,Enabled,Enabled,Core Brand Repair | Broad
SZ_Search_BayArea_ULTRA3000_Broad,Not Working Issues,sub zero ice maker in door not working,Broad,35.00,https://appliancepros.netlify.app/subzero/,Enabled,Enabled,Enabled,Not Working Issues | Broad
SZ_Search_BayArea_ULTRA3000_Broad,Core Brand Repair,sub zero ice maker leaking,Broad,35.00,https://appliancepros.netlify.app/subzero/,Enabled,Enabled,Enabled,Core Brand Repair | Broad
SZ_Search_BayArea_ULTRA3000_Broad,Core Brand Repair,sub zero ice maker leaking into bin,Broad,35.00,https://appliancepros.netlify.app/subzero/,Enabled,Enabled,Enabled,Core Brand Repair | Broad
SZ_Search_BayArea_ULTRA3000_Broad,Core Brand Repair,sub zero ice maker makes too much ice,Broad,35.00,https://appliancepros.netlify.app/subzero/,Enabled,Enabled,Enabled,Core Brand Repair | Broad
SZ_Search_BayArea_ULTRA3000_Broad,Core Brand Repair,sub zero ice maker making ice but not dispensing,Broad,35.00,https://appliancepros.netlify.app/subzero/,Enabled,Enabled,Enabled,Core Brand Repair | Broad
SZ_Search_BayArea_ULTRA3000_Broad,Core Brand Repair,sub zero ice maker making too much ice,Broad,35.00,https://appliancepros.netlify.app/subzero/,Enabled,Enabled,Enabled,Core Brand Repair | Broad
SZ_Search_BayArea_ULTRA3000_Broad,Core Brand Repair,sub zero ice maker no water,Broad,35.00,https://appliancepros.netlify.app/subzero/,Enabled,Enabled,Enabled,Core Brand Repair | Broad
SZ_Search_BayArea_ULTRA3000_Broad,Core Brand Repair,sub zero ice maker not crushing ice,Broad,35.00,https://appliancepros.netlify.app/subzero/,Enabled,Enabled,Enabled,Core Brand Repair | Broad
SZ_Search_BayArea_ULTRA3000_Broad,Core Brand Repair,sub zero ice maker not dispensing,Broad,35.00,https://appliancepros.netlify.app/subzero/,Enabled,Enabled,Enabled,Core Brand Repair | Broad
SZ_Search_BayArea_ULTRA3000_Broad,Core Brand Repair,sub zero ice maker not dispensing ice,Broad,35.00,https://appliancepros.netlify.app/subzero/,Enabled,Enabled,Enabled,Core Brand Repair | Broad
SZ_Search_BayArea_ULTRA3000_Broad,Core Brand Repair,sub zero ice maker not dumping ice,Broad,35.00,https://appliancepros.netlify.app/subzero/,Enabled,Enabled,Enabled,Core Brand Repair | Broad
SZ_Search_BayArea_ULTRA3000_Broad,Core Brand Repair,sub zero ice maker not ejecting ice,Broad,35.00,https://appliancepros.netlify.app/subzero/,Enabled,Enabled,Enabled,Core Brand Repair | Broad
SZ_Search_BayArea_ULTRA3000_Broad,Core Brand Repair,sub zero ice maker not filling with water,Broad,35.00,https://appliancepros.netlify.app/subzero/,Enabled,Enabled,Enabled,Core Brand Repair | Broad
SZ_Search_BayArea_ULTRA3000_Broad,Core Brand Repair,sub zero ice maker not getting cold,Broad,35.00,https://appliancepros.netlify.app/subzero/,Enabled,Enabled,Enabled,Core Brand Repair | Broad
SZ_Search_BayArea_ULTRA3000_Broad,Core Brand Repair,sub zero ice maker not getting water,Broad,35.00,https://appliancepros.netlify.app/subzero/,Enabled,Enabled,Enabled,Core Brand Repair | Broad
SZ_Search_BayArea_ULTRA3000_Broad,Core Brand Repair,sub zero ice maker not making enough ice,Broad,35.00,https://appliancepros.netlify.app/subzero/,Enabled,Enabled,Enabled,Core Brand Repair | Broad
SZ_Search_BayArea_ULTRA3000_Broad,Core Brand Repair,sub zero ice maker not making ice,Broad,35.00,https://appliancepros.netlify.app/subzero/,Enabled,Enabled,Enabled,Core Brand Repair | Broad
SZ_Search_BayArea_ULTRA3000_Broad,Core Brand Repair,sub zero ice maker not making ice but water works,Broad,35.00,https://appliancepros.netlify.app/subzero/,Enabled,Enabled,Enabled,Core Brand Repair | Broad
SZ_Search_BayArea_ULTRA3000_Broad,Core Brand Repair,sub zero ice maker not making ice french door,Broad,35.00,https://appliancepros.netlify.app/subzero/,Enabled,Enabled,Enabled,Core Brand Repair | Broad
SZ_Search_BayArea_ULTRA3000_Broad,Not Working Issues,sub zero ice maker not working,Broad,35.00,https://appliancepros.netlify.app/subzero/,Enabled,Enabled,Enabled,Not Working Issues | Broad
SZ_Search_BayArea_ULTRA3000_Broad,Not Working Issues,sub zero ice maker not working bottom freezer,Broad,35.00,https://appliancepros.netlify.app/subzero/,Enabled,Enabled,Enabled,Not Working Issues | Broad
SZ_Search_BayArea_ULTRA3000_Broad,Not Working Issues,sub zero ice maker not working but water dispenser is,Broad,35.00,https://appliancepros.netlify.app/subzero/,Enabled,Enabled,Enabled,Not Working Issues | Broad
SZ_Search_BayArea_ULTRA3000_Broad,Not Working Issues,sub zero ice maker not working but water does,Broad,35.00,https://appliancepros.netlify.app/subzero/,Enabled,Enabled,Enabled,Not Working Issues | Broad
SZ_Search_BayArea_ULTRA3000_Broad,Core Brand Repair,sub zero ice maker pouring out water,Broad,35.00,https://appliancepros.netlify.app/subzero/,Enabled,Enabled,Enabled,Core Brand Repair | Broad
SZ_Search_BayArea_ULTRA3000_Broad,Core Brand Repair,sub zero ice maker problem,Broad,35.00,https://appliancepros.netlify.app/subzero/,Enabled,Enabled,Enabled,Core Brand Repair | Broad
SZ_Search_BayArea_ULTRA3000_Broad,Core Brand Repair,sub zero ice maker problems,Broad,35.00,https://appliancepros.netlify.app/subzero/,Enabled,Enabled,Enabled,Core Brand Repair | Broad
SZ_Search_BayArea_ULTRA3000_Broad,Core Brand Repair,sub zero ice maker quit working,Broad,35.00,https://appliancepros.netlify.app/subzero/,Enabled,Enabled,Enabled,Core Brand Repair | Broad
SZ_Search_BayArea_ULTRA3000_Broad,Ice Maker Repair,sub zero ice maker repair,Broad,40.00,https://appliancepros.netlify.app/subzero/,Enabled,Enabled,Enabled,Ice Maker Repair | Broad
SZ_Search_BayArea_ULTRA3000_Broad,Geo Berkeley Repair,sub zero ice maker repair in berkeley,Broad,39.00,https://appliancepros.netlify.app/subzero/,Enabled,Enabled,Enabled,Geo Berkeley Repair | Broad
SZ_Search_BayArea_ULTRA3000_Broad,Geo Fremont Repair,sub zero ice maker repair in fremont,Broad,39.00,https://appliancepros.netlify.app/subzero/,Enabled,Enabled,Enabled,Geo Fremont Repair | Broad
SZ_Search_BayArea_ULTRA3000_Broad,Geo MountainView Repair,sub zero ice maker repair in mountain view,Broad,39.00,https://appliancepros.netlify.app/subzero/,Enabled,Enabled,Enabled,Geo MountainView Repair | Broad
SZ_Search_BayArea_ULTRA3000_Broad,Geo Oakland Repair,sub zero ice maker repair in oakland,Broad,39.00,https://appliancepros.netlify.app/subzero/,Enabled,Enabled,Enabled,Geo Oakland Repair | Broad
SZ_Search_BayArea_ULTRA3000_Broad,Geo PaloAlto Repair,sub zero ice maker repair in palo alto,Broad,39.00,https://appliancepros.netlify.app/subzero/,Enabled,Enabled,Enabled,Geo PaloAlto Repair | Broad
SZ_Search_BayArea_ULTRA3000_Broad,Geo RedwoodCity Repair,sub zero ice maker repair in redwood city,Broad,39.00,https://appliancepros.netlify.app/subzero/,Enabled,Enabled,Enabled,Geo RedwoodCity Repair | Broad
SZ_Search_BayArea_ULTRA3000_Broad,Geo SanFrancisco Repair,sub zero ice maker repair in san francisco,Broad,39.00,https://appliancepros.netlify.app/subzero/,Enabled,Enabled,Enabled,Geo SanFrancisco Repair | Broad
SZ_Search_BayArea_ULTRA3000_Broad,Geo SanJose Repair,sub zero ice maker repair in san jose,Broad,39.00,https://appliancepros.netlify.app/subzero/,Enabled,Enabled,Enabled,Geo SanJose Repair | Broad
SZ_Search_BayArea_ULTRA3000_Broad,Geo SanMateo Repair,sub zero ice maker repair in san mateo,Broad,39.00,https://appliancepros.netlify.app/subzero/,Enabled,Enabled,Enabled,Geo SanMateo Repair | Broad
SZ_Search_BayArea_ULTRA3000_Broad,Geo SantaClara Repair,sub zero ice maker repair in santa clara,Broad,39.00,https://appliancepros.netlify.app/subzero/,Enabled,Enabled,Enabled,Geo SantaClara Repair | Broad
SZ_Search_BayArea_ULTRA3000_Broad,Geo Sunnyvale Repair,sub zero ice maker repair in sunnyvale,Broad,39.00,https://appliancepros.netlify.app/subzero/,Enabled,Enabled,Enabled,Geo Sunnyvale Repair | Broad
SZ_Search_BayArea_ULTRA3000_Broad,Geo WalnutCreek Repair,sub zero ice maker repair in walnut creek,Broad,39.00,https://appliancepros.netlify.app/subzero/,Enabled,Enabled,Enabled,Geo WalnutCreek Repair | Broad
SZ_Search_BayArea_ULTRA3000_Broad,Core Near Me,sub zero ice maker repair near me,Broad,42.00,https://appliancepros.netlify.app/subzero/,Enabled,Enabled,Enabled,Core Near Me | Broad
SZ_Search_BayArea_ULTRA3000_Broad,Ice Maker Repair,sub zero ice maker repair service,Broad,40.00,https://appliancepros.netlify.app/subzero/,Enabled,Enabled,Enabled,Ice Maker Repair | Broad
SZ_Search_BayArea_ULTRA3000_Broad,Core Brand Repair,sub zero ice maker slow,Broad,35.00,https://appliancepros.netlify.app/subzero/,Enabled,Enabled,Enabled,Core Brand Repair | Broad
SZ_Search_BayArea_ULTRA3000_Broad,Core Brand Repair,sub zero ice maker slow making ice,Broad,35.00,https://appliancepros.netlify.app/subzero/,Enabled,Enabled,Enabled,Core Brand Repair | Broad
SZ_Search_BayArea_ULTRA3000_Broad,Core Brand Repair,sub zero ice maker slow to make ice,Broad,35.00,https://appliancepros.netlify.app/subzero/,Enabled,Enabled,Enabled,Core Brand Repair | Broad
SZ_Search_BayArea_ULTRA3000_Broad,Core Brand Repair,sub zero ice maker stopped making ice,Broad,35.00,https://appliancepros.netlify.app/subzero/,Enabled,Enabled,Enabled,Core Brand Repair | Broad
SZ_Search_BayArea_ULTRA3000_Broad,Not Working Issues,sub zero ice maker stopped working,Broad,35.00,https://appliancepros.netlify.app/subzero/,Enabled,Enabled,Enabled,Not Working Issues | Broad
SZ_Search_BayArea_ULTRA3000_Broad,Core Brand Repair,sub zero ice making problem,Broad,35.00,https://appliancepros.netlify.app/subzero/,Enabled,Enabled,Enabled,Core Brand Repair | Broad
SZ_Search_BayArea_ULTRA3000_Broad,Core Brand Repair,sub zero ice not making ice,Broad,35.00,https://appliancepros.netlify.app/subzero/,Enabled,Enabled,Enabled,Core Brand Repair | Broad
SZ_Search_BayArea_ULTRA3000_Broad,Core Brand Repair,sub zero ice repair,Broad,35.00,https://appliancepros.netlify.app/subzero/,Enabled,Enabled,Enabled,Core Brand Repair | Broad
SZ_Search_BayArea_ULTRA3000_Broad,Core Brand Repair,sub zero ice repairs,Broad,35.00,https://appliancepros.netlify.app/subzero/,Enabled,Enabled,Enabled,Core Brand Repair | Broad
SZ_Search_BayArea_ULTRA3000_Broad,Core Brand Service,sub zero ice service,Broad,33.00,https://appliancepros.netlify.app/subzero/,Enabled,Enabled,Enabled,Core Brand Service | Broad
SZ_Search_BayArea_ULTRA3000_Broad,Core Brand Service,sub zero ice service message,Broad,33.00,https://appliancepros.netlify.app/subzero/,Enabled,Enabled,Enabled,Core Brand Service | Broad
SZ_Search_BayArea_ULTRA3000_Broad,Core Brand Service,sub zero ice services,Broad,33.00,https://appliancepros.netlify.app/subzero/,Enabled,Enabled,Enabled,Core Brand Service | Broad
SZ_Search_BayArea_ULTRA3000_Broad,Core Brand Repair,sub zero icemaker not getting water,Broad,35.00,https://appliancepros.netlify.app/subzero/,Enabled,Enabled,Enabled,Core Brand Repair | Broad
SZ_Search_BayArea_ULTRA3000_Broad,Core Brand Repair,sub zero icemaker not making ice,Broad,35.00,https://appliancepros.netlify.app/subzero/,Enabled,Enabled,Enabled,Core Brand Repair | Broad
SZ_Search_BayArea_ULTRA3000_Broad,Core Brand Repair,sub zero icemaker not producing ice,Broad,35.00,https://appliancepros.netlify.app/subzero/,Enabled,Enabled,Enabled,Core Brand Repair | Broad
SZ_Search_BayArea_ULTRA3000_Broad,Not Working Issues,sub zero icemaker not working,Broad,35.00,https://appliancepros.netlify.app/subzero/,Enabled,Enabled,Enabled,Not Working Issues | Broad
SZ_Search_BayArea_ULTRA3000_Broad,Not Working Issues,sub zero icemaker stopped working,Broad,35.00,https://appliancepros.netlify.app/subzero/,Enabled,Enabled,Enabled,Not Working Issues | Broad
SZ_Search_BayArea_ULTRA3000_Broad,Not Cooling Issues,sub zero imperial series refrigerator not cooling,Broad,40.00,https://appliancepros.netlify.app/subzero/,Enabled,Enabled,Enabled,Not Cooling Issues | Broad
SZ_Search_BayArea_ULTRA3000_Broad,Core Brand Repair,sub zero in door ice maker not making ice,Broad,35.00,https://appliancepros.netlify.app/subzero/,Enabled,Enabled,Enabled,Core Brand Repair | Broad
SZ_Search_BayArea_ULTRA3000_Broad,Not Working Issues,sub zero in door ice maker not working,Broad,35.00,https://appliancepros.netlify.app/subzero/,Enabled,Enabled,Enabled,Not Working Issues | Broad
SZ_Search_BayArea_ULTRA3000_Broad,Core Brand Repair,sub zero kitchen appliance repair,Broad,35.00,https://appliancepros.netlify.app/subzero/,Enabled,Enabled,Enabled,Core Brand Repair | Broad
SZ_Search_BayArea_ULTRA3000_Broad,Core Brand Repair,sub zero leaking,Broad,35.00,https://appliancepros.netlify.app/subzero/,Enabled,Enabled,Enabled,Core Brand Repair | Broad
SZ_Search_BayArea_ULTRA3000_Broad,Water Leak Repair,sub zero leaking water,Broad,40.00,https://appliancepros.netlify.app/subzero/,Enabled,Enabled,Enabled,Water Leak Repair | Broad
SZ_Search_BayArea_ULTRA3000_Broad,Water Leak Repair,sub zero leaking water from bottom,Broad,40.00,https://appliancepros.netlify.app/subzero/,Enabled,Enabled,Enabled,Water Leak Repair | Broad
SZ_Search_BayArea_ULTRA3000_Broad,Water Leak Repair,sub zero leaking water from top,Broad,40.00,https://appliancepros.netlify.app/subzero/,Enabled,Enabled,Enabled,Water Leak Repair | Broad
SZ_Search_BayArea_ULTRA3000_Broad,Not Working Issues,sub zero light not working,Broad,35.00,https://appliancepros.netlify.app/subzero/,Enabled,Enabled,Enabled,Not Working Issues | Broad
SZ_Search_BayArea_ULTRA3000_Broad,Core Brand Repair,sub zero light switch repair,Broad,35.00,https://appliancepros.netlify.app/subzero/,Enabled,Enabled,Enabled,Core Brand Repair | Broad
SZ_Search_BayArea_ULTRA3000_Broad,Core Brand Repair,sub zero loud noise repair,Broad,35.00,https://appliancepros.netlify.app/subzero/,Enabled,Enabled,Enabled,Core Brand Repair | Broad
SZ_Search_BayArea_ULTRA3000_Broad,Core Maintenance,sub zero maintenance,Broad,33.00,https://appliancepros.netlify.app/subzero/,Enabled,Enabled,Enabled,Core Maintenance | Broad
SZ_Search_BayArea_ULTRA3000_Broad,Core Maintenance,sub zero maintenance cost,Broad,33.00,https://appliancepros.netlify.app/subzero/,Enabled,Enabled,Enabled,Core Maintenance | Broad
SZ_Search_BayArea_ULTRA3000_Broad,Core Near Me,sub zero maintenance near me,Broad,42.00,https://appliancepros.netlify.app/subzero/,Enabled,Enabled,Enabled,Core Near Me | Broad
SZ_Search_BayArea_ULTRA3000_Broad,Core Maintenance,sub zero maintenance services,Broad,33.00,https://appliancepros.netlify.app/subzero/,Enabled,Enabled,Enabled,Core Maintenance | Broad
SZ_Search_BayArea_ULTRA3000_Broad,Core Brand Repair,sub zero major appliance repair,Broad,35.00,https://appliancepros.netlify.app/subzero/,Enabled,Enabled,Enabled,Core Brand Repair | Broad
SZ_Search_BayArea_ULTRA3000_Broad,Core Technician,sub zero mechanic,Broad,35.00,https://appliancepros.netlify.app/subzero/,Enabled,Enabled,Enabled,Core Technician | Broad
SZ_Search_BayArea_ULTRA3000_Broad,Not Freezing Issues,sub zero mini fridge freezer not freezing,Broad,40.00,https://appliancepros.netlify.app/subzero/,Enabled,Enabled,Enabled,Not Freezing Issues | Broad
SZ_Search_BayArea_ULTRA3000_Broad,Not Working Issues,sub zero mini fridge freezer not working,Broad,35.00,https://appliancepros.netlify.app/subzero/,Enabled,Enabled,Enabled,Not Working Issues | Broad
SZ_Search_BayArea_ULTRA3000_Broad,Not Cooling Issues,sub zero mini fridge not cooling,Broad,40.00,https://appliancepros.netlify.app/subzero/,Enabled,Enabled,Enabled,Not Cooling Issues | Broad
SZ_Search_BayArea_ULTRA3000_Broad,Not Cooling Issues,sub zero mini fridge with freezer not cooling,Broad,40.00,https://appliancepros.netlify.app/subzero/,Enabled,Enabled,Enabled,Not Cooling Issues | Broad
SZ_Search_BayArea_ULTRA3000_Broad,Core Brand Repair,sub zero no ice from dispenser,Broad,35.00,https://appliancepros.netlify.app/subzero/,Enabled,Enabled,Enabled,Core Brand Repair | Broad
SZ_Search_BayArea_ULTRA3000_Broad,Not Cooling Issues,sub zero not cold,Broad,40.00,https://appliancepros.netlify.app/subzero/,Enabled,Enabled,Enabled,Not Cooling Issues | Broad
SZ_Search_BayArea_ULTRA3000_Broad,Not Cooling Issues,sub zero not cold enough,Broad,40.00,https://appliancepros.netlify.app/subzero/,Enabled,Enabled,Enabled,Not Cooling Issues | Broad
SZ_Search_BayArea_ULTRA3000_Broad,Not Cooling Issues,sub zero not cooling,Broad,40.00,https://appliancepros.netlify.app/subzero/,Enabled,Enabled,Enabled,Not Cooling Issues | Broad
SZ_Search_BayArea_ULTRA3000_Broad,Geo Berkeley Repair,sub zero not cooling repair in berkeley,Broad,39.00,https://appliancepros.netlify.app/subzero/,Enabled,Enabled,Enabled,Geo Berkeley Repair | Broad
SZ_Search_BayArea_ULTRA3000_Broad,Geo Fremont Repair,sub zero not cooling repair in fremont,Broad,39.00,https://appliancepros.netlify.app/subzero/,Enabled,Enabled,Enabled,Geo Fremont Repair | Broad
SZ_Search_BayArea_ULTRA3000_Broad,Geo MountainView Repair,sub zero not cooling repair in mountain view,Broad,39.00,https://appliancepros.netlify.app/subzero/,Enabled,Enabled,Enabled,Geo MountainView Repair | Broad
SZ_Search_BayArea_ULTRA3000_Broad,Geo Oakland Repair,sub zero not cooling repair in oakland,Broad,39.00,https://appliancepros.netlify.app/subzero/,Enabled,Enabled,Enabled,Geo Oakland Repair | Broad
SZ_Search_BayArea_ULTRA3000_Broad,Geo PaloAlto Repair,sub zero not cooling repair in palo alto,Broad,39.00,https://appliancepros.netlify.app/subzero/,Enabled,Enabled,Enabled,Geo PaloAlto Repair | Broad
SZ_Search_BayArea_ULTRA3000_Broad,Geo RedwoodCity Repair,sub zero not cooling repair in redwood city,Broad,39.00,https://appliancepros.netlify.app/subzero/,Enabled,Enabled,Enabled,Geo RedwoodCity Repair | Broad
SZ_Search_BayArea_ULTRA3000_Broad,Geo SanFrancisco Repair,sub zero not cooling repair in san francisco,Broad,39.00,https://appliancepros.netlify.app/subzero/,Enabled,Enabled,Enabled,Geo SanFrancisco Repair | Broad
SZ_Search_BayArea_ULTRA3000_Broad,Geo SanJose Repair,sub zero not cooling repair in san jose,Broad,39.00,https://appliancepros.netlify.app/subzero/,Enabled,Enabled,Enabled,Geo SanJose Repair | Broad
SZ_Search_BayArea_ULTRA3000_Broad,Geo SanMateo Repair,sub zero not cooling repair in san mateo,Broad,39.00,https://appliancepros.netlify.app/subzero/,Enabled,Enabled,Enabled,Geo SanMateo Repair | Broad
SZ_Search_BayArea_ULTRA3000_Broad,Geo SantaClara Repair,sub zero not cooling repair in santa clara,Broad,39.00,https://appliancepros.netlify.app/subzero/,Enabled,Enabled,Enabled,Geo SantaClara Repair | Broad
SZ_Search_BayArea_ULTRA3000_Broad,Geo Sunnyvale Repair,sub zero not cooling repair in sunnyvale,Broad,39.00,https://appliancepros.netlify.app/subzero/,Enabled,Enabled,Enabled,Geo Sunnyvale Repair | Broad
SZ_Search_BayArea_ULTRA3000_Broad,Geo WalnutCreek Repair,sub zero not cooling repair in walnut creek,Broad,39.00,https://appliancepros.netlify.app/subzero/,Enabled,Enabled,Enabled,Geo WalnutCreek Repair | Broad
SZ_Search_BayArea_ULTRA3000_Broad,Not Freezing Issues,sub zero not freezing,Broad,40.00,https://appliancepros.netlify.app/subzero/,Enabled,Enabled,Enabled,Not Freezing Issues | Broad
SZ_Search_BayArea_ULTRA3000_Broad,Core Brand Repair,sub zero not getting cold,Broad,35.00,https://appliancepros.netlify.app/subzero/,Enabled,Enabled,Enabled,Core Brand Repair | Broad
SZ_Search_BayArea_ULTRA3000_Broad,Core Brand Repair,sub zero not making ice,Broad,35.00,https://appliancepros.netlify.app/subzero/,Enabled,Enabled,Enabled,Core Brand Repair | Broad
SZ_Search_BayArea_ULTRA3000_Broad,Core Brand Repair,sub zero not making ice after filter change,Broad,35.00,https://appliancepros.netlify.app/subzero/,Enabled,Enabled,Enabled,Core Brand Repair | Broad
SZ_Search_BayArea_ULTRA3000_Broad,Not Working Issues,sub zero not working after power outage,Broad,35.00,https://appliancepros.netlify.app/subzero/,Enabled,Enabled,Enabled,Not Working Issues | Broad
SZ_Search_BayArea_ULTRA3000_Broad,Not Working Issues,sub zero performance ice maker not working,Broad,35.00,https://appliancepros.netlify.app/subzero/,Enabled,Enabled,Enabled,Not Working Issues | Broad
SZ_Search_BayArea_ULTRA3000_Broad,Not Working Issues,sub zero performance refrigerator ice maker not working,Broad,35.00,https://appliancepros.netlify.app/subzero/,Enabled,Enabled,Enabled,Not Working Issues | Broad
SZ_Search_BayArea_ULTRA3000_Broad,Core Brand Repair,sub zero problem,Broad,35.00,https://appliancepros.netlify.app/subzero/,Enabled,Enabled,Enabled,Core Brand Repair | Broad
SZ_Search_BayArea_ULTRA3000_Broad,Core Brand Repair,sub zero problems,Broad,35.00,https://appliancepros.netlify.app/subzero/,Enabled,Enabled,Enabled,Core Brand Repair | Broad
SZ_Search_BayArea_ULTRA3000_Broad,Core Brand Repair,sub zero problems refrigerator,Broad,35.00,https://appliancepros.netlify.app/subzero/,Enabled,Enabled,Enabled,Core Brand Repair | Broad
SZ_Search_BayArea_ULTRA3000_Broad,Core Brand Repair,sub zero qualified repair service specialists,Broad,35.00,https://appliancepros.netlify.app/subzero/,Enabled,Enabled,Enabled,Core Brand Repair | Broad
SZ_Search_BayArea_ULTRA3000_Broad,Not Cooling Issues,sub zero refridgerator not cooling,Broad,40.00,https://appliancepros.netlify.app/subzero/,Enabled,Enabled,Enabled,Not Cooling Issues | Broad
SZ_Search_BayArea_ULTRA3000_Broad,Core Brand Repair,sub zero refrigeration repair,Broad,35.00,https://appliancepros.netlify.app/subzero/,Enabled,Enabled,Enabled,Core Brand Repair | Broad
SZ_Search_BayArea_ULTRA3000_Broad,Core Brand Repair,sub zero refrigeration repairs,Broad,35.00,https://appliancepros.netlify.app/subzero/,Enabled,Enabled,Enabled,Core Brand Repair | Broad
SZ_Search_BayArea_ULTRA3000_Broad,Core Brand Repair,sub zero refrigerator alarm keeps beeping,Broad,35.00,https://appliancepros.netlify.app/subzero/,Enabled,Enabled,Enabled,Core Brand Repair | Broad
SZ_Search_BayArea_ULTRA3000_Broad,Not Cooling Issues,sub zero refrigerator and freezer not cooling,Broad,40.00,https://appliancepros.netlify.app/subzero/,Enabled,Enabled,Enabled,Not Cooling Issues | Broad
SZ_Search_BayArea_ULTRA3000_Broad,Core Brand Repair,sub zero refrigerator beeping,Broad,35.00,https://appliancepros.netlify.app/subzero/,Enabled,Enabled,Enabled,Core Brand Repair | Broad
SZ_Search_BayArea_ULTRA3000_Broad,Not Working Issues,sub zero refrigerator bottom freezer ice maker not working,Broad,35.00,https://appliancepros.netlify.app/subzero/,Enabled,Enabled,Enabled,Not Working Issues | Broad
SZ_Search_BayArea_ULTRA3000_Broad,Not Freezing Issues,sub zero refrigerator bottom freezer not freezing,Broad,40.00,https://appliancepros.netlify.app/subzero/,Enabled,Enabled,Enabled,Not Freezing Issues | Broad
SZ_Search_BayArea_ULTRA3000_Broad,Not Cooling Issues,sub zero refrigerator bottom not cooling,Broad,40.00,https://appliancepros.netlify.app/subzero/,Enabled,Enabled,Enabled,Not Cooling Issues | Broad
SZ_Search_BayArea_ULTRA3000_Broad,Core Brand Repair,sub zero refrigerator check up,Broad,35.00,https://appliancepros.netlify.app/subzero/,Enabled,Enabled,Enabled,Core Brand Repair | Broad
SZ_Search_BayArea_ULTRA3000_Broad,Noise Fan Compressor,sub zero refrigerator compressor not running,Broad,35.00,https://appliancepros.netlify.app/subzero/,Enabled,Enabled,Enabled,Noise Fan Compressor | Broad
SZ_Search_BayArea_ULTRA3000_Broad,Not Cooling Issues,sub zero refrigerator compressor running but not cooling,Broad,40.00,https://appliancepros.netlify.app/subzero/,Enabled,Enabled,Enabled,Not Cooling Issues | Broad
SZ_Search_BayArea_ULTRA3000_Broad,Not Working Issues,sub zero refrigerator control panel not working,Broad,35.00,https://appliancepros.netlify.app/subzero/,Enabled,Enabled,Enabled,Not Working Issues | Broad
SZ_Search_BayArea_ULTRA3000_Broad,Core Brand Repair,sub zero refrigerator cooling off,Broad,35.00,https://appliancepros.netlify.app/subzero/,Enabled,Enabled,Enabled,Core Brand Repair | Broad
SZ_Search_BayArea_ULTRA3000_Broad,Core Brand Repair,sub zero refrigerator cooling problem,Broad,35.00,https://appliancepros.netlify.app/subzero/,Enabled,Enabled,Enabled,Core Brand Repair | Broad
SZ_Search_BayArea_ULTRA3000_Broad,Core Brand Repair,sub zero refrigerator defrost problem,Broad,35.00,https://appliancepros.netlify.app/subzero/,Enabled,Enabled,Enabled,Core Brand Repair | Broad
SZ_Search_BayArea_ULTRA3000_Broad,Core Brand Repair,sub zero refrigerator defrost problems,Broad,35.00,https://appliancepros.netlify.app/subzero/,Enabled,Enabled,Enabled,Core Brand Repair | Broad
SZ_Search_BayArea_ULTRA3000_Broad,Not Working Issues,sub zero refrigerator display not working,Broad,35.00,https://appliancepros.netlify.app/subzero/,Enabled,Enabled,Enabled,Not Working Issues | Broad
SZ_Search_BayArea_ULTRA3000_Broad,Core Brand Repair,sub zero refrigerator display problems,Broad,35.00,https://appliancepros.netlify.app/subzero/,Enabled,Enabled,Enabled,Core Brand Repair | Broad
SZ_Search_BayArea_ULTRA3000_Broad,Core Brand Repair,sub zero refrigerator does not cool,Broad,35.00,https://appliancepros.netlify.app/subzero/,Enabled,Enabled,Enabled,Core Brand Repair | Broad
SZ_Search_BayArea_ULTRA3000_Broad,Core Brand Repair,sub zero refrigerator does not make ice,Broad,35.00,https://appliancepros.netlify.app/subzero/,Enabled,Enabled,Enabled,Core Brand Repair | Broad
SZ_Search_BayArea_ULTRA3000_Broad,Core Brand Repair,sub zero refrigerator doesn t cool,Broad,35.00,https://appliancepros.netlify.app/subzero/,Enabled,Enabled,Enabled,Core Brand Repair | Broad
SZ_Search_BayArea_ULTRA3000_Broad,Door Seal Repair,sub zero refrigerator door ajar light stays on,Broad,35.00,https://appliancepros.netlify.app/subzero/,Enabled,Enabled,Enabled,Door Seal Repair | Broad
SZ_Search_BayArea_ULTRA3000_Broad,Refrigerator Repair,sub zero refrigerator door gasket repair,Broad,35.00,https://appliancepros.netlify.app/subzero/,Enabled,Enabled,Enabled,Refrigerator Repair | Broad
SZ_Search_BayArea_ULTRA3000_Broad,Core Brand Repair,sub zero refrigerator door handle loose,Broad,35.00,https://appliancepros.netlify.app/subzero/,Enabled,Enabled,Enabled,Core Brand Repair | Broad
SZ_Search_BayArea_ULTRA3000_Broad,Refrigerator Repair,sub zero refrigerator door hinge repair,Broad,35.00,https://appliancepros.netlify.app/subzero/,Enabled,Enabled,Enabled,Refrigerator Repair | Broad
SZ_Search_BayArea_ULTRA3000_Broad,Refrigerator Repair,sub zero refrigerator door hinsub zero repair,Broad,35.00,https://appliancepros.netlify.app/subzero/,Enabled,Enabled,Enabled,Refrigerator Repair | Broad
SZ_Search_BayArea_ULTRA3000_Broad,Core Brand Repair,sub zero refrigerator door not closing,Broad,35.00,https://appliancepros.netlify.app/subzero/,Enabled,Enabled,Enabled,Core Brand Repair | Broad
SZ_Search_BayArea_ULTRA3000_Broad,Core Brand Repair,sub zero refrigerator door not closing properly,Broad,35.00,https://appliancepros.netlify.app/subzero/,Enabled,Enabled,Enabled,Core Brand Repair | Broad
SZ_Search_BayArea_ULTRA3000_Broad,Core Brand Repair,sub zero refrigerator door problems,Broad,35.00,https://appliancepros.netlify.app/subzero/,Enabled,Enabled,Enabled,Core Brand Repair | Broad
SZ_Search_BayArea_ULTRA3000_Broad,Refrigerator Repair,sub zero refrigerator door seal repair,Broad,35.00,https://appliancepros.netlify.app/subzero/,Enabled,Enabled,Enabled,Refrigerator Repair | Broad
SZ_Search_BayArea_ULTRA3000_Broad,Core Brand Service,sub zero refrigerator door seal service,Broad,33.00,https://appliancepros.netlify.app/subzero/,Enabled,Enabled,Enabled,Core Brand Service | Broad
SZ_Search_BayArea_ULTRA3000_Broad,Not Cooling Issues,sub zero refrigerator double door not cooling,Broad,40.00,https://appliancepros.netlify.app/subzero/,Enabled,Enabled,Enabled,Not Cooling Issues | Broad
SZ_Search_BayArea_ULTRA3000_Broad,Refrigerator Repair,sub zero refrigerator double door repair,Broad,35.00,https://appliancepros.netlify.app/subzero/,Enabled,Enabled,Enabled,Refrigerator Repair | Broad
SZ_Search_BayArea_ULTRA3000_Broad,Not Cooling Issues,sub zero refrigerator drawers not cooling,Broad,40.00,https://appliancepros.netlify.app/subzero/,Enabled,Enabled,Enabled,Not Cooling Issues | Broad
SZ_Search_BayArea_ULTRA3000_Broad,Core Brand Repair,sub zero refrigerator drip pan overflow,Broad,35.00,https://appliancepros.netlify.app/subzero/,Enabled,Enabled,Enabled,Core Brand Repair | Broad
SZ_Search_BayArea_ULTRA3000_Broad,Core Brand Repair,sub zero refrigerator dripping water,Broad,35.00,https://appliancepros.netlify.app/subzero/,Enabled,Enabled,Enabled,Core Brand Repair | Broad
SZ_Search_BayArea_ULTRA3000_Broad,Not Working Issues,sub zero refrigerator evaporator fan not working,Broad,35.00,https://appliancepros.netlify.app/subzero/,Enabled,Enabled,Enabled,Not Working Issues | Broad
SZ_Search_BayArea_ULTRA3000_Broad,Noise Fan Compressor,sub zero refrigerator fan noise,Broad,35.00,https://appliancepros.netlify.app/subzero/,Enabled,Enabled,Enabled,Noise Fan Compressor | Broad
SZ_Search_BayArea_ULTRA3000_Broad,Noise Fan Compressor,sub zero refrigerator fan not running,Broad,35.00,https://appliancepros.netlify.app/subzero/,Enabled,Enabled,Enabled,Noise Fan Compressor | Broad
SZ_Search_BayArea_ULTRA3000_Broad,Not Working Issues,sub zero refrigerator fan not working,Broad,35.00,https://appliancepros.netlify.app/subzero/,Enabled,Enabled,Enabled,Not Working Issues | Broad
SZ_Search_BayArea_ULTRA3000_Broad,Refrigerator Repair,sub zero refrigerator fix,Broad,35.00,https://appliancepros.netlify.app/subzero/,Enabled,Enabled,Enabled,Refrigerator Repair | Broad
SZ_Search_BayArea_ULTRA3000_Broad,Not Freezing Issues,sub zero refrigerator freezer cold but not freezing,Broad,40.00,https://appliancepros.netlify.app/subzero/,Enabled,Enabled,Enabled,Not Freezing Issues | Broad
SZ_Search_BayArea_ULTRA3000_Broad,Core Brand Repair,sub zero refrigerator freezer door broken,Broad,35.00,https://appliancepros.netlify.app/subzero/,Enabled,Enabled,Enabled,Core Brand Repair | Broad
SZ_Search_BayArea_ULTRA3000_Broad,Core Brand Repair,sub zero refrigerator freezer door handle loose,Broad,35.00,https://appliancepros.netlify.app/subzero/,Enabled,Enabled,Enabled,Core Brand Repair | Broad
SZ_Search_BayArea_ULTRA3000_Broad,Freezer Repair,sub zero refrigerator freezer drawer handle repair,Broad,35.00,https://appliancepros.netlify.app/subzero/,Enabled,Enabled,Enabled,Freezer Repair | Broad
SZ_Search_BayArea_ULTRA3000_Broad,Not Working Issues,sub zero refrigerator freezer ice maker not working,Broad,35.00,https://appliancepros.netlify.app/subzero/,Enabled,Enabled,Enabled,Not Working Issues | Broad
SZ_Search_BayArea_ULTRA3000_Broad,Core Brand Repair,sub zero refrigerator freezer is cold but refrigerator is warm,Broad,35.00,https://appliancepros.netlify.app/subzero/,Enabled,Enabled,Enabled,Core Brand Repair | Broad
SZ_Search_BayArea_ULTRA3000_Broad,Not Working Issues,sub zero refrigerator freezer light not working,Broad,35.00,https://appliancepros.netlify.app/subzero/,Enabled,Enabled,Enabled,Not Working Issues | Broad
SZ_Search_BayArea_ULTRA3000_Broad,Not Cooling Issues,sub zero refrigerator freezer not cold,Broad,40.00,https://appliancepros.netlify.app/subzero/,Enabled,Enabled,Enabled,Not Cooling Issues | Broad
SZ_Search_BayArea_ULTRA3000_Broad,Not Cooling Issues,sub zero refrigerator freezer not cold enough,Broad,40.00,https://appliancepros.netlify.app/subzero/,Enabled,Enabled,Enabled,Not Cooling Issues | Broad
SZ_Search_BayArea_ULTRA3000_Broad,Not Cooling Issues,sub zero refrigerator freezer not cooling,Broad,40.00,https://appliancepros.netlify.app/subzero/,Enabled,Enabled,Enabled,Not Cooling Issues | Broad
SZ_Search_BayArea_ULTRA3000_Broad,Core Brand Repair,sub zero refrigerator freezer not defrosting,Broad,35.00,https://appliancepros.netlify.app/subzero/,Enabled,Enabled,Enabled,Core Brand Repair | Broad
SZ_Search_BayArea_ULTRA3000_Broad,Not Freezing Issues,sub zero refrigerator freezer not freezing,Broad,40.00,https://appliancepros.netlify.app/subzero/,Enabled,Enabled,Enabled,Not Freezing Issues | Broad
SZ_Search_BayArea_ULTRA3000_Broad,Not Working Issues,sub zero refrigerator freezer not working,Broad,35.00,https://appliancepros.netlify.app/subzero/,Enabled,Enabled,Enabled,Not Working Issues | Broad
SZ_Search_BayArea_ULTRA3000_Broad,Core Brand Repair,sub zero refrigerator freezer too cold,Broad,35.00,https://appliancepros.netlify.app/subzero/,Enabled,Enabled,Enabled,Core Brand Repair | Broad
SZ_Search_BayArea_ULTRA3000_Broad,Core Brand Repair,sub zero refrigerator freezer working but not fridge,Broad,35.00,https://appliancepros.netlify.app/subzero/,Enabled,Enabled,Enabled,Core Brand Repair | Broad
SZ_Search_BayArea_ULTRA3000_Broad,Core Brand Repair,sub zero refrigerator freezer working fridge not,Broad,35.00,https://appliancepros.netlify.app/subzero/,Enabled,Enabled,Enabled,Core Brand Repair | Broad
SZ_Search_BayArea_ULTRA3000_Broad,Core Brand Repair,sub zero refrigerator freezing up,Broad,35.00,https://appliancepros.netlify.app/subzero/,Enabled,Enabled,Enabled,Core Brand Repair | Broad
SZ_Search_BayArea_ULTRA3000_Broad,Not Working Issues,sub zero refrigerator french door ice maker not working,Broad,35.00,https://appliancepros.netlify.app/subzero/,Enabled,Enabled,Enabled,Not Working Issues | Broad
SZ_Search_BayArea_ULTRA3000_Broad,Core Brand Repair,sub zero refrigerator french door problems,Broad,35.00,https://appliancepros.netlify.app/subzero/,Enabled,Enabled,Enabled,Core Brand Repair | Broad
SZ_Search_BayArea_ULTRA3000_Broad,Core Brand Repair,sub zero refrigerator ice build up,Broad,35.00,https://appliancepros.netlify.app/subzero/,Enabled,Enabled,Enabled,Core Brand Repair | Broad
SZ_Search_BayArea_ULTRA3000_Broad,Core Brand Repair,sub zero refrigerator ice buildup in freezer,Broad,35.00,https://appliancepros.netlify.app/subzero/,Enabled,Enabled,Enabled,Core Brand Repair | Broad
SZ_Search_BayArea_ULTRA3000_Broad,Refrigerator Repair,sub zero refrigerator ice dispenser door repair,Broad,35.00,https://appliancepros.netlify.app/subzero/,Enabled,Enabled,Enabled,Refrigerator Repair | Broad
SZ_Search_BayArea_ULTRA3000_Broad,Not Working Issues,sub zero refrigerator ice dispenser not working,Broad,35.00,https://appliancepros.netlify.app/subzero/,Enabled,Enabled,Enabled,Not Working Issues | Broad
SZ_Search_BayArea_ULTRA3000_Broad,Not Working Issues,sub zero refrigerator ice machine not working,Broad,35.00,https://appliancepros.netlify.app/subzero/,Enabled,Enabled,Enabled,Not Working Issues | Broad
SZ_Search_BayArea_ULTRA3000_Broad,Core Brand Repair,sub zero refrigerator ice maker doesn t work,Broad,35.00,https://appliancepros.netlify.app/subzero/,Enabled,Enabled,Enabled,Core Brand Repair | Broad
SZ_Search_BayArea_ULTRA3000_Broad,Core Brand Repair,sub zero refrigerator ice maker freezing up,Broad,35.00,https://appliancepros.netlify.app/subzero/,Enabled,Enabled,Enabled,Core Brand Repair | Broad
SZ_Search_BayArea_ULTRA3000_Broad,Core Brand Repair,sub zero refrigerator ice maker leaking,Broad,35.00,https://appliancepros.netlify.app/subzero/,Enabled,Enabled,Enabled,Core Brand Repair | Broad
SZ_Search_BayArea_ULTRA3000_Broad,Water Leak Repair,sub zero refrigerator ice maker leaking water,Broad,40.00,https://appliancepros.netlify.app/subzero/,Enabled,Enabled,Enabled,Water Leak Repair | Broad
SZ_Search_BayArea_ULTRA3000_Broad,Core Brand Repair,sub zero refrigerator ice maker no water,Broad,35.00,https://appliancepros.netlify.app/subzero/,Enabled,Enabled,Enabled,Core Brand Repair | Broad
SZ_Search_BayArea_ULTRA3000_Broad,Core Brand Repair,sub zero refrigerator ice maker not dispensing,Broad,35.00,https://appliancepros.netlify.app/subzero/,Enabled,Enabled,Enabled,Core Brand Repair | Broad
SZ_Search_BayArea_ULTRA3000_Broad,Core Brand Repair,sub zero refrigerator ice maker not dispensing ice,Broad,35.00,https://appliancepros.netlify.app/subzero/,Enabled,Enabled,Enabled,Core Brand Repair | Broad
SZ_Search_BayArea_ULTRA3000_Broad,Core Brand Repair,sub zero refrigerator ice maker not dumping ice,Broad,35.00,https://appliancepros.netlify.app/subzero/,Enabled,Enabled,Enabled,Core Brand Repair | Broad
SZ_Search_BayArea_ULTRA3000_Broad,Core Brand Repair,sub zero refrigerator ice maker not getting water,Broad,35.00,https://appliancepros.netlify.app/subzero/,Enabled,Enabled,Enabled,Core Brand Repair | Broad
SZ_Search_BayArea_ULTRA3000_Broad,Core Brand Repair,sub zero refrigerator ice maker not making ice,Broad,35.00,https://appliancepros.netlify.app/subzero/,Enabled,Enabled,Enabled,Core Brand Repair | Broad
SZ_Search_BayArea_ULTRA3000_Broad,Not Working Issues,sub zero refrigerator ice maker not working,Broad,35.00,https://appliancepros.netlify.app/subzero/,Enabled,Enabled,Enabled,Not Working Issues | Broad
SZ_Search_BayArea_ULTRA3000_Broad,Core Brand Repair,sub zero refrigerator ice maker problems,Broad,35.00,https://appliancepros.netlify.app/subzero/,Enabled,Enabled,Enabled,Core Brand Repair | Broad
SZ_Search_BayArea_ULTRA3000_Broad,Core Brand Repair,sub zero refrigerator ice maker quit working,Broad,35.00,https://appliancepros.netlify.app/subzero/,Enabled,Enabled,Enabled,Core Brand Repair | Broad
SZ_Search_BayArea_ULTRA3000_Broad,Ice Maker Repair,sub zero refrigerator ice maker repair,Broad,40.00,https://appliancepros.netlify.app/subzero/,Enabled,Enabled,Enabled,Ice Maker Repair | Broad
SZ_Search_BayArea_ULTRA3000_Broad,Core Near Me,sub zero refrigerator ice maker repair near me,Broad,42.00,https://appliancepros.netlify.app/subzero/,Enabled,Enabled,Enabled,Core Near Me | Broad
SZ_Search_BayArea_ULTRA3000_Broad,Core Brand Repair,sub zero refrigerator ice maker slow,Broad,35.00,https://appliancepros.netlify.app/subzero/,Enabled,Enabled,Enabled,Core Brand Repair | Broad
SZ_Search_BayArea_ULTRA3000_Broad,Core Brand Repair,sub zero refrigerator ice maker slow to make ice,Broad,35.00,https://appliancepros.netlify.app/subzero/,Enabled,Enabled,Enabled,Core Brand Repair | Broad
SZ_Search_BayArea_ULTRA3000_Broad,Core Brand Repair,sub zero refrigerator ice maker stopped making ice,Broad,35.00,https://appliancepros.netlify.app/subzero/,Enabled,Enabled,Enabled,Core Brand Repair | Broad
SZ_Search_BayArea_ULTRA3000_Broad,Not Working Issues,sub zero refrigerator ice maker stopped working,Broad,35.00,https://appliancepros.netlify.app/subzero/,Enabled,Enabled,Enabled,Not Working Issues | Broad
SZ_Search_BayArea_ULTRA3000_Broad,Not Working Issues,sub zero refrigerator icemaker not working,Broad,35.00,https://appliancepros.netlify.app/subzero/,Enabled,Enabled,Enabled,Not Working Issues | Broad
SZ_Search_BayArea_ULTRA3000_Broad,Not Working Issues,sub zero refrigerator in door ice maker not working,Broad,35.00,https://appliancepros.netlify.app/subzero/,Enabled,Enabled,Enabled,Not Working Issues | Broad
SZ_Search_BayArea_ULTRA3000_Broad,Not Cooling Issues,sub zero refrigerator is not cooling,Broad,40.00,https://appliancepros.netlify.app/subzero/,Enabled,Enabled,Enabled,Not Cooling Issues | Broad
SZ_Search_BayArea_ULTRA3000_Broad,Not Cooling Issues,sub zero refrigerator is not cooling properly,Broad,40.00,https://appliancepros.netlify.app/subzero/,Enabled,Enabled,Enabled,Not Cooling Issues | Broad
SZ_Search_BayArea_ULTRA3000_Broad,Core Brand Repair,sub zero refrigerator is not getting cold,Broad,35.00,https://appliancepros.netlify.app/subzero/,Enabled,Enabled,Enabled,Core Brand Repair | Broad
SZ_Search_BayArea_ULTRA3000_Broad,Core Brand Repair,sub zero refrigerator is not making ice,Broad,35.00,https://appliancepros.netlify.app/subzero/,Enabled,Enabled,Enabled,Core Brand Repair | Broad
SZ_Search_BayArea_ULTRA3000_Broad,Core Brand Repair,sub zero refrigerator issues,Broad,35.00,https://appliancepros.netlify.app/subzero/,Enabled,Enabled,Enabled,Core Brand Repair | Broad
SZ_Search_BayArea_ULTRA3000_Broad,Core Brand Repair,sub zero refrigerator keeps freezing food,Broad,35.00,https://appliancepros.netlify.app/subzero/,Enabled,Enabled,Enabled,Core Brand Repair | Broad
SZ_Search_BayArea_ULTRA3000_Broad,Core Brand Repair,sub zero refrigerator leaking,Broad,35.00,https://appliancepros.netlify.app/subzero/,Enabled,Enabled,Enabled,Core Brand Repair | Broad
SZ_Search_BayArea_ULTRA3000_Broad,Core Brand Repair,sub zero refrigerator leaking from bottom,Broad,35.00,https://appliancepros.netlify.app/subzero/,Enabled,Enabled,Enabled,Core Brand Repair | Broad
SZ_Search_BayArea_ULTRA3000_Broad,Core Brand Repair,sub zero refrigerator leaking on floor,Broad,35.00,https://appliancepros.netlify.app/subzero/,Enabled,Enabled,Enabled,Core Brand Repair | Broad
SZ_Search_BayArea_ULTRA3000_Broad,Water Leak Repair,sub zero refrigerator leaking water,Broad,40.00,https://appliancepros.netlify.app/subzero/,Enabled,Enabled,Enabled,Water Leak Repair | Broad
SZ_Search_BayArea_ULTRA3000_Broad,Water Leak Repair,sub zero refrigerator leaking water from bottom,Broad,40.00,https://appliancepros.netlify.app/subzero/,Enabled,Enabled,Enabled,Water Leak Repair | Broad
SZ_Search_BayArea_ULTRA3000_Broad,Water Leak Repair,sub zero refrigerator leaking water from ice maker,Broad,40.00,https://appliancepros.netlify.app/subzero/,Enabled,Enabled,Enabled,Water Leak Repair | Broad
SZ_Search_BayArea_ULTRA3000_Broad,Water Leak Repair,sub zero refrigerator leaking water from top,Broad,40.00,https://appliancepros.netlify.app/subzero/,Enabled,Enabled,Enabled,Water Leak Repair | Broad
SZ_Search_BayArea_ULTRA3000_Broad,Water Leak Repair,sub zero refrigerator leaking water on floor,Broad,40.00,https://appliancepros.netlify.app/subzero/,Enabled,Enabled,Enabled,Water Leak Repair | Broad
SZ_Search_BayArea_ULTRA3000_Broad,Water Leak Repair,sub zero refrigerator leaking water on the floor,Broad,40.00,https://appliancepros.netlify.app/subzero/,Enabled,Enabled,Enabled,Water Leak Repair | Broad
SZ_Search_BayArea_ULTRA3000_Broad,Not Working Issues,sub zero refrigerator led lights not working,Broad,35.00,https://appliancepros.netlify.app/subzero/,Enabled,Enabled,Enabled,Not Working Issues | Broad
SZ_Search_BayArea_ULTRA3000_Broad,Not Working Issues,sub zero refrigerator light bulb not working,Broad,35.00,https://appliancepros.netlify.app/subzero/,Enabled,Enabled,Enabled,Not Working Issues | Broad
SZ_Search_BayArea_ULTRA3000_Broad,Not Working Issues,sub zero refrigerator light not working,Broad,35.00,https://appliancepros.netlify.app/subzero/,Enabled,Enabled,Enabled,Not Working Issues | Broad
SZ_Search_BayArea_ULTRA3000_Broad,Core Brand Repair,sub zero refrigerator light problems,Broad,35.00,https://appliancepros.netlify.app/subzero/,Enabled,Enabled,Enabled,Core Brand Repair | Broad
SZ_Search_BayArea_ULTRA3000_Broad,Core Brand Repair,sub zero refrigerator light wont come on,Broad,35.00,https://appliancepros.netlify.app/subzero/,Enabled,Enabled,Enabled,Core Brand Repair | Broad
SZ_Search_BayArea_ULTRA3000_Broad,Core Maintenance,sub zero refrigerator maintenance,Broad,33.00,https://appliancepros.netlify.app/subzero/,Enabled,Enabled,Enabled,Core Maintenance | Broad
SZ_Search_BayArea_ULTRA3000_Broad,Noise Fan Compressor,sub zero refrigerator making loud noise,Broad,35.00,https://appliancepros.netlify.app/subzero/,Enabled,Enabled,Enabled,Noise Fan Compressor | Broad
SZ_Search_BayArea_ULTRA3000_Broad,Noise Fan Compressor,sub zero refrigerator making noise,Broad,35.00,https://appliancepros.netlify.app/subzero/,Enabled,Enabled,Enabled,Noise Fan Compressor | Broad
SZ_Search_BayArea_ULTRA3000_Broad,Core Near Me,sub zero refrigerator mechanic near me,Broad,42.00,https://appliancepros.netlify.app/subzero/,Enabled,Enabled,Enabled,Core Near Me | Broad
SZ_Search_BayArea_ULTRA3000_Broad,Refrigerator Repair,sub zero refrigerator mullion repair,Broad,35.00,https://appliancepros.netlify.app/subzero/,Enabled,Enabled,Enabled,Refrigerator Repair | Broad
SZ_Search_BayArea_ULTRA3000_Broad,Core Brand Repair,sub zero refrigerator no ice,Broad,35.00,https://appliancepros.netlify.app/subzero/,Enabled,Enabled,Enabled,Core Brand Repair | Broad
SZ_Search_BayArea_ULTRA3000_Broad,Core Brand Repair,sub zero refrigerator no power,Broad,35.00,https://appliancepros.netlify.app/subzero/,Enabled,Enabled,Enabled,Core Brand Repair | Broad
SZ_Search_BayArea_ULTRA3000_Broad,Noise Fan Compressor,sub zero refrigerator noise problem,Broad,35.00,https://appliancepros.netlify.app/subzero/,Enabled,Enabled,Enabled,Noise Fan Compressor | Broad
SZ_Search_BayArea_ULTRA3000_Broad,Noise Fan Compressor,sub zero refrigerator noise problems,Broad,35.00,https://appliancepros.netlify.app/subzero/,Enabled,Enabled,Enabled,Noise Fan Compressor | Broad
SZ_Search_BayArea_ULTRA3000_Broad,Core Brand Repair,sub zero refrigerator not,Broad,35.00,https://appliancepros.netlify.app/subzero/,Enabled,Enabled,Enabled,Core Brand Repair | Broad
SZ_Search_BayArea_ULTRA3000_Broad,Core Brand Repair,sub zero refrigerator not blowing cold air,Broad,35.00,https://appliancepros.netlify.app/subzero/,Enabled,Enabled,Enabled,Core Brand Repair | Broad
SZ_Search_BayArea_ULTRA3000_Broad,Not Cooling Issues,sub zero refrigerator not cold,Broad,40.00,https://appliancepros.netlify.app/subzero/,Enabled,Enabled,Enabled,Not Cooling Issues | Broad
SZ_Search_BayArea_ULTRA3000_Broad,Not Cooling Issues,sub zero refrigerator not cold but freezer is,Broad,40.00,https://appliancepros.netlify.app/subzero/,Enabled,Enabled,Enabled,Not Cooling Issues | Broad
SZ_Search_BayArea_ULTRA3000_Broad,Not Cooling Issues,sub zero refrigerator not cold enough,Broad,40.00,https://appliancepros.netlify.app/subzero/,Enabled,Enabled,Enabled,Not Cooling Issues | Broad
SZ_Search_BayArea_ULTRA3000_Broad,Not Cooling Issues,sub zero refrigerator not cold freezer working,Broad,40.00,https://appliancepros.netlify.app/subzero/,Enabled,Enabled,Enabled,Not Cooling Issues | Broad
SZ_Search_BayArea_ULTRA3000_Broad,Not Cooling Issues,sub zero refrigerator not cooling,Broad,40.00,https://appliancepros.netlify.app/subzero/,Enabled,Enabled,Enabled,Not Cooling Issues | Broad
SZ_Search_BayArea_ULTRA3000_Broad,Not Cooling Issues,sub zero refrigerator not cooling after power outage,Broad,40.00,https://appliancepros.netlify.app/subzero/,Enabled,Enabled,Enabled,Not Cooling Issues | Broad
SZ_Search_BayArea_ULTRA3000_Broad,Not Cooling Issues,sub zero refrigerator not cooling beeping,Broad,40.00,https://appliancepros.netlify.app/subzero/,Enabled,Enabled,Enabled,Not Cooling Issues | Broad
SZ_Search_BayArea_ULTRA3000_Broad,Not Cooling Issues,sub zero refrigerator not cooling but bottom freezer is working,Broad,40.00,https://appliancepros.netlify.app/subzero/,Enabled,Enabled,Enabled,Not Cooling Issues | Broad
SZ_Search_BayArea_ULTRA3000_Broad,Not Cooling Issues,sub zero refrigerator not cooling but freezer is fine,Broad,40.00,https://appliancepros.netlify.app/subzero/,Enabled,Enabled,Enabled,Not Cooling Issues | Broad
SZ_Search_BayArea_ULTRA3000_Broad,Not Cooling Issues,sub zero refrigerator not cooling but freezer is working,Broad,40.00,https://appliancepros.netlify.app/subzero/,Enabled,Enabled,Enabled,Not Cooling Issues | Broad
SZ_Search_BayArea_ULTRA3000_Broad,Not Cooling Issues,sub zero refrigerator not cooling but freezer works,Broad,40.00,https://appliancepros.netlify.app/subzero/,Enabled,Enabled,Enabled,Not Cooling Issues | Broad
SZ_Search_BayArea_ULTRA3000_Broad,Not Cooling Issues,sub zero refrigerator not cooling enough,Broad,40.00,https://appliancepros.netlify.app/subzero/,Enabled,Enabled,Enabled,Not Cooling Issues | Broad
SZ_Search_BayArea_ULTRA3000_Broad,Not Cooling Issues,sub zero refrigerator not cooling freezer working,Broad,40.00,https://appliancepros.netlify.app/subzero/,Enabled,Enabled,Enabled,Not Cooling Issues | Broad
SZ_Search_BayArea_ULTRA3000_Broad,Not Cooling Issues,sub zero refrigerator not cooling freezer works,Broad,40.00,https://appliancepros.netlify.app/subzero/,Enabled,Enabled,Enabled,Not Cooling Issues | Broad
SZ_Search_BayArea_ULTRA3000_Broad,Not Cooling Issues,sub zero refrigerator not cooling or freezing,Broad,40.00,https://appliancepros.netlify.app/subzero/,Enabled,Enabled,Enabled,Not Cooling Issues | Broad
SZ_Search_BayArea_ULTRA3000_Broad,Not Cooling Issues,sub zero refrigerator not cooling properly,Broad,40.00,https://appliancepros.netlify.app/subzero/,Enabled,Enabled,Enabled,Not Cooling Issues | Broad
SZ_Search_BayArea_ULTRA3000_Broad,Core Brand Repair,sub zero refrigerator not defrosting,Broad,35.00,https://appliancepros.netlify.app/subzero/,Enabled,Enabled,Enabled,Core Brand Repair | Broad
SZ_Search_BayArea_ULTRA3000_Broad,Core Brand Repair,sub zero refrigerator not dispensing water,Broad,35.00,https://appliancepros.netlify.app/subzero/,Enabled,Enabled,Enabled,Core Brand Repair | Broad
SZ_Search_BayArea_ULTRA3000_Broad,Not Freezing Issues,sub zero refrigerator not freezing,Broad,40.00,https://appliancepros.netlify.app/subzero/,Enabled,Enabled,Enabled,Not Freezing Issues | Broad
SZ_Search_BayArea_ULTRA3000_Broad,Core Brand Repair,sub zero refrigerator not getting cold,Broad,35.00,https://appliancepros.netlify.app/subzero/,Enabled,Enabled,Enabled,Core Brand Repair | Broad
SZ_Search_BayArea_ULTRA3000_Broad,Core Brand Repair,sub zero refrigerator not getting cold enough,Broad,35.00,https://appliancepros.netlify.app/subzero/,Enabled,Enabled,Enabled,Core Brand Repair | Broad
SZ_Search_BayArea_ULTRA3000_Broad,Core Brand Repair,sub zero refrigerator not getting water to ice maker,Broad,35.00,https://appliancepros.netlify.app/subzero/,Enabled,Enabled,Enabled,Core Brand Repair | Broad
SZ_Search_BayArea_ULTRA3000_Broad,Temperature Issues,sub zero refrigerator not holding temperature,Broad,35.00,https://appliancepros.netlify.app/subzero/,Enabled,Enabled,Enabled,Temperature Issues | Broad
SZ_Search_BayArea_ULTRA3000_Broad,Core Brand Repair,sub zero refrigerator not making ice,Broad,35.00,https://appliancepros.netlify.app/subzero/,Enabled,Enabled,Enabled,Core Brand Repair | Broad
SZ_Search_BayArea_ULTRA3000_Broad,Core Brand Repair,sub zero refrigerator not making ice but water works,Broad,35.00,https://appliancepros.netlify.app/subzero/,Enabled,Enabled,Enabled,Core Brand Repair | Broad
SZ_Search_BayArea_ULTRA3000_Broad,Core Brand Repair,sub zero refrigerator not making ice or water,Broad,35.00,https://appliancepros.netlify.app/subzero/,Enabled,Enabled,Enabled,Core Brand Repair | Broad
SZ_Search_BayArea_ULTRA3000_Broad,Not Working Issues,sub zero refrigerator not working but freezer is,Broad,35.00,https://appliancepros.netlify.app/subzero/,Enabled,Enabled,Enabled,Not Working Issues | Broad
SZ_Search_BayArea_ULTRA3000_Broad,Not Working Issues,sub zero refrigerator open door assist not working,Broad,35.00,https://appliancepros.netlify.app/subzero/,Enabled,Enabled,Enabled,Not Working Issues | Broad
SZ_Search_BayArea_ULTRA3000_Broad,Not Working Issues,sub zero refrigerator panel not working,Broad,35.00,https://appliancepros.netlify.app/subzero/,Enabled,Enabled,Enabled,Not Working Issues | Broad
SZ_Search_BayArea_ULTRA3000_Broad,Temperature Issues,sub zero refrigerator problems temperature,Broad,35.00,https://appliancepros.netlify.app/subzero/,Enabled,Enabled,Enabled,Temperature Issues | Broad
SZ_Search_BayArea_ULTRA3000_Broad,Refrigerator Repair,sub zero refrigerator repair,Broad,35.00,https://appliancepros.netlify.app/subzero/,Enabled,Enabled,Enabled,Refrigerator Repair | Broad
SZ_Search_BayArea_ULTRA3000_Broad,Refrigerator Repair,sub zero refrigerator repair cost,Broad,35.00,https://appliancepros.netlify.app/subzero/,Enabled,Enabled,Enabled,Refrigerator Repair | Broad
SZ_Search_BayArea_ULTRA3000_Broad,Refrigerator Repair,sub zero refrigerator repair help,Broad,35.00,https://appliancepros.netlify.app/subzero/,Enabled,Enabled,Enabled,Refrigerator Repair | Broad
SZ_Search_BayArea_ULTRA3000_Broad,Ice Maker Repair,sub zero refrigerator repair ice maker,Broad,40.00,https://appliancepros.netlify.app/subzero/,Enabled,Enabled,Enabled,Ice Maker Repair | Broad
SZ_Search_BayArea_ULTRA3000_Broad,Geo Alameda Repair,sub zero refrigerator repair in alameda,Broad,39.00,https://appliancepros.netlify.app/subzero/,Enabled,Enabled,Enabled,Geo Alameda Repair | Broad
SZ_Search_BayArea_ULTRA3000_Broad,Geo Belmont Repair,sub zero refrigerator repair in belmont,Broad,39.00,https://appliancepros.netlify.app/subzero/,Enabled,Enabled,Enabled,Geo Belmont Repair | Broad
SZ_Search_BayArea_ULTRA3000_Broad,Geo Berkeley Repair,sub zero refrigerator repair in berkeley,Broad,39.00,https://appliancepros.netlify.app/subzero/,Enabled,Enabled,Enabled,Geo Berkeley Repair | Broad
SZ_Search_BayArea_ULTRA3000_Broad,Geo Burlingame Repair,sub zero refrigerator repair in burlingame,Broad,39.00,https://appliancepros.netlify.app/subzero/,Enabled,Enabled,Enabled,Geo Burlingame Repair | Broad
SZ_Search_BayArea_ULTRA3000_Broad,Geo Campbell Repair,sub zero refrigerator repair in campbell,Broad,39.00,https://appliancepros.netlify.app/subzero/,Enabled,Enabled,Enabled,Geo Campbell Repair | Broad
SZ_Search_BayArea_ULTRA3000_Broad,Geo CastroValley Repair,sub zero refrigerator repair in castro valley,Broad,39.00,https://appliancepros.netlify.app/subzero/,Enabled,Enabled,Enabled,Geo CastroValley Repair | Broad
SZ_Search_BayArea_ULTRA3000_Broad,Geo Concord Repair,sub zero refrigerator repair in concord,Broad,39.00,https://appliancepros.netlify.app/subzero/,Enabled,Enabled,Enabled,Geo Concord Repair | Broad
SZ_Search_BayArea_ULTRA3000_Broad,Geo Cupertino Repair,sub zero refrigerator repair in cupertino,Broad,39.00,https://appliancepros.netlify.app/subzero/,Enabled,Enabled,Enabled,Geo Cupertino Repair | Broad
SZ_Search_BayArea_ULTRA3000_Broad,Geo DalyCity Repair,sub zero refrigerator repair in daly city,Broad,39.00,https://appliancepros.netlify.app/subzero/,Enabled,Enabled,Enabled,Geo DalyCity Repair | Broad
SZ_Search_BayArea_ULTRA3000_Broad,Geo Emeryville Repair,sub zero refrigerator repair in emeryville,Broad,39.00,https://appliancepros.netlify.app/subzero/,Enabled,Enabled,Enabled,Geo Emeryville Repair | Broad
SZ_Search_BayArea_ULTRA3000_Broad,Geo FosterCity Repair,sub zero refrigerator repair in foster city,Broad,39.00,https://appliancepros.netlify.app/subzero/,Enabled,Enabled,Enabled,Geo FosterCity Repair | Broad
SZ_Search_BayArea_ULTRA3000_Broad,Geo Fremont Repair,sub zero refrigerator repair in fremont,Broad,39.00,https://appliancepros.netlify.app/subzero/,Enabled,Enabled,Enabled,Geo Fremont Repair | Broad
SZ_Search_BayArea_ULTRA3000_Broad,Geo Hayward Repair,sub zero refrigerator repair in hayward,Broad,39.00,https://appliancepros.netlify.app/subzero/,Enabled,Enabled,Enabled,Geo Hayward Repair | Broad
SZ_Search_BayArea_ULTRA3000_Broad,Geo Livermore Repair,sub zero refrigerator repair in livermore,Broad,39.00,https://appliancepros.netlify.app/subzero/,Enabled,Enabled,Enabled,Geo Livermore Repair | Broad
SZ_Search_BayArea_ULTRA3000_Broad,Geo LosAltos Repair,sub zero refrigerator repair in los altos,Broad,39.00,https://appliancepros.netlify.app/subzero/,Enabled,Enabled,Enabled,Geo LosAltos Repair | Broad
SZ_Search_BayArea_ULTRA3000_Broad,Geo LosGatos Repair,sub zero refrigerator repair in los gatos,Broad,39.00,https://appliancepros.netlify.app/subzero/,Enabled,Enabled,Enabled,Geo LosGatos Repair | Broad
SZ_Search_BayArea_ULTRA3000_Broad,Geo MenloPark Repair,sub zero refrigerator repair in menlo park,Broad,39.00,https://appliancepros.netlify.app/subzero/,Enabled,Enabled,Enabled,Geo MenloPark Repair | Broad
SZ_Search_BayArea_ULTRA3000_Broad,Geo Millbrae Repair,sub zero refrigerator repair in millbrae,Broad,39.00,https://appliancepros.netlify.app/subzero/,Enabled,Enabled,Enabled,Geo Millbrae Repair | Broad
SZ_Search_BayArea_ULTRA3000_Broad,Geo Milpitas Repair,sub zero refrigerator repair in milpitas,Broad,39.00,https://appliancepros.netlify.app/subzero/,Enabled,Enabled,Enabled,Geo Milpitas Repair | Broad
SZ_Search_BayArea_ULTRA3000_Broad,Geo MountainView Repair,sub zero refrigerator repair in mountain view,Broad,39.00,https://appliancepros.netlify.app/subzero/,Enabled,Enabled,Enabled,Geo MountainView Repair | Broad
SZ_Search_BayArea_ULTRA3000_Broad,Refrigerator Repair,sub zero refrigerator repair in my area,Broad,35.00,https://appliancepros.netlify.app/subzero/,Enabled,Enabled,Enabled,Refrigerator Repair | Broad
SZ_Search_BayArea_ULTRA3000_Broad,Geo Novato Repair,sub zero refrigerator repair in novato,Broad,39.00,https://appliancepros.netlify.app/subzero/,Enabled,Enabled,Enabled,Geo Novato Repair | Broad
SZ_Search_BayArea_ULTRA3000_Broad,Geo Oakland Repair,sub zero refrigerator repair in oakland,Broad,39.00,https://appliancepros.netlify.app/subzero/,Enabled,Enabled,Enabled,Geo Oakland Repair | Broad
SZ_Search_BayArea_ULTRA3000_Broad,Geo PaloAlto Repair,sub zero refrigerator repair in palo alto,Broad,39.00,https://appliancepros.netlify.app/subzero/,Enabled,Enabled,Enabled,Geo PaloAlto Repair | Broad
SZ_Search_BayArea_ULTRA3000_Broad,Geo Pleasanton Repair,sub zero refrigerator repair in pleasanton,Broad,39.00,https://appliancepros.netlify.app/subzero/,Enabled,Enabled,Enabled,Geo Pleasanton Repair | Broad
SZ_Search_BayArea_ULTRA3000_Broad,Geo RedwoodCity Repair,sub zero refrigerator repair in redwood city,Broad,39.00,https://appliancepros.netlify.app/subzero/,Enabled,Enabled,Enabled,Geo RedwoodCity Repair | Broad
SZ_Search_BayArea_ULTRA3000_Broad,Geo Richmond Repair,sub zero refrigerator repair in richmond,Broad,39.00,https://appliancepros.netlify.app/subzero/,Enabled,Enabled,Enabled,Geo Richmond Repair | Broad
SZ_Search_BayArea_ULTRA3000_Broad,Geo SanBruno Repair,sub zero refrigerator repair in san bruno,Broad,39.00,https://appliancepros.netlify.app/subzero/,Enabled,Enabled,Enabled,Geo SanBruno Repair | Broad
SZ_Search_BayArea_ULTRA3000_Broad,Geo SanFrancisco Repair,sub zero refrigerator repair in san francisco,Broad,39.00,https://appliancepros.netlify.app/subzero/,Enabled,Enabled,Enabled,Geo SanFrancisco Repair | Broad
SZ_Search_BayArea_ULTRA3000_Broad,Geo SanJose Repair,sub zero refrigerator repair in san jose,Broad,39.00,https://appliancepros.netlify.app/subzero/,Enabled,Enabled,Enabled,Geo SanJose Repair | Broad
SZ_Search_BayArea_ULTRA3000_Broad,Geo SanLeandro Repair,sub zero refrigerator repair in san leandro,Broad,39.00,https://appliancepros.netlify.app/subzero/,Enabled,Enabled,Enabled,Geo SanLeandro Repair | Broad
SZ_Search_BayArea_ULTRA3000_Broad,Geo SanMateo Repair,sub zero refrigerator repair in san mateo,Broad,39.00,https://appliancepros.netlify.app/subzero/,Enabled,Enabled,Enabled,Geo SanMateo Repair | Broad
SZ_Search_BayArea_ULTRA3000_Broad,Geo SanRafael Repair,sub zero refrigerator repair in san rafael,Broad,39.00,https://appliancepros.netlify.app/subzero/,Enabled,Enabled,Enabled,Geo SanRafael Repair | Broad
SZ_Search_BayArea_ULTRA3000_Broad,Geo SantaClara Repair,sub zero refrigerator repair in santa clara,Broad,39.00,https://appliancepros.netlify.app/subzero/,Enabled,Enabled,Enabled,Geo SantaClara Repair | Broad
SZ_Search_BayArea_ULTRA3000_Broad,Geo Sunnyvale Repair,sub zero refrigerator repair in sunnyvale,Broad,39.00,https://appliancepros.netlify.app/subzero/,Enabled,Enabled,Enabled,Geo Sunnyvale Repair | Broad
SZ_Search_BayArea_ULTRA3000_Broad,Geo UnionCity Repair,sub zero refrigerator repair in union city,Broad,39.00,https://appliancepros.netlify.app/subzero/,Enabled,Enabled,Enabled,Geo UnionCity Repair | Broad
SZ_Search_BayArea_ULTRA3000_Broad,Geo WalnutCreek Repair,sub zero refrigerator repair in walnut creek,Broad,39.00,https://appliancepros.netlify.app/subzero/,Enabled,Enabled,Enabled,Geo WalnutCreek Repair | Broad
SZ_Search_BayArea_ULTRA3000_Broad,Refrigerator Repair,sub zero refrigerator repair marin county,Broad,35.00,https://appliancepros.netlify.app/subzero/,Enabled,Enabled,Enabled,Refrigerator Repair | Broad
SZ_Search_BayArea_ULTRA3000_Broad,Core Near Me,sub zero refrigerator repair near me,Broad,42.00,https://appliancepros.netlify.app/subzero/,Enabled,Enabled,Enabled,Core Near Me | Broad
SZ_Search_BayArea_ULTRA3000_Broad,Geo Oakland Repair,sub zero refrigerator repair oakland,Broad,39.00,https://appliancepros.netlify.app/subzero/,Enabled,Enabled,Enabled,Geo Oakland Repair | Broad
SZ_Search_BayArea_ULTRA3000_Broad,Geo PaloAlto Repair,sub zero refrigerator repair palo alto,Broad,39.00,https://appliancepros.netlify.app/subzero/,Enabled,Enabled,Enabled,Geo PaloAlto Repair | Broad
SZ_Search_BayArea_ULTRA3000_Broad,Geo SanFrancisco Repair,sub zero refrigerator repair san francisco,Broad,39.00,https://appliancepros.netlify.app/subzero/,Enabled,Enabled,Enabled,Geo SanFrancisco Repair | Broad
SZ_Search_BayArea_ULTRA3000_Broad,Geo SanJose Repair,sub zero refrigerator repair san jose,Broad,39.00,https://appliancepros.netlify.app/subzero/,Enabled,Enabled,Enabled,Geo SanJose Repair | Broad
SZ_Search_BayArea_ULTRA3000_Broad,Geo SanJose Repair,sub zero refrigerator repair san jose ca,Broad,39.00,https://appliancepros.netlify.app/subzero/,Enabled,Enabled,Enabled,Geo SanJose Repair | Broad
SZ_Search_BayArea_ULTRA3000_Broad,Refrigerator Repair,sub zero refrigerator repair santa cruz,Broad,35.00,https://appliancepros.netlify.app/subzero/,Enabled,Enabled,Enabled,Refrigerator Repair | Broad
SZ_Search_BayArea_ULTRA3000_Broad,Refrigerator Repair,sub zero refrigerator repair santa cruz ca,Broad,35.00,https://appliancepros.netlify.app/subzero/,Enabled,Enabled,Enabled,Refrigerator Repair | Broad
SZ_Search_BayArea_ULTRA3000_Broad,Refrigerator Repair,sub zero refrigerator repair service,Broad,35.00,https://appliancepros.netlify.app/subzero/,Enabled,Enabled,Enabled,Refrigerator Repair | Broad
SZ_Search_BayArea_ULTRA3000_Broad,Core Near Me,sub zero refrigerator repair service near me,Broad,42.00,https://appliancepros.netlify.app/subzero/,Enabled,Enabled,Enabled,Core Near Me | Broad
SZ_Search_BayArea_ULTRA3000_Broad,Refrigerator Repair,sub zero refrigerator repair sf,Broad,35.00,https://appliancepros.netlify.app/subzero/,Enabled,Enabled,Enabled,Refrigerator Repair | Broad
SZ_Search_BayArea_ULTRA3000_Broad,Core Technician,sub zero refrigerator repairman,Broad,35.00,https://appliancepros.netlify.app/subzero/,Enabled,Enabled,Enabled,Core Technician | Broad
SZ_Search_BayArea_ULTRA3000_Broad,Core Near Me,sub zero refrigerator repairman near me,Broad,42.00,https://appliancepros.netlify.app/subzero/,Enabled,Enabled,Enabled,Core Near Me | Broad
SZ_Search_BayArea_ULTRA3000_Broad,Refrigerator Repair,sub zero refrigerator repairs,Broad,35.00,https://appliancepros.netlify.app/subzero/,Enabled,Enabled,Enabled,Refrigerator Repair | Broad
SZ_Search_BayArea_ULTRA3000_Broad,Core Near Me,sub zero refrigerator repairs near me,Broad,42.00,https://appliancepros.netlify.app/subzero/,Enabled,Enabled,Enabled,Core Near Me | Broad
SZ_Search_BayArea_ULTRA3000_Broad,Core Brand Repair,sub zero refrigerator runs continuously,Broad,35.00,https://appliancepros.netlify.app/subzero/,Enabled,Enabled,Enabled,Core Brand Repair | Broad
SZ_Search_BayArea_ULTRA3000_Broad,Core Brand Service,sub zero refrigerator service,Broad,33.00,https://appliancepros.netlify.app/subzero/,Enabled,Enabled,Enabled,Core Brand Service | Broad
SZ_Search_BayArea_ULTRA3000_Broad,Core Brand Service,sub zero refrigerator service call,Broad,33.00,https://appliancepros.netlify.app/subzero/,Enabled,Enabled,Enabled,Core Brand Service | Broad
SZ_Search_BayArea_ULTRA3000_Broad,Core Brand Service,sub zero refrigerator service light,Broad,33.00,https://appliancepros.netlify.app/subzero/,Enabled,Enabled,Enabled,Core Brand Service | Broad
SZ_Search_BayArea_ULTRA3000_Broad,Core Brand Service,sub zero refrigerator service light flashing,Broad,33.00,https://appliancepros.netlify.app/subzero/,Enabled,Enabled,Enabled,Core Brand Service | Broad
SZ_Search_BayArea_ULTRA3000_Broad,Core Near Me,sub zero refrigerator service near me,Broad,42.00,https://appliancepros.netlify.app/subzero/,Enabled,Enabled,Enabled,Core Near Me | Broad
SZ_Search_BayArea_ULTRA3000_Broad,Core Brand Service,sub zero refrigerator service number,Broad,33.00,https://appliancepros.netlify.app/subzero/,Enabled,Enabled,Enabled,Core Brand Service | Broad
SZ_Search_BayArea_ULTRA3000_Broad,Geo SanFrancisco Repair,sub zero refrigerator service san francisco,Broad,39.00,https://appliancepros.netlify.app/subzero/,Enabled,Enabled,Enabled,Geo SanFrancisco Repair | Broad
SZ_Search_BayArea_ULTRA3000_Broad,Core Brand Repair,sub zero refrigerator servicing,Broad,35.00,https://appliancepros.netlify.app/subzero/,Enabled,Enabled,Enabled,Core Brand Repair | Broad
SZ_Search_BayArea_ULTRA3000_Broad,Core Brand Repair,sub zero refrigerator stopped cooling,Broad,35.00,https://appliancepros.netlify.app/subzero/,Enabled,Enabled,Enabled,Core Brand Repair | Broad
SZ_Search_BayArea_ULTRA3000_Broad,Core Brand Repair,sub zero refrigerator stopped making ice,Broad,35.00,https://appliancepros.netlify.app/subzero/,Enabled,Enabled,Enabled,Core Brand Repair | Broad
SZ_Search_BayArea_ULTRA3000_Broad,Not Working Issues,sub zero refrigerator stopped working,Broad,35.00,https://appliancepros.netlify.app/subzero/,Enabled,Enabled,Enabled,Not Working Issues | Broad
SZ_Search_BayArea_ULTRA3000_Broad,Core Technician,sub zero refrigerator technician,Broad,35.00,https://appliancepros.netlify.app/subzero/,Enabled,Enabled,Enabled,Core Technician | Broad
SZ_Search_BayArea_ULTRA3000_Broad,Not Working Issues,sub zero refrigerator temperature control not working,Broad,35.00,https://appliancepros.netlify.app/subzero/,Enabled,Enabled,Enabled,Not Working Issues | Broad
SZ_Search_BayArea_ULTRA3000_Broad,Temperature Issues,sub zero refrigerator temperature control problem,Broad,35.00,https://appliancepros.netlify.app/subzero/,Enabled,Enabled,Enabled,Temperature Issues | Broad
SZ_Search_BayArea_ULTRA3000_Broad,Temperature Issues,sub zero refrigerator temperature fluctuates,Broad,35.00,https://appliancepros.netlify.app/subzero/,Enabled,Enabled,Enabled,Temperature Issues | Broad
SZ_Search_BayArea_ULTRA3000_Broad,Temperature Issues,sub zero refrigerator temperature problem,Broad,35.00,https://appliancepros.netlify.app/subzero/,Enabled,Enabled,Enabled,Temperature Issues | Broad
SZ_Search_BayArea_ULTRA3000_Broad,Temperature Issues,sub zero refrigerator temperature problems,Broad,35.00,https://appliancepros.netlify.app/subzero/,Enabled,Enabled,Enabled,Temperature Issues | Broad
SZ_Search_BayArea_ULTRA3000_Broad,Temperature Issues,sub zero refrigerator temperature too cold,Broad,35.00,https://appliancepros.netlify.app/subzero/,Enabled,Enabled,Enabled,Temperature Issues | Broad
SZ_Search_BayArea_ULTRA3000_Broad,Temperature Issues,sub zero refrigerator temperature too warm,Broad,35.00,https://appliancepros.netlify.app/subzero/,Enabled,Enabled,Enabled,Temperature Issues | Broad
SZ_Search_BayArea_ULTRA3000_Broad,Refrigerator Repair,sub zero refrigerator thermostat repair,Broad,35.00,https://appliancepros.netlify.app/subzero/,Enabled,Enabled,Enabled,Refrigerator Repair | Broad
SZ_Search_BayArea_ULTRA3000_Broad,Core Brand Repair,sub zero refrigerator too cold,Broad,35.00,https://appliancepros.netlify.app/subzero/,Enabled,Enabled,Enabled,Core Brand Repair | Broad
SZ_Search_BayArea_ULTRA3000_Broad,Not Freezing Issues,sub zero refrigerator top freezer not freezing,Broad,40.00,https://appliancepros.netlify.app/subzero/,Enabled,Enabled,Enabled,Not Freezing Issues | Broad
SZ_Search_BayArea_ULTRA3000_Broad,Core Brand Repair,sub zero refrigerator troubleshooting,Broad,35.00,https://appliancepros.netlify.app/subzero/,Enabled,Enabled,Enabled,Core Brand Repair | Broad
SZ_Search_BayArea_ULTRA3000_Broad,Core Brand Repair,sub zero refrigerator warm but freezer cold,Broad,35.00,https://appliancepros.netlify.app/subzero/,Enabled,Enabled,Enabled,Core Brand Repair | Broad
SZ_Search_BayArea_ULTRA3000_Broad,Core Brand Repair,sub zero refrigerator warm freezer cold,Broad,35.00,https://appliancepros.netlify.app/subzero/,Enabled,Enabled,Enabled,Core Brand Repair | Broad
SZ_Search_BayArea_ULTRA3000_Broad,Not Working Issues,sub zero refrigerator water and ice dispenser not working,Broad,35.00,https://appliancepros.netlify.app/subzero/,Enabled,Enabled,Enabled,Not Working Issues | Broad
SZ_Search_BayArea_ULTRA3000_Broad,Water Leak Repair,sub zero refrigerator water dispenser leaking,Broad,40.00,https://appliancepros.netlify.app/subzero/,Enabled,Enabled,Enabled,Water Leak Repair | Broad
SZ_Search_BayArea_ULTRA3000_Broad,Not Working Issues,sub zero refrigerator water dispenser not working,Broad,35.00,https://appliancepros.netlify.app/subzero/,Enabled,Enabled,Enabled,Not Working Issues | Broad
SZ_Search_BayArea_ULTRA3000_Broad,Water Leak Repair,sub zero refrigerator water dispenser quit working,Broad,40.00,https://appliancepros.netlify.app/subzero/,Enabled,Enabled,Enabled,Water Leak Repair | Broad
SZ_Search_BayArea_ULTRA3000_Broad,Core Brand Repair,sub zero refrigerator water filter leaking,Broad,35.00,https://appliancepros.netlify.app/subzero/,Enabled,Enabled,Enabled,Core Brand Repair | Broad
SZ_Search_BayArea_ULTRA3000_Broad,Refrigerator Repair,sub zero refrigerator water leak repair,Broad,35.00,https://appliancepros.netlify.app/subzero/,Enabled,Enabled,Enabled,Refrigerator Repair | Broad
SZ_Search_BayArea_ULTRA3000_Broad,Water Leak Repair,sub zero refrigerator water leaking on floor,Broad,40.00,https://appliancepros.netlify.app/subzero/,Enabled,Enabled,Enabled,Water Leak Repair | Broad
SZ_Search_BayArea_ULTRA3000_Broad,Not Working Issues,sub zero refrigerator water not working,Broad,35.00,https://appliancepros.netlify.app/subzero/,Enabled,Enabled,Enabled,Not Working Issues | Broad
SZ_Search_BayArea_ULTRA3000_Broad,Core Brand Repair,sub zero refrigerator won t cool,Broad,35.00,https://appliancepros.netlify.app/subzero/,Enabled,Enabled,Enabled,Core Brand Repair | Broad
SZ_Search_BayArea_ULTRA3000_Broad,Core Brand Repair,sub zero refrigerator won t get cold,Broad,35.00,https://appliancepros.netlify.app/subzero/,Enabled,Enabled,Enabled,Core Brand Repair | Broad
SZ_Search_BayArea_ULTRA3000_Broad,Core Brand Repair,sub zero refrigerator won t stop beeping,Broad,35.00,https://appliancepros.netlify.app/subzero/,Enabled,Enabled,Enabled,Core Brand Repair | Broad
SZ_Search_BayArea_ULTRA3000_Broad,Core Brand Repair,sub zero refrigerator wont cool,Broad,35.00,https://appliancepros.netlify.app/subzero/,Enabled,Enabled,Enabled,Core Brand Repair | Broad
SZ_Search_BayArea_ULTRA3000_Broad,Core Brand Repair,sub zero refrigerator wont get cold,Broad,35.00,https://appliancepros.netlify.app/subzero/,Enabled,Enabled,Enabled,Core Brand Repair | Broad
SZ_Search_BayArea_ULTRA3000_Broad,Core Brand Repair,sub zero repair,Broad,35.00,https://appliancepros.netlify.app/subzero/,Enabled,Enabled,Enabled,Core Brand Repair | Broad
SZ_Search_BayArea_ULTRA3000_Broad,Core Brand Repair,sub zero repair and service,Broad,35.00,https://appliancepros.netlify.app/subzero/,Enabled,Enabled,Enabled,Core Brand Repair | Broad
SZ_Search_BayArea_ULTRA3000_Broad,Core Brand Repair,sub zero repair bay area,Broad,35.00,https://appliancepros.netlify.app/subzero/,Enabled,Enabled,Enabled,Core Brand Repair | Broad
SZ_Search_BayArea_ULTRA3000_Broad,Core Brand Repair,sub zero repair center,Broad,35.00,https://appliancepros.netlify.app/subzero/,Enabled,Enabled,Enabled,Core Brand Repair | Broad
SZ_Search_BayArea_ULTRA3000_Broad,Core Near Me,sub zero repair center near me,Broad,42.00,https://appliancepros.netlify.app/subzero/,Enabled,Enabled,Enabled,Core Near Me | Broad
SZ_Search_BayArea_ULTRA3000_Broad,Core Brand Repair,sub zero repair company,Broad,35.00,https://appliancepros.netlify.app/subzero/,Enabled,Enabled,Enabled,Core Brand Repair | Broad
SZ_Search_BayArea_ULTRA3000_Broad,Core Brand Repair,sub zero repair cost,Broad,35.00,https://appliancepros.netlify.app/subzero/,Enabled,Enabled,Enabled,Core Brand Repair | Broad
SZ_Search_BayArea_ULTRA3000_Broad,Core Brand Repair,sub zero repair dc,Broad,35.00,https://appliancepros.netlify.app/subzero/,Enabled,Enabled,Enabled,Core Brand Repair | Broad
SZ_Search_BayArea_ULTRA3000_Broad,Core Brand Repair,sub zero repair estimate,Broad,35.00,https://appliancepros.netlify.app/subzero/,Enabled,Enabled,Enabled,Core Brand Repair | Broad
SZ_Search_BayArea_ULTRA3000_Broad,Core Brand Repair,sub zero repair expert,Broad,35.00,https://appliancepros.netlify.app/subzero/,Enabled,Enabled,Enabled,Core Brand Repair | Broad
SZ_Search_BayArea_ULTRA3000_Broad,Ice Maker Repair,sub zero repair ice maker,Broad,40.00,https://appliancepros.netlify.app/subzero/,Enabled,Enabled,Enabled,Ice Maker Repair | Broad
SZ_Search_BayArea_ULTRA3000_Broad,Geo Alameda Repair,sub zero repair in alameda,Broad,39.00,https://appliancepros.netlify.app/subzero/,Enabled,Enabled,Enabled,Geo Alameda Repair | Broad
SZ_Search_BayArea_ULTRA3000_Broad,Geo Belmont Repair,sub zero repair in belmont,Broad,39.00,https://appliancepros.netlify.app/subzero/,Enabled,Enabled,Enabled,Geo Belmont Repair | Broad
SZ_Search_BayArea_ULTRA3000_Broad,Geo Berkeley Repair,sub zero repair in berkeley,Broad,39.00,https://appliancepros.netlify.app/subzero/,Enabled,Enabled,Enabled,Geo Berkeley Repair | Broad
SZ_Search_BayArea_ULTRA3000_Broad,Geo Burlingame Repair,sub zero repair in burlingame,Broad,39.00,https://appliancepros.netlify.app/subzero/,Enabled,Enabled,Enabled,Geo Burlingame Repair | Broad
SZ_Search_BayArea_ULTRA3000_Broad,Geo Burlingame Repair,sub zero repair in burlingame ca,Broad,39.00,https://appliancepros.netlify.app/subzero/,Enabled,Enabled,Enabled,Geo Burlingame Repair | Broad
SZ_Search_BayArea_ULTRA3000_Broad,Geo Campbell Repair,sub zero repair in campbell,Broad,39.00,https://appliancepros.netlify.app/subzero/,Enabled,Enabled,Enabled,Geo Campbell Repair | Broad
SZ_Search_BayArea_ULTRA3000_Broad,Geo CastroValley Repair,sub zero repair in castro valley,Broad,39.00,https://appliancepros.netlify.app/subzero/,Enabled,Enabled,Enabled,Geo CastroValley Repair | Broad
SZ_Search_BayArea_ULTRA3000_Broad,Geo Concord Repair,sub zero repair in concord,Broad,39.00,https://appliancepros.netlify.app/subzero/,Enabled,Enabled,Enabled,Geo Concord Repair | Broad
SZ_Search_BayArea_ULTRA3000_Broad,Geo Cupertino Repair,sub zero repair in cupertino,Broad,39.00,https://appliancepros.netlify.app/subzero/,Enabled,Enabled,Enabled,Geo Cupertino Repair | Broad
SZ_Search_BayArea_ULTRA3000_Broad,Geo DalyCity Repair,sub zero repair in daly city,Broad,39.00,https://appliancepros.netlify.app/subzero/,Enabled,Enabled,Enabled,Geo DalyCity Repair | Broad
SZ_Search_BayArea_ULTRA3000_Broad,Geo Emeryville Repair,sub zero repair in emeryville,Broad,39.00,https://appliancepros.netlify.app/subzero/,Enabled,Enabled,Enabled,Geo Emeryville Repair | Broad
SZ_Search_BayArea_ULTRA3000_Broad,Geo FosterCity Repair,sub zero repair in foster city,Broad,39.00,https://appliancepros.netlify.app/subzero/,Enabled,Enabled,Enabled,Geo FosterCity Repair | Broad
SZ_Search_BayArea_ULTRA3000_Broad,Geo Fremont Repair,sub zero repair in fremont,Broad,39.00,https://appliancepros.netlify.app/subzero/,Enabled,Enabled,Enabled,Geo Fremont Repair | Broad
SZ_Search_BayArea_ULTRA3000_Broad,Geo Hayward Repair,sub zero repair in hayward,Broad,39.00,https://appliancepros.netlify.app/subzero/,Enabled,Enabled,Enabled,Geo Hayward Repair | Broad
SZ_Search_BayArea_ULTRA3000_Broad,Geo Livermore Repair,sub zero repair in livermore,Broad,39.00,https://appliancepros.netlify.app/subzero/,Enabled,Enabled,Enabled,Geo Livermore Repair | Broad
SZ_Search_BayArea_ULTRA3000_Broad,Geo LosAltos Repair,sub zero repair in los altos,Broad,39.00,https://appliancepros.netlify.app/subzero/,Enabled,Enabled,Enabled,Geo LosAltos Repair | Broad
SZ_Search_BayArea_ULTRA3000_Broad,Geo LosGatos Repair,sub zero repair in los gatos,Broad,39.00,https://appliancepros.netlify.app/subzero/,Enabled,Enabled,Enabled,Geo LosGatos Repair | Broad
SZ_Search_BayArea_ULTRA3000_Broad,Geo MenloPark Repair,sub zero repair in menlo park,Broad,39.00,https://appliancepros.netlify.app/subzero/,Enabled,Enabled,Enabled,Geo MenloPark Repair | Broad
SZ_Search_BayArea_ULTRA3000_Broad,Geo Millbrae Repair,sub zero repair in millbrae,Broad,39.00,https://appliancepros.netlify.app/subzero/,Enabled,Enabled,Enabled,Geo Millbrae Repair | Broad
SZ_Search_BayArea_ULTRA3000_Broad,Geo Milpitas Repair,sub zero repair in milpitas,Broad,39.00,https://appliancepros.netlify.app/subzero/,Enabled,Enabled,Enabled,Geo Milpitas Repair | Broad
SZ_Search_BayArea_ULTRA3000_Broad,Geo MountainView Repair,sub zero repair in mountain view,Broad,39.00,https://appliancepros.netlify.app/subzero/,Enabled,Enabled,Enabled,Geo MountainView Repair | Broad
SZ_Search_BayArea_ULTRA3000_Broad,Core Brand Repair,sub zero repair in my area,Broad,35.00,https://appliancepros.netlify.app/subzero/,Enabled,Enabled,Enabled,Core Brand Repair | Broad
SZ_Search_BayArea_ULTRA3000_Broad,Geo Novato Repair,sub zero repair in novato,Broad,39.00,https://appliancepros.netlify.app/subzero/,Enabled,Enabled,Enabled,Geo Novato Repair | Broad
SZ_Search_BayArea_ULTRA3000_Broad,Geo Oakland Repair,sub zero repair in oakland,Broad,39.00,https://appliancepros.netlify.app/subzero/,Enabled,Enabled,Enabled,Geo Oakland Repair | Broad
SZ_Search_BayArea_ULTRA3000_Broad,Geo PaloAlto Repair,sub zero repair in palo alto,Broad,39.00,https://appliancepros.netlify.app/subzero/,Enabled,Enabled,Enabled,Geo PaloAlto Repair | Broad
SZ_Search_BayArea_ULTRA3000_Broad,Geo Pleasanton Repair,sub zero repair in pleasanton,Broad,39.00,https://appliancepros.netlify.app/subzero/,Enabled,Enabled,Enabled,Geo Pleasanton Repair | Broad
SZ_Search_BayArea_ULTRA3000_Broad,Geo RedwoodCity Repair,sub zero repair in redwood city,Broad,39.00,https://appliancepros.netlify.app/subzero/,Enabled,Enabled,Enabled,Geo RedwoodCity Repair | Broad
SZ_Search_BayArea_ULTRA3000_Broad,Geo Richmond Repair,sub zero repair in richmond,Broad,39.00,https://appliancepros.netlify.app/subzero/,Enabled,Enabled,Enabled,Geo Richmond Repair | Broad
SZ_Search_BayArea_ULTRA3000_Broad,Geo SanBruno Repair,sub zero repair in san bruno,Broad,39.00,https://appliancepros.netlify.app/subzero/,Enabled,Enabled,Enabled,Geo SanBruno Repair | Broad
SZ_Search_BayArea_ULTRA3000_Broad,Geo SanFrancisco Repair,sub zero repair in san francisco,Broad,39.00,https://appliancepros.netlify.app/subzero/,Enabled,Enabled,Enabled,Geo SanFrancisco Repair | Broad
SZ_Search_BayArea_ULTRA3000_Broad,Geo SanFrancisco Repair,sub zero repair in san francisco ca,Broad,39.00,https://appliancepros.netlify.app/subzero/,Enabled,Enabled,Enabled,Geo SanFrancisco Repair | Broad
SZ_Search_BayArea_ULTRA3000_Broad,Geo SanJose Repair,sub zero repair in san jose,Broad,39.00,https://appliancepros.netlify.app/subzero/,Enabled,Enabled,Enabled,Geo SanJose Repair | Broad
SZ_Search_BayArea_ULTRA3000_Broad,Geo SanLeandro Repair,sub zero repair in san leandro,Broad,39.00,https://appliancepros.netlify.app/subzero/,Enabled,Enabled,Enabled,Geo SanLeandro Repair | Broad
SZ_Search_BayArea_ULTRA3000_Broad,Geo SanMateo Repair,sub zero repair in san mateo,Broad,39.00,https://appliancepros.netlify.app/subzero/,Enabled,Enabled,Enabled,Geo SanMateo Repair | Broad
SZ_Search_BayArea_ULTRA3000_Broad,Geo SanRafael Repair,sub zero repair in san rafael,Broad,39.00,https://appliancepros.netlify.app/subzero/,Enabled,Enabled,Enabled,Geo SanRafael Repair | Broad
SZ_Search_BayArea_ULTRA3000_Broad,Geo SantaClara Repair,sub zero repair in santa clara,Broad,39.00,https://appliancepros.netlify.app/subzero/,Enabled,Enabled,Enabled,Geo SantaClara Repair | Broad
SZ_Search_BayArea_ULTRA3000_Broad,Core Brand Repair,sub zero repair in sf,Broad,35.00,https://appliancepros.netlify.app/subzero/,Enabled,Enabled,Enabled,Core Brand Repair | Broad
SZ_Search_BayArea_ULTRA3000_Broad,Geo Sunnyvale Repair,sub zero repair in sunnyvale,Broad,39.00,https://appliancepros.netlify.app/subzero/,Enabled,Enabled,Enabled,Geo Sunnyvale Repair | Broad
SZ_Search_BayArea_ULTRA3000_Broad,Geo UnionCity Repair,sub zero repair in union city,Broad,39.00,https://appliancepros.netlify.app/subzero/,Enabled,Enabled,Enabled,Geo UnionCity Repair | Broad
SZ_Search_BayArea_ULTRA3000_Broad,Geo WalnutCreek Repair,sub zero repair in walnut creek,Broad,39.00,https://appliancepros.netlify.app/subzero/,Enabled,Enabled,Enabled,Geo WalnutCreek Repair | Broad
SZ_Search_BayArea_ULTRA3000_Broad,Core Brand Repair,sub zero repair marin county,Broad,35.00,https://appliancepros.netlify.app/subzero/,Enabled,Enabled,Enabled,Core Brand Repair | Broad
SZ_Search_BayArea_ULTRA3000_Broad,Geo MountainView Repair,sub zero repair mountain view,Broad,39.00,https://appliancepros.netlify.app/subzero/,Enabled,Enabled,Enabled,Geo MountainView Repair | Broad
SZ_Search_BayArea_ULTRA3000_Broad,Core Near Me,sub zero repair near me,Broad,42.00,https://appliancepros.netlify.app/subzero/,Enabled,Enabled,Enabled,Core Near Me | Broad
SZ_Search_BayArea_ULTRA3000_Broad,Geo Oakland Repair,sub zero repair oakland,Broad,39.00,https://appliancepros.netlify.app/subzero/,Enabled,Enabled,Enabled,Geo Oakland Repair | Broad
SZ_Search_BayArea_ULTRA3000_Broad,Geo PaloAlto Repair,sub zero repair palo alto,Broad,39.00,https://appliancepros.netlify.app/subzero/,Enabled,Enabled,Enabled,Geo PaloAlto Repair | Broad
SZ_Search_BayArea_ULTRA3000_Broad,Geo PaloAlto Repair,sub zero repair palo alto ca,Broad,39.00,https://appliancepros.netlify.app/subzero/,Enabled,Enabled,Enabled,Geo PaloAlto Repair | Broad
SZ_Search_BayArea_ULTRA3000_Broad,Core Brand Repair,sub zero repair phone number,Broad,35.00,https://appliancepros.netlify.app/subzero/,Enabled,Enabled,Enabled,Core Brand Repair | Broad
SZ_Search_BayArea_ULTRA3000_Broad,Core Brand Repair,sub zero repair price,Broad,35.00,https://appliancepros.netlify.app/subzero/,Enabled,Enabled,Enabled,Core Brand Repair | Broad
SZ_Search_BayArea_ULTRA3000_Broad,Core Brand Repair,sub zero repair pro,Broad,35.00,https://appliancepros.netlify.app/subzero/,Enabled,Enabled,Enabled,Core Brand Repair | Broad
SZ_Search_BayArea_ULTRA3000_Broad,Geo SanFrancisco Repair,sub zero repair san francisco,Broad,39.00,https://appliancepros.netlify.app/subzero/,Enabled,Enabled,Enabled,Geo SanFrancisco Repair | Broad
SZ_Search_BayArea_ULTRA3000_Broad,Geo SanJose Repair,sub zero repair san jose,Broad,39.00,https://appliancepros.netlify.app/subzero/,Enabled,Enabled,Enabled,Geo SanJose Repair | Broad
SZ_Search_BayArea_ULTRA3000_Broad,Geo SanJose Repair,sub zero repair san jose ca,Broad,39.00,https://appliancepros.netlify.app/subzero/,Enabled,Enabled,Enabled,Geo SanJose Repair | Broad
SZ_Search_BayArea_ULTRA3000_Broad,Geo SanMateo Repair,sub zero repair san mateo,Broad,39.00,https://appliancepros.netlify.app/subzero/,Enabled,Enabled,Enabled,Geo SanMateo Repair | Broad
SZ_Search_BayArea_ULTRA3000_Broad,Core Brand Repair,sub zero repair service,Broad,35.00,https://appliancepros.netlify.app/subzero/,Enabled,Enabled,Enabled,Core Brand Repair | Broad
SZ_Search_BayArea_ULTRA3000_Broad,Core Brand Repair,sub zero repair service center,Broad,35.00,https://appliancepros.netlify.app/subzero/,Enabled,Enabled,Enabled,Core Brand Repair | Broad
SZ_Search_BayArea_ULTRA3000_Broad,Core Near Me,sub zero repair service near me,Broad,42.00,https://appliancepros.netlify.app/subzero/,Enabled,Enabled,Enabled,Core Near Me | Broad
SZ_Search_BayArea_ULTRA3000_Broad,Core Brand Repair,sub zero repair service woodside ca,Broad,35.00,https://appliancepros.netlify.app/subzero/,Enabled,Enabled,Enabled,Core Brand Repair | Broad
SZ_Search_BayArea_ULTRA3000_Broad,Core Brand Repair,sub zero repair services,Broad,35.00,https://appliancepros.netlify.app/subzero/,Enabled,Enabled,Enabled,Core Brand Repair | Broad
SZ_Search_BayArea_ULTRA3000_Broad,Core Brand Repair,sub zero repair sf,Broad,35.00,https://appliancepros.netlify.app/subzero/,Enabled,Enabled,Enabled,Core Brand Repair | Broad
SZ_Search_BayArea_ULTRA3000_Broad,Core Technician,sub zero repair technician,Broad,35.00,https://appliancepros.netlify.app/subzero/,Enabled,Enabled,Enabled,Core Technician | Broad
SZ_Search_BayArea_ULTRA3000_Broad,Core Emergency,sub zero repair today,Broad,46.00,https://appliancepros.netlify.app/subzero/,Enabled,Enabled,Enabled,Core Emergency | Broad
SZ_Search_BayArea_ULTRA3000_Broad,Core Technician,sub zero repairman,Broad,35.00,https://appliancepros.netlify.app/subzero/,Enabled,Enabled,Enabled,Core Technician | Broad
SZ_Search_BayArea_ULTRA3000_Broad,Core Technician,sub zero repairman for refrigerator,Broad,35.00,https://appliancepros.netlify.app/subzero/,Enabled,Enabled,Enabled,Core Technician | Broad
SZ_Search_BayArea_ULTRA3000_Broad,Core Near Me,sub zero repairman near me,Broad,42.00,https://appliancepros.netlify.app/subzero/,Enabled,Enabled,Enabled,Core Near Me | Broad
SZ_Search_BayArea_ULTRA3000_Broad,Core Brand Repair,sub zero repairs,Broad,35.00,https://appliancepros.netlify.app/subzero/,Enabled,Enabled,Enabled,Core Brand Repair | Broad
SZ_Search_BayArea_ULTRA3000_Broad,Core Near Me,sub zero repairs near me,Broad,42.00,https://appliancepros.netlify.app/subzero/,Enabled,Enabled,Enabled,Core Near Me | Broad
SZ_Search_BayArea_ULTRA3000_Broad,Not Cooling Issues,sub zero rv refrigerator not cooling,Broad,40.00,https://appliancepros.netlify.app/subzero/,Enabled,Enabled,Enabled,Not Cooling Issues | Broad
SZ_Search_BayArea_ULTRA3000_Broad,Core Emergency,sub zero same day service,Broad,46.00,https://appliancepros.netlify.app/subzero/,Enabled,Enabled,Enabled,Core Emergency | Broad
SZ_Search_BayArea_ULTRA3000_Broad,Core Brand Service,sub zero schedule service,Broad,33.00,https://appliancepros.netlify.app/subzero/,Enabled,Enabled,Enabled,Core Brand Service | Broad
SZ_Search_BayArea_ULTRA3000_Broad,Core Brand Service,sub zero service,Broad,33.00,https://appliancepros.netlify.app/subzero/,Enabled,Enabled,Enabled,Core Brand Service | Broad
SZ_Search_BayArea_ULTRA3000_Broad,Core Brand Repair,sub zero service and repair,Broad,35.00,https://appliancepros.netlify.app/subzero/,Enabled,Enabled,Enabled,Core Brand Repair | Broad
SZ_Search_BayArea_ULTRA3000_Broad,Core Brand Service,sub zero service appointment,Broad,33.00,https://appliancepros.netlify.app/subzero/,Enabled,Enabled,Enabled,Core Brand Service | Broad
SZ_Search_BayArea_ULTRA3000_Broad,Core Brand Service,sub zero service call,Broad,33.00,https://appliancepros.netlify.app/subzero/,Enabled,Enabled,Enabled,Core Brand Service | Broad
SZ_Search_BayArea_ULTRA3000_Broad,Core Brand Service,sub zero service call cost,Broad,33.00,https://appliancepros.netlify.app/subzero/,Enabled,Enabled,Enabled,Core Brand Service | Broad
SZ_Search_BayArea_ULTRA3000_Broad,Core Brand Service,sub zero service center,Broad,33.00,https://appliancepros.netlify.app/subzero/,Enabled,Enabled,Enabled,Core Brand Service | Broad
SZ_Search_BayArea_ULTRA3000_Broad,Core Near Me,sub zero service center near me,Broad,42.00,https://appliancepros.netlify.app/subzero/,Enabled,Enabled,Enabled,Core Near Me | Broad
SZ_Search_BayArea_ULTRA3000_Broad,Core Brand Service,sub zero service central,Broad,33.00,https://appliancepros.netlify.app/subzero/,Enabled,Enabled,Enabled,Core Brand Service | Broad
SZ_Search_BayArea_ULTRA3000_Broad,Core Brand Service,sub zero service ec,Broad,33.00,https://appliancepros.netlify.app/subzero/,Enabled,Enabled,Enabled,Core Brand Service | Broad
SZ_Search_BayArea_ULTRA3000_Broad,Core Brand Service,sub zero service error,Broad,33.00,https://appliancepros.netlify.app/subzero/,Enabled,Enabled,Enabled,Core Brand Service | Broad
SZ_Search_BayArea_ULTRA3000_Broad,Core Brand Service,sub zero service ice,Broad,33.00,https://appliancepros.netlify.app/subzero/,Enabled,Enabled,Enabled,Core Brand Service | Broad
SZ_Search_BayArea_ULTRA3000_Broad,Core Brand Service,sub zero service ice maker,Broad,33.00,https://appliancepros.netlify.app/subzero/,Enabled,Enabled,Enabled,Core Brand Service | Broad
SZ_Search_BayArea_ULTRA3000_Broad,Core Brand Service,sub zero service ice message,Broad,33.00,https://appliancepros.netlify.app/subzero/,Enabled,Enabled,Enabled,Core Brand Service | Broad
SZ_Search_BayArea_ULTRA3000_Broad,Geo Alameda Repair,sub zero service in alameda,Broad,39.00,https://appliancepros.netlify.app/subzero/,Enabled,Enabled,Enabled,Geo Alameda Repair | Broad
SZ_Search_BayArea_ULTRA3000_Broad,Geo Belmont Repair,sub zero service in belmont,Broad,39.00,https://appliancepros.netlify.app/subzero/,Enabled,Enabled,Enabled,Geo Belmont Repair | Broad
SZ_Search_BayArea_ULTRA3000_Broad,Geo Berkeley Repair,sub zero service in berkeley,Broad,39.00,https://appliancepros.netlify.app/subzero/,Enabled,Enabled,Enabled,Geo Berkeley Repair | Broad
SZ_Search_BayArea_ULTRA3000_Broad,Geo Burlingame Repair,sub zero service in burlingame,Broad,39.00,https://appliancepros.netlify.app/subzero/,Enabled,Enabled,Enabled,Geo Burlingame Repair | Broad
SZ_Search_BayArea_ULTRA3000_Broad,Geo Campbell Repair,sub zero service in campbell,Broad,39.00,https://appliancepros.netlify.app/subzero/,Enabled,Enabled,Enabled,Geo Campbell Repair | Broad
SZ_Search_BayArea_ULTRA3000_Broad,Geo CastroValley Repair,sub zero service in castro valley,Broad,39.00,https://appliancepros.netlify.app/subzero/,Enabled,Enabled,Enabled,Geo CastroValley Repair | Broad
SZ_Search_BayArea_ULTRA3000_Broad,Geo Concord Repair,sub zero service in concord,Broad,39.00,https://appliancepros.netlify.app/subzero/,Enabled,Enabled,Enabled,Geo Concord Repair | Broad
SZ_Search_BayArea_ULTRA3000_Broad,Geo Cupertino Repair,sub zero service in cupertino,Broad,39.00,https://appliancepros.netlify.app/subzero/,Enabled,Enabled,Enabled,Geo Cupertino Repair | Broad
SZ_Search_BayArea_ULTRA3000_Broad,Geo DalyCity Repair,sub zero service in daly city,Broad,39.00,https://appliancepros.netlify.app/subzero/,Enabled,Enabled,Enabled,Geo DalyCity Repair | Broad
SZ_Search_BayArea_ULTRA3000_Broad,Geo Emeryville Repair,sub zero service in emeryville,Broad,39.00,https://appliancepros.netlify.app/subzero/,Enabled,Enabled,Enabled,Geo Emeryville Repair | Broad
SZ_Search_BayArea_ULTRA3000_Broad,Geo FosterCity Repair,sub zero service in foster city,Broad,39.00,https://appliancepros.netlify.app/subzero/,Enabled,Enabled,Enabled,Geo FosterCity Repair | Broad
SZ_Search_BayArea_ULTRA3000_Broad,Geo Fremont Repair,sub zero service in fremont,Broad,39.00,https://appliancepros.netlify.app/subzero/,Enabled,Enabled,Enabled,Geo Fremont Repair | Broad
SZ_Search_BayArea_ULTRA3000_Broad,Geo Hayward Repair,sub zero service in hayward,Broad,39.00,https://appliancepros.netlify.app/subzero/,Enabled,Enabled,Enabled,Geo Hayward Repair | Broad
SZ_Search_BayArea_ULTRA3000_Broad,Geo Livermore Repair,sub zero service in livermore,Broad,39.00,https://appliancepros.netlify.app/subzero/,Enabled,Enabled,Enabled,Geo Livermore Repair | Broad
SZ_Search_BayArea_ULTRA3000_Broad,Geo LosAltos Repair,sub zero service in los altos,Broad,39.00,https://appliancepros.netlify.app/subzero/,Enabled,Enabled,Enabled,Geo LosAltos Repair | Broad
SZ_Search_BayArea_ULTRA3000_Broad,Geo LosGatos Repair,sub zero service in los gatos,Broad,39.00,https://appliancepros.netlify.app/subzero/,Enabled,Enabled,Enabled,Geo LosGatos Repair | Broad
SZ_Search_BayArea_ULTRA3000_Broad,Geo MenloPark Repair,sub zero service in menlo park,Broad,39.00,https://appliancepros.netlify.app/subzero/,Enabled,Enabled,Enabled,Geo MenloPark Repair | Broad
SZ_Search_BayArea_ULTRA3000_Broad,Geo Millbrae Repair,sub zero service in millbrae,Broad,39.00,https://appliancepros.netlify.app/subzero/,Enabled,Enabled,Enabled,Geo Millbrae Repair | Broad
SZ_Search_BayArea_ULTRA3000_Broad,Geo Milpitas Repair,sub zero service in milpitas,Broad,39.00,https://appliancepros.netlify.app/subzero/,Enabled,Enabled,Enabled,Geo Milpitas Repair | Broad
SZ_Search_BayArea_ULTRA3000_Broad,Geo MountainView Repair,sub zero service in mountain view,Broad,39.00,https://appliancepros.netlify.app/subzero/,Enabled,Enabled,Enabled,Geo MountainView Repair | Broad
SZ_Search_BayArea_ULTRA3000_Broad,Core Brand Service,sub zero service in my area,Broad,33.00,https://appliancepros.netlify.app/subzero/,Enabled,Enabled,Enabled,Core Brand Service | Broad
SZ_Search_BayArea_ULTRA3000_Broad,Geo Novato Repair,sub zero service in novato,Broad,39.00,https://appliancepros.netlify.app/subzero/,Enabled,Enabled,Enabled,Geo Novato Repair | Broad
SZ_Search_BayArea_ULTRA3000_Broad,Geo Oakland Repair,sub zero service in oakland,Broad,39.00,https://appliancepros.netlify.app/subzero/,Enabled,Enabled,Enabled,Geo Oakland Repair | Broad
SZ_Search_BayArea_ULTRA3000_Broad,Geo PaloAlto Repair,sub zero service in palo alto,Broad,39.00,https://appliancepros.netlify.app/subzero/,Enabled,Enabled,Enabled,Geo PaloAlto Repair | Broad
SZ_Search_BayArea_ULTRA3000_Broad,Geo Pleasanton Repair,sub zero service in pleasanton,Broad,39.00,https://appliancepros.netlify.app/subzero/,Enabled,Enabled,Enabled,Geo Pleasanton Repair | Broad
SZ_Search_BayArea_ULTRA3000_Broad,Geo RedwoodCity Repair,sub zero service in redwood city,Broad,39.00,https://appliancepros.netlify.app/subzero/,Enabled,Enabled,Enabled,Geo RedwoodCity Repair | Broad
SZ_Search_BayArea_ULTRA3000_Broad,Geo Richmond Repair,sub zero service in richmond,Broad,39.00,https://appliancepros.netlify.app/subzero/,Enabled,Enabled,Enabled,Geo Richmond Repair | Broad
SZ_Search_BayArea_ULTRA3000_Broad,Geo SanBruno Repair,sub zero service in san bruno,Broad,39.00,https://appliancepros.netlify.app/subzero/,Enabled,Enabled,Enabled,Geo SanBruno Repair | Broad
SZ_Search_BayArea_ULTRA3000_Broad,Geo SanFrancisco Repair,sub zero service in san francisco,Broad,39.00,https://appliancepros.netlify.app/subzero/,Enabled,Enabled,Enabled,Geo SanFrancisco Repair | Broad
SZ_Search_BayArea_ULTRA3000_Broad,Geo SanFrancisco Repair,sub zero service in san francisco ca,Broad,39.00,https://appliancepros.netlify.app/subzero/,Enabled,Enabled,Enabled,Geo SanFrancisco Repair | Broad
SZ_Search_BayArea_ULTRA3000_Broad,Geo SanJose Repair,sub zero service in san jose,Broad,39.00,https://appliancepros.netlify.app/subzero/,Enabled,Enabled,Enabled,Geo SanJose Repair | Broad
SZ_Search_BayArea_ULTRA3000_Broad,Geo SanLeandro Repair,sub zero service in san leandro,Broad,39.00,https://appliancepros.netlify.app/subzero/,Enabled,Enabled,Enabled,Geo SanLeandro Repair | Broad
SZ_Search_BayArea_ULTRA3000_Broad,Geo SanMateo Repair,sub zero service in san mateo,Broad,39.00,https://appliancepros.netlify.app/subzero/,Enabled,Enabled,Enabled,Geo SanMateo Repair | Broad
SZ_Search_BayArea_ULTRA3000_Broad,Geo SanRafael Repair,sub zero service in san rafael,Broad,39.00,https://appliancepros.netlify.app/subzero/,Enabled,Enabled,Enabled,Geo SanRafael Repair | Broad
SZ_Search_BayArea_ULTRA3000_Broad,Geo SantaClara Repair,sub zero service in santa clara,Broad,39.00,https://appliancepros.netlify.app/subzero/,Enabled,Enabled,Enabled,Geo SantaClara Repair | Broad
SZ_Search_BayArea_ULTRA3000_Broad,Geo Sunnyvale Repair,sub zero service in sunnyvale,Broad,39.00,https://appliancepros.netlify.app/subzero/,Enabled,Enabled,Enabled,Geo Sunnyvale Repair | Broad
SZ_Search_BayArea_ULTRA3000_Broad,Geo UnionCity Repair,sub zero service in union city,Broad,39.00,https://appliancepros.netlify.app/subzero/,Enabled,Enabled,Enabled,Geo UnionCity Repair | Broad
SZ_Search_BayArea_ULTRA3000_Broad,Geo WalnutCreek Repair,sub zero service in walnut creek,Broad,39.00,https://appliancepros.netlify.app/subzero/,Enabled,Enabled,Enabled,Geo WalnutCreek Repair | Broad
SZ_Search_BayArea_ULTRA3000_Broad,Core Brand Service,sub zero service light,Broad,33.00,https://appliancepros.netlify.app/subzero/,Enabled,Enabled,Enabled,Core Brand Service | Broad
SZ_Search_BayArea_ULTRA3000_Broad,Core Brand Service,sub zero service light flashing,Broad,33.00,https://appliancepros.netlify.app/subzero/,Enabled,Enabled,Enabled,Core Brand Service | Broad
SZ_Search_BayArea_ULTRA3000_Broad,Core Brand Service,sub zero service locator,Broad,33.00,https://appliancepros.netlify.app/subzero/,Enabled,Enabled,Enabled,Core Brand Service | Broad
SZ_Search_BayArea_ULTRA3000_Broad,Core Near Me,sub zero service near me,Broad,42.00,https://appliancepros.netlify.app/subzero/,Enabled,Enabled,Enabled,Core Near Me | Broad
SZ_Search_BayArea_ULTRA3000_Broad,Geo Oakland Repair,sub zero service oakland,Broad,39.00,https://appliancepros.netlify.app/subzero/,Enabled,Enabled,Enabled,Geo Oakland Repair | Broad
SZ_Search_BayArea_ULTRA3000_Broad,Geo PaloAlto Repair,sub zero service palo alto,Broad,39.00,https://appliancepros.netlify.app/subzero/,Enabled,Enabled,Enabled,Geo PaloAlto Repair | Broad
SZ_Search_BayArea_ULTRA3000_Broad,Geo PaloAlto Repair,sub zero service palo alto ca,Broad,39.00,https://appliancepros.netlify.app/subzero/,Enabled,Enabled,Enabled,Geo PaloAlto Repair | Broad
SZ_Search_BayArea_ULTRA3000_Broad,Core Brand Service,sub zero service quote,Broad,33.00,https://appliancepros.netlify.app/subzero/,Enabled,Enabled,Enabled,Core Brand Service | Broad
SZ_Search_BayArea_ULTRA3000_Broad,Core Brand Repair,sub zero service repair,Broad,35.00,https://appliancepros.netlify.app/subzero/,Enabled,Enabled,Enabled,Core Brand Repair | Broad
SZ_Search_BayArea_ULTRA3000_Broad,Core Near Me,sub zero service repair near me,Broad,42.00,https://appliancepros.netlify.app/subzero/,Enabled,Enabled,Enabled,Core Near Me | Broad
SZ_Search_BayArea_ULTRA3000_Broad,Core Brand Service,sub zero service request,Broad,33.00,https://appliancepros.netlify.app/subzero/,Enabled,Enabled,Enabled,Core Brand Service | Broad
SZ_Search_BayArea_ULTRA3000_Broad,Geo SanFrancisco Repair,sub zero service san francisco,Broad,39.00,https://appliancepros.netlify.app/subzero/,Enabled,Enabled,Enabled,Geo SanFrancisco Repair | Broad
SZ_Search_BayArea_ULTRA3000_Broad,Geo SanFrancisco Repair,sub zero service san francisco ca,Broad,39.00,https://appliancepros.netlify.app/subzero/,Enabled,Enabled,Enabled,Geo SanFrancisco Repair | Broad
SZ_Search_BayArea_ULTRA3000_Broad,Geo SanJose Repair,sub zero service san jose,Broad,39.00,https://appliancepros.netlify.app/subzero/,Enabled,Enabled,Enabled,Geo SanJose Repair | Broad
SZ_Search_BayArea_ULTRA3000_Broad,Geo SanJose Repair,sub zero service san jose ca,Broad,39.00,https://appliancepros.netlify.app/subzero/,Enabled,Enabled,Enabled,Geo SanJose Repair | Broad
SZ_Search_BayArea_ULTRA3000_Broad,Geo SanMateo Repair,sub zero service san mateo,Broad,39.00,https://appliancepros.netlify.app/subzero/,Enabled,Enabled,Enabled,Geo SanMateo Repair | Broad
SZ_Search_BayArea_ULTRA3000_Broad,Geo SanMateo Repair,sub zero service san mateo ca,Broad,39.00,https://appliancepros.netlify.app/subzero/,Enabled,Enabled,Enabled,Geo SanMateo Repair | Broad
SZ_Search_BayArea_ULTRA3000_Broad,Core Brand Service,sub zero service sf,Broad,33.00,https://appliancepros.netlify.app/subzero/,Enabled,Enabled,Enabled,Core Brand Service | Broad
SZ_Search_BayArea_ULTRA3000_Broad,Core Technician,sub zero service technician,Broad,35.00,https://appliancepros.netlify.app/subzero/,Enabled,Enabled,Enabled,Core Technician | Broad
SZ_Search_BayArea_ULTRA3000_Broad,Core Near Me,sub zero service technician near me,Broad,42.00,https://appliancepros.netlify.app/subzero/,Enabled,Enabled,Enabled,Core Near Me | Broad
SZ_Search_BayArea_ULTRA3000_Broad,Core Brand Service,sub zero services,Broad,33.00,https://appliancepros.netlify.app/subzero/,Enabled,Enabled,Enabled,Core Brand Service | Broad
SZ_Search_BayArea_ULTRA3000_Broad,Core Brand Service,sub zero services call,Broad,33.00,https://appliancepros.netlify.app/subzero/,Enabled,Enabled,Enabled,Core Brand Service | Broad
SZ_Search_BayArea_ULTRA3000_Broad,Core Near Me,sub zero services near me,Broad,42.00,https://appliancepros.netlify.app/subzero/,Enabled,Enabled,Enabled,Core Near Me | Broad
SZ_Search_BayArea_ULTRA3000_Broad,Not Freezing Issues,sub zero stand up freezer not freezing,Broad,40.00,https://appliancepros.netlify.app/subzero/,Enabled,Enabled,Enabled,Not Freezing Issues | Broad
SZ_Search_BayArea_ULTRA3000_Broad,Core Brand Repair,sub zero stopped cooling,Broad,35.00,https://appliancepros.netlify.app/subzero/,Enabled,Enabled,Enabled,Core Brand Repair | Broad
SZ_Search_BayArea_ULTRA3000_Broad,Core Brand Repair,sub zero stopped making ice,Broad,35.00,https://appliancepros.netlify.app/subzero/,Enabled,Enabled,Enabled,Core Brand Repair | Broad
SZ_Search_BayArea_ULTRA3000_Broad,Core Technician,sub zero technician,Broad,35.00,https://appliancepros.netlify.app/subzero/,Enabled,Enabled,Enabled,Core Technician | Broad
SZ_Search_BayArea_ULTRA3000_Broad,Core Near Me,sub zero technician near me,Broad,42.00,https://appliancepros.netlify.app/subzero/,Enabled,Enabled,Enabled,Core Near Me | Broad
SZ_Search_BayArea_ULTRA3000_Broad,Geo Oakland Repair,sub zero technician oakland,Broad,39.00,https://appliancepros.netlify.app/subzero/,Enabled,Enabled,Enabled,Geo Oakland Repair | Broad
SZ_Search_BayArea_ULTRA3000_Broad,Geo PaloAlto Repair,sub zero technician palo alto,Broad,39.00,https://appliancepros.netlify.app/subzero/,Enabled,Enabled,Enabled,Geo PaloAlto Repair | Broad
SZ_Search_BayArea_ULTRA3000_Broad,Geo SanFrancisco Repair,sub zero technician san francisco,Broad,39.00,https://appliancepros.netlify.app/subzero/,Enabled,Enabled,Enabled,Geo SanFrancisco Repair | Broad
SZ_Search_BayArea_ULTRA3000_Broad,Geo SanJose Repair,sub zero technician san jose,Broad,39.00,https://appliancepros.netlify.app/subzero/,Enabled,Enabled,Enabled,Geo SanJose Repair | Broad
SZ_Search_BayArea_ULTRA3000_Broad,Not Freezing Issues,sub zero top freezer not freezing,Broad,40.00,https://appliancepros.netlify.app/subzero/,Enabled,Enabled,Enabled,Not Freezing Issues | Broad
SZ_Search_BayArea_ULTRA3000_Broad,Not Cooling Issues,sub zero top freezer refrigerator not cooling,Broad,40.00,https://appliancepros.netlify.app/subzero/,Enabled,Enabled,Enabled,Not Cooling Issues | Broad
SZ_Search_BayArea_ULTRA3000_Broad,Core Brand Repair,sub zero undercounter ice maker not getting cold,Broad,35.00,https://appliancepros.netlify.app/subzero/,Enabled,Enabled,Enabled,Core Brand Repair | Broad
SZ_Search_BayArea_ULTRA3000_Broad,Core Brand Repair,sub zero undercounter ice maker not making ice,Broad,35.00,https://appliancepros.netlify.app/subzero/,Enabled,Enabled,Enabled,Core Brand Repair | Broad
SZ_Search_BayArea_ULTRA3000_Broad,Not Working Issues,sub zero undercounter ice maker not working,Broad,35.00,https://appliancepros.netlify.app/subzero/,Enabled,Enabled,Enabled,Not Working Issues | Broad
SZ_Search_BayArea_ULTRA3000_Broad,Core Brand Repair,sub zero undercounter ice maker problems,Broad,35.00,https://appliancepros.netlify.app/subzero/,Enabled,Enabled,Enabled,Core Brand Repair | Broad
SZ_Search_BayArea_ULTRA3000_Broad,Ice Maker Repair,sub zero undercounter ice maker repair,Broad,40.00,https://appliancepros.netlify.app/subzero/,Enabled,Enabled,Enabled,Ice Maker Repair | Broad
SZ_Search_BayArea_ULTRA3000_Broad,Core Brand Repair,sub zero upright freezer ice build up,Broad,35.00,https://appliancepros.netlify.app/subzero/,Enabled,Enabled,Enabled,Core Brand Repair | Broad
SZ_Search_BayArea_ULTRA3000_Broad,Not Cooling Issues,sub zero upright freezer not cooling,Broad,40.00,https://appliancepros.netlify.app/subzero/,Enabled,Enabled,Enabled,Not Cooling Issues | Broad
SZ_Search_BayArea_ULTRA3000_Broad,Not Freezing Issues,sub zero upright freezer not freezing,Broad,40.00,https://appliancepros.netlify.app/subzero/,Enabled,Enabled,Enabled,Not Freezing Issues | Broad
SZ_Search_BayArea_ULTRA3000_Broad,Not Working Issues,sub zero upright freezer not working,Broad,35.00,https://appliancepros.netlify.app/subzero/,Enabled,Enabled,Enabled,Not Working Issues | Broad
SZ_Search_BayArea_ULTRA3000_Broad,Core Brand Repair,sub zero upright freezer problems,Broad,35.00,https://appliancepros.netlify.app/subzero/,Enabled,Enabled,Enabled,Core Brand Repair | Broad
SZ_Search_BayArea_ULTRA3000_Broad,Freezer Repair,sub zero upright freezer repair,Broad,35.00,https://appliancepros.netlify.app/subzero/,Enabled,Enabled,Enabled,Freezer Repair | Broad
SZ_Search_BayArea_ULTRA3000_Broad,Not Working Issues,sub zero upright freezer temperature control not working,Broad,35.00,https://appliancepros.netlify.app/subzero/,Enabled,Enabled,Enabled,Not Working Issues | Broad
SZ_Search_BayArea_ULTRA3000_Broad,Not Cooling Issues,sub zero water dispenser not cooling,Broad,40.00,https://appliancepros.netlify.app/subzero/,Enabled,Enabled,Enabled,Not Cooling Issues | Broad
SZ_Search_BayArea_ULTRA3000_Broad,Not Working Issues,sub zero water dispenser not working,Broad,35.00,https://appliancepros.netlify.app/subzero/,Enabled,Enabled,Enabled,Not Working Issues | Broad
SZ_Search_BayArea_ULTRA3000_Broad,Water Leak Repair,sub zero water dispenser problems,Broad,40.00,https://appliancepros.netlify.app/subzero/,Enabled,Enabled,Enabled,Water Leak Repair | Broad
SZ_Search_BayArea_ULTRA3000_Broad,Core Brand Repair,sub zero water dispenser repair,Broad,35.00,https://appliancepros.netlify.app/subzero/,Enabled,Enabled,Enabled,Core Brand Repair | Broad
SZ_Search_BayArea_ULTRA3000_Broad,Core Brand Repair,sub zero water filter leaking repair,Broad,35.00,https://appliancepros.netlify.app/subzero/,Enabled,Enabled,Enabled,Core Brand Repair | Broad
SZ_Search_BayArea_ULTRA3000_Broad,Water Leak Repair,sub zero water leak in the refrigerator,Broad,40.00,https://appliancepros.netlify.app/subzero/,Enabled,Enabled,Enabled,Water Leak Repair | Broad
SZ_Search_BayArea_ULTRA3000_Broad,Wine Cooler Repair,sub zero wine cooler repair,Broad,35.00,https://appliancepros.netlify.app/subzero/,Enabled,Enabled,Enabled,Wine Cooler Repair | Broad
SZ_Search_BayArea_ULTRA3000_Broad,Core Brand Service,sub zero wine cooler service,Broad,33.00,https://appliancepros.netlify.app/subzero/,Enabled,Enabled,Enabled,Core Brand Service | Broad
SZ_Search_BayArea_ULTRA3000_Broad,Not Cooling Issues,sub zero wine fridge not cooling,Broad,40.00,https://appliancepros.netlify.app/subzero/,Enabled,Enabled,Enabled,Not Cooling Issues | Broad
SZ_Search_BayArea_ULTRA3000_Broad,Wine Cooler Repair,sub zero wine fridge not cooling repair,Broad,35.00,https://appliancepros.netlify.app/subzero/,Enabled,Enabled,Enabled,Wine Cooler Repair | Broad
SZ_Search_BayArea_ULTRA3000_Broad,Wine Cooler Repair,sub zero wine fridge repair,Broad,35.00,https://appliancepros.netlify.app/subzero/,Enabled,Enabled,Enabled,Wine Cooler Repair | Broad
SZ_Search_BayArea_ULTRA3000_Broad,Core Brand Service,sub zero wine fridge service,Broad,33.00,https://appliancepros.netlify.app/subzero/,Enabled,Enabled,Enabled,Core Brand Service | Broad
SZ_Search_BayArea_ULTRA3000_Broad,Wine Cooler Repair,sub zero wine refrigerator repair,Broad,35.00,https://appliancepros.netlify.app/subzero/,Enabled,Enabled,Enabled,Wine Cooler Repair | Broad
SZ_Search_BayArea_ULTRA3000_Broad,Core Brand Repair,sub zero won t make ice,Broad,35.00,https://appliancepros.netlify.app/subzero/,Enabled,Enabled,Enabled,Core Brand Repair | Broad
SZ_Search_BayArea_ULTRA3000_Broad,Core Brand Service,sub zeros services,Broad,33.00,https://appliancepros.netlify.app/subzero/,Enabled,Enabled,Enabled,Core Brand Service | Broad
SZ_Search_BayArea_ULTRA3000_Broad,Core Brand Repair,subzero appliance repair,Broad,35.00,https://appliancepros.netlify.app/subzero/,Enabled,Enabled,Enabled,Core Brand Repair | Broad
SZ_Search_BayArea_ULTRA3000_Broad,Core Brand Repair,subzero appliance repair in sf,Broad,35.00,https://appliancepros.netlify.app/subzero/,Enabled,Enabled,Enabled,Core Brand Repair | Broad
SZ_Search_BayArea_ULTRA3000_Broad,Geo SanFrancisco Repair,subzero appliance repair san francisco,Broad,39.00,https://appliancepros.netlify.app/subzero/,Enabled,Enabled,Enabled,Geo SanFrancisco Repair | Broad
SZ_Search_BayArea_ULTRA3000_Broad,Fridge Repair,subzero fridge repair,Broad,35.00,https://appliancepros.netlify.app/subzero/,Enabled,Enabled,Enabled,Fridge Repair | Broad
SZ_Search_BayArea_ULTRA3000_Broad,Refrigerator Repair,subzero refrigerator repair,Broad,35.00,https://appliancepros.netlify.app/subzero/,Enabled,Enabled,Enabled,Refrigerator Repair | Broad
SZ_Search_BayArea_ULTRA3000_Broad,Geo SanFrancisco Repair,subzero refrigerator repair san francisco,Broad,39.00,https://appliancepros.netlify.app/subzero/,Enabled,Enabled,Enabled,Geo SanFrancisco Repair | Broad
SZ_Search_BayArea_ULTRA3000_Broad,Core Brand Repair,subzero repair,Broad,35.00,https://appliancepros.netlify.app/subzero/,Enabled,Enabled,Enabled,Core Brand Repair | Broad
SZ_Search_BayArea_ULTRA3000_Broad,Geo SanFrancisco Repair,subzero repair in san francisco ca,Broad,39.00,https://appliancepros.netlify.app/subzero/,Enabled,Enabled,Enabled,Geo SanFrancisco Repair | Broad
SZ_Search_BayArea_ULTRA3000_Broad,Core Brand Repair,subzero repair in sf,Broad,35.00,https://appliancepros.netlify.app/subzero/,Enabled,Enabled,Enabled,Core Brand Repair | Broad
SZ_Search_BayArea_ULTRA3000_Broad,Geo SanFrancisco Repair,subzero repair san francisco,Broad,39.00,https://appliancepros.netlify.app/subzero/,Enabled,Enabled,Enabled,Geo SanFrancisco Repair | Broad
SZ_Search_BayArea_ULTRA3000_Broad,Core Brand Repair,subzero repair sf,Broad,35.00,https://appliancepros.netlify.app/subzero/,Enabled,Enabled,Enabled,Core Brand Repair | Broad
SZ_Search_BayArea_ULTRA3000_Broad,Refrigerator Repair,urgent sub zero refrigerator repair,Broad,35.00,https://appliancepros.netlify.app/subzero/,Enabled,Enabled,Enabled,Refrigerator Repair | Broad
SZ_Search_BayArea_ULTRA3000_Broad,Not Working Issues,water dispenser not working on sub zero fridge,Broad,35.00,https://appliancepros.netlify.app/subzero/,Enabled,Enabled,Enabled,Not Working Issues | Broad
SZ_Search_BayArea_ULTRA3000_Broad,Core Brand Repair,water not coming out of sub zero refrigerator,Broad,35.00,https://appliancepros.netlify.app/subzero/,Enabled,Enabled,Enabled,Core Brand Repair | Broad
SZ_Search_BayArea_ULTRA3000_Broad,Core Near Me,who repairs sub zero near me,Broad,42.00,https://appliancepros.netlify.app/subzero/,Enabled,Enabled,Enabled,Core Near Me | Broad
SZ_Search_BayArea_ULTRA3000_Broad,Core Near Me,who services sub zero refrigerators near me,Broad,42.00,https://appliancepros.netlify.app/subzero/,Enabled,Enabled,Enabled,Core Near Me | Broad
SZ_Search_BayArea_ULTRA3000_Broad,Core Brand Repair,why did my sub zero refrigerator stop making ice,Broad,35.00,https://appliancepros.netlify.app/subzero/,Enabled,Enabled,Enabled,Core Brand Repair | Broad
SZ_Search_BayArea_ULTRA3000_Broad,Not Freezing Issues,why is my sub zero freezer not freezing,Broad,40.00,https://appliancepros.netlify.app/subzero/,Enabled,Enabled,Enabled,Not Freezing Issues | Broad
SZ_Search_BayArea_ULTRA3000_Broad,Core Brand Repair,why is my sub zero fridge freezing,Broad,35.00,https://appliancepros.netlify.app/subzero/,Enabled,Enabled,Enabled,Core Brand Repair | Broad
SZ_Search_BayArea_ULTRA3000_Broad,Water Leak Repair,why is my sub zero fridge leaking water,Broad,40.00,https://appliancepros.netlify.app/subzero/,Enabled,Enabled,Enabled,Water Leak Repair | Broad
SZ_Search_BayArea_ULTRA3000_Broad,Not Cooling Issues,why is my sub zero fridge not cooling,Broad,40.00,https://appliancepros.netlify.app/subzero/,Enabled,Enabled,Enabled,Not Cooling Issues | Broad
SZ_Search_BayArea_ULTRA3000_Broad,Core Brand Repair,why is my sub zero fridge not making ice,Broad,35.00,https://appliancepros.netlify.app/subzero/,Enabled,Enabled,Enabled,Core Brand Repair | Broad
SZ_Search_BayArea_ULTRA3000_Broad,Not Working Issues,why is my sub zero ice maker not working,Broad,35.00,https://appliancepros.netlify.app/subzero/,Enabled,Enabled,Enabled,Not Working Issues | Broad
SZ_Search_BayArea_ULTRA3000_Broad,Core Brand Repair,why is my sub zero not making ice,Broad,35.00,https://appliancepros.netlify.app/subzero/,Enabled,Enabled,Enabled,Core Brand Repair | Broad
SZ_Search_BayArea_ULTRA3000_Broad,Water Leak Repair,why is my sub zero refrigerator leaking water,Broad,40.00,https://appliancepros.netlify.app/subzero/,Enabled,Enabled,Enabled,Water Leak Repair | Broad
SZ_Search_BayArea_ULTRA3000_Broad,Not Cooling Issues,why is my sub zero refrigerator not cooling,Broad,40.00,https://appliancepros.netlify.app/subzero/,Enabled,Enabled,Enabled,Not Cooling Issues | Broad
SZ_Search_BayArea_ULTRA3000_Broad,Core Brand Repair,why is my sub zero refrigerator not getting cold,Broad,35.00,https://appliancepros.netlify.app/subzero/,Enabled,Enabled,Enabled,Core Brand Repair | Broad
SZ_Search_BayArea_ULTRA3000_Broad,Core Brand Repair,why is my sub zero refrigerator not making ice,Broad,35.00,https://appliancepros.netlify.app/subzero/,Enabled,Enabled,Enabled,Core Brand Repair | Broad
SZ_Search_BayArea_ULTRA3000_Broad,Core Brand Repair,why isn t my sub zero ice maker working,Broad,35.00,https://appliancepros.netlify.app/subzero/,Enabled,Enabled,Enabled,Core Brand Repair | Broad
SZ_Search_BayArea_ULTRA3000_Broad,Not Cooling Issues,why my sub zero refrigerator is not cooling,Broad,40.00,https://appliancepros.netlify.app/subzero/,Enabled,Enabled,Enabled,Not Cooling Issues | Broad
SZ_Search_BayArea_ULTRA3000_Broad,Not Cooling Issues,why sub zero refrigerator not cooling,Broad,40.00,https://appliancepros.netlify.app/subzero/,Enabled,Enabled,Enabled,Not Cooling Issues | Broad
SZ_Search_BayArea_ULTRA3000_Broad,Noise Fan Compressor,sub zero appliance compressor issue,Broad,35.00,https://appliancepros.netlify.app/subzero/,Enabled,Enabled,Enabled,Noise Fan Compressor | Broad
SZ_Search_BayArea_ULTRA3000_Broad,Geo Alameda Repair,sub zero appliance compressor issue in alameda,Broad,39.00,https://appliancepros.netlify.app/subzero/,Enabled,Enabled,Enabled,Geo Alameda Repair | Broad
SZ_Search_BayArea_ULTRA3000_Broad,Geo Berkeley Repair,sub zero appliance compressor issue in berkeley,Broad,39.00,https://appliancepros.netlify.app/subzero/,Enabled,Enabled,Enabled,Geo Berkeley Repair | Broad
SZ_Search_BayArea_ULTRA3000_Broad,Geo Cupertino Repair,sub zero appliance compressor issue in cupertino,Broad,39.00,https://appliancepros.netlify.app/subzero/,Enabled,Enabled,Enabled,Geo Cupertino Repair | Broad
SZ_Search_BayArea_ULTRA3000_Broad,Geo Fremont Repair,sub zero appliance compressor issue in fremont,Broad,39.00,https://appliancepros.netlify.app/subzero/,Enabled,Enabled,Enabled,Geo Fremont Repair | Broad
SZ_Search_BayArea_ULTRA3000_Broad,Geo Hayward Repair,sub zero appliance compressor issue in hayward,Broad,39.00,https://appliancepros.netlify.app/subzero/,Enabled,Enabled,Enabled,Geo Hayward Repair | Broad
SZ_Search_BayArea_ULTRA3000_Broad,Geo MountainView Repair,sub zero appliance compressor issue in mountain view,Broad,39.00,https://appliancepros.netlify.app/subzero/,Enabled,Enabled,Enabled,Geo MountainView Repair | Broad
SZ_Search_BayArea_ULTRA3000_Broad,Geo Oakland Repair,sub zero appliance compressor issue in oakland,Broad,39.00,https://appliancepros.netlify.app/subzero/,Enabled,Enabled,Enabled,Geo Oakland Repair | Broad
SZ_Search_BayArea_ULTRA3000_Broad,Geo PaloAlto Repair,sub zero appliance compressor issue in palo alto,Broad,39.00,https://appliancepros.netlify.app/subzero/,Enabled,Enabled,Enabled,Geo PaloAlto Repair | Broad
SZ_Search_BayArea_ULTRA3000_Broad,Geo Pleasanton Repair,sub zero appliance compressor issue in pleasanton,Broad,39.00,https://appliancepros.netlify.app/subzero/,Enabled,Enabled,Enabled,Geo Pleasanton Repair | Broad
SZ_Search_BayArea_ULTRA3000_Broad,Geo RedwoodCity Repair,sub zero appliance compressor issue in redwood city,Broad,39.00,https://appliancepros.netlify.app/subzero/,Enabled,Enabled,Enabled,Geo RedwoodCity Repair | Broad
SZ_Search_BayArea_ULTRA3000_Broad,Geo SanFrancisco Repair,sub zero appliance compressor issue in san francisco,Broad,39.00,https://appliancepros.netlify.app/subzero/,Enabled,Enabled,Enabled,Geo SanFrancisco Repair | Broad
SZ_Search_BayArea_ULTRA3000_Broad,Geo SanJose Repair,sub zero appliance compressor issue in san jose,Broad,39.00,https://appliancepros.netlify.app/subzero/,Enabled,Enabled,Enabled,Geo SanJose Repair | Broad
SZ_Search_BayArea_ULTRA3000_Broad,Geo SanLeandro Repair,sub zero appliance compressor issue in san leandro,Broad,39.00,https://appliancepros.netlify.app/subzero/,Enabled,Enabled,Enabled,Geo SanLeandro Repair | Broad
SZ_Search_BayArea_ULTRA3000_Broad,Geo SanMateo Repair,sub zero appliance compressor issue in san mateo,Broad,39.00,https://appliancepros.netlify.app/subzero/,Enabled,Enabled,Enabled,Geo SanMateo Repair | Broad
SZ_Search_BayArea_ULTRA3000_Broad,Geo SantaClara Repair,sub zero appliance compressor issue in santa clara,Broad,39.00,https://appliancepros.netlify.app/subzero/,Enabled,Enabled,Enabled,Geo SantaClara Repair | Broad
SZ_Search_BayArea_ULTRA3000_Broad,Geo Sunnyvale Repair,sub zero appliance compressor issue in sunnyvale,Broad,39.00,https://appliancepros.netlify.app/subzero/,Enabled,Enabled,Enabled,Geo Sunnyvale Repair | Broad
SZ_Search_BayArea_ULTRA3000_Broad,Geo UnionCity Repair,sub zero appliance compressor issue in union city,Broad,39.00,https://appliancepros.netlify.app/subzero/,Enabled,Enabled,Enabled,Geo UnionCity Repair | Broad
SZ_Search_BayArea_ULTRA3000_Broad,Geo WalnutCreek Repair,sub zero appliance compressor issue in walnut creek,Broad,39.00,https://appliancepros.netlify.app/subzero/,Enabled,Enabled,Enabled,Geo WalnutCreek Repair | Broad
SZ_Search_BayArea_ULTRA3000_Broad,Core Brand Repair,sub zero appliance diagnostic,Broad,35.00,https://appliancepros.netlify.app/subzero/,Enabled,Enabled,Enabled,Core Brand Repair | Broad
SZ_Search_BayArea_ULTRA3000_Broad,Core Emergency,sub zero appliance diagnostic 24 hour,Broad,46.00,https://appliancepros.netlify.app/subzero/,Enabled,Enabled,Enabled,Core Emergency | Broad
SZ_Search_BayArea_ULTRA3000_Broad,Core Brand Repair,sub zero appliance diagnostic affordable,Broad,35.00,https://appliancepros.netlify.app/subzero/,Enabled,Enabled,Enabled,Core Brand Repair | Broad
SZ_Search_BayArea_ULTRA3000_Broad,Core Brand Repair,sub zero appliance diagnostic bay area,Broad,35.00,https://appliancepros.netlify.app/subzero/,Enabled,Enabled,Enabled,Core Brand Repair | Broad
SZ_Search_BayArea_ULTRA3000_Broad,Core Brand Repair,sub zero appliance diagnostic best,Broad,35.00,https://appliancepros.netlify.app/subzero/,Enabled,Enabled,Enabled,Core Brand Repair | Broad
SZ_Search_BayArea_ULTRA3000_Broad,Core Emergency,sub zero appliance diagnostic emergency,Broad,46.00,https://appliancepros.netlify.app/subzero/,Enabled,Enabled,Enabled,Core Emergency | Broad
SZ_Search_BayArea_ULTRA3000_Broad,Core Brand Repair,sub zero appliance diagnostic fast,Broad,35.00,https://appliancepros.netlify.app/subzero/,Enabled,Enabled,Enabled,Core Brand Repair | Broad
SZ_Search_BayArea_ULTRA3000_Broad,Geo Alameda Repair,sub zero appliance diagnostic in alameda,Broad,39.00,https://appliancepros.netlify.app/subzero/,Enabled,Enabled,Enabled,Geo Alameda Repair | Broad
SZ_Search_BayArea_ULTRA3000_Broad,Geo Belmont Repair,sub zero appliance diagnostic in belmont,Broad,39.00,https://appliancepros.netlify.app/subzero/,Enabled,Enabled,Enabled,Geo Belmont Repair | Broad
SZ_Search_BayArea_ULTRA3000_Broad,Geo Berkeley Repair,sub zero appliance diagnostic in berkeley,Broad,39.00,https://appliancepros.netlify.app/subzero/,Enabled,Enabled,Enabled,Geo Berkeley Repair | Broad
SZ_Search_BayArea_ULTRA3000_Broad,Geo Burlingame Repair,sub zero appliance diagnostic in burlingame,Broad,39.00,https://appliancepros.netlify.app/subzero/,Enabled,Enabled,Enabled,Geo Burlingame Repair | Broad
SZ_Search_BayArea_ULTRA3000_Broad,Geo Campbell Repair,sub zero appliance diagnostic in campbell,Broad,39.00,https://appliancepros.netlify.app/subzero/,Enabled,Enabled,Enabled,Geo Campbell Repair | Broad
SZ_Search_BayArea_ULTRA3000_Broad,Geo CastroValley Repair,sub zero appliance diagnostic in castro valley,Broad,39.00,https://appliancepros.netlify.app/subzero/,Enabled,Enabled,Enabled,Geo CastroValley Repair | Broad
SZ_Search_BayArea_ULTRA3000_Broad,Geo Concord Repair,sub zero appliance diagnostic in concord,Broad,39.00,https://appliancepros.netlify.app/subzero/,Enabled,Enabled,Enabled,Geo Concord Repair | Broad
SZ_Search_BayArea_ULTRA3000_Broad,Geo Cupertino Repair,sub zero appliance diagnostic in cupertino,Broad,39.00,https://appliancepros.netlify.app/subzero/,Enabled,Enabled,Enabled,Geo Cupertino Repair | Broad
SZ_Search_BayArea_ULTRA3000_Broad,Geo DalyCity Repair,sub zero appliance diagnostic in daly city,Broad,39.00,https://appliancepros.netlify.app/subzero/,Enabled,Enabled,Enabled,Geo DalyCity Repair | Broad
SZ_Search_BayArea_ULTRA3000_Broad,Geo Emeryville Repair,sub zero appliance diagnostic in emeryville,Broad,39.00,https://appliancepros.netlify.app/subzero/,Enabled,Enabled,Enabled,Geo Emeryville Repair | Broad
SZ_Search_BayArea_ULTRA3000_Broad,Geo FosterCity Repair,sub zero appliance diagnostic in foster city,Broad,39.00,https://appliancepros.netlify.app/subzero/,Enabled,Enabled,Enabled,Geo FosterCity Repair | Broad
SZ_Search_BayArea_ULTRA3000_Broad,Geo Fremont Repair,sub zero appliance diagnostic in fremont,Broad,39.00,https://appliancepros.netlify.app/subzero/,Enabled,Enabled,Enabled,Geo Fremont Repair | Broad
SZ_Search_BayArea_ULTRA3000_Broad,Geo Hayward Repair,sub zero appliance diagnostic in hayward,Broad,39.00,https://appliancepros.netlify.app/subzero/,Enabled,Enabled,Enabled,Geo Hayward Repair | Broad
SZ_Search_BayArea_ULTRA3000_Broad,Geo Livermore Repair,sub zero appliance diagnostic in livermore,Broad,39.00,https://appliancepros.netlify.app/subzero/,Enabled,Enabled,Enabled,Geo Livermore Repair | Broad
SZ_Search_BayArea_ULTRA3000_Broad,Geo LosAltos Repair,sub zero appliance diagnostic in los altos,Broad,39.00,https://appliancepros.netlify.app/subzero/,Enabled,Enabled,Enabled,Geo LosAltos Repair | Broad
SZ_Search_BayArea_ULTRA3000_Broad,Geo LosGatos Repair,sub zero appliance diagnostic in los gatos,Broad,39.00,https://appliancepros.netlify.app/subzero/,Enabled,Enabled,Enabled,Geo LosGatos Repair | Broad
SZ_Search_BayArea_ULTRA3000_Broad,Geo MenloPark Repair,sub zero appliance diagnostic in menlo park,Broad,39.00,https://appliancepros.netlify.app/subzero/,Enabled,Enabled,Enabled,Geo MenloPark Repair | Broad
SZ_Search_BayArea_ULTRA3000_Broad,Geo Millbrae Repair,sub zero appliance diagnostic in millbrae,Broad,39.00,https://appliancepros.netlify.app/subzero/,Enabled,Enabled,Enabled,Geo Millbrae Repair | Broad
SZ_Search_BayArea_ULTRA3000_Broad,Geo Milpitas Repair,sub zero appliance diagnostic in milpitas,Broad,39.00,https://appliancepros.netlify.app/subzero/,Enabled,Enabled,Enabled,Geo Milpitas Repair | Broad
SZ_Search_BayArea_ULTRA3000_Broad,Geo MountainView Repair,sub zero appliance diagnostic in mountain view,Broad,39.00,https://appliancepros.netlify.app/subzero/,Enabled,Enabled,Enabled,Geo MountainView Repair | Broad
SZ_Search_BayArea_ULTRA3000_Broad,Geo Novato Repair,sub zero appliance diagnostic in novato,Broad,39.00,https://appliancepros.netlify.app/subzero/,Enabled,Enabled,Enabled,Geo Novato Repair | Broad
SZ_Search_BayArea_ULTRA3000_Broad,Geo Oakland Repair,sub zero appliance diagnostic in oakland,Broad,39.00,https://appliancepros.netlify.app/subzero/,Enabled,Enabled,Enabled,Geo Oakland Repair | Broad
SZ_Search_BayArea_ULTRA3000_Broad,Geo PaloAlto Repair,sub zero appliance diagnostic in palo alto,Broad,39.00,https://appliancepros.netlify.app/subzero/,Enabled,Enabled,Enabled,Geo PaloAlto Repair | Broad
SZ_Search_BayArea_ULTRA3000_Broad,Geo Pleasanton Repair,sub zero appliance diagnostic in pleasanton,Broad,39.00,https://appliancepros.netlify.app/subzero/,Enabled,Enabled,Enabled,Geo Pleasanton Repair | Broad
SZ_Search_BayArea_ULTRA3000_Broad,Geo RedwoodCity Repair,sub zero appliance diagnostic in redwood city,Broad,39.00,https://appliancepros.netlify.app/subzero/,Enabled,Enabled,Enabled,Geo RedwoodCity Repair | Broad
SZ_Search_BayArea_ULTRA3000_Broad,Geo Richmond Repair,sub zero appliance diagnostic in richmond,Broad,39.00,https://appliancepros.netlify.app/subzero/,Enabled,Enabled,Enabled,Geo Richmond Repair | Broad
SZ_Search_BayArea_ULTRA3000_Broad,Geo SanBruno Repair,sub zero appliance diagnostic in san bruno,Broad,39.00,https://appliancepros.netlify.app/subzero/,Enabled,Enabled,Enabled,Geo SanBruno Repair | Broad
SZ_Search_BayArea_ULTRA3000_Broad,Geo SanFrancisco Repair,sub zero appliance diagnostic in san francisco,Broad,39.00,https://appliancepros.netlify.app/subzero/,Enabled,Enabled,Enabled,Geo SanFrancisco Repair | Broad
SZ_Search_BayArea_ULTRA3000_Broad,Geo SanJose Repair,sub zero appliance diagnostic in san jose,Broad,39.00,https://appliancepros.netlify.app/subzero/,Enabled,Enabled,Enabled,Geo SanJose Repair | Broad
SZ_Search_BayArea_ULTRA3000_Broad,Geo SanLeandro Repair,sub zero appliance diagnostic in san leandro,Broad,39.00,https://appliancepros.netlify.app/subzero/,Enabled,Enabled,Enabled,Geo SanLeandro Repair | Broad
SZ_Search_BayArea_ULTRA3000_Broad,Geo SanMateo Repair,sub zero appliance diagnostic in san mateo,Broad,39.00,https://appliancepros.netlify.app/subzero/,Enabled,Enabled,Enabled,Geo SanMateo Repair | Broad
SZ_Search_BayArea_ULTRA3000_Broad,Geo SanRafael Repair,sub zero appliance diagnostic in san rafael,Broad,39.00,https://appliancepros.netlify.app/subzero/,Enabled,Enabled,Enabled,Geo SanRafael Repair | Broad
SZ_Search_BayArea_ULTRA3000_Broad,Geo SantaClara Repair,sub zero appliance diagnostic in santa clara,Broad,39.00,https://appliancepros.netlify.app/subzero/,Enabled,Enabled,Enabled,Geo SantaClara Repair | Broad
SZ_Search_BayArea_ULTRA3000_Broad,Geo Sunnyvale Repair,sub zero appliance diagnostic in sunnyvale,Broad,39.00,https://appliancepros.netlify.app/subzero/,Enabled,Enabled,Enabled,Geo Sunnyvale Repair | Broad
SZ_Search_BayArea_ULTRA3000_Broad,Geo UnionCity Repair,sub zero appliance diagnostic in union city,Broad,39.00,https://appliancepros.netlify.app/subzero/,Enabled,Enabled,Enabled,Geo UnionCity Repair | Broad
SZ_Search_BayArea_ULTRA3000_Broad,Geo WalnutCreek Repair,sub zero appliance diagnostic in walnut creek,Broad,39.00,https://appliancepros.netlify.app/subzero/,Enabled,Enabled,Enabled,Geo WalnutCreek Repair | Broad
SZ_Search_BayArea_ULTRA3000_Broad,Core Brand Repair,sub zero appliance diagnostic local,Broad,35.00,https://appliancepros.netlify.app/subzero/,Enabled,Enabled,Enabled,Core Brand Repair | Broad
SZ_Search_BayArea_ULTRA3000_Broad,Core Near Me,sub zero appliance diagnostic near me,Broad,42.00,https://appliancepros.netlify.app/subzero/,Enabled,Enabled,Enabled,Core Near Me | Broad
SZ_Search_BayArea_ULTRA3000_Broad,Core Emergency,sub zero appliance diagnostic same day,Broad,46.00,https://appliancepros.netlify.app/subzero/,Enabled,Enabled,Enabled,Core Emergency | Broad
SZ_Search_BayArea_ULTRA3000_Broad,Core Emergency,sub zero appliance diagnostic today,Broad,46.00,https://appliancepros.netlify.app/subzero/,Enabled,Enabled,Enabled,Core Emergency | Broad
SZ_Search_BayArea_ULTRA3000_Broad,Core Brand Repair,sub zero appliance diagnostic trusted,Broad,35.00,https://appliancepros.netlify.app/subzero/,Enabled,Enabled,Enabled,Core Brand Repair | Broad
SZ_Search_BayArea_ULTRA3000_Broad,Door Seal Repair,sub zero appliance door ajar beeping,Broad,35.00,https://appliancepros.netlify.app/subzero/,Enabled,Enabled,Enabled,Door Seal Repair | Broad
SZ_Search_BayArea_ULTRA3000_Broad,Geo Alameda Repair,sub zero appliance door ajar beeping in alameda,Broad,39.00,https://appliancepros.netlify.app/subzero/,Enabled,Enabled,Enabled,Geo Alameda Repair | Broad
SZ_Search_BayArea_ULTRA3000_Broad,Geo Berkeley Repair,sub zero appliance door ajar beeping in berkeley,Broad,39.00,https://appliancepros.netlify.app/subzero/,Enabled,Enabled,Enabled,Geo Berkeley Repair | Broad
SZ_Search_BayArea_ULTRA3000_Broad,Geo Cupertino Repair,sub zero appliance door ajar beeping in cupertino,Broad,39.00,https://appliancepros.netlify.app/subzero/,Enabled,Enabled,Enabled,Geo Cupertino Repair | Broad
SZ_Search_BayArea_ULTRA3000_Broad,Geo Fremont Repair,sub zero appliance door ajar beeping in fremont,Broad,39.00,https://appliancepros.netlify.app/subzero/,Enabled,Enabled,Enabled,Geo Fremont Repair | Broad
SZ_Search_BayArea_ULTRA3000_Broad,Geo Hayward Repair,sub zero appliance door ajar beeping in hayward,Broad,39.00,https://appliancepros.netlify.app/subzero/,Enabled,Enabled,Enabled,Geo Hayward Repair | Broad
SZ_Search_BayArea_ULTRA3000_Broad,Geo MountainView Repair,sub zero appliance door ajar beeping in mountain view,Broad,39.00,https://appliancepros.netlify.app/subzero/,Enabled,Enabled,Enabled,Geo MountainView Repair | Broad
SZ_Search_BayArea_ULTRA3000_Broad,Geo Oakland Repair,sub zero appliance door ajar beeping in oakland,Broad,39.00,https://appliancepros.netlify.app/subzero/,Enabled,Enabled,Enabled,Geo Oakland Repair | Broad
SZ_Search_BayArea_ULTRA3000_Broad,Geo PaloAlto Repair,sub zero appliance door ajar beeping in palo alto,Broad,39.00,https://appliancepros.netlify.app/subzero/,Enabled,Enabled,Enabled,Geo PaloAlto Repair | Broad
SZ_Search_BayArea_ULTRA3000_Broad,Geo Pleasanton Repair,sub zero appliance door ajar beeping in pleasanton,Broad,39.00,https://appliancepros.netlify.app/subzero/,Enabled,Enabled,Enabled,Geo Pleasanton Repair | Broad
SZ_Search_BayArea_ULTRA3000_Broad,Geo RedwoodCity Repair,sub zero appliance door ajar beeping in redwood city,Broad,39.00,https://appliancepros.netlify.app/subzero/,Enabled,Enabled,Enabled,Geo RedwoodCity Repair | Broad
SZ_Search_BayArea_ULTRA3000_Broad,Geo SanFrancisco Repair,sub zero appliance door ajar beeping in san francisco,Broad,39.00,https://appliancepros.netlify.app/subzero/,Enabled,Enabled,Enabled,Geo SanFrancisco Repair | Broad
SZ_Search_BayArea_ULTRA3000_Broad,Geo SanJose Repair,sub zero appliance door ajar beeping in san jose,Broad,39.00,https://appliancepros.netlify.app/subzero/,Enabled,Enabled,Enabled,Geo SanJose Repair | Broad
SZ_Search_BayArea_ULTRA3000_Broad,Geo SanLeandro Repair,sub zero appliance door ajar beeping in san leandro,Broad,39.00,https://appliancepros.netlify.app/subzero/,Enabled,Enabled,Enabled,Geo SanLeandro Repair | Broad
SZ_Search_BayArea_ULTRA3000_Broad,Geo SanMateo Repair,sub zero appliance door ajar beeping in san mateo,Broad,39.00,https://appliancepros.netlify.app/subzero/,Enabled,Enabled,Enabled,Geo SanMateo Repair | Broad
SZ_Search_BayArea_ULTRA3000_Broad,Geo SantaClara Repair,sub zero appliance door ajar beeping in santa clara,Broad,39.00,https://appliancepros.netlify.app/subzero/,Enabled,Enabled,Enabled,Geo SantaClara Repair | Broad
SZ_Search_BayArea_ULTRA3000_Broad,Geo Sunnyvale Repair,sub zero appliance door ajar beeping in sunnyvale,Broad,39.00,https://appliancepros.netlify.app/subzero/,Enabled,Enabled,Enabled,Geo Sunnyvale Repair | Broad
SZ_Search_BayArea_ULTRA3000_Broad,Geo UnionCity Repair,sub zero appliance door ajar beeping in union city,Broad,39.00,https://appliancepros.netlify.app/subzero/,Enabled,Enabled,Enabled,Geo UnionCity Repair | Broad
SZ_Search_BayArea_ULTRA3000_Broad,Geo WalnutCreek Repair,sub zero appliance door ajar beeping in walnut creek,Broad,39.00,https://appliancepros.netlify.app/subzero/,Enabled,Enabled,Enabled,Geo WalnutCreek Repair | Broad
SZ_Search_BayArea_ULTRA3000_Broad,Door Seal Repair,sub zero appliance door gasket issue,Broad,35.00,https://appliancepros.netlify.app/subzero/,Enabled,Enabled,Enabled,Door Seal Repair | Broad
SZ_Search_BayArea_ULTRA3000_Broad,Geo Alameda Repair,sub zero appliance door gasket issue in alameda,Broad,39.00,https://appliancepros.netlify.app/subzero/,Enabled,Enabled,Enabled,Geo Alameda Repair | Broad
SZ_Search_BayArea_ULTRA3000_Broad,Geo Berkeley Repair,sub zero appliance door gasket issue in berkeley,Broad,39.00,https://appliancepros.netlify.app/subzero/,Enabled,Enabled,Enabled,Geo Berkeley Repair | Broad
SZ_Search_BayArea_ULTRA3000_Broad,Geo Cupertino Repair,sub zero appliance door gasket issue in cupertino,Broad,39.00,https://appliancepros.netlify.app/subzero/,Enabled,Enabled,Enabled,Geo Cupertino Repair | Broad
SZ_Search_BayArea_ULTRA3000_Broad,Geo Fremont Repair,sub zero appliance door gasket issue in fremont,Broad,39.00,https://appliancepros.netlify.app/subzero/,Enabled,Enabled,Enabled,Geo Fremont Repair | Broad
SZ_Search_BayArea_ULTRA3000_Broad,Geo Hayward Repair,sub zero appliance door gasket issue in hayward,Broad,39.00,https://appliancepros.netlify.app/subzero/,Enabled,Enabled,Enabled,Geo Hayward Repair | Broad
SZ_Search_BayArea_ULTRA3000_Broad,Geo MountainView Repair,sub zero appliance door gasket issue in mountain view,Broad,39.00,https://appliancepros.netlify.app/subzero/,Enabled,Enabled,Enabled,Geo MountainView Repair | Broad
SZ_Search_BayArea_ULTRA3000_Broad,Geo Oakland Repair,sub zero appliance door gasket issue in oakland,Broad,39.00,https://appliancepros.netlify.app/subzero/,Enabled,Enabled,Enabled,Geo Oakland Repair | Broad
SZ_Search_BayArea_ULTRA3000_Broad,Geo PaloAlto Repair,sub zero appliance door gasket issue in palo alto,Broad,39.00,https://appliancepros.netlify.app/subzero/,Enabled,Enabled,Enabled,Geo PaloAlto Repair | Broad
SZ_Search_BayArea_ULTRA3000_Broad,Geo Pleasanton Repair,sub zero appliance door gasket issue in pleasanton,Broad,39.00,https://appliancepros.netlify.app/subzero/,Enabled,Enabled,Enabled,Geo Pleasanton Repair | Broad
SZ_Search_BayArea_ULTRA3000_Broad,Geo RedwoodCity Repair,sub zero appliance door gasket issue in redwood city,Broad,39.00,https://appliancepros.netlify.app/subzero/,Enabled,Enabled,Enabled,Geo RedwoodCity Repair | Broad
SZ_Search_BayArea_ULTRA3000_Broad,Geo SanFrancisco Repair,sub zero appliance door gasket issue in san francisco,Broad,39.00,https://appliancepros.netlify.app/subzero/,Enabled,Enabled,Enabled,Geo SanFrancisco Repair | Broad
SZ_Search_BayArea_ULTRA3000_Broad,Geo SanJose Repair,sub zero appliance door gasket issue in san jose,Broad,39.00,https://appliancepros.netlify.app/subzero/,Enabled,Enabled,Enabled,Geo SanJose Repair | Broad
SZ_Search_BayArea_ULTRA3000_Broad,Geo SanLeandro Repair,sub zero appliance door gasket issue in san leandro,Broad,39.00,https://appliancepros.netlify.app/subzero/,Enabled,Enabled,Enabled,Geo SanLeandro Repair | Broad
SZ_Search_BayArea_ULTRA3000_Broad,Geo SanMateo Repair,sub zero appliance door gasket issue in san mateo,Broad,39.00,https://appliancepros.netlify.app/subzero/,Enabled,Enabled,Enabled,Geo SanMateo Repair | Broad
SZ_Search_BayArea_ULTRA3000_Broad,Geo SantaClara Repair,sub zero appliance door gasket issue in santa clara,Broad,39.00,https://appliancepros.netlify.app/subzero/,Enabled,Enabled,Enabled,Geo SantaClara Repair | Broad
SZ_Search_BayArea_ULTRA3000_Broad,Geo Sunnyvale Repair,sub zero appliance door gasket issue in sunnyvale,Broad,39.00,https://appliancepros.netlify.app/subzero/,Enabled,Enabled,Enabled,Geo Sunnyvale Repair | Broad
SZ_Search_BayArea_ULTRA3000_Broad,Geo UnionCity Repair,sub zero appliance door gasket issue in union city,Broad,39.00,https://appliancepros.netlify.app/subzero/,Enabled,Enabled,Enabled,Geo UnionCity Repair | Broad
SZ_Search_BayArea_ULTRA3000_Broad,Geo WalnutCreek Repair,sub zero appliance door gasket issue in walnut creek,Broad,39.00,https://appliancepros.netlify.app/subzero/,Enabled,Enabled,Enabled,Geo WalnutCreek Repair | Broad
SZ_Search_BayArea_ULTRA3000_Broad,Door Seal Repair,sub zero appliance door seal issue,Broad,35.00,https://appliancepros.netlify.app/subzero/,Enabled,Enabled,Enabled,Door Seal Repair | Broad
SZ_Search_BayArea_ULTRA3000_Broad,Geo Alameda Repair,sub zero appliance door seal issue in alameda,Broad,39.00,https://appliancepros.netlify.app/subzero/,Enabled,Enabled,Enabled,Geo Alameda Repair | Broad
SZ_Search_BayArea_ULTRA3000_Broad,Geo Berkeley Repair,sub zero appliance door seal issue in berkeley,Broad,39.00,https://appliancepros.netlify.app/subzero/,Enabled,Enabled,Enabled,Geo Berkeley Repair | Broad
SZ_Search_BayArea_ULTRA3000_Broad,Geo Cupertino Repair,sub zero appliance door seal issue in cupertino,Broad,39.00,https://appliancepros.netlify.app/subzero/,Enabled,Enabled,Enabled,Geo Cupertino Repair | Broad
SZ_Search_BayArea_ULTRA3000_Broad,Geo Fremont Repair,sub zero appliance door seal issue in fremont,Broad,39.00,https://appliancepros.netlify.app/subzero/,Enabled,Enabled,Enabled,Geo Fremont Repair | Broad
SZ_Search_BayArea_ULTRA3000_Broad,Geo Hayward Repair,sub zero appliance door seal issue in hayward,Broad,39.00,https://appliancepros.netlify.app/subzero/,Enabled,Enabled,Enabled,Geo Hayward Repair | Broad
SZ_Search_BayArea_ULTRA3000_Broad,Geo MountainView Repair,sub zero appliance door seal issue in mountain view,Broad,39.00,https://appliancepros.netlify.app/subzero/,Enabled,Enabled,Enabled,Geo MountainView Repair | Broad
SZ_Search_BayArea_ULTRA3000_Broad,Geo Oakland Repair,sub zero appliance door seal issue in oakland,Broad,39.00,https://appliancepros.netlify.app/subzero/,Enabled,Enabled,Enabled,Geo Oakland Repair | Broad
SZ_Search_BayArea_ULTRA3000_Broad,Geo PaloAlto Repair,sub zero appliance door seal issue in palo alto,Broad,39.00,https://appliancepros.netlify.app/subzero/,Enabled,Enabled,Enabled,Geo PaloAlto Repair | Broad
SZ_Search_BayArea_ULTRA3000_Broad,Geo Pleasanton Repair,sub zero appliance door seal issue in pleasanton,Broad,39.00,https://appliancepros.netlify.app/subzero/,Enabled,Enabled,Enabled,Geo Pleasanton Repair | Broad
SZ_Search_BayArea_ULTRA3000_Broad,Geo RedwoodCity Repair,sub zero appliance door seal issue in redwood city,Broad,39.00,https://appliancepros.netlify.app/subzero/,Enabled,Enabled,Enabled,Geo RedwoodCity Repair | Broad
SZ_Search_BayArea_ULTRA3000_Broad,Geo SanFrancisco Repair,sub zero appliance door seal issue in san francisco,Broad,39.00,https://appliancepros.netlify.app/subzero/,Enabled,Enabled,Enabled,Geo SanFrancisco Repair | Broad
SZ_Search_BayArea_ULTRA3000_Broad,Geo SanJose Repair,sub zero appliance door seal issue in san jose,Broad,39.00,https://appliancepros.netlify.app/subzero/,Enabled,Enabled,Enabled,Geo SanJose Repair | Broad
SZ_Search_BayArea_ULTRA3000_Broad,Geo SanLeandro Repair,sub zero appliance door seal issue in san leandro,Broad,39.00,https://appliancepros.netlify.app/subzero/,Enabled,Enabled,Enabled,Geo SanLeandro Repair | Broad
SZ_Search_BayArea_ULTRA3000_Broad,Geo SanMateo Repair,sub zero appliance door seal issue in san mateo,Broad,39.00,https://appliancepros.netlify.app/subzero/,Enabled,Enabled,Enabled,Geo SanMateo Repair | Broad
SZ_Search_BayArea_ULTRA3000_Broad,Geo SantaClara Repair,sub zero appliance door seal issue in santa clara,Broad,39.00,https://appliancepros.netlify.app/subzero/,Enabled,Enabled,Enabled,Geo SantaClara Repair | Broad
SZ_Search_BayArea_ULTRA3000_Broad,Geo Sunnyvale Repair,sub zero appliance door seal issue in sunnyvale,Broad,39.00,https://appliancepros.netlify.app/subzero/,Enabled,Enabled,Enabled,Geo Sunnyvale Repair | Broad
SZ_Search_BayArea_ULTRA3000_Broad,Geo UnionCity Repair,sub zero appliance door seal issue in union city,Broad,39.00,https://appliancepros.netlify.app/subzero/,Enabled,Enabled,Enabled,Geo UnionCity Repair | Broad
SZ_Search_BayArea_ULTRA3000_Broad,Geo WalnutCreek Repair,sub zero appliance door seal issue in walnut creek,Broad,39.00,https://appliancepros.netlify.app/subzero/,Enabled,Enabled,Enabled,Geo WalnutCreek Repair | Broad
SZ_Search_BayArea_ULTRA3000_Broad,Not Working Issues,sub zero appliance fan not working,Broad,35.00,https://appliancepros.netlify.app/subzero/,Enabled,Enabled,Enabled,Not Working Issues | Broad
SZ_Search_BayArea_ULTRA3000_Broad,Geo Alameda Repair,sub zero appliance fan not working in alameda,Broad,39.00,https://appliancepros.netlify.app/subzero/,Enabled,Enabled,Enabled,Geo Alameda Repair | Broad
SZ_Search_BayArea_ULTRA3000_Broad,Geo Berkeley Repair,sub zero appliance fan not working in berkeley,Broad,39.00,https://appliancepros.netlify.app/subzero/,Enabled,Enabled,Enabled,Geo Berkeley Repair | Broad
SZ_Search_BayArea_ULTRA3000_Broad,Geo Cupertino Repair,sub zero appliance fan not working in cupertino,Broad,39.00,https://appliancepros.netlify.app/subzero/,Enabled,Enabled,Enabled,Geo Cupertino Repair | Broad
SZ_Search_BayArea_ULTRA3000_Broad,Geo Fremont Repair,sub zero appliance fan not working in fremont,Broad,39.00,https://appliancepros.netlify.app/subzero/,Enabled,Enabled,Enabled,Geo Fremont Repair | Broad
SZ_Search_BayArea_ULTRA3000_Broad,Geo Hayward Repair,sub zero appliance fan not working in hayward,Broad,39.00,https://appliancepros.netlify.app/subzero/,Enabled,Enabled,Enabled,Geo Hayward Repair | Broad
SZ_Search_BayArea_ULTRA3000_Broad,Geo MountainView Repair,sub zero appliance fan not working in mountain view,Broad,39.00,https://appliancepros.netlify.app/subzero/,Enabled,Enabled,Enabled,Geo MountainView Repair | Broad
SZ_Search_BayArea_ULTRA3000_Broad,Geo Oakland Repair,sub zero appliance fan not working in oakland,Broad,39.00,https://appliancepros.netlify.app/subzero/,Enabled,Enabled,Enabled,Geo Oakland Repair | Broad
SZ_Search_BayArea_ULTRA3000_Broad,Geo PaloAlto Repair,sub zero appliance fan not working in palo alto,Broad,39.00,https://appliancepros.netlify.app/subzero/,Enabled,Enabled,Enabled,Geo PaloAlto Repair | Broad
SZ_Search_BayArea_ULTRA3000_Broad,Geo Pleasanton Repair,sub zero appliance fan not working in pleasanton,Broad,39.00,https://appliancepros.netlify.app/subzero/,Enabled,Enabled,Enabled,Geo Pleasanton Repair | Broad
SZ_Search_BayArea_ULTRA3000_Broad,Geo RedwoodCity Repair,sub zero appliance fan not working in redwood city,Broad,39.00,https://appliancepros.netlify.app/subzero/,Enabled,Enabled,Enabled,Geo RedwoodCity Repair | Broad
SZ_Search_BayArea_ULTRA3000_Broad,Geo SanFrancisco Repair,sub zero appliance fan not working in san francisco,Broad,39.00,https://appliancepros.netlify.app/subzero/,Enabled,Enabled,Enabled,Geo SanFrancisco Repair | Broad
SZ_Search_BayArea_ULTRA3000_Broad,Geo SanJose Repair,sub zero appliance fan not working in san jose,Broad,39.00,https://appliancepros.netlify.app/subzero/,Enabled,Enabled,Enabled,Geo SanJose Repair | Broad
SZ_Search_BayArea_ULTRA3000_Broad,Geo SanLeandro Repair,sub zero appliance fan not working in san leandro,Broad,39.00,https://appliancepros.netlify.app/subzero/,Enabled,Enabled,Enabled,Geo SanLeandro Repair | Broad
SZ_Search_BayArea_ULTRA3000_Broad,Geo SanMateo Repair,sub zero appliance fan not working in san mateo,Broad,39.00,https://appliancepros.netlify.app/subzero/,Enabled,Enabled,Enabled,Geo SanMateo Repair | Broad
SZ_Search_BayArea_ULTRA3000_Broad,Geo SantaClara Repair,sub zero appliance fan not working in santa clara,Broad,39.00,https://appliancepros.netlify.app/subzero/,Enabled,Enabled,Enabled,Geo SantaClara Repair | Broad
SZ_Search_BayArea_ULTRA3000_Broad,Geo Sunnyvale Repair,sub zero appliance fan not working in sunnyvale,Broad,39.00,https://appliancepros.netlify.app/subzero/,Enabled,Enabled,Enabled,Geo Sunnyvale Repair | Broad
SZ_Search_BayArea_ULTRA3000_Broad,Geo UnionCity Repair,sub zero appliance fan not working in union city,Broad,39.00,https://appliancepros.netlify.app/subzero/,Enabled,Enabled,Enabled,Geo UnionCity Repair | Broad
SZ_Search_BayArea_ULTRA3000_Broad,Geo WalnutCreek Repair,sub zero appliance fan not working in walnut creek,Broad,39.00,https://appliancepros.netlify.app/subzero/,Enabled,Enabled,Enabled,Geo WalnutCreek Repair | Broad
SZ_Search_BayArea_ULTRA3000_Broad,Core Brand Repair,sub zero appliance fix,Broad,35.00,https://appliancepros.netlify.app/subzero/,Enabled,Enabled,Enabled,Core Brand Repair | Broad
SZ_Search_BayArea_ULTRA3000_Broad,Core Emergency,sub zero appliance fix 24 hour,Broad,46.00,https://appliancepros.netlify.app/subzero/,Enabled,Enabled,Enabled,Core Emergency | Broad
SZ_Search_BayArea_ULTRA3000_Broad,Core Brand Repair,sub zero appliance fix affordable,Broad,35.00,https://appliancepros.netlify.app/subzero/,Enabled,Enabled,Enabled,Core Brand Repair | Broad
SZ_Search_BayArea_ULTRA3000_Broad,Core Brand Repair,sub zero appliance fix bay area,Broad,35.00,https://appliancepros.netlify.app/subzero/,Enabled,Enabled,Enabled,Core Brand Repair | Broad
SZ_Search_BayArea_ULTRA3000_Broad,Core Brand Repair,sub zero appliance fix best,Broad,35.00,https://appliancepros.netlify.app/subzero/,Enabled,Enabled,Enabled,Core Brand Repair | Broad
SZ_Search_BayArea_ULTRA3000_Broad,Core Emergency,sub zero appliance fix emergency,Broad,46.00,https://appliancepros.netlify.app/subzero/,Enabled,Enabled,Enabled,Core Emergency | Broad
SZ_Search_BayArea_ULTRA3000_Broad,Core Brand Repair,sub zero appliance fix fast,Broad,35.00,https://appliancepros.netlify.app/subzero/,Enabled,Enabled,Enabled,Core Brand Repair | Broad
SZ_Search_BayArea_ULTRA3000_Broad,Geo Alameda Repair,sub zero appliance fix in alameda,Broad,39.00,https://appliancepros.netlify.app/subzero/,Enabled,Enabled,Enabled,Geo Alameda Repair | Broad
SZ_Search_BayArea_ULTRA3000_Broad,Geo Belmont Repair,sub zero appliance fix in belmont,Broad,39.00,https://appliancepros.netlify.app/subzero/,Enabled,Enabled,Enabled,Geo Belmont Repair | Broad
SZ_Search_BayArea_ULTRA3000_Broad,Geo Berkeley Repair,sub zero appliance fix in berkeley,Broad,39.00,https://appliancepros.netlify.app/subzero/,Enabled,Enabled,Enabled,Geo Berkeley Repair | Broad
SZ_Search_BayArea_ULTRA3000_Broad,Geo Burlingame Repair,sub zero appliance fix in burlingame,Broad,39.00,https://appliancepros.netlify.app/subzero/,Enabled,Enabled,Enabled,Geo Burlingame Repair | Broad
SZ_Search_BayArea_ULTRA3000_Broad,Geo Campbell Repair,sub zero appliance fix in campbell,Broad,39.00,https://appliancepros.netlify.app/subzero/,Enabled,Enabled,Enabled,Geo Campbell Repair | Broad
SZ_Search_BayArea_ULTRA3000_Broad,Geo CastroValley Repair,sub zero appliance fix in castro valley,Broad,39.00,https://appliancepros.netlify.app/subzero/,Enabled,Enabled,Enabled,Geo CastroValley Repair | Broad
SZ_Search_BayArea_ULTRA3000_Broad,Geo Concord Repair,sub zero appliance fix in concord,Broad,39.00,https://appliancepros.netlify.app/subzero/,Enabled,Enabled,Enabled,Geo Concord Repair | Broad
SZ_Search_BayArea_ULTRA3000_Broad,Geo Cupertino Repair,sub zero appliance fix in cupertino,Broad,39.00,https://appliancepros.netlify.app/subzero/,Enabled,Enabled,Enabled,Geo Cupertino Repair | Broad
SZ_Search_BayArea_ULTRA3000_Broad,Geo DalyCity Repair,sub zero appliance fix in daly city,Broad,39.00,https://appliancepros.netlify.app/subzero/,Enabled,Enabled,Enabled,Geo DalyCity Repair | Broad
SZ_Search_BayArea_ULTRA3000_Broad,Geo Emeryville Repair,sub zero appliance fix in emeryville,Broad,39.00,https://appliancepros.netlify.app/subzero/,Enabled,Enabled,Enabled,Geo Emeryville Repair | Broad
SZ_Search_BayArea_ULTRA3000_Broad,Geo FosterCity Repair,sub zero appliance fix in foster city,Broad,39.00,https://appliancepros.netlify.app/subzero/,Enabled,Enabled,Enabled,Geo FosterCity Repair | Broad
SZ_Search_BayArea_ULTRA3000_Broad,Geo Fremont Repair,sub zero appliance fix in fremont,Broad,39.00,https://appliancepros.netlify.app/subzero/,Enabled,Enabled,Enabled,Geo Fremont Repair | Broad
SZ_Search_BayArea_ULTRA3000_Broad,Geo Hayward Repair,sub zero appliance fix in hayward,Broad,39.00,https://appliancepros.netlify.app/subzero/,Enabled,Enabled,Enabled,Geo Hayward Repair | Broad
SZ_Search_BayArea_ULTRA3000_Broad,Geo Livermore Repair,sub zero appliance fix in livermore,Broad,39.00,https://appliancepros.netlify.app/subzero/,Enabled,Enabled,Enabled,Geo Livermore Repair | Broad
SZ_Search_BayArea_ULTRA3000_Broad,Geo LosAltos Repair,sub zero appliance fix in los altos,Broad,39.00,https://appliancepros.netlify.app/subzero/,Enabled,Enabled,Enabled,Geo LosAltos Repair | Broad
SZ_Search_BayArea_ULTRA3000_Broad,Geo LosGatos Repair,sub zero appliance fix in los gatos,Broad,39.00,https://appliancepros.netlify.app/subzero/,Enabled,Enabled,Enabled,Geo LosGatos Repair | Broad
SZ_Search_BayArea_ULTRA3000_Broad,Geo MenloPark Repair,sub zero appliance fix in menlo park,Broad,39.00,https://appliancepros.netlify.app/subzero/,Enabled,Enabled,Enabled,Geo MenloPark Repair | Broad
SZ_Search_BayArea_ULTRA3000_Broad,Geo Millbrae Repair,sub zero appliance fix in millbrae,Broad,39.00,https://appliancepros.netlify.app/subzero/,Enabled,Enabled,Enabled,Geo Millbrae Repair | Broad
SZ_Search_BayArea_ULTRA3000_Broad,Geo Milpitas Repair,sub zero appliance fix in milpitas,Broad,39.00,https://appliancepros.netlify.app/subzero/,Enabled,Enabled,Enabled,Geo Milpitas Repair | Broad
SZ_Search_BayArea_ULTRA3000_Broad,Geo MountainView Repair,sub zero appliance fix in mountain view,Broad,39.00,https://appliancepros.netlify.app/subzero/,Enabled,Enabled,Enabled,Geo MountainView Repair | Broad
SZ_Search_BayArea_ULTRA3000_Broad,Geo Novato Repair,sub zero appliance fix in novato,Broad,39.00,https://appliancepros.netlify.app/subzero/,Enabled,Enabled,Enabled,Geo Novato Repair | Broad
SZ_Search_BayArea_ULTRA3000_Broad,Geo Oakland Repair,sub zero appliance fix in oakland,Broad,39.00,https://appliancepros.netlify.app/subzero/,Enabled,Enabled,Enabled,Geo Oakland Repair | Broad
SZ_Search_BayArea_ULTRA3000_Broad,Geo PaloAlto Repair,sub zero appliance fix in palo alto,Broad,39.00,https://appliancepros.netlify.app/subzero/,Enabled,Enabled,Enabled,Geo PaloAlto Repair | Broad
SZ_Search_BayArea_ULTRA3000_Broad,Geo Pleasanton Repair,sub zero appliance fix in pleasanton,Broad,39.00,https://appliancepros.netlify.app/subzero/,Enabled,Enabled,Enabled,Geo Pleasanton Repair | Broad
SZ_Search_BayArea_ULTRA3000_Broad,Geo RedwoodCity Repair,sub zero appliance fix in redwood city,Broad,39.00,https://appliancepros.netlify.app/subzero/,Enabled,Enabled,Enabled,Geo RedwoodCity Repair | Broad
SZ_Search_BayArea_ULTRA3000_Broad,Geo Richmond Repair,sub zero appliance fix in richmond,Broad,39.00,https://appliancepros.netlify.app/subzero/,Enabled,Enabled,Enabled,Geo Richmond Repair | Broad
SZ_Search_BayArea_ULTRA3000_Broad,Geo SanBruno Repair,sub zero appliance fix in san bruno,Broad,39.00,https://appliancepros.netlify.app/subzero/,Enabled,Enabled,Enabled,Geo SanBruno Repair | Broad
SZ_Search_BayArea_ULTRA3000_Broad,Geo SanFrancisco Repair,sub zero appliance fix in san francisco,Broad,39.00,https://appliancepros.netlify.app/subzero/,Enabled,Enabled,Enabled,Geo SanFrancisco Repair | Broad
SZ_Search_BayArea_ULTRA3000_Broad,Geo SanJose Repair,sub zero appliance fix in san jose,Broad,39.00,https://appliancepros.netlify.app/subzero/,Enabled,Enabled,Enabled,Geo SanJose Repair | Broad
SZ_Search_BayArea_ULTRA3000_Broad,Geo SanLeandro Repair,sub zero appliance fix in san leandro,Broad,39.00,https://appliancepros.netlify.app/subzero/,Enabled,Enabled,Enabled,Geo SanLeandro Repair | Broad
SZ_Search_BayArea_ULTRA3000_Broad,Geo SanMateo Repair,sub zero appliance fix in san mateo,Broad,39.00,https://appliancepros.netlify.app/subzero/,Enabled,Enabled,Enabled,Geo SanMateo Repair | Broad
SZ_Search_BayArea_ULTRA3000_Broad,Geo SanRafael Repair,sub zero appliance fix in san rafael,Broad,39.00,https://appliancepros.netlify.app/subzero/,Enabled,Enabled,Enabled,Geo SanRafael Repair | Broad
SZ_Search_BayArea_ULTRA3000_Broad,Geo SantaClara Repair,sub zero appliance fix in santa clara,Broad,39.00,https://appliancepros.netlify.app/subzero/,Enabled,Enabled,Enabled,Geo SantaClara Repair | Broad
SZ_Search_BayArea_ULTRA3000_Broad,Geo Sunnyvale Repair,sub zero appliance fix in sunnyvale,Broad,39.00,https://appliancepros.netlify.app/subzero/,Enabled,Enabled,Enabled,Geo Sunnyvale Repair | Broad
SZ_Search_BayArea_ULTRA3000_Broad,Geo UnionCity Repair,sub zero appliance fix in union city,Broad,39.00,https://appliancepros.netlify.app/subzero/,Enabled,Enabled,Enabled,Geo UnionCity Repair | Broad
SZ_Search_BayArea_ULTRA3000_Broad,Geo WalnutCreek Repair,sub zero appliance fix in walnut creek,Broad,39.00,https://appliancepros.netlify.app/subzero/,Enabled,Enabled,Enabled,Geo WalnutCreek Repair | Broad
SZ_Search_BayArea_ULTRA3000_Broad,Core Brand Repair,sub zero appliance fix local,Broad,35.00,https://appliancepros.netlify.app/subzero/,Enabled,Enabled,Enabled,Core Brand Repair | Broad
SZ_Search_BayArea_ULTRA3000_Broad,Core Near Me,sub zero appliance fix near me,Broad,42.00,https://appliancepros.netlify.app/subzero/,Enabled,Enabled,Enabled,Core Near Me | Broad
SZ_Search_BayArea_ULTRA3000_Broad,Core Emergency,sub zero appliance fix same day,Broad,46.00,https://appliancepros.netlify.app/subzero/,Enabled,Enabled,Enabled,Core Emergency | Broad
SZ_Search_BayArea_ULTRA3000_Broad,Core Emergency,sub zero appliance fix today,Broad,46.00,https://appliancepros.netlify.app/subzero/,Enabled,Enabled,Enabled,Core Emergency | Broad
SZ_Search_BayArea_ULTRA3000_Broad,Core Brand Repair,sub zero appliance fix trusted,Broad,35.00,https://appliancepros.netlify.app/subzero/,Enabled,Enabled,Enabled,Core Brand Repair | Broad
SZ_Search_BayArea_ULTRA3000_Broad,Not Cooling Issues,sub zero appliance freezer cold fridge warm,Broad,40.00,https://appliancepros.netlify.app/subzero/,Enabled,Enabled,Enabled,Not Cooling Issues | Broad
SZ_Search_BayArea_ULTRA3000_Broad,Geo Alameda Repair,sub zero appliance freezer cold fridge warm in alameda,Broad,39.00,https://appliancepros.netlify.app/subzero/,Enabled,Enabled,Enabled,Geo Alameda Repair | Broad
SZ_Search_BayArea_ULTRA3000_Broad,Geo Berkeley Repair,sub zero appliance freezer cold fridge warm in berkeley,Broad,39.00,https://appliancepros.netlify.app/subzero/,Enabled,Enabled,Enabled,Geo Berkeley Repair | Broad
SZ_Search_BayArea_ULTRA3000_Broad,Geo Cupertino Repair,sub zero appliance freezer cold fridge warm in cupertino,Broad,39.00,https://appliancepros.netlify.app/subzero/,Enabled,Enabled,Enabled,Geo Cupertino Repair | Broad
SZ_Search_BayArea_ULTRA3000_Broad,Geo Fremont Repair,sub zero appliance freezer cold fridge warm in fremont,Broad,39.00,https://appliancepros.netlify.app/subzero/,Enabled,Enabled,Enabled,Geo Fremont Repair | Broad
SZ_Search_BayArea_ULTRA3000_Broad,Geo Hayward Repair,sub zero appliance freezer cold fridge warm in hayward,Broad,39.00,https://appliancepros.netlify.app/subzero/,Enabled,Enabled,Enabled,Geo Hayward Repair | Broad
SZ_Search_BayArea_ULTRA3000_Broad,Geo MountainView Repair,sub zero appliance freezer cold fridge warm in mountain view,Broad,39.00,https://appliancepros.netlify.app/subzero/,Enabled,Enabled,Enabled,Geo MountainView Repair | Broad
SZ_Search_BayArea_ULTRA3000_Broad,Geo Oakland Repair,sub zero appliance freezer cold fridge warm in oakland,Broad,39.00,https://appliancepros.netlify.app/subzero/,Enabled,Enabled,Enabled,Geo Oakland Repair | Broad
SZ_Search_BayArea_ULTRA3000_Broad,Geo PaloAlto Repair,sub zero appliance freezer cold fridge warm in palo alto,Broad,39.00,https://appliancepros.netlify.app/subzero/,Enabled,Enabled,Enabled,Geo PaloAlto Repair | Broad
SZ_Search_BayArea_ULTRA3000_Broad,Geo Pleasanton Repair,sub zero appliance freezer cold fridge warm in pleasanton,Broad,39.00,https://appliancepros.netlify.app/subzero/,Enabled,Enabled,Enabled,Geo Pleasanton Repair | Broad
SZ_Search_BayArea_ULTRA3000_Broad,Geo RedwoodCity Repair,sub zero appliance freezer cold fridge warm in redwood city,Broad,39.00,https://appliancepros.netlify.app/subzero/,Enabled,Enabled,Enabled,Geo RedwoodCity Repair | Broad
SZ_Search_BayArea_ULTRA3000_Broad,Geo SanFrancisco Repair,sub zero appliance freezer cold fridge warm in san francisco,Broad,39.00,https://appliancepros.netlify.app/subzero/,Enabled,Enabled,Enabled,Geo SanFrancisco Repair | Broad
SZ_Search_BayArea_ULTRA3000_Broad,Geo SanJose Repair,sub zero appliance freezer cold fridge warm in san jose,Broad,39.00,https://appliancepros.netlify.app/subzero/,Enabled,Enabled,Enabled,Geo SanJose Repair | Broad
SZ_Search_BayArea_ULTRA3000_Broad,Geo SanLeandro Repair,sub zero appliance freezer cold fridge warm in san leandro,Broad,39.00,https://appliancepros.netlify.app/subzero/,Enabled,Enabled,Enabled,Geo SanLeandro Repair | Broad
SZ_Search_BayArea_ULTRA3000_Broad,Geo SanMateo Repair,sub zero appliance freezer cold fridge warm in san mateo,Broad,39.00,https://appliancepros.netlify.app/subzero/,Enabled,Enabled,Enabled,Geo SanMateo Repair | Broad
SZ_Search_BayArea_ULTRA3000_Broad,Geo SantaClara Repair,sub zero appliance freezer cold fridge warm in santa clara,Broad,39.00,https://appliancepros.netlify.app/subzero/,Enabled,Enabled,Enabled,Geo SantaClara Repair | Broad
SZ_Search_BayArea_ULTRA3000_Broad,Geo Sunnyvale Repair,sub zero appliance freezer cold fridge warm in sunnyvale,Broad,39.00,https://appliancepros.netlify.app/subzero/,Enabled,Enabled,Enabled,Geo Sunnyvale Repair | Broad
SZ_Search_BayArea_ULTRA3000_Broad,Geo UnionCity Repair,sub zero appliance freezer cold fridge warm in union city,Broad,39.00,https://appliancepros.netlify.app/subzero/,Enabled,Enabled,Enabled,Geo UnionCity Repair | Broad
SZ_Search_BayArea_ULTRA3000_Broad,Geo WalnutCreek Repair,sub zero appliance freezer cold fridge warm in walnut creek,Broad,39.00,https://appliancepros.netlify.app/subzero/,Enabled,Enabled,Enabled,Geo WalnutCreek Repair | Broad
SZ_Search_BayArea_ULTRA3000_Broad,Core Brand Repair,sub zero appliance fridge warm freezer cold,Broad,35.00,https://appliancepros.netlify.app/subzero/,Enabled,Enabled,Enabled,Core Brand Repair | Broad
SZ_Search_BayArea_ULTRA3000_Broad,Geo Alameda Repair,sub zero appliance fridge warm freezer cold in alameda,Broad,39.00,https://appliancepros.netlify.app/subzero/,Enabled,Enabled,Enabled,Geo Alameda Repair | Broad
SZ_Search_BayArea_ULTRA3000_Broad,Geo Berkeley Repair,sub zero appliance fridge warm freezer cold in berkeley,Broad,39.00,https://appliancepros.netlify.app/subzero/,Enabled,Enabled,Enabled,Geo Berkeley Repair | Broad
SZ_Search_BayArea_ULTRA3000_Broad,Geo Cupertino Repair,sub zero appliance fridge warm freezer cold in cupertino,Broad,39.00,https://appliancepros.netlify.app/subzero/,Enabled,Enabled,Enabled,Geo Cupertino Repair | Broad
SZ_Search_BayArea_ULTRA3000_Broad,Geo Fremont Repair,sub zero appliance fridge warm freezer cold in fremont,Broad,39.00,https://appliancepros.netlify.app/subzero/,Enabled,Enabled,Enabled,Geo Fremont Repair | Broad
SZ_Search_BayArea_ULTRA3000_Broad,Geo Hayward Repair,sub zero appliance fridge warm freezer cold in hayward,Broad,39.00,https://appliancepros.netlify.app/subzero/,Enabled,Enabled,Enabled,Geo Hayward Repair | Broad
SZ_Search_BayArea_ULTRA3000_Broad,Geo MountainView Repair,sub zero appliance fridge warm freezer cold in mountain view,Broad,39.00,https://appliancepros.netlify.app/subzero/,Enabled,Enabled,Enabled,Geo MountainView Repair | Broad
SZ_Search_BayArea_ULTRA3000_Broad,Geo Oakland Repair,sub zero appliance fridge warm freezer cold in oakland,Broad,39.00,https://appliancepros.netlify.app/subzero/,Enabled,Enabled,Enabled,Geo Oakland Repair | Broad
SZ_Search_BayArea_ULTRA3000_Broad,Geo PaloAlto Repair,sub zero appliance fridge warm freezer cold in palo alto,Broad,39.00,https://appliancepros.netlify.app/subzero/,Enabled,Enabled,Enabled,Geo PaloAlto Repair | Broad
SZ_Search_BayArea_ULTRA3000_Broad,Geo Pleasanton Repair,sub zero appliance fridge warm freezer cold in pleasanton,Broad,39.00,https://appliancepros.netlify.app/subzero/,Enabled,Enabled,Enabled,Geo Pleasanton Repair | Broad
SZ_Search_BayArea_ULTRA3000_Broad,Geo RedwoodCity Repair,sub zero appliance fridge warm freezer cold in redwood city,Broad,39.00,https://appliancepros.netlify.app/subzero/,Enabled,Enabled,Enabled,Geo RedwoodCity Repair | Broad
SZ_Search_BayArea_ULTRA3000_Broad,Geo SanFrancisco Repair,sub zero appliance fridge warm freezer cold in san francisco,Broad,39.00,https://appliancepros.netlify.app/subzero/,Enabled,Enabled,Enabled,Geo SanFrancisco Repair | Broad
SZ_Search_BayArea_ULTRA3000_Broad,Geo SanJose Repair,sub zero appliance fridge warm freezer cold in san jose,Broad,39.00,https://appliancepros.netlify.app/subzero/,Enabled,Enabled,Enabled,Geo SanJose Repair | Broad
SZ_Search_BayArea_ULTRA3000_Broad,Geo SanLeandro Repair,sub zero appliance fridge warm freezer cold in san leandro,Broad,39.00,https://appliancepros.netlify.app/subzero/,Enabled,Enabled,Enabled,Geo SanLeandro Repair | Broad
SZ_Search_BayArea_ULTRA3000_Broad,Geo SanMateo Repair,sub zero appliance fridge warm freezer cold in san mateo,Broad,39.00,https://appliancepros.netlify.app/subzero/,Enabled,Enabled,Enabled,Geo SanMateo Repair | Broad
SZ_Search_BayArea_ULTRA3000_Broad,Geo SantaClara Repair,sub zero appliance fridge warm freezer cold in santa clara,Broad,39.00,https://appliancepros.netlify.app/subzero/,Enabled,Enabled,Enabled,Geo SantaClara Repair | Broad
SZ_Search_BayArea_ULTRA3000_Broad,Geo Sunnyvale Repair,sub zero appliance fridge warm freezer cold in sunnyvale,Broad,39.00,https://appliancepros.netlify.app/subzero/,Enabled,Enabled,Enabled,Geo Sunnyvale Repair | Broad
SZ_Search_BayArea_ULTRA3000_Broad,Geo UnionCity Repair,sub zero appliance fridge warm freezer cold in union city,Broad,39.00,https://appliancepros.netlify.app/subzero/,Enabled,Enabled,Enabled,Geo UnionCity Repair | Broad
SZ_Search_BayArea_ULTRA3000_Broad,Geo WalnutCreek Repair,sub zero appliance fridge warm freezer cold in walnut creek,Broad,39.00,https://appliancepros.netlify.app/subzero/,Enabled,Enabled,Enabled,Geo WalnutCreek Repair | Broad
SZ_Search_BayArea_ULTRA3000_Broad,Core Brand Service,sub zero appliance help,Broad,33.00,https://appliancepros.netlify.app/subzero/,Enabled,Enabled,Enabled,Core Brand Service | Broad
SZ_Search_BayArea_ULTRA3000_Broad,Core Emergency,sub zero appliance help 24 hour,Broad,46.00,https://appliancepros.netlify.app/subzero/,Enabled,Enabled,Enabled,Core Emergency | Broad
SZ_Search_BayArea_ULTRA3000_Broad,Core Brand Service,sub zero appliance help affordable,Broad,33.00,https://appliancepros.netlify.app/subzero/,Enabled,Enabled,Enabled,Core Brand Service | Broad
SZ_Search_BayArea_ULTRA3000_Broad,Core Brand Service,sub zero appliance help bay area,Broad,33.00,https://appliancepros.netlify.app/subzero/,Enabled,Enabled,Enabled,Core Brand Service | Broad
SZ_Search_BayArea_ULTRA3000_Broad,Core Brand Service,sub zero appliance help best,Broad,33.00,https://appliancepros.netlify.app/subzero/,Enabled,Enabled,Enabled,Core Brand Service | Broad
SZ_Search_BayArea_ULTRA3000_Broad,Core Emergency,sub zero appliance help emergency,Broad,46.00,https://appliancepros.netlify.app/subzero/,Enabled,Enabled,Enabled,Core Emergency | Broad
SZ_Search_BayArea_ULTRA3000_Broad,Core Brand Service,sub zero appliance help fast,Broad,33.00,https://appliancepros.netlify.app/subzero/,Enabled,Enabled,Enabled,Core Brand Service | Broad
SZ_Search_BayArea_ULTRA3000_Broad,Geo Alameda Repair,sub zero appliance help in alameda,Broad,39.00,https://appliancepros.netlify.app/subzero/,Enabled,Enabled,Enabled,Geo Alameda Repair | Broad
SZ_Search_BayArea_ULTRA3000_Broad,Geo Belmont Repair,sub zero appliance help in belmont,Broad,39.00,https://appliancepros.netlify.app/subzero/,Enabled,Enabled,Enabled,Geo Belmont Repair | Broad
SZ_Search_BayArea_ULTRA3000_Broad,Geo Berkeley Repair,sub zero appliance help in berkeley,Broad,39.00,https://appliancepros.netlify.app/subzero/,Enabled,Enabled,Enabled,Geo Berkeley Repair | Broad
SZ_Search_BayArea_ULTRA3000_Broad,Geo Burlingame Repair,sub zero appliance help in burlingame,Broad,39.00,https://appliancepros.netlify.app/subzero/,Enabled,Enabled,Enabled,Geo Burlingame Repair | Broad
SZ_Search_BayArea_ULTRA3000_Broad,Geo Campbell Repair,sub zero appliance help in campbell,Broad,39.00,https://appliancepros.netlify.app/subzero/,Enabled,Enabled,Enabled,Geo Campbell Repair | Broad
SZ_Search_BayArea_ULTRA3000_Broad,Geo CastroValley Repair,sub zero appliance help in castro valley,Broad,39.00,https://appliancepros.netlify.app/subzero/,Enabled,Enabled,Enabled,Geo CastroValley Repair | Broad
SZ_Search_BayArea_ULTRA3000_Broad,Geo Concord Repair,sub zero appliance help in concord,Broad,39.00,https://appliancepros.netlify.app/subzero/,Enabled,Enabled,Enabled,Geo Concord Repair | Broad
SZ_Search_BayArea_ULTRA3000_Broad,Geo Cupertino Repair,sub zero appliance help in cupertino,Broad,39.00,https://appliancepros.netlify.app/subzero/,Enabled,Enabled,Enabled,Geo Cupertino Repair | Broad
SZ_Search_BayArea_ULTRA3000_Broad,Geo DalyCity Repair,sub zero appliance help in daly city,Broad,39.00,https://appliancepros.netlify.app/subzero/,Enabled,Enabled,Enabled,Geo DalyCity Repair | Broad
SZ_Search_BayArea_ULTRA3000_Broad,Geo Emeryville Repair,sub zero appliance help in emeryville,Broad,39.00,https://appliancepros.netlify.app/subzero/,Enabled,Enabled,Enabled,Geo Emeryville Repair | Broad
SZ_Search_BayArea_ULTRA3000_Broad,Geo FosterCity Repair,sub zero appliance help in foster city,Broad,39.00,https://appliancepros.netlify.app/subzero/,Enabled,Enabled,Enabled,Geo FosterCity Repair | Broad
SZ_Search_BayArea_ULTRA3000_Broad,Geo Fremont Repair,sub zero appliance help in fremont,Broad,39.00,https://appliancepros.netlify.app/subzero/,Enabled,Enabled,Enabled,Geo Fremont Repair | Broad
SZ_Search_BayArea_ULTRA3000_Broad,Geo Hayward Repair,sub zero appliance help in hayward,Broad,39.00,https://appliancepros.netlify.app/subzero/,Enabled,Enabled,Enabled,Geo Hayward Repair | Broad
SZ_Search_BayArea_ULTRA3000_Broad,Geo Livermore Repair,sub zero appliance help in livermore,Broad,39.00,https://appliancepros.netlify.app/subzero/,Enabled,Enabled,Enabled,Geo Livermore Repair | Broad
SZ_Search_BayArea_ULTRA3000_Broad,Geo LosAltos Repair,sub zero appliance help in los altos,Broad,39.00,https://appliancepros.netlify.app/subzero/,Enabled,Enabled,Enabled,Geo LosAltos Repair | Broad
SZ_Search_BayArea_ULTRA3000_Broad,Geo LosGatos Repair,sub zero appliance help in los gatos,Broad,39.00,https://appliancepros.netlify.app/subzero/,Enabled,Enabled,Enabled,Geo LosGatos Repair | Broad
SZ_Search_BayArea_ULTRA3000_Broad,Geo MenloPark Repair,sub zero appliance help in menlo park,Broad,39.00,https://appliancepros.netlify.app/subzero/,Enabled,Enabled,Enabled,Geo MenloPark Repair | Broad
SZ_Search_BayArea_ULTRA3000_Broad,Geo Millbrae Repair,sub zero appliance help in millbrae,Broad,39.00,https://appliancepros.netlify.app/subzero/,Enabled,Enabled,Enabled,Geo Millbrae Repair | Broad
SZ_Search_BayArea_ULTRA3000_Broad,Geo Milpitas Repair,sub zero appliance help in milpitas,Broad,39.00,https://appliancepros.netlify.app/subzero/,Enabled,Enabled,Enabled,Geo Milpitas Repair | Broad
SZ_Search_BayArea_ULTRA3000_Broad,Geo MountainView Repair,sub zero appliance help in mountain view,Broad,39.00,https://appliancepros.netlify.app/subzero/,Enabled,Enabled,Enabled,Geo MountainView Repair | Broad
SZ_Search_BayArea_ULTRA3000_Broad,Geo Novato Repair,sub zero appliance help in novato,Broad,39.00,https://appliancepros.netlify.app/subzero/,Enabled,Enabled,Enabled,Geo Novato Repair | Broad
SZ_Search_BayArea_ULTRA3000_Broad,Geo Oakland Repair,sub zero appliance help in oakland,Broad,39.00,https://appliancepros.netlify.app/subzero/,Enabled,Enabled,Enabled,Geo Oakland Repair | Broad
SZ_Search_BayArea_ULTRA3000_Broad,Geo PaloAlto Repair,sub zero appliance help in palo alto,Broad,39.00,https://appliancepros.netlify.app/subzero/,Enabled,Enabled,Enabled,Geo PaloAlto Repair | Broad
SZ_Search_BayArea_ULTRA3000_Broad,Geo Pleasanton Repair,sub zero appliance help in pleasanton,Broad,39.00,https://appliancepros.netlify.app/subzero/,Enabled,Enabled,Enabled,Geo Pleasanton Repair | Broad
SZ_Search_BayArea_ULTRA3000_Broad,Geo RedwoodCity Repair,sub zero appliance help in redwood city,Broad,39.00,https://appliancepros.netlify.app/subzero/,Enabled,Enabled,Enabled,Geo RedwoodCity Repair | Broad
SZ_Search_BayArea_ULTRA3000_Broad,Geo Richmond Repair,sub zero appliance help in richmond,Broad,39.00,https://appliancepros.netlify.app/subzero/,Enabled,Enabled,Enabled,Geo Richmond Repair | Broad
SZ_Search_BayArea_ULTRA3000_Broad,Geo SanBruno Repair,sub zero appliance help in san bruno,Broad,39.00,https://appliancepros.netlify.app/subzero/,Enabled,Enabled,Enabled,Geo SanBruno Repair | Broad
SZ_Search_BayArea_ULTRA3000_Broad,Geo SanFrancisco Repair,sub zero appliance help in san francisco,Broad,39.00,https://appliancepros.netlify.app/subzero/,Enabled,Enabled,Enabled,Geo SanFrancisco Repair | Broad
SZ_Search_BayArea_ULTRA3000_Broad,Geo SanJose Repair,sub zero appliance help in san jose,Broad,39.00,https://appliancepros.netlify.app/subzero/,Enabled,Enabled,Enabled,Geo SanJose Repair | Broad
SZ_Search_BayArea_ULTRA3000_Broad,Geo SanLeandro Repair,sub zero appliance help in san leandro,Broad,39.00,https://appliancepros.netlify.app/subzero/,Enabled,Enabled,Enabled,Geo SanLeandro Repair | Broad
SZ_Search_BayArea_ULTRA3000_Broad,Geo SanMateo Repair,sub zero appliance help in san mateo,Broad,39.00,https://appliancepros.netlify.app/subzero/,Enabled,Enabled,Enabled,Geo SanMateo Repair | Broad
SZ_Search_BayArea_ULTRA3000_Broad,Geo SanRafael Repair,sub zero appliance help in san rafael,Broad,39.00,https://appliancepros.netlify.app/subzero/,Enabled,Enabled,Enabled,Geo SanRafael Repair | Broad
SZ_Search_BayArea_ULTRA3000_Broad,Geo SantaClara Repair,sub zero appliance help in santa clara,Broad,39.00,https://appliancepros.netlify.app/subzero/,Enabled,Enabled,Enabled,Geo SantaClara Repair | Broad
SZ_Search_BayArea_ULTRA3000_Broad,Geo Sunnyvale Repair,sub zero appliance help in sunnyvale,Broad,39.00,https://appliancepros.netlify.app/subzero/,Enabled,Enabled,Enabled,Geo Sunnyvale Repair | Broad
SZ_Search_BayArea_ULTRA3000_Broad,Geo UnionCity Repair,sub zero appliance help in union city,Broad,39.00,https://appliancepros.netlify.app/subzero/,Enabled,Enabled,Enabled,Geo UnionCity Repair | Broad
SZ_Search_BayArea_ULTRA3000_Broad,Geo WalnutCreek Repair,sub zero appliance help in walnut creek,Broad,39.00,https://appliancepros.netlify.app/subzero/,Enabled,Enabled,Enabled,Geo WalnutCreek Repair | Broad
SZ_Search_BayArea_ULTRA3000_Broad,Core Brand Service,sub zero appliance help local,Broad,33.00,https://appliancepros.netlify.app/subzero/,Enabled,Enabled,Enabled,Core Brand Service | Broad
SZ_Search_BayArea_ULTRA3000_Broad,Core Near Me,sub zero appliance help near me,Broad,42.00,https://appliancepros.netlify.app/subzero/,Enabled,Enabled,Enabled,Core Near Me | Broad
SZ_Search_BayArea_ULTRA3000_Broad,Core Emergency,sub zero appliance help same day,Broad,46.00,https://appliancepros.netlify.app/subzero/,Enabled,Enabled,Enabled,Core Emergency | Broad
SZ_Search_BayArea_ULTRA3000_Broad,Core Emergency,sub zero appliance help today,Broad,46.00,https://appliancepros.netlify.app/subzero/,Enabled,Enabled,Enabled,Core Emergency | Broad
SZ_Search_BayArea_ULTRA3000_Broad,Core Brand Service,sub zero appliance help trusted,Broad,33.00,https://appliancepros.netlify.app/subzero/,Enabled,Enabled,Enabled,Core Brand Service | Broad
SZ_Search_BayArea_ULTRA3000_Broad,Core Brand Repair,sub zero appliance ice maker not making ice,Broad,35.00,https://appliancepros.netlify.app/subzero/,Enabled,Enabled,Enabled,Core Brand Repair | Broad
SZ_Search_BayArea_ULTRA3000_Broad,Geo Alameda Repair,sub zero appliance ice maker not making ice in alameda,Broad,39.00,https://appliancepros.netlify.app/subzero/,Enabled,Enabled,Enabled,Geo Alameda Repair | Broad
SZ_Search_BayArea_ULTRA3000_Broad,Geo Berkeley Repair,sub zero appliance ice maker not making ice in berkeley,Broad,39.00,https://appliancepros.netlify.app/subzero/,Enabled,Enabled,Enabled,Geo Berkeley Repair | Broad
SZ_Search_BayArea_ULTRA3000_Broad,Geo Cupertino Repair,sub zero appliance ice maker not making ice in cupertino,Broad,39.00,https://appliancepros.netlify.app/subzero/,Enabled,Enabled,Enabled,Geo Cupertino Repair | Broad
SZ_Search_BayArea_ULTRA3000_Broad,Geo Fremont Repair,sub zero appliance ice maker not making ice in fremont,Broad,39.00,https://appliancepros.netlify.app/subzero/,Enabled,Enabled,Enabled,Geo Fremont Repair | Broad
SZ_Search_BayArea_ULTRA3000_Broad,Geo Hayward Repair,sub zero appliance ice maker not making ice in hayward,Broad,39.00,https://appliancepros.netlify.app/subzero/,Enabled,Enabled,Enabled,Geo Hayward Repair | Broad
SZ_Search_BayArea_ULTRA3000_Broad,Geo MountainView Repair,sub zero appliance ice maker not making ice in mountain view,Broad,39.00,https://appliancepros.netlify.app/subzero/,Enabled,Enabled,Enabled,Geo MountainView Repair | Broad
SZ_Search_BayArea_ULTRA3000_Broad,Geo Oakland Repair,sub zero appliance ice maker not making ice in oakland,Broad,39.00,https://appliancepros.netlify.app/subzero/,Enabled,Enabled,Enabled,Geo Oakland Repair | Broad
SZ_Search_BayArea_ULTRA3000_Broad,Geo PaloAlto Repair,sub zero appliance ice maker not making ice in palo alto,Broad,39.00,https://appliancepros.netlify.app/subzero/,Enabled,Enabled,Enabled,Geo PaloAlto Repair | Broad
SZ_Search_BayArea_ULTRA3000_Broad,Geo Pleasanton Repair,sub zero appliance ice maker not making ice in pleasanton,Broad,39.00,https://appliancepros.netlify.app/subzero/,Enabled,Enabled,Enabled,Geo Pleasanton Repair | Broad
SZ_Search_BayArea_ULTRA3000_Broad,Geo RedwoodCity Repair,sub zero appliance ice maker not making ice in redwood city,Broad,39.00,https://appliancepros.netlify.app/subzero/,Enabled,Enabled,Enabled,Geo RedwoodCity Repair | Broad
SZ_Search_BayArea_ULTRA3000_Broad,Geo SanFrancisco Repair,sub zero appliance ice maker not making ice in san francisco,Broad,39.00,https://appliancepros.netlify.app/subzero/,Enabled,Enabled,Enabled,Geo SanFrancisco Repair | Broad
SZ_Search_BayArea_ULTRA3000_Broad,Geo SanJose Repair,sub zero appliance ice maker not making ice in san jose,Broad,39.00,https://appliancepros.netlify.app/subzero/,Enabled,Enabled,Enabled,Geo SanJose Repair | Broad
SZ_Search_BayArea_ULTRA3000_Broad,Geo SanLeandro Repair,sub zero appliance ice maker not making ice in san leandro,Broad,39.00,https://appliancepros.netlify.app/subzero/,Enabled,Enabled,Enabled,Geo SanLeandro Repair | Broad
SZ_Search_BayArea_ULTRA3000_Broad,Geo SanMateo Repair,sub zero appliance ice maker not making ice in san mateo,Broad,39.00,https://appliancepros.netlify.app/subzero/,Enabled,Enabled,Enabled,Geo SanMateo Repair | Broad
SZ_Search_BayArea_ULTRA3000_Broad,Geo SantaClara Repair,sub zero appliance ice maker not making ice in santa clara,Broad,39.00,https://appliancepros.netlify.app/subzero/,Enabled,Enabled,Enabled,Geo SantaClara Repair | Broad
SZ_Search_BayArea_ULTRA3000_Broad,Geo Sunnyvale Repair,sub zero appliance ice maker not making ice in sunnyvale,Broad,39.00,https://appliancepros.netlify.app/subzero/,Enabled,Enabled,Enabled,Geo Sunnyvale Repair | Broad
SZ_Search_BayArea_ULTRA3000_Broad,Geo UnionCity Repair,sub zero appliance ice maker not making ice in union city,Broad,39.00,https://appliancepros.netlify.app/subzero/,Enabled,Enabled,Enabled,Geo UnionCity Repair | Broad
SZ_Search_BayArea_ULTRA3000_Broad,Geo WalnutCreek Repair,sub zero appliance ice maker not making ice in walnut creek,Broad,39.00,https://appliancepros.netlify.app/subzero/,Enabled,Enabled,Enabled,Geo WalnutCreek Repair | Broad
SZ_Search_BayArea_ULTRA3000_Broad,Not Working Issues,sub zero appliance ice maker not working,Broad,35.00,https://appliancepros.netlify.app/subzero/,Enabled,Enabled,Enabled,Not Working Issues | Broad
SZ_Search_BayArea_ULTRA3000_Broad,Geo Alameda Repair,sub zero appliance ice maker not working in alameda,Broad,39.00,https://appliancepros.netlify.app/subzero/,Enabled,Enabled,Enabled,Geo Alameda Repair | Broad
SZ_Search_BayArea_ULTRA3000_Broad,Geo Berkeley Repair,sub zero appliance ice maker not working in berkeley,Broad,39.00,https://appliancepros.netlify.app/subzero/,Enabled,Enabled,Enabled,Geo Berkeley Repair | Broad
SZ_Search_BayArea_ULTRA3000_Broad,Geo Cupertino Repair,sub zero appliance ice maker not working in cupertino,Broad,39.00,https://appliancepros.netlify.app/subzero/,Enabled,Enabled,Enabled,Geo Cupertino Repair | Broad
SZ_Search_BayArea_ULTRA3000_Broad,Geo Fremont Repair,sub zero appliance ice maker not working in fremont,Broad,39.00,https://appliancepros.netlify.app/subzero/,Enabled,Enabled,Enabled,Geo Fremont Repair | Broad
SZ_Search_BayArea_ULTRA3000_Broad,Geo Hayward Repair,sub zero appliance ice maker not working in hayward,Broad,39.00,https://appliancepros.netlify.app/subzero/,Enabled,Enabled,Enabled,Geo Hayward Repair | Broad
SZ_Search_BayArea_ULTRA3000_Broad,Geo MountainView Repair,sub zero appliance ice maker not working in mountain view,Broad,39.00,https://appliancepros.netlify.app/subzero/,Enabled,Enabled,Enabled,Geo MountainView Repair | Broad
SZ_Search_BayArea_ULTRA3000_Broad,Geo Oakland Repair,sub zero appliance ice maker not working in oakland,Broad,39.00,https://appliancepros.netlify.app/subzero/,Enabled,Enabled,Enabled,Geo Oakland Repair | Broad
SZ_Search_BayArea_ULTRA3000_Broad,Geo PaloAlto Repair,sub zero appliance ice maker not working in palo alto,Broad,39.00,https://appliancepros.netlify.app/subzero/,Enabled,Enabled,Enabled,Geo PaloAlto Repair | Broad
SZ_Search_BayArea_ULTRA3000_Broad,Geo Pleasanton Repair,sub zero appliance ice maker not working in pleasanton,Broad,39.00,https://appliancepros.netlify.app/subzero/,Enabled,Enabled,Enabled,Geo Pleasanton Repair | Broad
SZ_Search_BayArea_ULTRA3000_Broad,Geo RedwoodCity Repair,sub zero appliance ice maker not working in redwood city,Broad,39.00,https://appliancepros.netlify.app/subzero/,Enabled,Enabled,Enabled,Geo RedwoodCity Repair | Broad
SZ_Search_BayArea_ULTRA3000_Broad,Geo SanFrancisco Repair,sub zero appliance ice maker not working in san francisco,Broad,39.00,https://appliancepros.netlify.app/subzero/,Enabled,Enabled,Enabled,Geo SanFrancisco Repair | Broad
SZ_Search_BayArea_ULTRA3000_Broad,Geo SanJose Repair,sub zero appliance ice maker not working in san jose,Broad,39.00,https://appliancepros.netlify.app/subzero/,Enabled,Enabled,Enabled,Geo SanJose Repair | Broad
SZ_Search_BayArea_ULTRA3000_Broad,Geo SanLeandro Repair,sub zero appliance ice maker not working in san leandro,Broad,39.00,https://appliancepros.netlify.app/subzero/,Enabled,Enabled,Enabled,Geo SanLeandro Repair | Broad
SZ_Search_BayArea_ULTRA3000_Broad,Geo SanMateo Repair,sub zero appliance ice maker not working in san mateo,Broad,39.00,https://appliancepros.netlify.app/subzero/,Enabled,Enabled,Enabled,Geo SanMateo Repair | Broad
SZ_Search_BayArea_ULTRA3000_Broad,Geo SantaClara Repair,sub zero appliance ice maker not working in santa clara,Broad,39.00,https://appliancepros.netlify.app/subzero/,Enabled,Enabled,Enabled,Geo SantaClara Repair | Broad
SZ_Search_BayArea_ULTRA3000_Broad,Geo Sunnyvale Repair,sub zero appliance ice maker not working in sunnyvale,Broad,39.00,https://appliancepros.netlify.app/subzero/,Enabled,Enabled,Enabled,Geo Sunnyvale Repair | Broad
SZ_Search_BayArea_ULTRA3000_Broad,Geo UnionCity Repair,sub zero appliance ice maker not working in union city,Broad,39.00,https://appliancepros.netlify.app/subzero/,Enabled,Enabled,Enabled,Geo UnionCity Repair | Broad
SZ_Search_BayArea_ULTRA3000_Broad,Geo WalnutCreek Repair,sub zero appliance ice maker not working in walnut creek,Broad,39.00,https://appliancepros.netlify.app/subzero/,Enabled,Enabled,Enabled,Geo WalnutCreek Repair | Broad
SZ_Search_BayArea_ULTRA3000_Broad,Water Leak Repair,sub zero appliance leaking water,Broad,40.00,https://appliancepros.netlify.app/subzero/,Enabled,Enabled,Enabled,Water Leak Repair | Broad
SZ_Search_BayArea_ULTRA3000_Broad,Geo Alameda Repair,sub zero appliance leaking water in alameda,Broad,39.00,https://appliancepros.netlify.app/subzero/,Enabled,Enabled,Enabled,Geo Alameda Repair | Broad
SZ_Search_BayArea_ULTRA3000_Broad,Geo Berkeley Repair,sub zero appliance leaking water in berkeley,Broad,39.00,https://appliancepros.netlify.app/subzero/,Enabled,Enabled,Enabled,Geo Berkeley Repair | Broad
SZ_Search_BayArea_ULTRA3000_Broad,Geo Cupertino Repair,sub zero appliance leaking water in cupertino,Broad,39.00,https://appliancepros.netlify.app/subzero/,Enabled,Enabled,Enabled,Geo Cupertino Repair | Broad
SZ_Search_BayArea_ULTRA3000_Broad,Geo Fremont Repair,sub zero appliance leaking water in fremont,Broad,39.00,https://appliancepros.netlify.app/subzero/,Enabled,Enabled,Enabled,Geo Fremont Repair | Broad
SZ_Search_BayArea_ULTRA3000_Broad,Geo Hayward Repair,sub zero appliance leaking water in hayward,Broad,39.00,https://appliancepros.netlify.app/subzero/,Enabled,Enabled,Enabled,Geo Hayward Repair | Broad
SZ_Search_BayArea_ULTRA3000_Broad,Geo MountainView Repair,sub zero appliance leaking water in mountain view,Broad,39.00,https://appliancepros.netlify.app/subzero/,Enabled,Enabled,Enabled,Geo MountainView Repair | Broad
SZ_Search_BayArea_ULTRA3000_Broad,Geo Oakland Repair,sub zero appliance leaking water in oakland,Broad,39.00,https://appliancepros.netlify.app/subzero/,Enabled,Enabled,Enabled,Geo Oakland Repair | Broad
SZ_Search_BayArea_ULTRA3000_Broad,Geo PaloAlto Repair,sub zero appliance leaking water in palo alto,Broad,39.00,https://appliancepros.netlify.app/subzero/,Enabled,Enabled,Enabled,Geo PaloAlto Repair | Broad
SZ_Search_BayArea_ULTRA3000_Broad,Geo Pleasanton Repair,sub zero appliance leaking water in pleasanton,Broad,39.00,https://appliancepros.netlify.app/subzero/,Enabled,Enabled,Enabled,Geo Pleasanton Repair | Broad
SZ_Search_BayArea_ULTRA3000_Broad,Geo RedwoodCity Repair,sub zero appliance leaking water in redwood city,Broad,39.00,https://appliancepros.netlify.app/subzero/,Enabled,Enabled,Enabled,Geo RedwoodCity Repair | Broad
SZ_Search_BayArea_ULTRA3000_Broad,Geo SanFrancisco Repair,sub zero appliance leaking water in san francisco,Broad,39.00,https://appliancepros.netlify.app/subzero/,Enabled,Enabled,Enabled,Geo SanFrancisco Repair | Broad
SZ_Search_BayArea_ULTRA3000_Broad,Geo SanJose Repair,sub zero appliance leaking water in san jose,Broad,39.00,https://appliancepros.netlify.app/subzero/,Enabled,Enabled,Enabled,Geo SanJose Repair | Broad
SZ_Search_BayArea_ULTRA3000_Broad,Geo SanLeandro Repair,sub zero appliance leaking water in san leandro,Broad,39.00,https://appliancepros.netlify.app/subzero/,Enabled,Enabled,Enabled,Geo SanLeandro Repair | Broad
SZ_Search_BayArea_ULTRA3000_Broad,Geo SanMateo Repair,sub zero appliance leaking water in san mateo,Broad,39.00,https://appliancepros.netlify.app/subzero/,Enabled,Enabled,Enabled,Geo SanMateo Repair | Broad
SZ_Search_BayArea_ULTRA3000_Broad,Geo SantaClara Repair,sub zero appliance leaking water in santa clara,Broad,39.00,https://appliancepros.netlify.app/subzero/,Enabled,Enabled,Enabled,Geo SantaClara Repair | Broad
SZ_Search_BayArea_ULTRA3000_Broad,Geo Sunnyvale Repair,sub zero appliance leaking water in sunnyvale,Broad,39.00,https://appliancepros.netlify.app/subzero/,Enabled,Enabled,Enabled,Geo Sunnyvale Repair | Broad
SZ_Search_BayArea_ULTRA3000_Broad,Geo UnionCity Repair,sub zero appliance leaking water in union city,Broad,39.00,https://appliancepros.netlify.app/subzero/,Enabled,Enabled,Enabled,Geo UnionCity Repair | Broad
SZ_Search_BayArea_ULTRA3000_Broad,Geo WalnutCreek Repair,sub zero appliance leaking water in walnut creek,Broad,39.00,https://appliancepros.netlify.app/subzero/,Enabled,Enabled,Enabled,Geo WalnutCreek Repair | Broad
SZ_Search_BayArea_ULTRA3000_Broad,Core Maintenance,sub zero appliance maintanance,Broad,33.00,https://appliancepros.netlify.app/subzero/,Enabled,Enabled,Enabled,Core Maintenance | Broad
SZ_Search_BayArea_ULTRA3000_Broad,Core Emergency,sub zero appliance maintanance 24 hour,Broad,46.00,https://appliancepros.netlify.app/subzero/,Enabled,Enabled,Enabled,Core Emergency | Broad
SZ_Search_BayArea_ULTRA3000_Broad,Core Maintenance,sub zero appliance maintanance affordable,Broad,33.00,https://appliancepros.netlify.app/subzero/,Enabled,Enabled,Enabled,Core Maintenance | Broad
SZ_Search_BayArea_ULTRA3000_Broad,Core Maintenance,sub zero appliance maintanance bay area,Broad,33.00,https://appliancepros.netlify.app/subzero/,Enabled,Enabled,Enabled,Core Maintenance | Broad
SZ_Search_BayArea_ULTRA3000_Broad,Core Maintenance,sub zero appliance maintanance best,Broad,33.00,https://appliancepros.netlify.app/subzero/,Enabled,Enabled,Enabled,Core Maintenance | Broad
SZ_Search_BayArea_ULTRA3000_Broad,Core Emergency,sub zero appliance maintanance emergency,Broad,46.00,https://appliancepros.netlify.app/subzero/,Enabled,Enabled,Enabled,Core Emergency | Broad
SZ_Search_BayArea_ULTRA3000_Broad,Core Maintenance,sub zero appliance maintanance fast,Broad,33.00,https://appliancepros.netlify.app/subzero/,Enabled,Enabled,Enabled,Core Maintenance | Broad
SZ_Search_BayArea_ULTRA3000_Broad,Geo Alameda Repair,sub zero appliance maintanance in alameda,Broad,39.00,https://appliancepros.netlify.app/subzero/,Enabled,Enabled,Enabled,Geo Alameda Repair | Broad
SZ_Search_BayArea_ULTRA3000_Broad,Geo Belmont Repair,sub zero appliance maintanance in belmont,Broad,39.00,https://appliancepros.netlify.app/subzero/,Enabled,Enabled,Enabled,Geo Belmont Repair | Broad
SZ_Search_BayArea_ULTRA3000_Broad,Geo Berkeley Repair,sub zero appliance maintanance in berkeley,Broad,39.00,https://appliancepros.netlify.app/subzero/,Enabled,Enabled,Enabled,Geo Berkeley Repair | Broad
SZ_Search_BayArea_ULTRA3000_Broad,Geo Burlingame Repair,sub zero appliance maintanance in burlingame,Broad,39.00,https://appliancepros.netlify.app/subzero/,Enabled,Enabled,Enabled,Geo Burlingame Repair | Broad
SZ_Search_BayArea_ULTRA3000_Broad,Geo Campbell Repair,sub zero appliance maintanance in campbell,Broad,39.00,https://appliancepros.netlify.app/subzero/,Enabled,Enabled,Enabled,Geo Campbell Repair | Broad
SZ_Search_BayArea_ULTRA3000_Broad,Geo CastroValley Repair,sub zero appliance maintanance in castro valley,Broad,39.00,https://appliancepros.netlify.app/subzero/,Enabled,Enabled,Enabled,Geo CastroValley Repair | Broad
SZ_Search_BayArea_ULTRA3000_Broad,Geo Concord Repair,sub zero appliance maintanance in concord,Broad,39.00,https://appliancepros.netlify.app/subzero/,Enabled,Enabled,Enabled,Geo Concord Repair | Broad
SZ_Search_BayArea_ULTRA3000_Broad,Geo Cupertino Repair,sub zero appliance maintanance in cupertino,Broad,39.00,https://appliancepros.netlify.app/subzero/,Enabled,Enabled,Enabled,Geo Cupertino Repair | Broad
SZ_Search_BayArea_ULTRA3000_Broad,Geo DalyCity Repair,sub zero appliance maintanance in daly city,Broad,39.00,https://appliancepros.netlify.app/subzero/,Enabled,Enabled,Enabled,Geo DalyCity Repair | Broad
SZ_Search_BayArea_ULTRA3000_Broad,Geo Emeryville Repair,sub zero appliance maintanance in emeryville,Broad,39.00,https://appliancepros.netlify.app/subzero/,Enabled,Enabled,Enabled,Geo Emeryville Repair | Broad
SZ_Search_BayArea_ULTRA3000_Broad,Geo FosterCity Repair,sub zero appliance maintanance in foster city,Broad,39.00,https://appliancepros.netlify.app/subzero/,Enabled,Enabled,Enabled,Geo FosterCity Repair | Broad
SZ_Search_BayArea_ULTRA3000_Broad,Geo Fremont Repair,sub zero appliance maintanance in fremont,Broad,39.00,https://appliancepros.netlify.app/subzero/,Enabled,Enabled,Enabled,Geo Fremont Repair | Broad
SZ_Search_BayArea_ULTRA3000_Broad,Geo Hayward Repair,sub zero appliance maintanance in hayward,Broad,39.00,https://appliancepros.netlify.app/subzero/,Enabled,Enabled,Enabled,Geo Hayward Repair | Broad
SZ_Search_BayArea_ULTRA3000_Broad,Geo Livermore Repair,sub zero appliance maintanance in livermore,Broad,39.00,https://appliancepros.netlify.app/subzero/,Enabled,Enabled,Enabled,Geo Livermore Repair | Broad
SZ_Search_BayArea_ULTRA3000_Broad,Geo LosAltos Repair,sub zero appliance maintanance in los altos,Broad,39.00,https://appliancepros.netlify.app/subzero/,Enabled,Enabled,Enabled,Geo LosAltos Repair | Broad
SZ_Search_BayArea_ULTRA3000_Broad,Geo LosGatos Repair,sub zero appliance maintanance in los gatos,Broad,39.00,https://appliancepros.netlify.app/subzero/,Enabled,Enabled,Enabled,Geo LosGatos Repair | Broad
SZ_Search_BayArea_ULTRA3000_Broad,Geo MenloPark Repair,sub zero appliance maintanance in menlo park,Broad,39.00,https://appliancepros.netlify.app/subzero/,Enabled,Enabled,Enabled,Geo MenloPark Repair | Broad
SZ_Search_BayArea_ULTRA3000_Broad,Geo Millbrae Repair,sub zero appliance maintanance in millbrae,Broad,39.00,https://appliancepros.netlify.app/subzero/,Enabled,Enabled,Enabled,Geo Millbrae Repair | Broad
SZ_Search_BayArea_ULTRA3000_Broad,Geo Milpitas Repair,sub zero appliance maintanance in milpitas,Broad,39.00,https://appliancepros.netlify.app/subzero/,Enabled,Enabled,Enabled,Geo Milpitas Repair | Broad
SZ_Search_BayArea_ULTRA3000_Broad,Geo MountainView Repair,sub zero appliance maintanance in mountain view,Broad,39.00,https://appliancepros.netlify.app/subzero/,Enabled,Enabled,Enabled,Geo MountainView Repair | Broad
SZ_Search_BayArea_ULTRA3000_Broad,Geo Novato Repair,sub zero appliance maintanance in novato,Broad,39.00,https://appliancepros.netlify.app/subzero/,Enabled,Enabled,Enabled,Geo Novato Repair | Broad
SZ_Search_BayArea_ULTRA3000_Broad,Geo Oakland Repair,sub zero appliance maintanance in oakland,Broad,39.00,https://appliancepros.netlify.app/subzero/,Enabled,Enabled,Enabled,Geo Oakland Repair | Broad
SZ_Search_BayArea_ULTRA3000_Broad,Geo PaloAlto Repair,sub zero appliance maintanance in palo alto,Broad,39.00,https://appliancepros.netlify.app/subzero/,Enabled,Enabled,Enabled,Geo PaloAlto Repair | Broad
SZ_Search_BayArea_ULTRA3000_Broad,Geo Pleasanton Repair,sub zero appliance maintanance in pleasanton,Broad,39.00,https://appliancepros.netlify.app/subzero/,Enabled,Enabled,Enabled,Geo Pleasanton Repair | Broad
SZ_Search_BayArea_ULTRA3000_Broad,Geo RedwoodCity Repair,sub zero appliance maintanance in redwood city,Broad,39.00,https://appliancepros.netlify.app/subzero/,Enabled,Enabled,Enabled,Geo RedwoodCity Repair | Broad
SZ_Search_BayArea_ULTRA3000_Broad,Geo Richmond Repair,sub zero appliance maintanance in richmond,Broad,39.00,https://appliancepros.netlify.app/subzero/,Enabled,Enabled,Enabled,Geo Richmond Repair | Broad
SZ_Search_BayArea_ULTRA3000_Broad,Geo SanBruno Repair,sub zero appliance maintanance in san bruno,Broad,39.00,https://appliancepros.netlify.app/subzero/,Enabled,Enabled,Enabled,Geo SanBruno Repair | Broad
SZ_Search_BayArea_ULTRA3000_Broad,Geo SanFrancisco Repair,sub zero appliance maintanance in san francisco,Broad,39.00,https://appliancepros.netlify.app/subzero/,Enabled,Enabled,Enabled,Geo SanFrancisco Repair | Broad
SZ_Search_BayArea_ULTRA3000_Broad,Geo SanJose Repair,sub zero appliance maintanance in san jose,Broad,39.00,https://appliancepros.netlify.app/subzero/,Enabled,Enabled,Enabled,Geo SanJose Repair | Broad
SZ_Search_BayArea_ULTRA3000_Broad,Geo SanLeandro Repair,sub zero appliance maintanance in san leandro,Broad,39.00,https://appliancepros.netlify.app/subzero/,Enabled,Enabled,Enabled,Geo SanLeandro Repair | Broad
SZ_Search_BayArea_ULTRA3000_Broad,Geo SanMateo Repair,sub zero appliance maintanance in san mateo,Broad,39.00,https://appliancepros.netlify.app/subzero/,Enabled,Enabled,Enabled,Geo SanMateo Repair | Broad
SZ_Search_BayArea_ULTRA3000_Broad,Geo SanRafael Repair,sub zero appliance maintanance in san rafael,Broad,39.00,https://appliancepros.netlify.app/subzero/,Enabled,Enabled,Enabled,Geo SanRafael Repair | Broad
SZ_Search_BayArea_ULTRA3000_Broad,Geo SantaClara Repair,sub zero appliance maintanance in santa clara,Broad,39.00,https://appliancepros.netlify.app/subzero/,Enabled,Enabled,Enabled,Geo SantaClara Repair | Broad
SZ_Search_BayArea_ULTRA3000_Broad,Geo Sunnyvale Repair,sub zero appliance maintanance in sunnyvale,Broad,39.00,https://appliancepros.netlify.app/subzero/,Enabled,Enabled,Enabled,Geo Sunnyvale Repair | Broad
SZ_Search_BayArea_ULTRA3000_Broad,Geo UnionCity Repair,sub zero appliance maintanance in union city,Broad,39.00,https://appliancepros.netlify.app/subzero/,Enabled,Enabled,Enabled,Geo UnionCity Repair | Broad
SZ_Search_BayArea_ULTRA3000_Broad,Geo WalnutCreek Repair,sub zero appliance maintanance in walnut creek,Broad,39.00,https://appliancepros.netlify.app/subzero/,Enabled,Enabled,Enabled,Geo WalnutCreek Repair | Broad
SZ_Search_BayArea_ULTRA3000_Broad,Core Maintenance,sub zero appliance maintanance local,Broad,33.00,https://appliancepros.netlify.app/subzero/,Enabled,Enabled,Enabled,Core Maintenance | Broad
SZ_Search_BayArea_ULTRA3000_Broad,Core Near Me,sub zero appliance maintanance near me,Broad,42.00,https://appliancepros.netlify.app/subzero/,Enabled,Enabled,Enabled,Core Near Me | Broad
SZ_Search_BayArea_ULTRA3000_Broad,Core Emergency,sub zero appliance maintanance same day,Broad,46.00,https://appliancepros.netlify.app/subzero/,Enabled,Enabled,Enabled,Core Emergency | Broad
SZ_Search_BayArea_ULTRA3000_Broad,Core Emergency,sub zero appliance maintanance today,Broad,46.00,https://appliancepros.netlify.app/subzero/,Enabled,Enabled,Enabled,Core Emergency | Broad
SZ_Search_BayArea_ULTRA3000_Broad,Core Maintenance,sub zero appliance maintanance trusted,Broad,33.00,https://appliancepros.netlify.app/subzero/,Enabled,Enabled,Enabled,Core Maintenance | Broad
SZ_Search_BayArea_ULTRA3000_Broad,Core Emergency,sub zero appliance maintenance 24 hour,Broad,46.00,https://appliancepros.netlify.app/subzero/,Enabled,Enabled,Enabled,Core Emergency | Broad
SZ_Search_BayArea_ULTRA3000_Broad,Core Maintenance,sub zero appliance maintenance affordable,Broad,33.00,https://appliancepros.netlify.app/subzero/,Enabled,Enabled,Enabled,Core Maintenance | Broad
SZ_Search_BayArea_ULTRA3000_Broad,Core Maintenance,sub zero appliance maintenance bay area,Broad,33.00,https://appliancepros.netlify.app/subzero/,Enabled,Enabled,Enabled,Core Maintenance | Broad
SZ_Search_BayArea_ULTRA3000_Broad,Core Maintenance,sub zero appliance maintenance best,Broad,33.00,https://appliancepros.netlify.app/subzero/,Enabled,Enabled,Enabled,Core Maintenance | Broad
SZ_Search_BayArea_ULTRA3000_Broad,Core Emergency,sub zero appliance maintenance emergency,Broad,46.00,https://appliancepros.netlify.app/subzero/,Enabled,Enabled,Enabled,Core Emergency | Broad
SZ_Search_BayArea_ULTRA3000_Broad,Core Maintenance,sub zero appliance maintenance fast,Broad,33.00,https://appliancepros.netlify.app/subzero/,Enabled,Enabled,Enabled,Core Maintenance | Broad
SZ_Search_BayArea_ULTRA3000_Broad,Geo Alameda Repair,sub zero appliance maintenance in alameda,Broad,39.00,https://appliancepros.netlify.app/subzero/,Enabled,Enabled,Enabled,Geo Alameda Repair | Broad
SZ_Search_BayArea_ULTRA3000_Broad,Geo Belmont Repair,sub zero appliance maintenance in belmont,Broad,39.00,https://appliancepros.netlify.app/subzero/,Enabled,Enabled,Enabled,Geo Belmont Repair | Broad
SZ_Search_BayArea_ULTRA3000_Broad,Geo Berkeley Repair,sub zero appliance maintenance in berkeley,Broad,39.00,https://appliancepros.netlify.app/subzero/,Enabled,Enabled,Enabled,Geo Berkeley Repair | Broad
SZ_Search_BayArea_ULTRA3000_Broad,Geo Burlingame Repair,sub zero appliance maintenance in burlingame,Broad,39.00,https://appliancepros.netlify.app/subzero/,Enabled,Enabled,Enabled,Geo Burlingame Repair | Broad
SZ_Search_BayArea_ULTRA3000_Broad,Geo Campbell Repair,sub zero appliance maintenance in campbell,Broad,39.00,https://appliancepros.netlify.app/subzero/,Enabled,Enabled,Enabled,Geo Campbell Repair | Broad
SZ_Search_BayArea_ULTRA3000_Broad,Geo CastroValley Repair,sub zero appliance maintenance in castro valley,Broad,39.00,https://appliancepros.netlify.app/subzero/,Enabled,Enabled,Enabled,Geo CastroValley Repair | Broad
SZ_Search_BayArea_ULTRA3000_Broad,Geo Concord Repair,sub zero appliance maintenance in concord,Broad,39.00,https://appliancepros.netlify.app/subzero/,Enabled,Enabled,Enabled,Geo Concord Repair | Broad
SZ_Search_BayArea_ULTRA3000_Broad,Geo Cupertino Repair,sub zero appliance maintenance in cupertino,Broad,39.00,https://appliancepros.netlify.app/subzero/,Enabled,Enabled,Enabled,Geo Cupertino Repair | Broad
SZ_Search_BayArea_ULTRA3000_Broad,Geo DalyCity Repair,sub zero appliance maintenance in daly city,Broad,39.00,https://appliancepros.netlify.app/subzero/,Enabled,Enabled,Enabled,Geo DalyCity Repair | Broad
SZ_Search_BayArea_ULTRA3000_Broad,Geo Emeryville Repair,sub zero appliance maintenance in emeryville,Broad,39.00,https://appliancepros.netlify.app/subzero/,Enabled,Enabled,Enabled,Geo Emeryville Repair | Broad
SZ_Search_BayArea_ULTRA3000_Broad,Geo FosterCity Repair,sub zero appliance maintenance in foster city,Broad,39.00,https://appliancepros.netlify.app/subzero/,Enabled,Enabled,Enabled,Geo FosterCity Repair | Broad
SZ_Search_BayArea_ULTRA3000_Broad,Geo Fremont Repair,sub zero appliance maintenance in fremont,Broad,39.00,https://appliancepros.netlify.app/subzero/,Enabled,Enabled,Enabled,Geo Fremont Repair | Broad
SZ_Search_BayArea_ULTRA3000_Broad,Geo Hayward Repair,sub zero appliance maintenance in hayward,Broad,39.00,https://appliancepros.netlify.app/subzero/,Enabled,Enabled,Enabled,Geo Hayward Repair | Broad
SZ_Search_BayArea_ULTRA3000_Broad,Geo Livermore Repair,sub zero appliance maintenance in livermore,Broad,39.00,https://appliancepros.netlify.app/subzero/,Enabled,Enabled,Enabled,Geo Livermore Repair | Broad
SZ_Search_BayArea_ULTRA3000_Broad,Geo LosAltos Repair,sub zero appliance maintenance in los altos,Broad,39.00,https://appliancepros.netlify.app/subzero/,Enabled,Enabled,Enabled,Geo LosAltos Repair | Broad
SZ_Search_BayArea_ULTRA3000_Broad,Geo LosGatos Repair,sub zero appliance maintenance in los gatos,Broad,39.00,https://appliancepros.netlify.app/subzero/,Enabled,Enabled,Enabled,Geo LosGatos Repair | Broad
SZ_Search_BayArea_ULTRA3000_Broad,Geo MenloPark Repair,sub zero appliance maintenance in menlo park,Broad,39.00,https://appliancepros.netlify.app/subzero/,Enabled,Enabled,Enabled,Geo MenloPark Repair | Broad
SZ_Search_BayArea_ULTRA3000_Broad,Geo Millbrae Repair,sub zero appliance maintenance in millbrae,Broad,39.00,https://appliancepros.netlify.app/subzero/,Enabled,Enabled,Enabled,Geo Millbrae Repair | Broad
SZ_Search_BayArea_ULTRA3000_Broad,Geo Milpitas Repair,sub zero appliance maintenance in milpitas,Broad,39.00,https://appliancepros.netlify.app/subzero/,Enabled,Enabled,Enabled,Geo Milpitas Repair | Broad
SZ_Search_BayArea_ULTRA3000_Broad,Geo MountainView Repair,sub zero appliance maintenance in mountain view,Broad,39.00,https://appliancepros.netlify.app/subzero/,Enabled,Enabled,Enabled,Geo MountainView Repair | Broad
SZ_Search_BayArea_ULTRA3000_Broad,Geo Novato Repair,sub zero appliance maintenance in novato,Broad,39.00,https://appliancepros.netlify.app/subzero/,Enabled,Enabled,Enabled,Geo Novato Repair | Broad
SZ_Search_BayArea_ULTRA3000_Broad,Geo Oakland Repair,sub zero appliance maintenance in oakland,Broad,39.00,https://appliancepros.netlify.app/subzero/,Enabled,Enabled,Enabled,Geo Oakland Repair | Broad
SZ_Search_BayArea_ULTRA3000_Broad,Geo PaloAlto Repair,sub zero appliance maintenance in palo alto,Broad,39.00,https://appliancepros.netlify.app/subzero/,Enabled,Enabled,Enabled,Geo PaloAlto Repair | Broad
SZ_Search_BayArea_ULTRA3000_Broad,Geo Pleasanton Repair,sub zero appliance maintenance in pleasanton,Broad,39.00,https://appliancepros.netlify.app/subzero/,Enabled,Enabled,Enabled,Geo Pleasanton Repair | Broad
SZ_Search_BayArea_ULTRA3000_Broad,Geo RedwoodCity Repair,sub zero appliance maintenance in redwood city,Broad,39.00,https://appliancepros.netlify.app/subzero/,Enabled,Enabled,Enabled,Geo RedwoodCity Repair | Broad
SZ_Search_BayArea_ULTRA3000_Broad,Geo Richmond Repair,sub zero appliance maintenance in richmond,Broad,39.00,https://appliancepros.netlify.app/subzero/,Enabled,Enabled,Enabled,Geo Richmond Repair | Broad
SZ_Search_BayArea_ULTRA3000_Broad,Geo SanBruno Repair,sub zero appliance maintenance in san bruno,Broad,39.00,https://appliancepros.netlify.app/subzero/,Enabled,Enabled,Enabled,Geo SanBruno Repair | Broad
SZ_Search_BayArea_ULTRA3000_Broad,Geo SanFrancisco Repair,sub zero appliance maintenance in san francisco,Broad,39.00,https://appliancepros.netlify.app/subzero/,Enabled,Enabled,Enabled,Geo SanFrancisco Repair | Broad
SZ_Search_BayArea_ULTRA3000_Broad,Geo SanJose Repair,sub zero appliance maintenance in san jose,Broad,39.00,https://appliancepros.netlify.app/subzero/,Enabled,Enabled,Enabled,Geo SanJose Repair | Broad
SZ_Search_BayArea_ULTRA3000_Broad,Geo SanLeandro Repair,sub zero appliance maintenance in san leandro,Broad,39.00,https://appliancepros.netlify.app/subzero/,Enabled,Enabled,Enabled,Geo SanLeandro Repair | Broad
SZ_Search_BayArea_ULTRA3000_Broad,Geo SanMateo Repair,sub zero appliance maintenance in san mateo,Broad,39.00,https://appliancepros.netlify.app/subzero/,Enabled,Enabled,Enabled,Geo SanMateo Repair | Broad
SZ_Search_BayArea_ULTRA3000_Broad,Geo SanRafael Repair,sub zero appliance maintenance in san rafael,Broad,39.00,https://appliancepros.netlify.app/subzero/,Enabled,Enabled,Enabled,Geo SanRafael Repair | Broad
SZ_Search_BayArea_ULTRA3000_Broad,Geo SantaClara Repair,sub zero appliance maintenance in santa clara,Broad,39.00,https://appliancepros.netlify.app/subzero/,Enabled,Enabled,Enabled,Geo SantaClara Repair | Broad
SZ_Search_BayArea_ULTRA3000_Broad,Geo Sunnyvale Repair,sub zero appliance maintenance in sunnyvale,Broad,39.00,https://appliancepros.netlify.app/subzero/,Enabled,Enabled,Enabled,Geo Sunnyvale Repair | Broad
SZ_Search_BayArea_ULTRA3000_Broad,Geo UnionCity Repair,sub zero appliance maintenance in union city,Broad,39.00,https://appliancepros.netlify.app/subzero/,Enabled,Enabled,Enabled,Geo UnionCity Repair | Broad
SZ_Search_BayArea_ULTRA3000_Broad,Geo WalnutCreek Repair,sub zero appliance maintenance in walnut creek,Broad,39.00,https://appliancepros.netlify.app/subzero/,Enabled,Enabled,Enabled,Geo WalnutCreek Repair | Broad
SZ_Search_BayArea_ULTRA3000_Broad,Core Maintenance,sub zero appliance maintenance local,Broad,33.00,https://appliancepros.netlify.app/subzero/,Enabled,Enabled,Enabled,Core Maintenance | Broad
SZ_Search_BayArea_ULTRA3000_Broad,Core Near Me,sub zero appliance maintenance near me,Broad,42.00,https://appliancepros.netlify.app/subzero/,Enabled,Enabled,Enabled,Core Near Me | Broad
SZ_Search_BayArea_ULTRA3000_Broad,Core Emergency,sub zero appliance maintenance same day,Broad,46.00,https://appliancepros.netlify.app/subzero/,Enabled,Enabled,Enabled,Core Emergency | Broad
SZ_Search_BayArea_ULTRA3000_Broad,Core Emergency,sub zero appliance maintenance today,Broad,46.00,https://appliancepros.netlify.app/subzero/,Enabled,Enabled,Enabled,Core Emergency | Broad
SZ_Search_BayArea_ULTRA3000_Broad,Core Maintenance,sub zero appliance maintenance trusted,Broad,33.00,https://appliancepros.netlify.app/subzero/,Enabled,Enabled,Enabled,Core Maintenance | Broad
SZ_Search_BayArea_ULTRA3000_Broad,Core Maintenance,sub zero appliance maintence,Broad,33.00,https://appliancepros.netlify.app/subzero/,Enabled,Enabled,Enabled,Core Maintenance | Broad
SZ_Search_BayArea_ULTRA3000_Broad,Core Emergency,sub zero appliance maintence 24 hour,Broad,46.00,https://appliancepros.netlify.app/subzero/,Enabled,Enabled,Enabled,Core Emergency | Broad
SZ_Search_BayArea_ULTRA3000_Broad,Core Maintenance,sub zero appliance maintence affordable,Broad,33.00,https://appliancepros.netlify.app/subzero/,Enabled,Enabled,Enabled,Core Maintenance | Broad
SZ_Search_BayArea_ULTRA3000_Broad,Core Maintenance,sub zero appliance maintence bay area,Broad,33.00,https://appliancepros.netlify.app/subzero/,Enabled,Enabled,Enabled,Core Maintenance | Broad
SZ_Search_BayArea_ULTRA3000_Broad,Core Maintenance,sub zero appliance maintence best,Broad,33.00,https://appliancepros.netlify.app/subzero/,Enabled,Enabled,Enabled,Core Maintenance | Broad
SZ_Search_BayArea_ULTRA3000_Broad,Core Emergency,sub zero appliance maintence emergency,Broad,46.00,https://appliancepros.netlify.app/subzero/,Enabled,Enabled,Enabled,Core Emergency | Broad
SZ_Search_BayArea_ULTRA3000_Broad,Core Maintenance,sub zero appliance maintence fast,Broad,33.00,https://appliancepros.netlify.app/subzero/,Enabled,Enabled,Enabled,Core Maintenance | Broad
SZ_Search_BayArea_ULTRA3000_Broad,Geo Alameda Repair,sub zero appliance maintence in alameda,Broad,39.00,https://appliancepros.netlify.app/subzero/,Enabled,Enabled,Enabled,Geo Alameda Repair | Broad
SZ_Search_BayArea_ULTRA3000_Broad,Geo Belmont Repair,sub zero appliance maintence in belmont,Broad,39.00,https://appliancepros.netlify.app/subzero/,Enabled,Enabled,Enabled,Geo Belmont Repair | Broad
SZ_Search_BayArea_ULTRA3000_Broad,Geo Berkeley Repair,sub zero appliance maintence in berkeley,Broad,39.00,https://appliancepros.netlify.app/subzero/,Enabled,Enabled,Enabled,Geo Berkeley Repair | Broad
SZ_Search_BayArea_ULTRA3000_Broad,Geo Burlingame Repair,sub zero appliance maintence in burlingame,Broad,39.00,https://appliancepros.netlify.app/subzero/,Enabled,Enabled,Enabled,Geo Burlingame Repair | Broad
SZ_Search_BayArea_ULTRA3000_Broad,Geo Campbell Repair,sub zero appliance maintence in campbell,Broad,39.00,https://appliancepros.netlify.app/subzero/,Enabled,Enabled,Enabled,Geo Campbell Repair | Broad
SZ_Search_BayArea_ULTRA3000_Broad,Geo CastroValley Repair,sub zero appliance maintence in castro valley,Broad,39.00,https://appliancepros.netlify.app/subzero/,Enabled,Enabled,Enabled,Geo CastroValley Repair | Broad
SZ_Search_BayArea_ULTRA3000_Broad,Geo Concord Repair,sub zero appliance maintence in concord,Broad,39.00,https://appliancepros.netlify.app/subzero/,Enabled,Enabled,Enabled,Geo Concord Repair | Broad
SZ_Search_BayArea_ULTRA3000_Broad,Geo Cupertino Repair,sub zero appliance maintence in cupertino,Broad,39.00,https://appliancepros.netlify.app/subzero/,Enabled,Enabled,Enabled,Geo Cupertino Repair | Broad
SZ_Search_BayArea_ULTRA3000_Broad,Geo DalyCity Repair,sub zero appliance maintence in daly city,Broad,39.00,https://appliancepros.netlify.app/subzero/,Enabled,Enabled,Enabled,Geo DalyCity Repair | Broad
SZ_Search_BayArea_ULTRA3000_Broad,Geo Emeryville Repair,sub zero appliance maintence in emeryville,Broad,39.00,https://appliancepros.netlify.app/subzero/,Enabled,Enabled,Enabled,Geo Emeryville Repair | Broad
SZ_Search_BayArea_ULTRA3000_Broad,Geo FosterCity Repair,sub zero appliance maintence in foster city,Broad,39.00,https://appliancepros.netlify.app/subzero/,Enabled,Enabled,Enabled,Geo FosterCity Repair | Broad
SZ_Search_BayArea_ULTRA3000_Broad,Geo Fremont Repair,sub zero appliance maintence in fremont,Broad,39.00,https://appliancepros.netlify.app/subzero/,Enabled,Enabled,Enabled,Geo Fremont Repair | Broad
SZ_Search_BayArea_ULTRA3000_Broad,Geo Hayward Repair,sub zero appliance maintence in hayward,Broad,39.00,https://appliancepros.netlify.app/subzero/,Enabled,Enabled,Enabled,Geo Hayward Repair | Broad
SZ_Search_BayArea_ULTRA3000_Broad,Geo Livermore Repair,sub zero appliance maintence in livermore,Broad,39.00,https://appliancepros.netlify.app/subzero/,Enabled,Enabled,Enabled,Geo Livermore Repair | Broad
SZ_Search_BayArea_ULTRA3000_Broad,Geo LosAltos Repair,sub zero appliance maintence in los altos,Broad,39.00,https://appliancepros.netlify.app/subzero/,Enabled,Enabled,Enabled,Geo LosAltos Repair | Broad
SZ_Search_BayArea_ULTRA3000_Broad,Geo LosGatos Repair,sub zero appliance maintence in los gatos,Broad,39.00,https://appliancepros.netlify.app/subzero/,Enabled,Enabled,Enabled,Geo LosGatos Repair | Broad
SZ_Search_BayArea_ULTRA3000_Broad,Geo MenloPark Repair,sub zero appliance maintence in menlo park,Broad,39.00,https://appliancepros.netlify.app/subzero/,Enabled,Enabled,Enabled,Geo MenloPark Repair | Broad
SZ_Search_BayArea_ULTRA3000_Broad,Geo Millbrae Repair,sub zero appliance maintence in millbrae,Broad,39.00,https://appliancepros.netlify.app/subzero/,Enabled,Enabled,Enabled,Geo Millbrae Repair | Broad
SZ_Search_BayArea_ULTRA3000_Broad,Geo Milpitas Repair,sub zero appliance maintence in milpitas,Broad,39.00,https://appliancepros.netlify.app/subzero/,Enabled,Enabled,Enabled,Geo Milpitas Repair | Broad
SZ_Search_BayArea_ULTRA3000_Broad,Geo MountainView Repair,sub zero appliance maintence in mountain view,Broad,39.00,https://appliancepros.netlify.app/subzero/,Enabled,Enabled,Enabled,Geo MountainView Repair | Broad
SZ_Search_BayArea_ULTRA3000_Broad,Geo Novato Repair,sub zero appliance maintence in novato,Broad,39.00,https://appliancepros.netlify.app/subzero/,Enabled,Enabled,Enabled,Geo Novato Repair | Broad
SZ_Search_BayArea_ULTRA3000_Broad,Geo Oakland Repair,sub zero appliance maintence in oakland,Broad,39.00,https://appliancepros.netlify.app/subzero/,Enabled,Enabled,Enabled,Geo Oakland Repair | Broad
SZ_Search_BayArea_ULTRA3000_Broad,Geo PaloAlto Repair,sub zero appliance maintence in palo alto,Broad,39.00,https://appliancepros.netlify.app/subzero/,Enabled,Enabled,Enabled,Geo PaloAlto Repair | Broad
SZ_Search_BayArea_ULTRA3000_Broad,Geo Pleasanton Repair,sub zero appliance maintence in pleasanton,Broad,39.00,https://appliancepros.netlify.app/subzero/,Enabled,Enabled,Enabled,Geo Pleasanton Repair | Broad
SZ_Search_BayArea_ULTRA3000_Broad,Geo RedwoodCity Repair,sub zero appliance maintence in redwood city,Broad,39.00,https://appliancepros.netlify.app/subzero/,Enabled,Enabled,Enabled,Geo RedwoodCity Repair | Broad
SZ_Search_BayArea_ULTRA3000_Broad,Geo Richmond Repair,sub zero appliance maintence in richmond,Broad,39.00,https://appliancepros.netlify.app/subzero/,Enabled,Enabled,Enabled,Geo Richmond Repair | Broad
SZ_Search_BayArea_ULTRA3000_Broad,Geo SanBruno Repair,sub zero appliance maintence in san bruno,Broad,39.00,https://appliancepros.netlify.app/subzero/,Enabled,Enabled,Enabled,Geo SanBruno Repair | Broad
SZ_Search_BayArea_ULTRA3000_Broad,Geo SanFrancisco Repair,sub zero appliance maintence in san francisco,Broad,39.00,https://appliancepros.netlify.app/subzero/,Enabled,Enabled,Enabled,Geo SanFrancisco Repair | Broad
SZ_Search_BayArea_ULTRA3000_Broad,Geo SanJose Repair,sub zero appliance maintence in san jose,Broad,39.00,https://appliancepros.netlify.app/subzero/,Enabled,Enabled,Enabled,Geo SanJose Repair | Broad
SZ_Search_BayArea_ULTRA3000_Broad,Geo SanLeandro Repair,sub zero appliance maintence in san leandro,Broad,39.00,https://appliancepros.netlify.app/subzero/,Enabled,Enabled,Enabled,Geo SanLeandro Repair | Broad
SZ_Search_BayArea_ULTRA3000_Broad,Geo SanMateo Repair,sub zero appliance maintence in san mateo,Broad,39.00,https://appliancepros.netlify.app/subzero/,Enabled,Enabled,Enabled,Geo SanMateo Repair | Broad
SZ_Search_BayArea_ULTRA3000_Broad,Geo SanRafael Repair,sub zero appliance maintence in san rafael,Broad,39.00,https://appliancepros.netlify.app/subzero/,Enabled,Enabled,Enabled,Geo SanRafael Repair | Broad
SZ_Search_BayArea_ULTRA3000_Broad,Geo SantaClara Repair,sub zero appliance maintence in santa clara,Broad,39.00,https://appliancepros.netlify.app/subzero/,Enabled,Enabled,Enabled,Geo SantaClara Repair | Broad
SZ_Search_BayArea_ULTRA3000_Broad,Geo Sunnyvale Repair,sub zero appliance maintence in sunnyvale,Broad,39.00,https://appliancepros.netlify.app/subzero/,Enabled,Enabled,Enabled,Geo Sunnyvale Repair | Broad
SZ_Search_BayArea_ULTRA3000_Broad,Geo UnionCity Repair,sub zero appliance maintence in union city,Broad,39.00,https://appliancepros.netlify.app/subzero/,Enabled,Enabled,Enabled,Geo UnionCity Repair | Broad
SZ_Search_BayArea_ULTRA3000_Broad,Geo WalnutCreek Repair,sub zero appliance maintence in walnut creek,Broad,39.00,https://appliancepros.netlify.app/subzero/,Enabled,Enabled,Enabled,Geo WalnutCreek Repair | Broad
SZ_Search_BayArea_ULTRA3000_Broad,Core Maintenance,sub zero appliance maintence local,Broad,33.00,https://appliancepros.netlify.app/subzero/,Enabled,Enabled,Enabled,Core Maintenance | Broad
SZ_Search_BayArea_ULTRA3000_Broad,Core Near Me,sub zero appliance maintence near me,Broad,42.00,https://appliancepros.netlify.app/subzero/,Enabled,Enabled,Enabled,Core Near Me | Broad
SZ_Search_BayArea_ULTRA3000_Broad,Core Emergency,sub zero appliance maintence same day,Broad,46.00,https://appliancepros.netlify.app/subzero/,Enabled,Enabled,Enabled,Core Emergency | Broad
SZ_Search_BayArea_ULTRA3000_Broad,Core Emergency,sub zero appliance maintence today,Broad,46.00,https://appliancepros.netlify.app/subzero/,Enabled,Enabled,Enabled,Core Emergency | Broad
SZ_Search_BayArea_ULTRA3000_Broad,Core Maintenance,sub zero appliance maintence trusted,Broad,33.00,https://appliancepros.netlify.app/subzero/,Enabled,Enabled,Enabled,Core Maintenance | Broad
SZ_Search_BayArea_ULTRA3000_Broad,Noise Fan Compressor,sub zero appliance making noise,Broad,35.00,https://appliancepros.netlify.app/subzero/,Enabled,Enabled,Enabled,Noise Fan Compressor | Broad
SZ_Search_BayArea_ULTRA3000_Broad,Geo Alameda Repair,sub zero appliance making noise in alameda,Broad,39.00,https://appliancepros.netlify.app/subzero/,Enabled,Enabled,Enabled,Geo Alameda Repair | Broad
SZ_Search_BayArea_ULTRA3000_Broad,Geo Berkeley Repair,sub zero appliance making noise in berkeley,Broad,39.00,https://appliancepros.netlify.app/subzero/,Enabled,Enabled,Enabled,Geo Berkeley Repair | Broad
SZ_Search_BayArea_ULTRA3000_Broad,Geo Cupertino Repair,sub zero appliance making noise in cupertino,Broad,39.00,https://appliancepros.netlify.app/subzero/,Enabled,Enabled,Enabled,Geo Cupertino Repair | Broad
SZ_Search_BayArea_ULTRA3000_Broad,Geo Fremont Repair,sub zero appliance making noise in fremont,Broad,39.00,https://appliancepros.netlify.app/subzero/,Enabled,Enabled,Enabled,Geo Fremont Repair | Broad
SZ_Search_BayArea_ULTRA3000_Broad,Geo Hayward Repair,sub zero appliance making noise in hayward,Broad,39.00,https://appliancepros.netlify.app/subzero/,Enabled,Enabled,Enabled,Geo Hayward Repair | Broad
SZ_Search_BayArea_ULTRA3000_Broad,Geo MountainView Repair,sub zero appliance making noise in mountain view,Broad,39.00,https://appliancepros.netlify.app/subzero/,Enabled,Enabled,Enabled,Geo MountainView Repair | Broad
SZ_Search_BayArea_ULTRA3000_Broad,Geo Oakland Repair,sub zero appliance making noise in oakland,Broad,39.00,https://appliancepros.netlify.app/subzero/,Enabled,Enabled,Enabled,Geo Oakland Repair | Broad
SZ_Search_BayArea_ULTRA3000_Broad,Geo PaloAlto Repair,sub zero appliance making noise in palo alto,Broad,39.00,https://appliancepros.netlify.app/subzero/,Enabled,Enabled,Enabled,Geo PaloAlto Repair | Broad
SZ_Search_BayArea_ULTRA3000_Broad,Geo Pleasanton Repair,sub zero appliance making noise in pleasanton,Broad,39.00,https://appliancepros.netlify.app/subzero/,Enabled,Enabled,Enabled,Geo Pleasanton Repair | Broad
SZ_Search_BayArea_ULTRA3000_Broad,Geo RedwoodCity Repair,sub zero appliance making noise in redwood city,Broad,39.00,https://appliancepros.netlify.app/subzero/,Enabled,Enabled,Enabled,Geo RedwoodCity Repair | Broad
SZ_Search_BayArea_ULTRA3000_Broad,Geo SanFrancisco Repair,sub zero appliance making noise in san francisco,Broad,39.00,https://appliancepros.netlify.app/subzero/,Enabled,Enabled,Enabled,Geo SanFrancisco Repair | Broad
SZ_Search_BayArea_ULTRA3000_Broad,Geo SanJose Repair,sub zero appliance making noise in san jose,Broad,39.00,https://appliancepros.netlify.app/subzero/,Enabled,Enabled,Enabled,Geo SanJose Repair | Broad
SZ_Search_BayArea_ULTRA3000_Broad,Geo SanLeandro Repair,sub zero appliance making noise in san leandro,Broad,39.00,https://appliancepros.netlify.app/subzero/,Enabled,Enabled,Enabled,Geo SanLeandro Repair | Broad
SZ_Search_BayArea_ULTRA3000_Broad,Geo SanMateo Repair,sub zero appliance making noise in san mateo,Broad,39.00,https://appliancepros.netlify.app/subzero/,Enabled,Enabled,Enabled,Geo SanMateo Repair | Broad
SZ_Search_BayArea_ULTRA3000_Broad,Geo SantaClara Repair,sub zero appliance making noise in santa clara,Broad,39.00,https://appliancepros.netlify.app/subzero/,Enabled,Enabled,Enabled,Geo SantaClara Repair | Broad
SZ_Search_BayArea_ULTRA3000_Broad,Geo Sunnyvale Repair,sub zero appliance making noise in sunnyvale,Broad,39.00,https://appliancepros.netlify.app/subzero/,Enabled,Enabled,Enabled,Geo Sunnyvale Repair | Broad
SZ_Search_BayArea_ULTRA3000_Broad,Geo UnionCity Repair,sub zero appliance making noise in union city,Broad,39.00,https://appliancepros.netlify.app/subzero/,Enabled,Enabled,Enabled,Geo UnionCity Repair | Broad
SZ_Search_BayArea_ULTRA3000_Broad,Geo WalnutCreek Repair,sub zero appliance making noise in walnut creek,Broad,39.00,https://appliancepros.netlify.app/subzero/,Enabled,Enabled,Enabled,Geo WalnutCreek Repair | Broad
SZ_Search_BayArea_ULTRA3000_Broad,Core Technician,sub zero appliance mechanic,Broad,35.00,https://appliancepros.netlify.app/subzero/,Enabled,Enabled,Enabled,Core Technician | Broad
SZ_Search_BayArea_ULTRA3000_Broad,Core Emergency,sub zero appliance mechanic 24 hour,Broad,46.00,https://appliancepros.netlify.app/subzero/,Enabled,Enabled,Enabled,Core Emergency | Broad
SZ_Search_BayArea_ULTRA3000_Broad,Core Technician,sub zero appliance mechanic affordable,Broad,35.00,https://appliancepros.netlify.app/subzero/,Enabled,Enabled,Enabled,Core Technician | Broad
SZ_Search_BayArea_ULTRA3000_Broad,Core Technician,sub zero appliance mechanic bay area,Broad,35.00,https://appliancepros.netlify.app/subzero/,Enabled,Enabled,Enabled,Core Technician | Broad
SZ_Search_BayArea_ULTRA3000_Broad,Core Technician,sub zero appliance mechanic best,Broad,35.00,https://appliancepros.netlify.app/subzero/,Enabled,Enabled,Enabled,Core Technician | Broad
SZ_Search_BayArea_ULTRA3000_Broad,Core Emergency,sub zero appliance mechanic emergency,Broad,46.00,https://appliancepros.netlify.app/subzero/,Enabled,Enabled,Enabled,Core Emergency | Broad
SZ_Search_BayArea_ULTRA3000_Broad,Core Technician,sub zero appliance mechanic fast,Broad,35.00,https://appliancepros.netlify.app/subzero/,Enabled,Enabled,Enabled,Core Technician | Broad
SZ_Search_BayArea_ULTRA3000_Broad,Geo Alameda Repair,sub zero appliance mechanic in alameda,Broad,39.00,https://appliancepros.netlify.app/subzero/,Enabled,Enabled,Enabled,Geo Alameda Repair | Broad
SZ_Search_BayArea_ULTRA3000_Broad,Geo Belmont Repair,sub zero appliance mechanic in belmont,Broad,39.00,https://appliancepros.netlify.app/subzero/,Enabled,Enabled,Enabled,Geo Belmont Repair | Broad
SZ_Search_BayArea_ULTRA3000_Broad,Geo Berkeley Repair,sub zero appliance mechanic in berkeley,Broad,39.00,https://appliancepros.netlify.app/subzero/,Enabled,Enabled,Enabled,Geo Berkeley Repair | Broad
SZ_Search_BayArea_ULTRA3000_Broad,Geo Burlingame Repair,sub zero appliance mechanic in burlingame,Broad,39.00,https://appliancepros.netlify.app/subzero/,Enabled,Enabled,Enabled,Geo Burlingame Repair | Broad
SZ_Search_BayArea_ULTRA3000_Broad,Geo Campbell Repair,sub zero appliance mechanic in campbell,Broad,39.00,https://appliancepros.netlify.app/subzero/,Enabled,Enabled,Enabled,Geo Campbell Repair | Broad
SZ_Search_BayArea_ULTRA3000_Broad,Geo CastroValley Repair,sub zero appliance mechanic in castro valley,Broad,39.00,https://appliancepros.netlify.app/subzero/,Enabled,Enabled,Enabled,Geo CastroValley Repair | Broad
SZ_Search_BayArea_ULTRA3000_Broad,Geo Concord Repair,sub zero appliance mechanic in concord,Broad,39.00,https://appliancepros.netlify.app/subzero/,Enabled,Enabled,Enabled,Geo Concord Repair | Broad
SZ_Search_BayArea_ULTRA3000_Broad,Geo Cupertino Repair,sub zero appliance mechanic in cupertino,Broad,39.00,https://appliancepros.netlify.app/subzero/,Enabled,Enabled,Enabled,Geo Cupertino Repair | Broad
SZ_Search_BayArea_ULTRA3000_Broad,Geo DalyCity Repair,sub zero appliance mechanic in daly city,Broad,39.00,https://appliancepros.netlify.app/subzero/,Enabled,Enabled,Enabled,Geo DalyCity Repair | Broad
SZ_Search_BayArea_ULTRA3000_Broad,Geo Emeryville Repair,sub zero appliance mechanic in emeryville,Broad,39.00,https://appliancepros.netlify.app/subzero/,Enabled,Enabled,Enabled,Geo Emeryville Repair | Broad
SZ_Search_BayArea_ULTRA3000_Broad,Geo FosterCity Repair,sub zero appliance mechanic in foster city,Broad,39.00,https://appliancepros.netlify.app/subzero/,Enabled,Enabled,Enabled,Geo FosterCity Repair | Broad
SZ_Search_BayArea_ULTRA3000_Broad,Geo Fremont Repair,sub zero appliance mechanic in fremont,Broad,39.00,https://appliancepros.netlify.app/subzero/,Enabled,Enabled,Enabled,Geo Fremont Repair | Broad
SZ_Search_BayArea_ULTRA3000_Broad,Geo Hayward Repair,sub zero appliance mechanic in hayward,Broad,39.00,https://appliancepros.netlify.app/subzero/,Enabled,Enabled,Enabled,Geo Hayward Repair | Broad
SZ_Search_BayArea_ULTRA3000_Broad,Geo Livermore Repair,sub zero appliance mechanic in livermore,Broad,39.00,https://appliancepros.netlify.app/subzero/,Enabled,Enabled,Enabled,Geo Livermore Repair | Broad
SZ_Search_BayArea_ULTRA3000_Broad,Geo LosAltos Repair,sub zero appliance mechanic in los altos,Broad,39.00,https://appliancepros.netlify.app/subzero/,Enabled,Enabled,Enabled,Geo LosAltos Repair | Broad
SZ_Search_BayArea_ULTRA3000_Broad,Geo LosGatos Repair,sub zero appliance mechanic in los gatos,Broad,39.00,https://appliancepros.netlify.app/subzero/,Enabled,Enabled,Enabled,Geo LosGatos Repair | Broad
SZ_Search_BayArea_ULTRA3000_Broad,Geo MenloPark Repair,sub zero appliance mechanic in menlo park,Broad,39.00,https://appliancepros.netlify.app/subzero/,Enabled,Enabled,Enabled,Geo MenloPark Repair | Broad
SZ_Search_BayArea_ULTRA3000_Broad,Geo Millbrae Repair,sub zero appliance mechanic in millbrae,Broad,39.00,https://appliancepros.netlify.app/subzero/,Enabled,Enabled,Enabled,Geo Millbrae Repair | Broad
SZ_Search_BayArea_ULTRA3000_Broad,Geo Milpitas Repair,sub zero appliance mechanic in milpitas,Broad,39.00,https://appliancepros.netlify.app/subzero/,Enabled,Enabled,Enabled,Geo Milpitas Repair | Broad
SZ_Search_BayArea_ULTRA3000_Broad,Geo MountainView Repair,sub zero appliance mechanic in mountain view,Broad,39.00,https://appliancepros.netlify.app/subzero/,Enabled,Enabled,Enabled,Geo MountainView Repair | Broad
SZ_Search_BayArea_ULTRA3000_Broad,Geo Novato Repair,sub zero appliance mechanic in novato,Broad,39.00,https://appliancepros.netlify.app/subzero/,Enabled,Enabled,Enabled,Geo Novato Repair | Broad
SZ_Search_BayArea_ULTRA3000_Broad,Geo Oakland Repair,sub zero appliance mechanic in oakland,Broad,39.00,https://appliancepros.netlify.app/subzero/,Enabled,Enabled,Enabled,Geo Oakland Repair | Broad
SZ_Search_BayArea_ULTRA3000_Broad,Geo PaloAlto Repair,sub zero appliance mechanic in palo alto,Broad,39.00,https://appliancepros.netlify.app/subzero/,Enabled,Enabled,Enabled,Geo PaloAlto Repair | Broad
SZ_Search_BayArea_ULTRA3000_Broad,Geo Pleasanton Repair,sub zero appliance mechanic in pleasanton,Broad,39.00,https://appliancepros.netlify.app/subzero/,Enabled,Enabled,Enabled,Geo Pleasanton Repair | Broad
SZ_Search_BayArea_ULTRA3000_Broad,Geo RedwoodCity Repair,sub zero appliance mechanic in redwood city,Broad,39.00,https://appliancepros.netlify.app/subzero/,Enabled,Enabled,Enabled,Geo RedwoodCity Repair | Broad
SZ_Search_BayArea_ULTRA3000_Broad,Geo Richmond Repair,sub zero appliance mechanic in richmond,Broad,39.00,https://appliancepros.netlify.app/subzero/,Enabled,Enabled,Enabled,Geo Richmond Repair | Broad
SZ_Search_BayArea_ULTRA3000_Broad,Geo SanBruno Repair,sub zero appliance mechanic in san bruno,Broad,39.00,https://appliancepros.netlify.app/subzero/,Enabled,Enabled,Enabled,Geo SanBruno Repair | Broad
SZ_Search_BayArea_ULTRA3000_Broad,Geo SanFrancisco Repair,sub zero appliance mechanic in san francisco,Broad,39.00,https://appliancepros.netlify.app/subzero/,Enabled,Enabled,Enabled,Geo SanFrancisco Repair | Broad
SZ_Search_BayArea_ULTRA3000_Broad,Geo SanJose Repair,sub zero appliance mechanic in san jose,Broad,39.00,https://appliancepros.netlify.app/subzero/,Enabled,Enabled,Enabled,Geo SanJose Repair | Broad
SZ_Search_BayArea_ULTRA3000_Broad,Geo SanLeandro Repair,sub zero appliance mechanic in san leandro,Broad,39.00,https://appliancepros.netlify.app/subzero/,Enabled,Enabled,Enabled,Geo SanLeandro Repair | Broad
SZ_Search_BayArea_ULTRA3000_Broad,Geo SanMateo Repair,sub zero appliance mechanic in san mateo,Broad,39.00,https://appliancepros.netlify.app/subzero/,Enabled,Enabled,Enabled,Geo SanMateo Repair | Broad
SZ_Search_BayArea_ULTRA3000_Broad,Geo SanRafael Repair,sub zero appliance mechanic in san rafael,Broad,39.00,https://appliancepros.netlify.app/subzero/,Enabled,Enabled,Enabled,Geo SanRafael Repair | Broad
SZ_Search_BayArea_ULTRA3000_Broad,Geo SantaClara Repair,sub zero appliance mechanic in santa clara,Broad,39.00,https://appliancepros.netlify.app/subzero/,Enabled,Enabled,Enabled,Geo SantaClara Repair | Broad
SZ_Search_BayArea_ULTRA3000_Broad,Geo Sunnyvale Repair,sub zero appliance mechanic in sunnyvale,Broad,39.00,https://appliancepros.netlify.app/subzero/,Enabled,Enabled,Enabled,Geo Sunnyvale Repair | Broad
SZ_Search_BayArea_ULTRA3000_Broad,Geo UnionCity Repair,sub zero appliance mechanic in union city,Broad,39.00,https://appliancepros.netlify.app/subzero/,Enabled,Enabled,Enabled,Geo UnionCity Repair | Broad
SZ_Search_BayArea_ULTRA3000_Broad,Geo WalnutCreek Repair,sub zero appliance mechanic in walnut creek,Broad,39.00,https://appliancepros.netlify.app/subzero/,Enabled,Enabled,Enabled,Geo WalnutCreek Repair | Broad
SZ_Search_BayArea_ULTRA3000_Broad,Core Technician,sub zero appliance mechanic local,Broad,35.00,https://appliancepros.netlify.app/subzero/,Enabled,Enabled,Enabled,Core Technician | Broad
SZ_Search_BayArea_ULTRA3000_Broad,Core Near Me,sub zero appliance mechanic near me,Broad,42.00,https://appliancepros.netlify.app/subzero/,Enabled,Enabled,Enabled,Core Near Me | Broad
SZ_Search_BayArea_ULTRA3000_Broad,Core Emergency,sub zero appliance mechanic same day,Broad,46.00,https://appliancepros.netlify.app/subzero/,Enabled,Enabled,Enabled,Core Emergency | Broad
SZ_Search_BayArea_ULTRA3000_Broad,Core Emergency,sub zero appliance mechanic today,Broad,46.00,https://appliancepros.netlify.app/subzero/,Enabled,Enabled,Enabled,Core Emergency | Broad
SZ_Search_BayArea_ULTRA3000_Broad,Core Technician,sub zero appliance mechanic trusted,Broad,35.00,https://appliancepros.netlify.app/subzero/,Enabled,Enabled,Enabled,Core Technician | Broad
SZ_Search_BayArea_ULTRA3000_Broad,Core Brand Repair,sub zero appliance noisy operation,Broad,35.00,https://appliancepros.netlify.app/subzero/,Enabled,Enabled,Enabled,Core Brand Repair | Broad
SZ_Search_BayArea_ULTRA3000_Broad,Geo Alameda Repair,sub zero appliance noisy operation in alameda,Broad,39.00,https://appliancepros.netlify.app/subzero/,Enabled,Enabled,Enabled,Geo Alameda Repair | Broad
SZ_Search_BayArea_ULTRA3000_Broad,Geo Berkeley Repair,sub zero appliance noisy operation in berkeley,Broad,39.00,https://appliancepros.netlify.app/subzero/,Enabled,Enabled,Enabled,Geo Berkeley Repair | Broad
SZ_Search_BayArea_ULTRA3000_Broad,Geo Cupertino Repair,sub zero appliance noisy operation in cupertino,Broad,39.00,https://appliancepros.netlify.app/subzero/,Enabled,Enabled,Enabled,Geo Cupertino Repair | Broad
SZ_Search_BayArea_ULTRA3000_Broad,Geo Fremont Repair,sub zero appliance noisy operation in fremont,Broad,39.00,https://appliancepros.netlify.app/subzero/,Enabled,Enabled,Enabled,Geo Fremont Repair | Broad
SZ_Search_BayArea_ULTRA3000_Broad,Geo Hayward Repair,sub zero appliance noisy operation in hayward,Broad,39.00,https://appliancepros.netlify.app/subzero/,Enabled,Enabled,Enabled,Geo Hayward Repair | Broad
SZ_Search_BayArea_ULTRA3000_Broad,Geo MountainView Repair,sub zero appliance noisy operation in mountain view,Broad,39.00,https://appliancepros.netlify.app/subzero/,Enabled,Enabled,Enabled,Geo MountainView Repair | Broad
SZ_Search_BayArea_ULTRA3000_Broad,Geo Oakland Repair,sub zero appliance noisy operation in oakland,Broad,39.00,https://appliancepros.netlify.app/subzero/,Enabled,Enabled,Enabled,Geo Oakland Repair | Broad
SZ_Search_BayArea_ULTRA3000_Broad,Geo PaloAlto Repair,sub zero appliance noisy operation in palo alto,Broad,39.00,https://appliancepros.netlify.app/subzero/,Enabled,Enabled,Enabled,Geo PaloAlto Repair | Broad
SZ_Search_BayArea_ULTRA3000_Broad,Geo Pleasanton Repair,sub zero appliance noisy operation in pleasanton,Broad,39.00,https://appliancepros.netlify.app/subzero/,Enabled,Enabled,Enabled,Geo Pleasanton Repair | Broad
SZ_Search_BayArea_ULTRA3000_Broad,Geo RedwoodCity Repair,sub zero appliance noisy operation in redwood city,Broad,39.00,https://appliancepros.netlify.app/subzero/,Enabled,Enabled,Enabled,Geo RedwoodCity Repair | Broad
SZ_Search_BayArea_ULTRA3000_Broad,Geo SanFrancisco Repair,sub zero appliance noisy operation in san francisco,Broad,39.00,https://appliancepros.netlify.app/subzero/,Enabled,Enabled,Enabled,Geo SanFrancisco Repair | Broad
SZ_Search_BayArea_ULTRA3000_Broad,Geo SanJose Repair,sub zero appliance noisy operation in san jose,Broad,39.00,https://appliancepros.netlify.app/subzero/,Enabled,Enabled,Enabled,Geo SanJose Repair | Broad
SZ_Search_BayArea_ULTRA3000_Broad,Geo SanLeandro Repair,sub zero appliance noisy operation in san leandro,Broad,39.00,https://appliancepros.netlify.app/subzero/,Enabled,Enabled,Enabled,Geo SanLeandro Repair | Broad
SZ_Search_BayArea_ULTRA3000_Broad,Geo SanMateo Repair,sub zero appliance noisy operation in san mateo,Broad,39.00,https://appliancepros.netlify.app/subzero/,Enabled,Enabled,Enabled,Geo SanMateo Repair | Broad
SZ_Search_BayArea_ULTRA3000_Broad,Geo SantaClara Repair,sub zero appliance noisy operation in santa clara,Broad,39.00,https://appliancepros.netlify.app/subzero/,Enabled,Enabled,Enabled,Geo SantaClara Repair | Broad
SZ_Search_BayArea_ULTRA3000_Broad,Geo Sunnyvale Repair,sub zero appliance noisy operation in sunnyvale,Broad,39.00,https://appliancepros.netlify.app/subzero/,Enabled,Enabled,Enabled,Geo Sunnyvale Repair | Broad
SZ_Search_BayArea_ULTRA3000_Broad,Geo UnionCity Repair,sub zero appliance noisy operation in union city,Broad,39.00,https://appliancepros.netlify.app/subzero/,Enabled,Enabled,Enabled,Geo UnionCity Repair | Broad
SZ_Search_BayArea_ULTRA3000_Broad,Geo WalnutCreek Repair,sub zero appliance noisy operation in walnut creek,Broad,39.00,https://appliancepros.netlify.app/subzero/,Enabled,Enabled,Enabled,Geo WalnutCreek Repair | Broad
SZ_Search_BayArea_ULTRA3000_Broad,Not Cooling Issues,sub zero appliance not cold,Broad,40.00,https://appliancepros.netlify.app/subzero/,Enabled,Enabled,Enabled,Not Cooling Issues | Broad
SZ_Search_BayArea_ULTRA3000_Broad,Geo Alameda Repair,sub zero appliance not cold in alameda,Broad,39.00,https://appliancepros.netlify.app/subzero/,Enabled,Enabled,Enabled,Geo Alameda Repair | Broad
SZ_Search_BayArea_ULTRA3000_Broad,Geo Berkeley Repair,sub zero appliance not cold in berkeley,Broad,39.00,https://appliancepros.netlify.app/subzero/,Enabled,Enabled,Enabled,Geo Berkeley Repair | Broad
SZ_Search_BayArea_ULTRA3000_Broad,Geo Cupertino Repair,sub zero appliance not cold in cupertino,Broad,39.00,https://appliancepros.netlify.app/subzero/,Enabled,Enabled,Enabled,Geo Cupertino Repair | Broad
SZ_Search_BayArea_ULTRA3000_Broad,Geo Fremont Repair,sub zero appliance not cold in fremont,Broad,39.00,https://appliancepros.netlify.app/subzero/,Enabled,Enabled,Enabled,Geo Fremont Repair | Broad
SZ_Search_BayArea_ULTRA3000_Broad,Geo Hayward Repair,sub zero appliance not cold in hayward,Broad,39.00,https://appliancepros.netlify.app/subzero/,Enabled,Enabled,Enabled,Geo Hayward Repair | Broad
SZ_Search_BayArea_ULTRA3000_Broad,Geo MountainView Repair,sub zero appliance not cold in mountain view,Broad,39.00,https://appliancepros.netlify.app/subzero/,Enabled,Enabled,Enabled,Geo MountainView Repair | Broad
SZ_Search_BayArea_ULTRA3000_Broad,Geo Oakland Repair,sub zero appliance not cold in oakland,Broad,39.00,https://appliancepros.netlify.app/subzero/,Enabled,Enabled,Enabled,Geo Oakland Repair | Broad
SZ_Search_BayArea_ULTRA3000_Broad,Geo PaloAlto Repair,sub zero appliance not cold in palo alto,Broad,39.00,https://appliancepros.netlify.app/subzero/,Enabled,Enabled,Enabled,Geo PaloAlto Repair | Broad
SZ_Search_BayArea_ULTRA3000_Broad,Geo Pleasanton Repair,sub zero appliance not cold in pleasanton,Broad,39.00,https://appliancepros.netlify.app/subzero/,Enabled,Enabled,Enabled,Geo Pleasanton Repair | Broad
SZ_Search_BayArea_ULTRA3000_Broad,Geo RedwoodCity Repair,sub zero appliance not cold in redwood city,Broad,39.00,https://appliancepros.netlify.app/subzero/,Enabled,Enabled,Enabled,Geo RedwoodCity Repair | Broad
SZ_Search_BayArea_ULTRA3000_Broad,Geo SanFrancisco Repair,sub zero appliance not cold in san francisco,Broad,39.00,https://appliancepros.netlify.app/subzero/,Enabled,Enabled,Enabled,Geo SanFrancisco Repair | Broad
SZ_Search_BayArea_ULTRA3000_Broad,Geo SanJose Repair,sub zero appliance not cold in san jose,Broad,39.00,https://appliancepros.netlify.app/subzero/,Enabled,Enabled,Enabled,Geo SanJose Repair | Broad
SZ_Search_BayArea_ULTRA3000_Broad,Geo SanLeandro Repair,sub zero appliance not cold in san leandro,Broad,39.00,https://appliancepros.netlify.app/subzero/,Enabled,Enabled,Enabled,Geo SanLeandro Repair | Broad
SZ_Search_BayArea_ULTRA3000_Broad,Geo SanMateo Repair,sub zero appliance not cold in san mateo,Broad,39.00,https://appliancepros.netlify.app/subzero/,Enabled,Enabled,Enabled,Geo SanMateo Repair | Broad
SZ_Search_BayArea_ULTRA3000_Broad,Geo SantaClara Repair,sub zero appliance not cold in santa clara,Broad,39.00,https://appliancepros.netlify.app/subzero/,Enabled,Enabled,Enabled,Geo SantaClara Repair | Broad
SZ_Search_BayArea_ULTRA3000_Broad,Geo Sunnyvale Repair,sub zero appliance not cold in sunnyvale,Broad,39.00,https://appliancepros.netlify.app/subzero/,Enabled,Enabled,Enabled,Geo Sunnyvale Repair | Broad
SZ_Search_BayArea_ULTRA3000_Broad,Geo UnionCity Repair,sub zero appliance not cold in union city,Broad,39.00,https://appliancepros.netlify.app/subzero/,Enabled,Enabled,Enabled,Geo UnionCity Repair | Broad
SZ_Search_BayArea_ULTRA3000_Broad,Geo WalnutCreek Repair,sub zero appliance not cold in walnut creek,Broad,39.00,https://appliancepros.netlify.app/subzero/,Enabled,Enabled,Enabled,Geo WalnutCreek Repair | Broad
SZ_Search_BayArea_ULTRA3000_Broad,Not Cooling Issues,sub zero appliance not cooling,Broad,40.00,https://appliancepros.netlify.app/subzero/,Enabled,Enabled,Enabled,Not Cooling Issues | Broad
SZ_Search_BayArea_ULTRA3000_Broad,Geo Alameda Repair,sub zero appliance not cooling in alameda,Broad,39.00,https://appliancepros.netlify.app/subzero/,Enabled,Enabled,Enabled,Geo Alameda Repair | Broad
SZ_Search_BayArea_ULTRA3000_Broad,Geo Berkeley Repair,sub zero appliance not cooling in berkeley,Broad,39.00,https://appliancepros.netlify.app/subzero/,Enabled,Enabled,Enabled,Geo Berkeley Repair | Broad
SZ_Search_BayArea_ULTRA3000_Broad,Geo Cupertino Repair,sub zero appliance not cooling in cupertino,Broad,39.00,https://appliancepros.netlify.app/subzero/,Enabled,Enabled,Enabled,Geo Cupertino Repair | Broad
SZ_Search_BayArea_ULTRA3000_Broad,Geo Fremont Repair,sub zero appliance not cooling in fremont,Broad,39.00,https://appliancepros.netlify.app/subzero/,Enabled,Enabled,Enabled,Geo Fremont Repair | Broad
SZ_Search_BayArea_ULTRA3000_Broad,Geo Hayward Repair,sub zero appliance not cooling in hayward,Broad,39.00,https://appliancepros.netlify.app/subzero/,Enabled,Enabled,Enabled,Geo Hayward Repair | Broad
SZ_Search_BayArea_ULTRA3000_Broad,Geo MountainView Repair,sub zero appliance not cooling in mountain view,Broad,39.00,https://appliancepros.netlify.app/subzero/,Enabled,Enabled,Enabled,Geo MountainView Repair | Broad
SZ_Search_BayArea_ULTRA3000_Broad,Geo Oakland Repair,sub zero appliance not cooling in oakland,Broad,39.00,https://appliancepros.netlify.app/subzero/,Enabled,Enabled,Enabled,Geo Oakland Repair | Broad
SZ_Search_BayArea_ULTRA3000_Broad,Geo PaloAlto Repair,sub zero appliance not cooling in palo alto,Broad,39.00,https://appliancepros.netlify.app/subzero/,Enabled,Enabled,Enabled,Geo PaloAlto Repair | Broad
SZ_Search_BayArea_ULTRA3000_Broad,Geo Pleasanton Repair,sub zero appliance not cooling in pleasanton,Broad,39.00,https://appliancepros.netlify.app/subzero/,Enabled,Enabled,Enabled,Geo Pleasanton Repair | Broad
SZ_Search_BayArea_ULTRA3000_Broad,Geo RedwoodCity Repair,sub zero appliance not cooling in redwood city,Broad,39.00,https://appliancepros.netlify.app/subzero/,Enabled,Enabled,Enabled,Geo RedwoodCity Repair | Broad
SZ_Search_BayArea_ULTRA3000_Broad,Geo SanFrancisco Repair,sub zero appliance not cooling in san francisco,Broad,39.00,https://appliancepros.netlify.app/subzero/,Enabled,Enabled,Enabled,Geo SanFrancisco Repair | Broad
SZ_Search_BayArea_ULTRA3000_Broad,Geo SanJose Repair,sub zero appliance not cooling in san jose,Broad,39.00,https://appliancepros.netlify.app/subzero/,Enabled,Enabled,Enabled,Geo SanJose Repair | Broad
SZ_Search_BayArea_ULTRA3000_Broad,Geo SanLeandro Repair,sub zero appliance not cooling in san leandro,Broad,39.00,https://appliancepros.netlify.app/subzero/,Enabled,Enabled,Enabled,Geo SanLeandro Repair | Broad
SZ_Search_BayArea_ULTRA3000_Broad,Geo SanMateo Repair,sub zero appliance not cooling in san mateo,Broad,39.00,https://appliancepros.netlify.app/subzero/,Enabled,Enabled,Enabled,Geo SanMateo Repair | Broad
SZ_Search_BayArea_ULTRA3000_Broad,Geo SantaClara Repair,sub zero appliance not cooling in santa clara,Broad,39.00,https://appliancepros.netlify.app/subzero/,Enabled,Enabled,Enabled,Geo SantaClara Repair | Broad
SZ_Search_BayArea_ULTRA3000_Broad,Geo Sunnyvale Repair,sub zero appliance not cooling in sunnyvale,Broad,39.00,https://appliancepros.netlify.app/subzero/,Enabled,Enabled,Enabled,Geo Sunnyvale Repair | Broad
SZ_Search_BayArea_ULTRA3000_Broad,Geo UnionCity Repair,sub zero appliance not cooling in union city,Broad,39.00,https://appliancepros.netlify.app/subzero/,Enabled,Enabled,Enabled,Geo UnionCity Repair | Broad
SZ_Search_BayArea_ULTRA3000_Broad,Geo WalnutCreek Repair,sub zero appliance not cooling in walnut creek,Broad,39.00,https://appliancepros.netlify.app/subzero/,Enabled,Enabled,Enabled,Geo WalnutCreek Repair | Broad
SZ_Search_BayArea_ULTRA3000_Broad,Not Freezing Issues,sub zero appliance not freezing,Broad,40.00,https://appliancepros.netlify.app/subzero/,Enabled,Enabled,Enabled,Not Freezing Issues | Broad
SZ_Search_BayArea_ULTRA3000_Broad,Geo Alameda Repair,sub zero appliance not freezing in alameda,Broad,39.00,https://appliancepros.netlify.app/subzero/,Enabled,Enabled,Enabled,Geo Alameda Repair | Broad
SZ_Search_BayArea_ULTRA3000_Broad,Geo Berkeley Repair,sub zero appliance not freezing in berkeley,Broad,39.00,https://appliancepros.netlify.app/subzero/,Enabled,Enabled,Enabled,Geo Berkeley Repair | Broad
SZ_Search_BayArea_ULTRA3000_Broad,Geo Cupertino Repair,sub zero appliance not freezing in cupertino,Broad,39.00,https://appliancepros.netlify.app/subzero/,Enabled,Enabled,Enabled,Geo Cupertino Repair | Broad
SZ_Search_BayArea_ULTRA3000_Broad,Geo Fremont Repair,sub zero appliance not freezing in fremont,Broad,39.00,https://appliancepros.netlify.app/subzero/,Enabled,Enabled,Enabled,Geo Fremont Repair | Broad
SZ_Search_BayArea_ULTRA3000_Broad,Geo Hayward Repair,sub zero appliance not freezing in hayward,Broad,39.00,https://appliancepros.netlify.app/subzero/,Enabled,Enabled,Enabled,Geo Hayward Repair | Broad
SZ_Search_BayArea_ULTRA3000_Broad,Geo MountainView Repair,sub zero appliance not freezing in mountain view,Broad,39.00,https://appliancepros.netlify.app/subzero/,Enabled,Enabled,Enabled,Geo MountainView Repair | Broad
SZ_Search_BayArea_ULTRA3000_Broad,Geo Oakland Repair,sub zero appliance not freezing in oakland,Broad,39.00,https://appliancepros.netlify.app/subzero/,Enabled,Enabled,Enabled,Geo Oakland Repair | Broad
SZ_Search_BayArea_ULTRA3000_Broad,Geo PaloAlto Repair,sub zero appliance not freezing in palo alto,Broad,39.00,https://appliancepros.netlify.app/subzero/,Enabled,Enabled,Enabled,Geo PaloAlto Repair | Broad
SZ_Search_BayArea_ULTRA3000_Broad,Geo Pleasanton Repair,sub zero appliance not freezing in pleasanton,Broad,39.00,https://appliancepros.netlify.app/subzero/,Enabled,Enabled,Enabled,Geo Pleasanton Repair | Broad
SZ_Search_BayArea_ULTRA3000_Broad,Geo RedwoodCity Repair,sub zero appliance not freezing in redwood city,Broad,39.00,https://appliancepros.netlify.app/subzero/,Enabled,Enabled,Enabled,Geo RedwoodCity Repair | Broad
SZ_Search_BayArea_ULTRA3000_Broad,Geo SanFrancisco Repair,sub zero appliance not freezing in san francisco,Broad,39.00,https://appliancepros.netlify.app/subzero/,Enabled,Enabled,Enabled,Geo SanFrancisco Repair | Broad
SZ_Search_BayArea_ULTRA3000_Broad,Geo SanJose Repair,sub zero appliance not freezing in san jose,Broad,39.00,https://appliancepros.netlify.app/subzero/,Enabled,Enabled,Enabled,Geo SanJose Repair | Broad
SZ_Search_BayArea_ULTRA3000_Broad,Geo SanLeandro Repair,sub zero appliance not freezing in san leandro,Broad,39.00,https://appliancepros.netlify.app/subzero/,Enabled,Enabled,Enabled,Geo SanLeandro Repair | Broad
SZ_Search_BayArea_ULTRA3000_Broad,Geo SanMateo Repair,sub zero appliance not freezing in san mateo,Broad,39.00,https://appliancepros.netlify.app/subzero/,Enabled,Enabled,Enabled,Geo SanMateo Repair | Broad
SZ_Search_BayArea_ULTRA3000_Broad,Geo SantaClara Repair,sub zero appliance not freezing in santa clara,Broad,39.00,https://appliancepros.netlify.app/subzero/,Enabled,Enabled,Enabled,Geo SantaClara Repair | Broad
SZ_Search_BayArea_ULTRA3000_Broad,Geo Sunnyvale Repair,sub zero appliance not freezing in sunnyvale,Broad,39.00,https://appliancepros.netlify.app/subzero/,Enabled,Enabled,Enabled,Geo Sunnyvale Repair | Broad
SZ_Search_BayArea_ULTRA3000_Broad,Geo UnionCity Repair,sub zero appliance not freezing in union city,Broad,39.00,https://appliancepros.netlify.app/subzero/,Enabled,Enabled,Enabled,Geo UnionCity Repair | Broad
SZ_Search_BayArea_ULTRA3000_Broad,Geo WalnutCreek Repair,sub zero appliance not freezing in walnut creek,Broad,39.00,https://appliancepros.netlify.app/subzero/,Enabled,Enabled,Enabled,Geo WalnutCreek Repair | Broad
SZ_Search_BayArea_ULTRA3000_Broad,Core Brand Repair,sub zero appliance not making ice,Broad,35.00,https://appliancepros.netlify.app/subzero/,Enabled,Enabled,Enabled,Core Brand Repair | Broad
SZ_Search_BayArea_ULTRA3000_Broad,Geo Alameda Repair,sub zero appliance not making ice in alameda,Broad,39.00,https://appliancepros.netlify.app/subzero/,Enabled,Enabled,Enabled,Geo Alameda Repair | Broad
SZ_Search_BayArea_ULTRA3000_Broad,Geo Berkeley Repair,sub zero appliance not making ice in berkeley,Broad,39.00,https://appliancepros.netlify.app/subzero/,Enabled,Enabled,Enabled,Geo Berkeley Repair | Broad
SZ_Search_BayArea_ULTRA3000_Broad,Geo Cupertino Repair,sub zero appliance not making ice in cupertino,Broad,39.00,https://appliancepros.netlify.app/subzero/,Enabled,Enabled,Enabled,Geo Cupertino Repair | Broad
SZ_Search_BayArea_ULTRA3000_Broad,Geo Fremont Repair,sub zero appliance not making ice in fremont,Broad,39.00,https://appliancepros.netlify.app/subzero/,Enabled,Enabled,Enabled,Geo Fremont Repair | Broad
SZ_Search_BayArea_ULTRA3000_Broad,Geo Hayward Repair,sub zero appliance not making ice in hayward,Broad,39.00,https://appliancepros.netlify.app/subzero/,Enabled,Enabled,Enabled,Geo Hayward Repair | Broad
SZ_Search_BayArea_ULTRA3000_Broad,Geo MountainView Repair,sub zero appliance not making ice in mountain view,Broad,39.00,https://appliancepros.netlify.app/subzero/,Enabled,Enabled,Enabled,Geo MountainView Repair | Broad
SZ_Search_BayArea_ULTRA3000_Broad,Geo Oakland Repair,sub zero appliance not making ice in oakland,Broad,39.00,https://appliancepros.netlify.app/subzero/,Enabled,Enabled,Enabled,Geo Oakland Repair | Broad
SZ_Search_BayArea_ULTRA3000_Broad,Geo PaloAlto Repair,sub zero appliance not making ice in palo alto,Broad,39.00,https://appliancepros.netlify.app/subzero/,Enabled,Enabled,Enabled,Geo PaloAlto Repair | Broad
SZ_Search_BayArea_ULTRA3000_Broad,Geo Pleasanton Repair,sub zero appliance not making ice in pleasanton,Broad,39.00,https://appliancepros.netlify.app/subzero/,Enabled,Enabled,Enabled,Geo Pleasanton Repair | Broad
SZ_Search_BayArea_ULTRA3000_Broad,Geo RedwoodCity Repair,sub zero appliance not making ice in redwood city,Broad,39.00,https://appliancepros.netlify.app/subzero/,Enabled,Enabled,Enabled,Geo RedwoodCity Repair | Broad
SZ_Search_BayArea_ULTRA3000_Broad,Geo SanFrancisco Repair,sub zero appliance not making ice in san francisco,Broad,39.00,https://appliancepros.netlify.app/subzero/,Enabled,Enabled,Enabled,Geo SanFrancisco Repair | Broad
SZ_Search_BayArea_ULTRA3000_Broad,Geo SanJose Repair,sub zero appliance not making ice in san jose,Broad,39.00,https://appliancepros.netlify.app/subzero/,Enabled,Enabled,Enabled,Geo SanJose Repair | Broad
SZ_Search_BayArea_ULTRA3000_Broad,Geo SanLeandro Repair,sub zero appliance not making ice in san leandro,Broad,39.00,https://appliancepros.netlify.app/subzero/,Enabled,Enabled,Enabled,Geo SanLeandro Repair | Broad
SZ_Search_BayArea_ULTRA3000_Broad,Geo SanMateo Repair,sub zero appliance not making ice in san mateo,Broad,39.00,https://appliancepros.netlify.app/subzero/,Enabled,Enabled,Enabled,Geo SanMateo Repair | Broad
SZ_Search_BayArea_ULTRA3000_Broad,Geo SantaClara Repair,sub zero appliance not making ice in santa clara,Broad,39.00,https://appliancepros.netlify.app/subzero/,Enabled,Enabled,Enabled,Geo SantaClara Repair | Broad
SZ_Search_BayArea_ULTRA3000_Broad,Geo Sunnyvale Repair,sub zero appliance not making ice in sunnyvale,Broad,39.00,https://appliancepros.netlify.app/subzero/,Enabled,Enabled,Enabled,Geo Sunnyvale Repair | Broad
SZ_Search_BayArea_ULTRA3000_Broad,Geo UnionCity Repair,sub zero appliance not making ice in union city,Broad,39.00,https://appliancepros.netlify.app/subzero/,Enabled,Enabled,Enabled,Geo UnionCity Repair | Broad
SZ_Search_BayArea_ULTRA3000_Broad,Geo WalnutCreek Repair,sub zero appliance not making ice in walnut creek,Broad,39.00,https://appliancepros.netlify.app/subzero/,Enabled,Enabled,Enabled,Geo WalnutCreek Repair | Broad
SZ_Search_BayArea_ULTRA3000_Broad,Not Working Issues,sub zero appliance not working,Broad,35.00,https://appliancepros.netlify.app/subzero/,Enabled,Enabled,Enabled,Not Working Issues | Broad
SZ_Search_BayArea_ULTRA3000_Broad,Geo Alameda Repair,sub zero appliance not working in alameda,Broad,39.00,https://appliancepros.netlify.app/subzero/,Enabled,Enabled,Enabled,Geo Alameda Repair | Broad
SZ_Search_BayArea_ULTRA3000_Broad,Geo Berkeley Repair,sub zero appliance not working in berkeley,Broad,39.00,https://appliancepros.netlify.app/subzero/,Enabled,Enabled,Enabled,Geo Berkeley Repair | Broad
SZ_Search_BayArea_ULTRA3000_Broad,Geo Cupertino Repair,sub zero appliance not working in cupertino,Broad,39.00,https://appliancepros.netlify.app/subzero/,Enabled,Enabled,Enabled,Geo Cupertino Repair | Broad
SZ_Search_BayArea_ULTRA3000_Broad,Geo Fremont Repair,sub zero appliance not working in fremont,Broad,39.00,https://appliancepros.netlify.app/subzero/,Enabled,Enabled,Enabled,Geo Fremont Repair | Broad
SZ_Search_BayArea_ULTRA3000_Broad,Geo Hayward Repair,sub zero appliance not working in hayward,Broad,39.00,https://appliancepros.netlify.app/subzero/,Enabled,Enabled,Enabled,Geo Hayward Repair | Broad
SZ_Search_BayArea_ULTRA3000_Broad,Geo MountainView Repair,sub zero appliance not working in mountain view,Broad,39.00,https://appliancepros.netlify.app/subzero/,Enabled,Enabled,Enabled,Geo MountainView Repair | Broad
SZ_Search_BayArea_ULTRA3000_Broad,Geo Oakland Repair,sub zero appliance not working in oakland,Broad,39.00,https://appliancepros.netlify.app/subzero/,Enabled,Enabled,Enabled,Geo Oakland Repair | Broad
SZ_Search_BayArea_ULTRA3000_Broad,Geo PaloAlto Repair,sub zero appliance not working in palo alto,Broad,39.00,https://appliancepros.netlify.app/subzero/,Enabled,Enabled,Enabled,Geo PaloAlto Repair | Broad
SZ_Search_BayArea_ULTRA3000_Broad,Geo Pleasanton Repair,sub zero appliance not working in pleasanton,Broad,39.00,https://appliancepros.netlify.app/subzero/,Enabled,Enabled,Enabled,Geo Pleasanton Repair | Broad
SZ_Search_BayArea_ULTRA3000_Broad,Geo RedwoodCity Repair,sub zero appliance not working in redwood city,Broad,39.00,https://appliancepros.netlify.app/subzero/,Enabled,Enabled,Enabled,Geo RedwoodCity Repair | Broad
SZ_Search_BayArea_ULTRA3000_Broad,Geo SanFrancisco Repair,sub zero appliance not working in san francisco,Broad,39.00,https://appliancepros.netlify.app/subzero/,Enabled,Enabled,Enabled,Geo SanFrancisco Repair | Broad
SZ_Search_BayArea_ULTRA3000_Broad,Geo SanJose Repair,sub zero appliance not working in san jose,Broad,39.00,https://appliancepros.netlify.app/subzero/,Enabled,Enabled,Enabled,Geo SanJose Repair | Broad
SZ_Search_BayArea_ULTRA3000_Broad,Geo SanLeandro Repair,sub zero appliance not working in san leandro,Broad,39.00,https://appliancepros.netlify.app/subzero/,Enabled,Enabled,Enabled,Geo SanLeandro Repair | Broad
SZ_Search_BayArea_ULTRA3000_Broad,Geo SanMateo Repair,sub zero appliance not working in san mateo,Broad,39.00,https://appliancepros.netlify.app/subzero/,Enabled,Enabled,Enabled,Geo SanMateo Repair | Broad
SZ_Search_BayArea_ULTRA3000_Broad,Geo SantaClara Repair,sub zero appliance not working in santa clara,Broad,39.00,https://appliancepros.netlify.app/subzero/,Enabled,Enabled,Enabled,Geo SantaClara Repair | Broad
SZ_Search_BayArea_ULTRA3000_Broad,Geo Sunnyvale Repair,sub zero appliance not working in sunnyvale,Broad,39.00,https://appliancepros.netlify.app/subzero/,Enabled,Enabled,Enabled,Geo Sunnyvale Repair | Broad
SZ_Search_BayArea_ULTRA3000_Broad,Geo UnionCity Repair,sub zero appliance not working in union city,Broad,39.00,https://appliancepros.netlify.app/subzero/,Enabled,Enabled,Enabled,Geo UnionCity Repair | Broad
SZ_Search_BayArea_ULTRA3000_Broad,Geo WalnutCreek Repair,sub zero appliance not working in walnut creek,Broad,39.00,https://appliancepros.netlify.app/subzero/,Enabled,Enabled,Enabled,Geo WalnutCreek Repair | Broad
SZ_Search_BayArea_ULTRA3000_Broad,Core Emergency,sub zero appliance repair 24 hour,Broad,46.00,https://appliancepros.netlify.app/subzero/,Enabled,Enabled,Enabled,Core Emergency | Broad
SZ_Search_BayArea_ULTRA3000_Broad,Core Brand Repair,sub zero appliance repair affordable,Broad,35.00,https://appliancepros.netlify.app/subzero/,Enabled,Enabled,Enabled,Core Brand Repair | Broad
SZ_Search_BayArea_ULTRA3000_Broad,Core Brand Repair,sub zero appliance repair bay area,Broad,35.00,https://appliancepros.netlify.app/subzero/,Enabled,Enabled,Enabled,Core Brand Repair | Broad
SZ_Search_BayArea_ULTRA3000_Broad,Core Brand Repair,sub zero appliance repair best,Broad,35.00,https://appliancepros.netlify.app/subzero/,Enabled,Enabled,Enabled,Core Brand Repair | Broad
SZ_Search_BayArea_ULTRA3000_Broad,Core Emergency,sub zero appliance repair emergency,Broad,46.00,https://appliancepros.netlify.app/subzero/,Enabled,Enabled,Enabled,Core Emergency | Broad
SZ_Search_BayArea_ULTRA3000_Broad,Core Brand Repair,sub zero appliance repair fast,Broad,35.00,https://appliancepros.netlify.app/subzero/,Enabled,Enabled,Enabled,Core Brand Repair | Broad
SZ_Search_BayArea_ULTRA3000_Broad,Core Brand Repair,sub zero appliance repair local,Broad,35.00,https://appliancepros.netlify.app/subzero/,Enabled,Enabled,Enabled,Core Brand Repair | Broad
SZ_Search_BayArea_ULTRA3000_Broad,Core Emergency,sub zero appliance repair same day,Broad,46.00,https://appliancepros.netlify.app/subzero/,Enabled,Enabled,Enabled,Core Emergency | Broad
SZ_Search_BayArea_ULTRA3000_Broad,Core Emergency,sub zero appliance repair today,Broad,46.00,https://appliancepros.netlify.app/subzero/,Enabled,Enabled,Enabled,Core Emergency | Broad
SZ_Search_BayArea_ULTRA3000_Broad,Core Brand Repair,sub zero appliance repair trusted,Broad,35.00,https://appliancepros.netlify.app/subzero/,Enabled,Enabled,Enabled,Core Brand Repair | Broad
SZ_Search_BayArea_ULTRA3000_Broad,Core Technician,sub zero appliance repairman,Broad,35.00,https://appliancepros.netlify.app/subzero/,Enabled,Enabled,Enabled,Core Technician | Broad
SZ_Search_BayArea_ULTRA3000_Broad,Core Emergency,sub zero appliance repairman 24 hour,Broad,46.00,https://appliancepros.netlify.app/subzero/,Enabled,Enabled,Enabled,Core Emergency | Broad
SZ_Search_BayArea_ULTRA3000_Broad,Core Technician,sub zero appliance repairman affordable,Broad,35.00,https://appliancepros.netlify.app/subzero/,Enabled,Enabled,Enabled,Core Technician | Broad
SZ_Search_BayArea_ULTRA3000_Broad,Core Technician,sub zero appliance repairman bay area,Broad,35.00,https://appliancepros.netlify.app/subzero/,Enabled,Enabled,Enabled,Core Technician | Broad
SZ_Search_BayArea_ULTRA3000_Broad,Core Technician,sub zero appliance repairman best,Broad,35.00,https://appliancepros.netlify.app/subzero/,Enabled,Enabled,Enabled,Core Technician | Broad
SZ_Search_BayArea_ULTRA3000_Broad,Core Emergency,sub zero appliance repairman emergency,Broad,46.00,https://appliancepros.netlify.app/subzero/,Enabled,Enabled,Enabled,Core Emergency | Broad
SZ_Search_BayArea_ULTRA3000_Broad,Core Technician,sub zero appliance repairman fast,Broad,35.00,https://appliancepros.netlify.app/subzero/,Enabled,Enabled,Enabled,Core Technician | Broad
SZ_Search_BayArea_ULTRA3000_Broad,Geo Alameda Repair,sub zero appliance repairman in alameda,Broad,39.00,https://appliancepros.netlify.app/subzero/,Enabled,Enabled,Enabled,Geo Alameda Repair | Broad
SZ_Search_BayArea_ULTRA3000_Broad,Geo Belmont Repair,sub zero appliance repairman in belmont,Broad,39.00,https://appliancepros.netlify.app/subzero/,Enabled,Enabled,Enabled,Geo Belmont Repair | Broad
SZ_Search_BayArea_ULTRA3000_Broad,Geo Berkeley Repair,sub zero appliance repairman in berkeley,Broad,39.00,https://appliancepros.netlify.app/subzero/,Enabled,Enabled,Enabled,Geo Berkeley Repair | Broad
SZ_Search_BayArea_ULTRA3000_Broad,Geo Burlingame Repair,sub zero appliance repairman in burlingame,Broad,39.00,https://appliancepros.netlify.app/subzero/,Enabled,Enabled,Enabled,Geo Burlingame Repair | Broad
SZ_Search_BayArea_ULTRA3000_Broad,Geo Campbell Repair,sub zero appliance repairman in campbell,Broad,39.00,https://appliancepros.netlify.app/subzero/,Enabled,Enabled,Enabled,Geo Campbell Repair | Broad
SZ_Search_BayArea_ULTRA3000_Broad,Geo CastroValley Repair,sub zero appliance repairman in castro valley,Broad,39.00,https://appliancepros.netlify.app/subzero/,Enabled,Enabled,Enabled,Geo CastroValley Repair | Broad
SZ_Search_BayArea_ULTRA3000_Broad,Geo Concord Repair,sub zero appliance repairman in concord,Broad,39.00,https://appliancepros.netlify.app/subzero/,Enabled,Enabled,Enabled,Geo Concord Repair | Broad
SZ_Search_BayArea_ULTRA3000_Broad,Geo Cupertino Repair,sub zero appliance repairman in cupertino,Broad,39.00,https://appliancepros.netlify.app/subzero/,Enabled,Enabled,Enabled,Geo Cupertino Repair | Broad
SZ_Search_BayArea_ULTRA3000_Broad,Geo DalyCity Repair,sub zero appliance repairman in daly city,Broad,39.00,https://appliancepros.netlify.app/subzero/,Enabled,Enabled,Enabled,Geo DalyCity Repair | Broad
SZ_Search_BayArea_ULTRA3000_Broad,Geo Emeryville Repair,sub zero appliance repairman in emeryville,Broad,39.00,https://appliancepros.netlify.app/subzero/,Enabled,Enabled,Enabled,Geo Emeryville Repair | Broad
SZ_Search_BayArea_ULTRA3000_Broad,Geo FosterCity Repair,sub zero appliance repairman in foster city,Broad,39.00,https://appliancepros.netlify.app/subzero/,Enabled,Enabled,Enabled,Geo FosterCity Repair | Broad
SZ_Search_BayArea_ULTRA3000_Broad,Geo Fremont Repair,sub zero appliance repairman in fremont,Broad,39.00,https://appliancepros.netlify.app/subzero/,Enabled,Enabled,Enabled,Geo Fremont Repair | Broad
SZ_Search_BayArea_ULTRA3000_Broad,Geo Hayward Repair,sub zero appliance repairman in hayward,Broad,39.00,https://appliancepros.netlify.app/subzero/,Enabled,Enabled,Enabled,Geo Hayward Repair | Broad
SZ_Search_BayArea_ULTRA3000_Broad,Geo Livermore Repair,sub zero appliance repairman in livermore,Broad,39.00,https://appliancepros.netlify.app/subzero/,Enabled,Enabled,Enabled,Geo Livermore Repair | Broad
SZ_Search_BayArea_ULTRA3000_Broad,Geo LosAltos Repair,sub zero appliance repairman in los altos,Broad,39.00,https://appliancepros.netlify.app/subzero/,Enabled,Enabled,Enabled,Geo LosAltos Repair | Broad
SZ_Search_BayArea_ULTRA3000_Broad,Geo LosGatos Repair,sub zero appliance repairman in los gatos,Broad,39.00,https://appliancepros.netlify.app/subzero/,Enabled,Enabled,Enabled,Geo LosGatos Repair | Broad
SZ_Search_BayArea_ULTRA3000_Broad,Geo MenloPark Repair,sub zero appliance repairman in menlo park,Broad,39.00,https://appliancepros.netlify.app/subzero/,Enabled,Enabled,Enabled,Geo MenloPark Repair | Broad
SZ_Search_BayArea_ULTRA3000_Broad,Geo Millbrae Repair,sub zero appliance repairman in millbrae,Broad,39.00,https://appliancepros.netlify.app/subzero/,Enabled,Enabled,Enabled,Geo Millbrae Repair | Broad
SZ_Search_BayArea_ULTRA3000_Broad,Geo Milpitas Repair,sub zero appliance repairman in milpitas,Broad,39.00,https://appliancepros.netlify.app/subzero/,Enabled,Enabled,Enabled,Geo Milpitas Repair | Broad
SZ_Search_BayArea_ULTRA3000_Broad,Geo MountainView Repair,sub zero appliance repairman in mountain view,Broad,39.00,https://appliancepros.netlify.app/subzero/,Enabled,Enabled,Enabled,Geo MountainView Repair | Broad
SZ_Search_BayArea_ULTRA3000_Broad,Geo Novato Repair,sub zero appliance repairman in novato,Broad,39.00,https://appliancepros.netlify.app/subzero/,Enabled,Enabled,Enabled,Geo Novato Repair | Broad
SZ_Search_BayArea_ULTRA3000_Broad,Geo Oakland Repair,sub zero appliance repairman in oakland,Broad,39.00,https://appliancepros.netlify.app/subzero/,Enabled,Enabled,Enabled,Geo Oakland Repair | Broad
SZ_Search_BayArea_ULTRA3000_Broad,Geo PaloAlto Repair,sub zero appliance repairman in palo alto,Broad,39.00,https://appliancepros.netlify.app/subzero/,Enabled,Enabled,Enabled,Geo PaloAlto Repair | Broad
SZ_Search_BayArea_ULTRA3000_Broad,Geo Pleasanton Repair,sub zero appliance repairman in pleasanton,Broad,39.00,https://appliancepros.netlify.app/subzero/,Enabled,Enabled,Enabled,Geo Pleasanton Repair | Broad
SZ_Search_BayArea_ULTRA3000_Broad,Geo RedwoodCity Repair,sub zero appliance repairman in redwood city,Broad,39.00,https://appliancepros.netlify.app/subzero/,Enabled,Enabled,Enabled,Geo RedwoodCity Repair | Broad
SZ_Search_BayArea_ULTRA3000_Broad,Geo Richmond Repair,sub zero appliance repairman in richmond,Broad,39.00,https://appliancepros.netlify.app/subzero/,Enabled,Enabled,Enabled,Geo Richmond Repair | Broad
SZ_Search_BayArea_ULTRA3000_Broad,Geo SanBruno Repair,sub zero appliance repairman in san bruno,Broad,39.00,https://appliancepros.netlify.app/subzero/,Enabled,Enabled,Enabled,Geo SanBruno Repair | Broad
SZ_Search_BayArea_ULTRA3000_Broad,Geo SanFrancisco Repair,sub zero appliance repairman in san francisco,Broad,39.00,https://appliancepros.netlify.app/subzero/,Enabled,Enabled,Enabled,Geo SanFrancisco Repair | Broad
SZ_Search_BayArea_ULTRA3000_Broad,Geo SanJose Repair,sub zero appliance repairman in san jose,Broad,39.00,https://appliancepros.netlify.app/subzero/,Enabled,Enabled,Enabled,Geo SanJose Repair | Broad
SZ_Search_BayArea_ULTRA3000_Broad,Geo SanLeandro Repair,sub zero appliance repairman in san leandro,Broad,39.00,https://appliancepros.netlify.app/subzero/,Enabled,Enabled,Enabled,Geo SanLeandro Repair | Broad
SZ_Search_BayArea_ULTRA3000_Broad,Geo SanMateo Repair,sub zero appliance repairman in san mateo,Broad,39.00,https://appliancepros.netlify.app/subzero/,Enabled,Enabled,Enabled,Geo SanMateo Repair | Broad
SZ_Search_BayArea_ULTRA3000_Broad,Geo SanRafael Repair,sub zero appliance repairman in san rafael,Broad,39.00,https://appliancepros.netlify.app/subzero/,Enabled,Enabled,Enabled,Geo SanRafael Repair | Broad
SZ_Search_BayArea_ULTRA3000_Broad,Geo SantaClara Repair,sub zero appliance repairman in santa clara,Broad,39.00,https://appliancepros.netlify.app/subzero/,Enabled,Enabled,Enabled,Geo SantaClara Repair | Broad
SZ_Search_BayArea_ULTRA3000_Broad,Geo Sunnyvale Repair,sub zero appliance repairman in sunnyvale,Broad,39.00,https://appliancepros.netlify.app/subzero/,Enabled,Enabled,Enabled,Geo Sunnyvale Repair | Broad
SZ_Search_BayArea_ULTRA3000_Broad,Geo UnionCity Repair,sub zero appliance repairman in union city,Broad,39.00,https://appliancepros.netlify.app/subzero/,Enabled,Enabled,Enabled,Geo UnionCity Repair | Broad
SZ_Search_BayArea_ULTRA3000_Broad,Geo WalnutCreek Repair,sub zero appliance repairman in walnut creek,Broad,39.00,https://appliancepros.netlify.app/subzero/,Enabled,Enabled,Enabled,Geo WalnutCreek Repair | Broad
SZ_Search_BayArea_ULTRA3000_Broad,Core Technician,sub zero appliance repairman local,Broad,35.00,https://appliancepros.netlify.app/subzero/,Enabled,Enabled,Enabled,Core Technician | Broad
SZ_Search_BayArea_ULTRA3000_Broad,Core Emergency,sub zero appliance repairman same day,Broad,46.00,https://appliancepros.netlify.app/subzero/,Enabled,Enabled,Enabled,Core Emergency | Broad
SZ_Search_BayArea_ULTRA3000_Broad,Core Emergency,sub zero appliance repairman today,Broad,46.00,https://appliancepros.netlify.app/subzero/,Enabled,Enabled,Enabled,Core Emergency | Broad
SZ_Search_BayArea_ULTRA3000_Broad,Core Technician,sub zero appliance repairman trusted,Broad,35.00,https://appliancepros.netlify.app/subzero/,Enabled,Enabled,Enabled,Core Technician | Broad
SZ_Search_BayArea_ULTRA3000_Broad,Core Emergency,sub zero appliance service 24 hour,Broad,46.00,https://appliancepros.netlify.app/subzero/,Enabled,Enabled,Enabled,Core Emergency | Broad
SZ_Search_BayArea_ULTRA3000_Broad,Core Brand Service,sub zero appliance service affordable,Broad,33.00,https://appliancepros.netlify.app/subzero/,Enabled,Enabled,Enabled,Core Brand Service | Broad
SZ_Search_BayArea_ULTRA3000_Broad,Core Brand Service,sub zero appliance service bay area,Broad,33.00,https://appliancepros.netlify.app/subzero/,Enabled,Enabled,Enabled,Core Brand Service | Broad
SZ_Search_BayArea_ULTRA3000_Broad,Core Brand Service,sub zero appliance service best,Broad,33.00,https://appliancepros.netlify.app/subzero/,Enabled,Enabled,Enabled,Core Brand Service | Broad
SZ_Search_BayArea_ULTRA3000_Broad,Core Emergency,sub zero appliance service emergency,Broad,46.00,https://appliancepros.netlify.app/subzero/,Enabled,Enabled,Enabled,Core Emergency | Broad
SZ_Search_BayArea_ULTRA3000_Broad,Core Brand Service,sub zero appliance service fast,Broad,33.00,https://appliancepros.netlify.app/subzero/,Enabled,Enabled,Enabled,Core Brand Service | Broad
SZ_Search_BayArea_ULTRA3000_Broad,Geo Alameda Repair,sub zero appliance service in alameda,Broad,39.00,https://appliancepros.netlify.app/subzero/,Enabled,Enabled,Enabled,Geo Alameda Repair | Broad
SZ_Search_BayArea_ULTRA3000_Broad,Geo Belmont Repair,sub zero appliance service in belmont,Broad,39.00,https://appliancepros.netlify.app/subzero/,Enabled,Enabled,Enabled,Geo Belmont Repair | Broad
SZ_Search_BayArea_ULTRA3000_Broad,Geo Berkeley Repair,sub zero appliance service in berkeley,Broad,39.00,https://appliancepros.netlify.app/subzero/,Enabled,Enabled,Enabled,Geo Berkeley Repair | Broad
SZ_Search_BayArea_ULTRA3000_Broad,Geo Burlingame Repair,sub zero appliance service in burlingame,Broad,39.00,https://appliancepros.netlify.app/subzero/,Enabled,Enabled,Enabled,Geo Burlingame Repair | Broad
SZ_Search_BayArea_ULTRA3000_Broad,Geo Campbell Repair,sub zero appliance service in campbell,Broad,39.00,https://appliancepros.netlify.app/subzero/,Enabled,Enabled,Enabled,Geo Campbell Repair | Broad
SZ_Search_BayArea_ULTRA3000_Broad,Geo CastroValley Repair,sub zero appliance service in castro valley,Broad,39.00,https://appliancepros.netlify.app/subzero/,Enabled,Enabled,Enabled,Geo CastroValley Repair | Broad
SZ_Search_BayArea_ULTRA3000_Broad,Geo Concord Repair,sub zero appliance service in concord,Broad,39.00,https://appliancepros.netlify.app/subzero/,Enabled,Enabled,Enabled,Geo Concord Repair | Broad
SZ_Search_BayArea_ULTRA3000_Broad,Geo Cupertino Repair,sub zero appliance service in cupertino,Broad,39.00,https://appliancepros.netlify.app/subzero/,Enabled,Enabled,Enabled,Geo Cupertino Repair | Broad
SZ_Search_BayArea_ULTRA3000_Broad,Geo DalyCity Repair,sub zero appliance service in daly city,Broad,39.00,https://appliancepros.netlify.app/subzero/,Enabled,Enabled,Enabled,Geo DalyCity Repair | Broad
SZ_Search_BayArea_ULTRA3000_Broad,Geo Emeryville Repair,sub zero appliance service in emeryville,Broad,39.00,https://appliancepros.netlify.app/subzero/,Enabled,Enabled,Enabled,Geo Emeryville Repair | Broad
SZ_Search_BayArea_ULTRA3000_Broad,Geo FosterCity Repair,sub zero appliance service in foster city,Broad,39.00,https://appliancepros.netlify.app/subzero/,Enabled,Enabled,Enabled,Geo FosterCity Repair | Broad
SZ_Search_BayArea_ULTRA3000_Broad,Geo Fremont Repair,sub zero appliance service in fremont,Broad,39.00,https://appliancepros.netlify.app/subzero/,Enabled,Enabled,Enabled,Geo Fremont Repair | Broad
SZ_Search_BayArea_ULTRA3000_Broad,Geo Hayward Repair,sub zero appliance service in hayward,Broad,39.00,https://appliancepros.netlify.app/subzero/,Enabled,Enabled,Enabled,Geo Hayward Repair | Broad
SZ_Search_BayArea_ULTRA3000_Broad,Geo Livermore Repair,sub zero appliance service in livermore,Broad,39.00,https://appliancepros.netlify.app/subzero/,Enabled,Enabled,Enabled,Geo Livermore Repair | Broad
SZ_Search_BayArea_ULTRA3000_Broad,Geo LosAltos Repair,sub zero appliance service in los altos,Broad,39.00,https://appliancepros.netlify.app/subzero/,Enabled,Enabled,Enabled,Geo LosAltos Repair | Broad
SZ_Search_BayArea_ULTRA3000_Broad,Geo LosGatos Repair,sub zero appliance service in los gatos,Broad,39.00,https://appliancepros.netlify.app/subzero/,Enabled,Enabled,Enabled,Geo LosGatos Repair | Broad
SZ_Search_BayArea_ULTRA3000_Broad,Geo MenloPark Repair,sub zero appliance service in menlo park,Broad,39.00,https://appliancepros.netlify.app/subzero/,Enabled,Enabled,Enabled,Geo MenloPark Repair | Broad
SZ_Search_BayArea_ULTRA3000_Broad,Geo Millbrae Repair,sub zero appliance service in millbrae,Broad,39.00,https://appliancepros.netlify.app/subzero/,Enabled,Enabled,Enabled,Geo Millbrae Repair | Broad
SZ_Search_BayArea_ULTRA3000_Broad,Geo Milpitas Repair,sub zero appliance service in milpitas,Broad,39.00,https://appliancepros.netlify.app/subzero/,Enabled,Enabled,Enabled,Geo Milpitas Repair | Broad
SZ_Search_BayArea_ULTRA3000_Broad,Geo MountainView Repair,sub zero appliance service in mountain view,Broad,39.00,https://appliancepros.netlify.app/subzero/,Enabled,Enabled,Enabled,Geo MountainView Repair | Broad
SZ_Search_BayArea_ULTRA3000_Broad,Geo Novato Repair,sub zero appliance service in novato,Broad,39.00,https://appliancepros.netlify.app/subzero/,Enabled,Enabled,Enabled,Geo Novato Repair | Broad
SZ_Search_BayArea_ULTRA3000_Broad,Geo Oakland Repair,sub zero appliance service in oakland,Broad,39.00,https://appliancepros.netlify.app/subzero/,Enabled,Enabled,Enabled,Geo Oakland Repair | Broad
SZ_Search_BayArea_ULTRA3000_Broad,Geo PaloAlto Repair,sub zero appliance service in palo alto,Broad,39.00,https://appliancepros.netlify.app/subzero/,Enabled,Enabled,Enabled,Geo PaloAlto Repair | Broad
SZ_Search_BayArea_ULTRA3000_Broad,Geo Pleasanton Repair,sub zero appliance service in pleasanton,Broad,39.00,https://appliancepros.netlify.app/subzero/,Enabled,Enabled,Enabled,Geo Pleasanton Repair | Broad
SZ_Search_BayArea_ULTRA3000_Broad,Geo RedwoodCity Repair,sub zero appliance service in redwood city,Broad,39.00,https://appliancepros.netlify.app/subzero/,Enabled,Enabled,Enabled,Geo RedwoodCity Repair | Broad
SZ_Search_BayArea_ULTRA3000_Broad,Geo Richmond Repair,sub zero appliance service in richmond,Broad,39.00,https://appliancepros.netlify.app/subzero/,Enabled,Enabled,Enabled,Geo Richmond Repair | Broad
SZ_Search_BayArea_ULTRA3000_Broad,Geo SanBruno Repair,sub zero appliance service in san bruno,Broad,39.00,https://appliancepros.netlify.app/subzero/,Enabled,Enabled,Enabled,Geo SanBruno Repair | Broad
SZ_Search_BayArea_ULTRA3000_Broad,Geo SanFrancisco Repair,sub zero appliance service in san francisco,Broad,39.00,https://appliancepros.netlify.app/subzero/,Enabled,Enabled,Enabled,Geo SanFrancisco Repair | Broad
SZ_Search_BayArea_ULTRA3000_Broad,Geo SanJose Repair,sub zero appliance service in san jose,Broad,39.00,https://appliancepros.netlify.app/subzero/,Enabled,Enabled,Enabled,Geo SanJose Repair | Broad
SZ_Search_BayArea_ULTRA3000_Broad,Geo SanLeandro Repair,sub zero appliance service in san leandro,Broad,39.00,https://appliancepros.netlify.app/subzero/,Enabled,Enabled,Enabled,Geo SanLeandro Repair | Broad
SZ_Search_BayArea_ULTRA3000_Broad,Geo SanMateo Repair,sub zero appliance service in san mateo,Broad,39.00,https://appliancepros.netlify.app/subzero/,Enabled,Enabled,Enabled,Geo SanMateo Repair | Broad
SZ_Search_BayArea_ULTRA3000_Broad,Geo SanRafael Repair,sub zero appliance service in san rafael,Broad,39.00,https://appliancepros.netlify.app/subzero/,Enabled,Enabled,Enabled,Geo SanRafael Repair | Broad
SZ_Search_BayArea_ULTRA3000_Broad,Geo SantaClara Repair,sub zero appliance service in santa clara,Broad,39.00,https://appliancepros.netlify.app/subzero/,Enabled,Enabled,Enabled,Geo SantaClara Repair | Broad
SZ_Search_BayArea_ULTRA3000_Broad,Geo Sunnyvale Repair,sub zero appliance service in sunnyvale,Broad,39.00,https://appliancepros.netlify.app/subzero/,Enabled,Enabled,Enabled,Geo Sunnyvale Repair | Broad
SZ_Search_BayArea_ULTRA3000_Broad,Geo UnionCity Repair,sub zero appliance service in union city,Broad,39.00,https://appliancepros.netlify.app/subzero/,Enabled,Enabled,Enabled,Geo UnionCity Repair | Broad
SZ_Search_BayArea_ULTRA3000_Broad,Geo WalnutCreek Repair,sub zero appliance service in walnut creek,Broad,39.00,https://appliancepros.netlify.app/subzero/,Enabled,Enabled,Enabled,Geo WalnutCreek Repair | Broad
SZ_Search_BayArea_ULTRA3000_Broad,Core Brand Service,sub zero appliance service local,Broad,33.00,https://appliancepros.netlify.app/subzero/,Enabled,Enabled,Enabled,Core Brand Service | Broad
SZ_Search_BayArea_ULTRA3000_Broad,Core Emergency,sub zero appliance service same day,Broad,46.00,https://appliancepros.netlify.app/subzero/,Enabled,Enabled,Enabled,Core Emergency | Broad
SZ_Search_BayArea_ULTRA3000_Broad,Core Emergency,sub zero appliance service today,Broad,46.00,https://appliancepros.netlify.app/subzero/,Enabled,Enabled,Enabled,Core Emergency | Broad
SZ_Search_BayArea_ULTRA3000_Broad,Core Brand Service,sub zero appliance service trusted,Broad,33.00,https://appliancepros.netlify.app/subzero/,Enabled,Enabled,Enabled,Core Brand Service | Broad
SZ_Search_BayArea_ULTRA3000_Broad,Not Working Issues,sub zero appliance stopped working,Broad,35.00,https://appliancepros.netlify.app/subzero/,Enabled,Enabled,Enabled,Not Working Issues | Broad
SZ_Search_BayArea_ULTRA3000_Broad,Geo Alameda Repair,sub zero appliance stopped working in alameda,Broad,39.00,https://appliancepros.netlify.app/subzero/,Enabled,Enabled,Enabled,Geo Alameda Repair | Broad
SZ_Search_BayArea_ULTRA3000_Broad,Geo Berkeley Repair,sub zero appliance stopped working in berkeley,Broad,39.00,https://appliancepros.netlify.app/subzero/,Enabled,Enabled,Enabled,Geo Berkeley Repair | Broad
SZ_Search_BayArea_ULTRA3000_Broad,Geo Cupertino Repair,sub zero appliance stopped working in cupertino,Broad,39.00,https://appliancepros.netlify.app/subzero/,Enabled,Enabled,Enabled,Geo Cupertino Repair | Broad
SZ_Search_BayArea_ULTRA3000_Broad,Geo Fremont Repair,sub zero appliance stopped working in fremont,Broad,39.00,https://appliancepros.netlify.app/subzero/,Enabled,Enabled,Enabled,Geo Fremont Repair | Broad
SZ_Search_BayArea_ULTRA3000_Broad,Geo Hayward Repair,sub zero appliance stopped working in hayward,Broad,39.00,https://appliancepros.netlify.app/subzero/,Enabled,Enabled,Enabled,Geo Hayward Repair | Broad
SZ_Search_BayArea_ULTRA3000_Broad,Geo MountainView Repair,sub zero appliance stopped working in mountain view,Broad,39.00,https://appliancepros.netlify.app/subzero/,Enabled,Enabled,Enabled,Geo MountainView Repair | Broad
SZ_Search_BayArea_ULTRA3000_Broad,Geo Oakland Repair,sub zero appliance stopped working in oakland,Broad,39.00,https://appliancepros.netlify.app/subzero/,Enabled,Enabled,Enabled,Geo Oakland Repair | Broad
SZ_Search_BayArea_ULTRA3000_Broad,Geo PaloAlto Repair,sub zero appliance stopped working in palo alto,Broad,39.00,https://appliancepros.netlify.app/subzero/,Enabled,Enabled,Enabled,Geo PaloAlto Repair | Broad
SZ_Search_BayArea_ULTRA3000_Broad,Geo Pleasanton Repair,sub zero appliance stopped working in pleasanton,Broad,39.00,https://appliancepros.netlify.app/subzero/,Enabled,Enabled,Enabled,Geo Pleasanton Repair | Broad
SZ_Search_BayArea_ULTRA3000_Broad,Geo RedwoodCity Repair,sub zero appliance stopped working in redwood city,Broad,39.00,https://appliancepros.netlify.app/subzero/,Enabled,Enabled,Enabled,Geo RedwoodCity Repair | Broad
SZ_Search_BayArea_ULTRA3000_Broad,Geo SanFrancisco Repair,sub zero appliance stopped working in san francisco,Broad,39.00,https://appliancepros.netlify.app/subzero/,Enabled,Enabled,Enabled,Geo SanFrancisco Repair | Broad
SZ_Search_BayArea_ULTRA3000_Broad,Geo SanJose Repair,sub zero appliance stopped working in san jose,Broad,39.00,https://appliancepros.netlify.app/subzero/,Enabled,Enabled,Enabled,Geo SanJose Repair | Broad
SZ_Search_BayArea_ULTRA3000_Broad,Geo SanLeandro Repair,sub zero appliance stopped working in san leandro,Broad,39.00,https://appliancepros.netlify.app/subzero/,Enabled,Enabled,Enabled,Geo SanLeandro Repair | Broad
SZ_Search_BayArea_ULTRA3000_Broad,Geo SanMateo Repair,sub zero appliance stopped working in san mateo,Broad,39.00,https://appliancepros.netlify.app/subzero/,Enabled,Enabled,Enabled,Geo SanMateo Repair | Broad
SZ_Search_BayArea_ULTRA3000_Broad,Geo SantaClara Repair,sub zero appliance stopped working in santa clara,Broad,39.00,https://appliancepros.netlify.app/subzero/,Enabled,Enabled,Enabled,Geo SantaClara Repair | Broad
SZ_Search_BayArea_ULTRA3000_Broad,Geo Sunnyvale Repair,sub zero appliance stopped working in sunnyvale,Broad,39.00,https://appliancepros.netlify.app/subzero/,Enabled,Enabled,Enabled,Geo Sunnyvale Repair | Broad
SZ_Search_BayArea_ULTRA3000_Broad,Geo UnionCity Repair,sub zero appliance stopped working in union city,Broad,39.00,https://appliancepros.netlify.app/subzero/,Enabled,Enabled,Enabled,Geo UnionCity Repair | Broad
SZ_Search_BayArea_ULTRA3000_Broad,Geo WalnutCreek Repair,sub zero appliance stopped working in walnut creek,Broad,39.00,https://appliancepros.netlify.app/subzero/,Enabled,Enabled,Enabled,Geo WalnutCreek Repair | Broad
SZ_Search_BayArea_ULTRA3000_Broad,Core Brand Service,sub zero appliance support,Broad,33.00,https://appliancepros.netlify.app/subzero/,Enabled,Enabled,Enabled,Core Brand Service | Broad
SZ_Search_BayArea_ULTRA3000_Broad,Core Emergency,sub zero appliance support 24 hour,Broad,46.00,https://appliancepros.netlify.app/subzero/,Enabled,Enabled,Enabled,Core Emergency | Broad
SZ_Search_BayArea_ULTRA3000_Broad,Core Brand Service,sub zero appliance support affordable,Broad,33.00,https://appliancepros.netlify.app/subzero/,Enabled,Enabled,Enabled,Core Brand Service | Broad
SZ_Search_BayArea_ULTRA3000_Broad,Core Brand Service,sub zero appliance support bay area,Broad,33.00,https://appliancepros.netlify.app/subzero/,Enabled,Enabled,Enabled,Core Brand Service | Broad
SZ_Search_BayArea_ULTRA3000_Broad,Core Brand Service,sub zero appliance support best,Broad,33.00,https://appliancepros.netlify.app/subzero/,Enabled,Enabled,Enabled,Core Brand Service | Broad
SZ_Search_BayArea_ULTRA3000_Broad,Core Emergency,sub zero appliance support emergency,Broad,46.00,https://appliancepros.netlify.app/subzero/,Enabled,Enabled,Enabled,Core Emergency | Broad
SZ_Search_BayArea_ULTRA3000_Broad,Core Brand Service,sub zero appliance support fast,Broad,33.00,https://appliancepros.netlify.app/subzero/,Enabled,Enabled,Enabled,Core Brand Service | Broad
SZ_Search_BayArea_ULTRA3000_Broad,Geo Alameda Repair,sub zero appliance support in alameda,Broad,39.00,https://appliancepros.netlify.app/subzero/,Enabled,Enabled,Enabled,Geo Alameda Repair | Broad
SZ_Search_BayArea_ULTRA3000_Broad,Geo Belmont Repair,sub zero appliance support in belmont,Broad,39.00,https://appliancepros.netlify.app/subzero/,Enabled,Enabled,Enabled,Geo Belmont Repair | Broad
SZ_Search_BayArea_ULTRA3000_Broad,Geo Berkeley Repair,sub zero appliance support in berkeley,Broad,39.00,https://appliancepros.netlify.app/subzero/,Enabled,Enabled,Enabled,Geo Berkeley Repair | Broad
SZ_Search_BayArea_ULTRA3000_Broad,Geo Burlingame Repair,sub zero appliance support in burlingame,Broad,39.00,https://appliancepros.netlify.app/subzero/,Enabled,Enabled,Enabled,Geo Burlingame Repair | Broad
SZ_Search_BayArea_ULTRA3000_Broad,Geo Campbell Repair,sub zero appliance support in campbell,Broad,39.00,https://appliancepros.netlify.app/subzero/,Enabled,Enabled,Enabled,Geo Campbell Repair | Broad
SZ_Search_BayArea_ULTRA3000_Broad,Geo CastroValley Repair,sub zero appliance support in castro valley,Broad,39.00,https://appliancepros.netlify.app/subzero/,Enabled,Enabled,Enabled,Geo CastroValley Repair | Broad
SZ_Search_BayArea_ULTRA3000_Broad,Geo Concord Repair,sub zero appliance support in concord,Broad,39.00,https://appliancepros.netlify.app/subzero/,Enabled,Enabled,Enabled,Geo Concord Repair | Broad
SZ_Search_BayArea_ULTRA3000_Broad,Geo Cupertino Repair,sub zero appliance support in cupertino,Broad,39.00,https://appliancepros.netlify.app/subzero/,Enabled,Enabled,Enabled,Geo Cupertino Repair | Broad
SZ_Search_BayArea_ULTRA3000_Broad,Geo DalyCity Repair,sub zero appliance support in daly city,Broad,39.00,https://appliancepros.netlify.app/subzero/,Enabled,Enabled,Enabled,Geo DalyCity Repair | Broad
SZ_Search_BayArea_ULTRA3000_Broad,Geo Emeryville Repair,sub zero appliance support in emeryville,Broad,39.00,https://appliancepros.netlify.app/subzero/,Enabled,Enabled,Enabled,Geo Emeryville Repair | Broad
SZ_Search_BayArea_ULTRA3000_Broad,Geo FosterCity Repair,sub zero appliance support in foster city,Broad,39.00,https://appliancepros.netlify.app/subzero/,Enabled,Enabled,Enabled,Geo FosterCity Repair | Broad
SZ_Search_BayArea_ULTRA3000_Broad,Geo Fremont Repair,sub zero appliance support in fremont,Broad,39.00,https://appliancepros.netlify.app/subzero/,Enabled,Enabled,Enabled,Geo Fremont Repair | Broad
SZ_Search_BayArea_ULTRA3000_Broad,Geo Hayward Repair,sub zero appliance support in hayward,Broad,39.00,https://appliancepros.netlify.app/subzero/,Enabled,Enabled,Enabled,Geo Hayward Repair | Broad
SZ_Search_BayArea_ULTRA3000_Broad,Geo Livermore Repair,sub zero appliance support in livermore,Broad,39.00,https://appliancepros.netlify.app/subzero/,Enabled,Enabled,Enabled,Geo Livermore Repair | Broad
SZ_Search_BayArea_ULTRA3000_Broad,Geo LosAltos Repair,sub zero appliance support in los altos,Broad,39.00,https://appliancepros.netlify.app/subzero/,Enabled,Enabled,Enabled,Geo LosAltos Repair | Broad
SZ_Search_BayArea_ULTRA3000_Broad,Geo LosGatos Repair,sub zero appliance support in los gatos,Broad,39.00,https://appliancepros.netlify.app/subzero/,Enabled,Enabled,Enabled,Geo LosGatos Repair | Broad
SZ_Search_BayArea_ULTRA3000_Broad,Geo MenloPark Repair,sub zero appliance support in menlo park,Broad,39.00,https://appliancepros.netlify.app/subzero/,Enabled,Enabled,Enabled,Geo MenloPark Repair | Broad
SZ_Search_BayArea_ULTRA3000_Broad,Geo Millbrae Repair,sub zero appliance support in millbrae,Broad,39.00,https://appliancepros.netlify.app/subzero/,Enabled,Enabled,Enabled,Geo Millbrae Repair | Broad
SZ_Search_BayArea_ULTRA3000_Broad,Geo Milpitas Repair,sub zero appliance support in milpitas,Broad,39.00,https://appliancepros.netlify.app/subzero/,Enabled,Enabled,Enabled,Geo Milpitas Repair | Broad
SZ_Search_BayArea_ULTRA3000_Broad,Geo MountainView Repair,sub zero appliance support in mountain view,Broad,39.00,https://appliancepros.netlify.app/subzero/,Enabled,Enabled,Enabled,Geo MountainView Repair | Broad
SZ_Search_BayArea_ULTRA3000_Broad,Geo Novato Repair,sub zero appliance support in novato,Broad,39.00,https://appliancepros.netlify.app/subzero/,Enabled,Enabled,Enabled,Geo Novato Repair | Broad
SZ_Search_BayArea_ULTRA3000_Broad,Geo Oakland Repair,sub zero appliance support in oakland,Broad,39.00,https://appliancepros.netlify.app/subzero/,Enabled,Enabled,Enabled,Geo Oakland Repair | Broad
SZ_Search_BayArea_ULTRA3000_Broad,Geo PaloAlto Repair,sub zero appliance support in palo alto,Broad,39.00,https://appliancepros.netlify.app/subzero/,Enabled,Enabled,Enabled,Geo PaloAlto Repair | Broad
SZ_Search_BayArea_ULTRA3000_Broad,Geo Pleasanton Repair,sub zero appliance support in pleasanton,Broad,39.00,https://appliancepros.netlify.app/subzero/,Enabled,Enabled,Enabled,Geo Pleasanton Repair | Broad
SZ_Search_BayArea_ULTRA3000_Broad,Geo RedwoodCity Repair,sub zero appliance support in redwood city,Broad,39.00,https://appliancepros.netlify.app/subzero/,Enabled,Enabled,Enabled,Geo RedwoodCity Repair | Broad
SZ_Search_BayArea_ULTRA3000_Broad,Geo Richmond Repair,sub zero appliance support in richmond,Broad,39.00,https://appliancepros.netlify.app/subzero/,Enabled,Enabled,Enabled,Geo Richmond Repair | Broad
SZ_Search_BayArea_ULTRA3000_Broad,Geo SanBruno Repair,sub zero appliance support in san bruno,Broad,39.00,https://appliancepros.netlify.app/subzero/,Enabled,Enabled,Enabled,Geo SanBruno Repair | Broad
SZ_Search_BayArea_ULTRA3000_Broad,Geo SanFrancisco Repair,sub zero appliance support in san francisco,Broad,39.00,https://appliancepros.netlify.app/subzero/,Enabled,Enabled,Enabled,Geo SanFrancisco Repair | Broad
SZ_Search_BayArea_ULTRA3000_Broad,Geo SanJose Repair,sub zero appliance support in san jose,Broad,39.00,https://appliancepros.netlify.app/subzero/,Enabled,Enabled,Enabled,Geo SanJose Repair | Broad
SZ_Search_BayArea_ULTRA3000_Broad,Geo SanLeandro Repair,sub zero appliance support in san leandro,Broad,39.00,https://appliancepros.netlify.app/subzero/,Enabled,Enabled,Enabled,Geo SanLeandro Repair | Broad
SZ_Search_BayArea_ULTRA3000_Broad,Geo SanMateo Repair,sub zero appliance support in san mateo,Broad,39.00,https://appliancepros.netlify.app/subzero/,Enabled,Enabled,Enabled,Geo SanMateo Repair | Broad
SZ_Search_BayArea_ULTRA3000_Broad,Geo SanRafael Repair,sub zero appliance support in san rafael,Broad,39.00,https://appliancepros.netlify.app/subzero/,Enabled,Enabled,Enabled,Geo SanRafael Repair | Broad
SZ_Search_BayArea_ULTRA3000_Broad,Geo SantaClara Repair,sub zero appliance support in santa clara,Broad,39.00,https://appliancepros.netlify.app/subzero/,Enabled,Enabled,Enabled,Geo SantaClara Repair | Broad
SZ_Search_BayArea_ULTRA3000_Broad,Geo Sunnyvale Repair,sub zero appliance support in sunnyvale,Broad,39.00,https://appliancepros.netlify.app/subzero/,Enabled,Enabled,Enabled,Geo Sunnyvale Repair | Broad
SZ_Search_BayArea_ULTRA3000_Broad,Geo UnionCity Repair,sub zero appliance support in union city,Broad,39.00,https://appliancepros.netlify.app/subzero/,Enabled,Enabled,Enabled,Geo UnionCity Repair | Broad
SZ_Search_BayArea_ULTRA3000_Broad,Geo WalnutCreek Repair,sub zero appliance support in walnut creek,Broad,39.00,https://appliancepros.netlify.app/subzero/,Enabled,Enabled,Enabled,Geo WalnutCreek Repair | Broad
SZ_Search_BayArea_ULTRA3000_Broad,Core Brand Service,sub zero appliance support local,Broad,33.00,https://appliancepros.netlify.app/subzero/,Enabled,Enabled,Enabled,Core Brand Service | Broad
SZ_Search_BayArea_ULTRA3000_Broad,Core Near Me,sub zero appliance support near me,Broad,42.00,https://appliancepros.netlify.app/subzero/,Enabled,Enabled,Enabled,Core Near Me | Broad
SZ_Search_BayArea_ULTRA3000_Broad,Core Emergency,sub zero appliance support same day,Broad,46.00,https://appliancepros.netlify.app/subzero/,Enabled,Enabled,Enabled,Core Emergency | Broad
SZ_Search_BayArea_ULTRA3000_Broad,Core Emergency,sub zero appliance support today,Broad,46.00,https://appliancepros.netlify.app/subzero/,Enabled,Enabled,Enabled,Core Emergency | Broad
SZ_Search_BayArea_ULTRA3000_Broad,Core Brand Service,sub zero appliance support trusted,Broad,33.00,https://appliancepros.netlify.app/subzero/,Enabled,Enabled,Enabled,Core Brand Service | Broad
SZ_Search_BayArea_ULTRA3000_Broad,Core Emergency,sub zero appliance technician 24 hour,Broad,46.00,https://appliancepros.netlify.app/subzero/,Enabled,Enabled,Enabled,Core Emergency | Broad
SZ_Search_BayArea_ULTRA3000_Broad,Core Technician,sub zero appliance technician affordable,Broad,35.00,https://appliancepros.netlify.app/subzero/,Enabled,Enabled,Enabled,Core Technician | Broad
SZ_Search_BayArea_ULTRA3000_Broad,Core Technician,sub zero appliance technician bay area,Broad,35.00,https://appliancepros.netlify.app/subzero/,Enabled,Enabled,Enabled,Core Technician | Broad
SZ_Search_BayArea_ULTRA3000_Broad,Core Technician,sub zero appliance technician best,Broad,35.00,https://appliancepros.netlify.app/subzero/,Enabled,Enabled,Enabled,Core Technician | Broad
SZ_Search_BayArea_ULTRA3000_Broad,Core Emergency,sub zero appliance technician emergency,Broad,46.00,https://appliancepros.netlify.app/subzero/,Enabled,Enabled,Enabled,Core Emergency | Broad
SZ_Search_BayArea_ULTRA3000_Broad,Core Technician,sub zero appliance technician fast,Broad,35.00,https://appliancepros.netlify.app/subzero/,Enabled,Enabled,Enabled,Core Technician | Broad
SZ_Search_BayArea_ULTRA3000_Broad,Geo Alameda Repair,sub zero appliance technician in alameda,Broad,39.00,https://appliancepros.netlify.app/subzero/,Enabled,Enabled,Enabled,Geo Alameda Repair | Broad
SZ_Search_BayArea_ULTRA3000_Broad,Geo Belmont Repair,sub zero appliance technician in belmont,Broad,39.00,https://appliancepros.netlify.app/subzero/,Enabled,Enabled,Enabled,Geo Belmont Repair | Broad
SZ_Search_BayArea_ULTRA3000_Broad,Geo Berkeley Repair,sub zero appliance technician in berkeley,Broad,39.00,https://appliancepros.netlify.app/subzero/,Enabled,Enabled,Enabled,Geo Berkeley Repair | Broad
SZ_Search_BayArea_ULTRA3000_Broad,Geo Burlingame Repair,sub zero appliance technician in burlingame,Broad,39.00,https://appliancepros.netlify.app/subzero/,Enabled,Enabled,Enabled,Geo Burlingame Repair | Broad
SZ_Search_BayArea_ULTRA3000_Broad,Geo Campbell Repair,sub zero appliance technician in campbell,Broad,39.00,https://appliancepros.netlify.app/subzero/,Enabled,Enabled,Enabled,Geo Campbell Repair | Broad
SZ_Search_BayArea_ULTRA3000_Broad,Geo CastroValley Repair,sub zero appliance technician in castro valley,Broad,39.00,https://appliancepros.netlify.app/subzero/,Enabled,Enabled,Enabled,Geo CastroValley Repair | Broad
SZ_Search_BayArea_ULTRA3000_Broad,Geo Concord Repair,sub zero appliance technician in concord,Broad,39.00,https://appliancepros.netlify.app/subzero/,Enabled,Enabled,Enabled,Geo Concord Repair | Broad
SZ_Search_BayArea_ULTRA3000_Broad,Geo Cupertino Repair,sub zero appliance technician in cupertino,Broad,39.00,https://appliancepros.netlify.app/subzero/,Enabled,Enabled,Enabled,Geo Cupertino Repair | Broad
SZ_Search_BayArea_ULTRA3000_Broad,Geo DalyCity Repair,sub zero appliance technician in daly city,Broad,39.00,https://appliancepros.netlify.app/subzero/,Enabled,Enabled,Enabled,Geo DalyCity Repair | Broad
SZ_Search_BayArea_ULTRA3000_Broad,Geo Emeryville Repair,sub zero appliance technician in emeryville,Broad,39.00,https://appliancepros.netlify.app/subzero/,Enabled,Enabled,Enabled,Geo Emeryville Repair | Broad
SZ_Search_BayArea_ULTRA3000_Broad,Geo FosterCity Repair,sub zero appliance technician in foster city,Broad,39.00,https://appliancepros.netlify.app/subzero/,Enabled,Enabled,Enabled,Geo FosterCity Repair | Broad
SZ_Search_BayArea_ULTRA3000_Broad,Geo Fremont Repair,sub zero appliance technician in fremont,Broad,39.00,https://appliancepros.netlify.app/subzero/,Enabled,Enabled,Enabled,Geo Fremont Repair | Broad
SZ_Search_BayArea_ULTRA3000_Broad,Geo Hayward Repair,sub zero appliance technician in hayward,Broad,39.00,https://appliancepros.netlify.app/subzero/,Enabled,Enabled,Enabled,Geo Hayward Repair | Broad
SZ_Search_BayArea_ULTRA3000_Broad,Geo Livermore Repair,sub zero appliance technician in livermore,Broad,39.00,https://appliancepros.netlify.app/subzero/,Enabled,Enabled,Enabled,Geo Livermore Repair | Broad
SZ_Search_BayArea_ULTRA3000_Broad,Geo LosAltos Repair,sub zero appliance technician in los altos,Broad,39.00,https://appliancepros.netlify.app/subzero/,Enabled,Enabled,Enabled,Geo LosAltos Repair | Broad
SZ_Search_BayArea_ULTRA3000_Broad,Geo LosGatos Repair,sub zero appliance technician in los gatos,Broad,39.00,https://appliancepros.netlify.app/subzero/,Enabled,Enabled,Enabled,Geo LosGatos Repair | Broad
SZ_Search_BayArea_ULTRA3000_Broad,Geo MenloPark Repair,sub zero appliance technician in menlo park,Broad,39.00,https://appliancepros.netlify.app/subzero/,Enabled,Enabled,Enabled,Geo MenloPark Repair | Broad
SZ_Search_BayArea_ULTRA3000_Broad,Geo Millbrae Repair,sub zero appliance technician in millbrae,Broad,39.00,https://appliancepros.netlify.app/subzero/,Enabled,Enabled,Enabled,Geo Millbrae Repair | Broad
SZ_Search_BayArea_ULTRA3000_Broad,Geo Milpitas Repair,sub zero appliance technician in milpitas,Broad,39.00,https://appliancepros.netlify.app/subzero/,Enabled,Enabled,Enabled,Geo Milpitas Repair | Broad
SZ_Search_BayArea_ULTRA3000_Broad,Geo MountainView Repair,sub zero appliance technician in mountain view,Broad,39.00,https://appliancepros.netlify.app/subzero/,Enabled,Enabled,Enabled,Geo MountainView Repair | Broad
SZ_Search_BayArea_ULTRA3000_Broad,Geo Novato Repair,sub zero appliance technician in novato,Broad,39.00,https://appliancepros.netlify.app/subzero/,Enabled,Enabled,Enabled,Geo Novato Repair | Broad
SZ_Search_BayArea_ULTRA3000_Broad,Geo Oakland Repair,sub zero appliance technician in oakland,Broad,39.00,https://appliancepros.netlify.app/subzero/,Enabled,Enabled,Enabled,Geo Oakland Repair | Broad
SZ_Search_BayArea_ULTRA3000_Broad,Geo PaloAlto Repair,sub zero appliance technician in palo alto,Broad,39.00,https://appliancepros.netlify.app/subzero/,Enabled,Enabled,Enabled,Geo PaloAlto Repair | Broad
SZ_Search_BayArea_ULTRA3000_Broad,Geo Pleasanton Repair,sub zero appliance technician in pleasanton,Broad,39.00,https://appliancepros.netlify.app/subzero/,Enabled,Enabled,Enabled,Geo Pleasanton Repair | Broad
SZ_Search_BayArea_ULTRA3000_Broad,Geo RedwoodCity Repair,sub zero appliance technician in redwood city,Broad,39.00,https://appliancepros.netlify.app/subzero/,Enabled,Enabled,Enabled,Geo RedwoodCity Repair | Broad
SZ_Search_BayArea_ULTRA3000_Broad,Geo Richmond Repair,sub zero appliance technician in richmond,Broad,39.00,https://appliancepros.netlify.app/subzero/,Enabled,Enabled,Enabled,Geo Richmond Repair | Broad
SZ_Search_BayArea_ULTRA3000_Broad,Geo SanBruno Repair,sub zero appliance technician in san bruno,Broad,39.00,https://appliancepros.netlify.app/subzero/,Enabled,Enabled,Enabled,Geo SanBruno Repair | Broad
SZ_Search_BayArea_ULTRA3000_Broad,Geo SanFrancisco Repair,sub zero appliance technician in san francisco,Broad,39.00,https://appliancepros.netlify.app/subzero/,Enabled,Enabled,Enabled,Geo SanFrancisco Repair | Broad
SZ_Search_BayArea_ULTRA3000_Broad,Geo SanJose Repair,sub zero appliance technician in san jose,Broad,39.00,https://appliancepros.netlify.app/subzero/,Enabled,Enabled,Enabled,Geo SanJose Repair | Broad
SZ_Search_BayArea_ULTRA3000_Broad,Geo SanLeandro Repair,sub zero appliance technician in san leandro,Broad,39.00,https://appliancepros.netlify.app/subzero/,Enabled,Enabled,Enabled,Geo SanLeandro Repair | Broad
SZ_Search_BayArea_ULTRA3000_Broad,Geo SanMateo Repair,sub zero appliance technician in san mateo,Broad,39.00,https://appliancepros.netlify.app/subzero/,Enabled,Enabled,Enabled,Geo SanMateo Repair | Broad
SZ_Search_BayArea_ULTRA3000_Broad,Geo SanRafael Repair,sub zero appliance technician in san rafael,Broad,39.00,https://appliancepros.netlify.app/subzero/,Enabled,Enabled,Enabled,Geo SanRafael Repair | Broad
SZ_Search_BayArea_ULTRA3000_Broad,Geo SantaClara Repair,sub zero appliance technician in santa clara,Broad,39.00,https://appliancepros.netlify.app/subzero/,Enabled,Enabled,Enabled,Geo SantaClara Repair | Broad
SZ_Search_BayArea_ULTRA3000_Broad,Geo Sunnyvale Repair,sub zero appliance technician in sunnyvale,Broad,39.00,https://appliancepros.netlify.app/subzero/,Enabled,Enabled,Enabled,Geo Sunnyvale Repair | Broad
SZ_Search_BayArea_ULTRA3000_Broad,Geo UnionCity Repair,sub zero appliance technician in union city,Broad,39.00,https://appliancepros.netlify.app/subzero/,Enabled,Enabled,Enabled,Geo UnionCity Repair | Broad
SZ_Search_BayArea_ULTRA3000_Broad,Geo WalnutCreek Repair,sub zero appliance technician in walnut creek,Broad,39.00,https://appliancepros.netlify.app/subzero/,Enabled,Enabled,Enabled,Geo WalnutCreek Repair | Broad
SZ_Search_BayArea_ULTRA3000_Broad,Core Technician,sub zero appliance technician local,Broad,35.00,https://appliancepros.netlify.app/subzero/,Enabled,Enabled,Enabled,Core Technician | Broad
SZ_Search_BayArea_ULTRA3000_Broad,Core Near Me,sub zero appliance technician near me,Broad,42.00,https://appliancepros.netlify.app/subzero/,Enabled,Enabled,Enabled,Core Near Me | Broad
SZ_Search_BayArea_ULTRA3000_Broad,Core Emergency,sub zero appliance technician same day,Broad,46.00,https://appliancepros.netlify.app/subzero/,Enabled,Enabled,Enabled,Core Emergency | Broad
SZ_Search_BayArea_ULTRA3000_Broad,Core Emergency,sub zero appliance technician today,Broad,46.00,https://appliancepros.netlify.app/subzero/,Enabled,Enabled,Enabled,Core Emergency | Broad
SZ_Search_BayArea_ULTRA3000_Broad,Core Technician,sub zero appliance technician trusted,Broad,35.00,https://appliancepros.netlify.app/subzero/,Enabled,Enabled,Enabled,Core Technician | Broad
SZ_Search_BayArea_ULTRA3000_Broad,Temperature Issues,sub zero appliance temperature control issue,Broad,35.00,https://appliancepros.netlify.app/subzero/,Enabled,Enabled,Enabled,Temperature Issues | Broad
SZ_Search_BayArea_ULTRA3000_Broad,Geo Alameda Repair,sub zero appliance temperature control issue in alameda,Broad,39.00,https://appliancepros.netlify.app/subzero/,Enabled,Enabled,Enabled,Geo Alameda Repair | Broad
SZ_Search_BayArea_ULTRA3000_Broad,Geo Berkeley Repair,sub zero appliance temperature control issue in berkeley,Broad,39.00,https://appliancepros.netlify.app/subzero/,Enabled,Enabled,Enabled,Geo Berkeley Repair | Broad
SZ_Search_BayArea_ULTRA3000_Broad,Geo Cupertino Repair,sub zero appliance temperature control issue in cupertino,Broad,39.00,https://appliancepros.netlify.app/subzero/,Enabled,Enabled,Enabled,Geo Cupertino Repair | Broad
SZ_Search_BayArea_ULTRA3000_Broad,Geo Fremont Repair,sub zero appliance temperature control issue in fremont,Broad,39.00,https://appliancepros.netlify.app/subzero/,Enabled,Enabled,Enabled,Geo Fremont Repair | Broad
SZ_Search_BayArea_ULTRA3000_Broad,Geo Hayward Repair,sub zero appliance temperature control issue in hayward,Broad,39.00,https://appliancepros.netlify.app/subzero/,Enabled,Enabled,Enabled,Geo Hayward Repair | Broad
SZ_Search_BayArea_ULTRA3000_Broad,Geo MountainView Repair,sub zero appliance temperature control issue in mountain view,Broad,39.00,https://appliancepros.netlify.app/subzero/,Enabled,Enabled,Enabled,Geo MountainView Repair | Broad
SZ_Search_BayArea_ULTRA3000_Broad,Geo Oakland Repair,sub zero appliance temperature control issue in oakland,Broad,39.00,https://appliancepros.netlify.app/subzero/,Enabled,Enabled,Enabled,Geo Oakland Repair | Broad
SZ_Search_BayArea_ULTRA3000_Broad,Geo PaloAlto Repair,sub zero appliance temperature control issue in palo alto,Broad,39.00,https://appliancepros.netlify.app/subzero/,Enabled,Enabled,Enabled,Geo PaloAlto Repair | Broad
SZ_Search_BayArea_ULTRA3000_Broad,Geo Pleasanton Repair,sub zero appliance temperature control issue in pleasanton,Broad,39.00,https://appliancepros.netlify.app/subzero/,Enabled,Enabled,Enabled,Geo Pleasanton Repair | Broad
SZ_Search_BayArea_ULTRA3000_Broad,Geo RedwoodCity Repair,sub zero appliance temperature control issue in redwood city,Broad,39.00,https://appliancepros.netlify.app/subzero/,Enabled,Enabled,Enabled,Geo RedwoodCity Repair | Broad
SZ_Search_BayArea_ULTRA3000_Broad,Geo SanFrancisco Repair,sub zero appliance temperature control issue in san francisco,Broad,39.00,https://appliancepros.netlify.app/subzero/,Enabled,Enabled,Enabled,Geo SanFrancisco Repair | Broad
SZ_Search_BayArea_ULTRA3000_Broad,Geo SanJose Repair,sub zero appliance temperature control issue in san jose,Broad,39.00,https://appliancepros.netlify.app/subzero/,Enabled,Enabled,Enabled,Geo SanJose Repair | Broad
SZ_Search_BayArea_ULTRA3000_Broad,Geo SanLeandro Repair,sub zero appliance temperature control issue in san leandro,Broad,39.00,https://appliancepros.netlify.app/subzero/,Enabled,Enabled,Enabled,Geo SanLeandro Repair | Broad
SZ_Search_BayArea_ULTRA3000_Broad,Geo SanMateo Repair,sub zero appliance temperature control issue in san mateo,Broad,39.00,https://appliancepros.netlify.app/subzero/,Enabled,Enabled,Enabled,Geo SanMateo Repair | Broad
SZ_Search_BayArea_ULTRA3000_Broad,Geo SantaClara Repair,sub zero appliance temperature control issue in santa clara,Broad,39.00,https://appliancepros.netlify.app/subzero/,Enabled,Enabled,Enabled,Geo SantaClara Repair | Broad
SZ_Search_BayArea_ULTRA3000_Broad,Geo Sunnyvale Repair,sub zero appliance temperature control issue in sunnyvale,Broad,39.00,https://appliancepros.netlify.app/subzero/,Enabled,Enabled,Enabled,Geo Sunnyvale Repair | Broad
SZ_Search_BayArea_ULTRA3000_Broad,Geo UnionCity Repair,sub zero appliance temperature control issue in union city,Broad,39.00,https://appliancepros.netlify.app/subzero/,Enabled,Enabled,Enabled,Geo UnionCity Repair | Broad
SZ_Search_BayArea_ULTRA3000_Broad,Geo WalnutCreek Repair,sub zero appliance temperature control issue in walnut creek,Broad,39.00,https://appliancepros.netlify.app/subzero/,Enabled,Enabled,Enabled,Geo WalnutCreek Repair | Broad
SZ_Search_BayArea_ULTRA3000_Broad,Temperature Issues,sub zero appliance temperature problem,Broad,35.00,https://appliancepros.netlify.app/subzero/,Enabled,Enabled,Enabled,Temperature Issues | Broad
SZ_Search_BayArea_ULTRA3000_Broad,Geo Alameda Repair,sub zero appliance temperature problem in alameda,Broad,39.00,https://appliancepros.netlify.app/subzero/,Enabled,Enabled,Enabled,Geo Alameda Repair | Broad
SZ_Search_BayArea_ULTRA3000_Broad,Geo Berkeley Repair,sub zero appliance temperature problem in berkeley,Broad,39.00,https://appliancepros.netlify.app/subzero/,Enabled,Enabled,Enabled,Geo Berkeley Repair | Broad
SZ_Search_BayArea_ULTRA3000_Broad,Geo Cupertino Repair,sub zero appliance temperature problem in cupertino,Broad,39.00,https://appliancepros.netlify.app/subzero/,Enabled,Enabled,Enabled,Geo Cupertino Repair | Broad
SZ_Search_BayArea_ULTRA3000_Broad,Geo Fremont Repair,sub zero appliance temperature problem in fremont,Broad,39.00,https://appliancepros.netlify.app/subzero/,Enabled,Enabled,Enabled,Geo Fremont Repair | Broad
SZ_Search_BayArea_ULTRA3000_Broad,Geo Hayward Repair,sub zero appliance temperature problem in hayward,Broad,39.00,https://appliancepros.netlify.app/subzero/,Enabled,Enabled,Enabled,Geo Hayward Repair | Broad
SZ_Search_BayArea_ULTRA3000_Broad,Geo MountainView Repair,sub zero appliance temperature problem in mountain view,Broad,39.00,https://appliancepros.netlify.app/subzero/,Enabled,Enabled,Enabled,Geo MountainView Repair | Broad
SZ_Search_BayArea_ULTRA3000_Broad,Geo Oakland Repair,sub zero appliance temperature problem in oakland,Broad,39.00,https://appliancepros.netlify.app/subzero/,Enabled,Enabled,Enabled,Geo Oakland Repair | Broad
SZ_Search_BayArea_ULTRA3000_Broad,Geo PaloAlto Repair,sub zero appliance temperature problem in palo alto,Broad,39.00,https://appliancepros.netlify.app/subzero/,Enabled,Enabled,Enabled,Geo PaloAlto Repair | Broad
SZ_Search_BayArea_ULTRA3000_Broad,Geo Pleasanton Repair,sub zero appliance temperature problem in pleasanton,Broad,39.00,https://appliancepros.netlify.app/subzero/,Enabled,Enabled,Enabled,Geo Pleasanton Repair | Broad
SZ_Search_BayArea_ULTRA3000_Broad,Geo RedwoodCity Repair,sub zero appliance temperature problem in redwood city,Broad,39.00,https://appliancepros.netlify.app/subzero/,Enabled,Enabled,Enabled,Geo RedwoodCity Repair | Broad
SZ_Search_BayArea_ULTRA3000_Broad,Geo SanFrancisco Repair,sub zero appliance temperature problem in san francisco,Broad,39.00,https://appliancepros.netlify.app/subzero/,Enabled,Enabled,Enabled,Geo SanFrancisco Repair | Broad
SZ_Search_BayArea_ULTRA3000_Broad,Geo SanJose Repair,sub zero appliance temperature problem in san jose,Broad,39.00,https://appliancepros.netlify.app/subzero/,Enabled,Enabled,Enabled,Geo SanJose Repair | Broad
SZ_Search_BayArea_ULTRA3000_Broad,Geo SanLeandro Repair,sub zero appliance temperature problem in san leandro,Broad,39.00,https://appliancepros.netlify.app/subzero/,Enabled,Enabled,Enabled,Geo SanLeandro Repair | Broad
SZ_Search_BayArea_ULTRA3000_Broad,Geo SanMateo Repair,sub zero appliance temperature problem in san mateo,Broad,39.00,https://appliancepros.netlify.app/subzero/,Enabled,Enabled,Enabled,Geo SanMateo Repair | Broad
SZ_Search_BayArea_ULTRA3000_Broad,Geo SantaClara Repair,sub zero appliance temperature problem in santa clara,Broad,39.00,https://appliancepros.netlify.app/subzero/,Enabled,Enabled,Enabled,Geo SantaClara Repair | Broad
SZ_Search_BayArea_ULTRA3000_Broad,Geo Sunnyvale Repair,sub zero appliance temperature problem in sunnyvale,Broad,39.00,https://appliancepros.netlify.app/subzero/,Enabled,Enabled,Enabled,Geo Sunnyvale Repair | Broad
SZ_Search_BayArea_ULTRA3000_Broad,Geo UnionCity Repair,sub zero appliance temperature problem in union city,Broad,39.00,https://appliancepros.netlify.app/subzero/,Enabled,Enabled,Enabled,Geo UnionCity Repair | Broad
SZ_Search_BayArea_ULTRA3000_Broad,Geo WalnutCreek Repair,sub zero appliance temperature problem in walnut creek,Broad,39.00,https://appliancepros.netlify.app/subzero/,Enabled,Enabled,Enabled,Geo WalnutCreek Repair | Broad
SZ_Search_BayArea_ULTRA3000_Broad,Not Working Issues,sub zero appliance water dispenser not working,Broad,35.00,https://appliancepros.netlify.app/subzero/,Enabled,Enabled,Enabled,Not Working Issues | Broad
SZ_Search_BayArea_ULTRA3000_Broad,Geo Alameda Repair,sub zero appliance water dispenser not working in alameda,Broad,39.00,https://appliancepros.netlify.app/subzero/,Enabled,Enabled,Enabled,Geo Alameda Repair | Broad
SZ_Search_BayArea_ULTRA3000_Broad,Geo Berkeley Repair,sub zero appliance water dispenser not working in berkeley,Broad,39.00,https://appliancepros.netlify.app/subzero/,Enabled,Enabled,Enabled,Geo Berkeley Repair | Broad
SZ_Search_BayArea_ULTRA3000_Broad,Geo Cupertino Repair,sub zero appliance water dispenser not working in cupertino,Broad,39.00,https://appliancepros.netlify.app/subzero/,Enabled,Enabled,Enabled,Geo Cupertino Repair | Broad
SZ_Search_BayArea_ULTRA3000_Broad,Geo Fremont Repair,sub zero appliance water dispenser not working in fremont,Broad,39.00,https://appliancepros.netlify.app/subzero/,Enabled,Enabled,Enabled,Geo Fremont Repair | Broad
SZ_Search_BayArea_ULTRA3000_Broad,Geo Hayward Repair,sub zero appliance water dispenser not working in hayward,Broad,39.00,https://appliancepros.netlify.app/subzero/,Enabled,Enabled,Enabled,Geo Hayward Repair | Broad
SZ_Search_BayArea_ULTRA3000_Broad,Geo MountainView Repair,sub zero appliance water dispenser not working in mountain view,Broad,39.00,https://appliancepros.netlify.app/subzero/,Enabled,Enabled,Enabled,Geo MountainView Repair | Broad
SZ_Search_BayArea_ULTRA3000_Broad,Geo Oakland Repair,sub zero appliance water dispenser not working in oakland,Broad,39.00,https://appliancepros.netlify.app/subzero/,Enabled,Enabled,Enabled,Geo Oakland Repair | Broad
SZ_Search_BayArea_ULTRA3000_Broad,Geo PaloAlto Repair,sub zero appliance water dispenser not working in palo alto,Broad,39.00,https://appliancepros.netlify.app/subzero/,Enabled,Enabled,Enabled,Geo PaloAlto Repair | Broad
SZ_Search_BayArea_ULTRA3000_Broad,Geo Pleasanton Repair,sub zero appliance water dispenser not working in pleasanton,Broad,39.00,https://appliancepros.netlify.app/subzero/,Enabled,Enabled,Enabled,Geo Pleasanton Repair | Broad
SZ_Search_BayArea_ULTRA3000_Broad,Geo RedwoodCity Repair,sub zero appliance water dispenser not working in redwood city,Broad,39.00,https://appliancepros.netlify.app/subzero/,Enabled,Enabled,Enabled,Geo RedwoodCity Repair | Broad
SZ_Search_BayArea_ULTRA3000_Broad,Geo SanFrancisco Repair,sub zero appliance water dispenser not working in san francisco,Broad,39.00,https://appliancepros.netlify.app/subzero/,Enabled,Enabled,Enabled,Geo SanFrancisco Repair | Broad
SZ_Search_BayArea_ULTRA3000_Broad,Geo SanJose Repair,sub zero appliance water dispenser not working in san jose,Broad,39.00,https://appliancepros.netlify.app/subzero/,Enabled,Enabled,Enabled,Geo SanJose Repair | Broad
SZ_Search_BayArea_ULTRA3000_Broad,Geo SanLeandro Repair,sub zero appliance water dispenser not working in san leandro,Broad,39.00,https://appliancepros.netlify.app/subzero/,Enabled,Enabled,Enabled,Geo SanLeandro Repair | Broad
SZ_Search_BayArea_ULTRA3000_Broad,Geo SanMateo Repair,sub zero appliance water dispenser not working in san mateo,Broad,39.00,https://appliancepros.netlify.app/subzero/,Enabled,Enabled,Enabled,Geo SanMateo Repair | Broad
SZ_Search_BayArea_ULTRA3000_Broad,Geo SantaClara Repair,sub zero appliance water dispenser not working in santa clara,Broad,39.00,https://appliancepros.netlify.app/subzero/,Enabled,Enabled,Enabled,Geo SantaClara Repair | Broad
SZ_Search_BayArea_ULTRA3000_Broad,Geo Sunnyvale Repair,sub zero appliance water dispenser not working in sunnyvale,Broad,39.00,https://appliancepros.netlify.app/subzero/,Enabled,Enabled,Enabled,Geo Sunnyvale Repair | Broad
SZ_Search_BayArea_ULTRA3000_Broad,Geo UnionCity Repair,sub zero appliance water dispenser not working in union city,Broad,39.00,https://appliancepros.netlify.app/subzero/,Enabled,Enabled,Enabled,Geo UnionCity Repair | Broad
SZ_Search_BayArea_ULTRA3000_Broad,Geo WalnutCreek Repair,sub zero appliance water dispenser not working in walnut creek,Broad,39.00,https://appliancepros.netlify.app/subzero/,Enabled,Enabled,Enabled,Geo WalnutCreek Repair | Broad
SZ_Search_BayArea_ULTRA3000_Broad,Water Leak Repair,sub zero appliance water leak,Broad,40.00,https://appliancepros.netlify.app/subzero/,Enabled,Enabled,Enabled,Water Leak Repair | Broad
SZ_Search_BayArea_ULTRA3000_Broad,Geo Alameda Repair,sub zero appliance water leak in alameda,Broad,39.00,https://appliancepros.netlify.app/subzero/,Enabled,Enabled,Enabled,Geo Alameda Repair | Broad
SZ_Search_BayArea_ULTRA3000_Broad,Geo Berkeley Repair,sub zero appliance water leak in berkeley,Broad,39.00,https://appliancepros.netlify.app/subzero/,Enabled,Enabled,Enabled,Geo Berkeley Repair | Broad
SZ_Search_BayArea_ULTRA3000_Broad,Geo Cupertino Repair,sub zero appliance water leak in cupertino,Broad,39.00,https://appliancepros.netlify.app/subzero/,Enabled,Enabled,Enabled,Geo Cupertino Repair | Broad
SZ_Search_BayArea_ULTRA3000_Broad,Geo Fremont Repair,sub zero appliance water leak in fremont,Broad,39.00,https://appliancepros.netlify.app/subzero/,Enabled,Enabled,Enabled,Geo Fremont Repair | Broad
SZ_Search_BayArea_ULTRA3000_Broad,Geo Hayward Repair,sub zero appliance water leak in hayward,Broad,39.00,https://appliancepros.netlify.app/subzero/,Enabled,Enabled,Enabled,Geo Hayward Repair | Broad
SZ_Search_BayArea_ULTRA3000_Broad,Geo MountainView Repair,sub zero appliance water leak in mountain view,Broad,39.00,https://appliancepros.netlify.app/subzero/,Enabled,Enabled,Enabled,Geo MountainView Repair | Broad
SZ_Search_BayArea_ULTRA3000_Broad,Geo Oakland Repair,sub zero appliance water leak in oakland,Broad,39.00,https://appliancepros.netlify.app/subzero/,Enabled,Enabled,Enabled,Geo Oakland Repair | Broad
SZ_Search_BayArea_ULTRA3000_Broad,Geo PaloAlto Repair,sub zero appliance water leak in palo alto,Broad,39.00,https://appliancepros.netlify.app/subzero/,Enabled,Enabled,Enabled,Geo PaloAlto Repair | Broad
SZ_Search_BayArea_ULTRA3000_Broad,Geo Pleasanton Repair,sub zero appliance water leak in pleasanton,Broad,39.00,https://appliancepros.netlify.app/subzero/,Enabled,Enabled,Enabled,Geo Pleasanton Repair | Broad
SZ_Search_BayArea_ULTRA3000_Broad,Geo RedwoodCity Repair,sub zero appliance water leak in redwood city,Broad,39.00,https://appliancepros.netlify.app/subzero/,Enabled,Enabled,Enabled,Geo RedwoodCity Repair | Broad
SZ_Search_BayArea_ULTRA3000_Broad,Geo SanFrancisco Repair,sub zero appliance water leak in san francisco,Broad,39.00,https://appliancepros.netlify.app/subzero/,Enabled,Enabled,Enabled,Geo SanFrancisco Repair | Broad
SZ_Search_BayArea_ULTRA3000_Broad,Geo SanJose Repair,sub zero appliance water leak in san jose,Broad,39.00,https://appliancepros.netlify.app/subzero/,Enabled,Enabled,Enabled,Geo SanJose Repair | Broad
SZ_Search_BayArea_ULTRA3000_Broad,Geo SanLeandro Repair,sub zero appliance water leak in san leandro,Broad,39.00,https://appliancepros.netlify.app/subzero/,Enabled,Enabled,Enabled,Geo SanLeandro Repair | Broad
SZ_Search_BayArea_ULTRA3000_Broad,Geo SanMateo Repair,sub zero appliance water leak in san mateo,Broad,39.00,https://appliancepros.netlify.app/subzero/,Enabled,Enabled,Enabled,Geo SanMateo Repair | Broad
SZ_Search_BayArea_ULTRA3000_Broad,Geo SantaClara Repair,sub zero appliance water leak in santa clara,Broad,39.00,https://appliancepros.netlify.app/subzero/,Enabled,Enabled,Enabled,Geo SantaClara Repair | Broad
SZ_Search_BayArea_ULTRA3000_Broad,Geo Sunnyvale Repair,sub zero appliance water leak in sunnyvale,Broad,39.00,https://appliancepros.netlify.app/subzero/,Enabled,Enabled,Enabled,Geo Sunnyvale Repair | Broad
SZ_Search_BayArea_ULTRA3000_Broad,Geo UnionCity Repair,sub zero appliance water leak in union city,Broad,39.00,https://appliancepros.netlify.app/subzero/,Enabled,Enabled,Enabled,Geo UnionCity Repair | Broad
SZ_Search_BayArea_ULTRA3000_Broad,Geo WalnutCreek Repair,sub zero appliance water leak in walnut creek,Broad,39.00,https://appliancepros.netlify.app/subzero/,Enabled,Enabled,Enabled,Geo WalnutCreek Repair | Broad
SZ_Search_BayArea_ULTRA3000_Broad,Noise Fan Compressor,sub zero compressor issue,Broad,35.00,https://appliancepros.netlify.app/subzero/,Enabled,Enabled,Enabled,Noise Fan Compressor | Broad
SZ_Search_BayArea_ULTRA3000_Broad,Core Emergency,sub zero compressor issue 24 hour,Broad,46.00,https://appliancepros.netlify.app/subzero/,Enabled,Enabled,Enabled,Core Emergency | Broad
SZ_Search_BayArea_ULTRA3000_Broad,Noise Fan Compressor,sub zero compressor issue affordable,Broad,35.00,https://appliancepros.netlify.app/subzero/,Enabled,Enabled,Enabled,Noise Fan Compressor | Broad
SZ_Search_BayArea_ULTRA3000_Broad,Noise Fan Compressor,sub zero compressor issue bay area,Broad,35.00,https://appliancepros.netlify.app/subzero/,Enabled,Enabled,Enabled,Noise Fan Compressor | Broad
SZ_Search_BayArea_ULTRA3000_Broad,Noise Fan Compressor,sub zero compressor issue best,Broad,35.00,https://appliancepros.netlify.app/subzero/,Enabled,Enabled,Enabled,Noise Fan Compressor | Broad
SZ_Search_BayArea_ULTRA3000_Broad,Core Emergency,sub zero compressor issue emergency,Broad,46.00,https://appliancepros.netlify.app/subzero/,Enabled,Enabled,Enabled,Core Emergency | Broad
SZ_Search_BayArea_ULTRA3000_Broad,Noise Fan Compressor,sub zero compressor issue fast,Broad,35.00,https://appliancepros.netlify.app/subzero/,Enabled,Enabled,Enabled,Noise Fan Compressor | Broad
SZ_Search_BayArea_ULTRA3000_Broad,Geo Alameda Repair,sub zero compressor issue in alameda,Broad,39.00,https://appliancepros.netlify.app/subzero/,Enabled,Enabled,Enabled,Geo Alameda Repair | Broad
SZ_Search_BayArea_ULTRA3000_Broad,Geo Belmont Repair,sub zero compressor issue in belmont,Broad,39.00,https://appliancepros.netlify.app/subzero/,Enabled,Enabled,Enabled,Geo Belmont Repair | Broad
SZ_Search_BayArea_ULTRA3000_Broad,Geo Berkeley Repair,sub zero compressor issue in berkeley,Broad,39.00,https://appliancepros.netlify.app/subzero/,Enabled,Enabled,Enabled,Geo Berkeley Repair | Broad
SZ_Search_BayArea_ULTRA3000_Broad,Geo Burlingame Repair,sub zero compressor issue in burlingame,Broad,39.00,https://appliancepros.netlify.app/subzero/,Enabled,Enabled,Enabled,Geo Burlingame Repair | Broad
SZ_Search_BayArea_ULTRA3000_Broad,Geo Campbell Repair,sub zero compressor issue in campbell,Broad,39.00,https://appliancepros.netlify.app/subzero/,Enabled,Enabled,Enabled,Geo Campbell Repair | Broad
SZ_Search_BayArea_ULTRA3000_Broad,Geo CastroValley Repair,sub zero compressor issue in castro valley,Broad,39.00,https://appliancepros.netlify.app/subzero/,Enabled,Enabled,Enabled,Geo CastroValley Repair | Broad
SZ_Search_BayArea_ULTRA3000_Broad,Geo Concord Repair,sub zero compressor issue in concord,Broad,39.00,https://appliancepros.netlify.app/subzero/,Enabled,Enabled,Enabled,Geo Concord Repair | Broad
SZ_Search_BayArea_ULTRA3000_Broad,Geo Cupertino Repair,sub zero compressor issue in cupertino,Broad,39.00,https://appliancepros.netlify.app/subzero/,Enabled,Enabled,Enabled,Geo Cupertino Repair | Broad
SZ_Search_BayArea_ULTRA3000_Broad,Geo DalyCity Repair,sub zero compressor issue in daly city,Broad,39.00,https://appliancepros.netlify.app/subzero/,Enabled,Enabled,Enabled,Geo DalyCity Repair | Broad
SZ_Search_BayArea_ULTRA3000_Broad,Geo Emeryville Repair,sub zero compressor issue in emeryville,Broad,39.00,https://appliancepros.netlify.app/subzero/,Enabled,Enabled,Enabled,Geo Emeryville Repair | Broad
SZ_Search_BayArea_ULTRA3000_Broad,Geo FosterCity Repair,sub zero compressor issue in foster city,Broad,39.00,https://appliancepros.netlify.app/subzero/,Enabled,Enabled,Enabled,Geo FosterCity Repair | Broad
SZ_Search_BayArea_ULTRA3000_Broad,Geo Fremont Repair,sub zero compressor issue in fremont,Broad,39.00,https://appliancepros.netlify.app/subzero/,Enabled,Enabled,Enabled,Geo Fremont Repair | Broad
SZ_Search_BayArea_ULTRA3000_Broad,Geo Hayward Repair,sub zero compressor issue in hayward,Broad,39.00,https://appliancepros.netlify.app/subzero/,Enabled,Enabled,Enabled,Geo Hayward Repair | Broad
SZ_Search_BayArea_ULTRA3000_Broad,Geo Livermore Repair,sub zero compressor issue in livermore,Broad,39.00,https://appliancepros.netlify.app/subzero/,Enabled,Enabled,Enabled,Geo Livermore Repair | Broad
SZ_Search_BayArea_ULTRA3000_Broad,Geo LosAltos Repair,sub zero compressor issue in los altos,Broad,39.00,https://appliancepros.netlify.app/subzero/,Enabled,Enabled,Enabled,Geo LosAltos Repair | Broad
SZ_Search_BayArea_ULTRA3000_Broad,Geo LosGatos Repair,sub zero compressor issue in los gatos,Broad,39.00,https://appliancepros.netlify.app/subzero/,Enabled,Enabled,Enabled,Geo LosGatos Repair | Broad
SZ_Search_BayArea_ULTRA3000_Broad,Geo MenloPark Repair,sub zero compressor issue in menlo park,Broad,39.00,https://appliancepros.netlify.app/subzero/,Enabled,Enabled,Enabled,Geo MenloPark Repair | Broad
SZ_Search_BayArea_ULTRA3000_Broad,Geo Millbrae Repair,sub zero compressor issue in millbrae,Broad,39.00,https://appliancepros.netlify.app/subzero/,Enabled,Enabled,Enabled,Geo Millbrae Repair | Broad
SZ_Search_BayArea_ULTRA3000_Broad,Geo Milpitas Repair,sub zero compressor issue in milpitas,Broad,39.00,https://appliancepros.netlify.app/subzero/,Enabled,Enabled,Enabled,Geo Milpitas Repair | Broad
SZ_Search_BayArea_ULTRA3000_Broad,Geo MountainView Repair,sub zero compressor issue in mountain view,Broad,39.00,https://appliancepros.netlify.app/subzero/,Enabled,Enabled,Enabled,Geo MountainView Repair | Broad
SZ_Search_BayArea_ULTRA3000_Broad,Geo Novato Repair,sub zero compressor issue in novato,Broad,39.00,https://appliancepros.netlify.app/subzero/,Enabled,Enabled,Enabled,Geo Novato Repair | Broad
SZ_Search_BayArea_ULTRA3000_Broad,Geo Oakland Repair,sub zero compressor issue in oakland,Broad,39.00,https://appliancepros.netlify.app/subzero/,Enabled,Enabled,Enabled,Geo Oakland Repair | Broad
SZ_Search_BayArea_ULTRA3000_Broad,Geo PaloAlto Repair,sub zero compressor issue in palo alto,Broad,39.00,https://appliancepros.netlify.app/subzero/,Enabled,Enabled,Enabled,Geo PaloAlto Repair | Broad
SZ_Search_BayArea_ULTRA3000_Broad,Geo Pleasanton Repair,sub zero compressor issue in pleasanton,Broad,39.00,https://appliancepros.netlify.app/subzero/,Enabled,Enabled,Enabled,Geo Pleasanton Repair | Broad
SZ_Search_BayArea_ULTRA3000_Broad,Geo RedwoodCity Repair,sub zero compressor issue in redwood city,Broad,39.00,https://appliancepros.netlify.app/subzero/,Enabled,Enabled,Enabled,Geo RedwoodCity Repair | Broad
SZ_Search_BayArea_ULTRA3000_Broad,Geo Richmond Repair,sub zero compressor issue in richmond,Broad,39.00,https://appliancepros.netlify.app/subzero/,Enabled,Enabled,Enabled,Geo Richmond Repair | Broad
SZ_Search_BayArea_ULTRA3000_Broad,Geo SanBruno Repair,sub zero compressor issue in san bruno,Broad,39.00,https://appliancepros.netlify.app/subzero/,Enabled,Enabled,Enabled,Geo SanBruno Repair | Broad
SZ_Search_BayArea_ULTRA3000_Broad,Geo SanFrancisco Repair,sub zero compressor issue in san francisco,Broad,39.00,https://appliancepros.netlify.app/subzero/,Enabled,Enabled,Enabled,Geo SanFrancisco Repair | Broad
SZ_Search_BayArea_ULTRA3000_Broad,Geo SanJose Repair,sub zero compressor issue in san jose,Broad,39.00,https://appliancepros.netlify.app/subzero/,Enabled,Enabled,Enabled,Geo SanJose Repair | Broad
SZ_Search_BayArea_ULTRA3000_Broad,Geo SanLeandro Repair,sub zero compressor issue in san leandro,Broad,39.00,https://appliancepros.netlify.app/subzero/,Enabled,Enabled,Enabled,Geo SanLeandro Repair | Broad
SZ_Search_BayArea_ULTRA3000_Broad,Geo SanMateo Repair,sub zero compressor issue in san mateo,Broad,39.00,https://appliancepros.netlify.app/subzero/,Enabled,Enabled,Enabled,Geo SanMateo Repair | Broad
SZ_Search_BayArea_ULTRA3000_Broad,Geo SanRafael Repair,sub zero compressor issue in san rafael,Broad,39.00,https://appliancepros.netlify.app/subzero/,Enabled,Enabled,Enabled,Geo SanRafael Repair | Broad
SZ_Search_BayArea_ULTRA3000_Broad,Geo SantaClara Repair,sub zero compressor issue in santa clara,Broad,39.00,https://appliancepros.netlify.app/subzero/,Enabled,Enabled,Enabled,Geo SantaClara Repair | Broad
SZ_Search_BayArea_ULTRA3000_Broad,Geo Sunnyvale Repair,sub zero compressor issue in sunnyvale,Broad,39.00,https://appliancepros.netlify.app/subzero/,Enabled,Enabled,Enabled,Geo Sunnyvale Repair | Broad
SZ_Search_BayArea_ULTRA3000_Broad,Geo UnionCity Repair,sub zero compressor issue in union city,Broad,39.00,https://appliancepros.netlify.app/subzero/,Enabled,Enabled,Enabled,Geo UnionCity Repair | Broad
SZ_Search_BayArea_ULTRA3000_Broad,Geo WalnutCreek Repair,sub zero compressor issue in walnut creek,Broad,39.00,https://appliancepros.netlify.app/subzero/,Enabled,Enabled,Enabled,Geo WalnutCreek Repair | Broad
SZ_Search_BayArea_ULTRA3000_Broad,Noise Fan Compressor,sub zero compressor issue local,Broad,35.00,https://appliancepros.netlify.app/subzero/,Enabled,Enabled,Enabled,Noise Fan Compressor | Broad
SZ_Search_BayArea_ULTRA3000_Broad,Core Near Me,sub zero compressor issue near me,Broad,42.00,https://appliancepros.netlify.app/subzero/,Enabled,Enabled,Enabled,Core Near Me | Broad
SZ_Search_BayArea_ULTRA3000_Broad,Core Emergency,sub zero compressor issue same day,Broad,46.00,https://appliancepros.netlify.app/subzero/,Enabled,Enabled,Enabled,Core Emergency | Broad
SZ_Search_BayArea_ULTRA3000_Broad,Core Emergency,sub zero compressor issue today,Broad,46.00,https://appliancepros.netlify.app/subzero/,Enabled,Enabled,Enabled,Core Emergency | Broad
SZ_Search_BayArea_ULTRA3000_Broad,Noise Fan Compressor,sub zero compressor issue trusted,Broad,35.00,https://appliancepros.netlify.app/subzero/,Enabled,Enabled,Enabled,Noise Fan Compressor | Broad
SZ_Search_BayArea_ULTRA3000_Broad,Core Brand Repair,sub zero diagnostic,Broad,35.00,https://appliancepros.netlify.app/subzero/,Enabled,Enabled,Enabled,Core Brand Repair | Broad
SZ_Search_BayArea_ULTRA3000_Broad,Core Emergency,sub zero diagnostic 24 hour,Broad,46.00,https://appliancepros.netlify.app/subzero/,Enabled,Enabled,Enabled,Core Emergency | Broad
SZ_Search_BayArea_ULTRA3000_Broad,Core Brand Repair,sub zero diagnostic affordable,Broad,35.00,https://appliancepros.netlify.app/subzero/,Enabled,Enabled,Enabled,Core Brand Repair | Broad
SZ_Search_BayArea_ULTRA3000_Broad,Core Brand Repair,sub zero diagnostic bay area,Broad,35.00,https://appliancepros.netlify.app/subzero/,Enabled,Enabled,Enabled,Core Brand Repair | Broad
SZ_Search_BayArea_ULTRA3000_Broad,Core Brand Repair,sub zero diagnostic best,Broad,35.00,https://appliancepros.netlify.app/subzero/,Enabled,Enabled,Enabled,Core Brand Repair | Broad
SZ_Search_BayArea_ULTRA3000_Broad,Core Emergency,sub zero diagnostic emergency,Broad,46.00,https://appliancepros.netlify.app/subzero/,Enabled,Enabled,Enabled,Core Emergency | Broad
SZ_Search_BayArea_ULTRA3000_Broad,Core Brand Repair,sub zero diagnostic fast,Broad,35.00,https://appliancepros.netlify.app/subzero/,Enabled,Enabled,Enabled,Core Brand Repair | Broad
SZ_Search_BayArea_ULTRA3000_Broad,Core Brand Repair,sub zero diagnostic local,Broad,35.00,https://appliancepros.netlify.app/subzero/,Enabled,Enabled,Enabled,Core Brand Repair | Broad
SZ_Search_BayArea_ULTRA3000_Broad,Core Near Me,sub zero diagnostic near me,Broad,42.00,https://appliancepros.netlify.app/subzero/,Enabled,Enabled,Enabled,Core Near Me | Broad
SZ_Search_BayArea_ULTRA3000_Broad,Core Emergency,sub zero diagnostic same day,Broad,46.00,https://appliancepros.netlify.app/subzero/,Enabled,Enabled,Enabled,Core Emergency | Broad
SZ_Search_BayArea_ULTRA3000_Broad,Core Emergency,sub zero diagnostic today,Broad,46.00,https://appliancepros.netlify.app/subzero/,Enabled,Enabled,Enabled,Core Emergency | Broad
SZ_Search_BayArea_ULTRA3000_Broad,Core Brand Repair,sub zero diagnostic trusted,Broad,35.00,https://appliancepros.netlify.app/subzero/,Enabled,Enabled,Enabled,Core Brand Repair | Broad
SZ_Search_BayArea_ULTRA3000_Broad,Door Seal Repair,sub zero door ajar beeping,Broad,35.00,https://appliancepros.netlify.app/subzero/,Enabled,Enabled,Enabled,Door Seal Repair | Broad
SZ_Search_BayArea_ULTRA3000_Broad,Core Emergency,sub zero door ajar beeping 24 hour,Broad,46.00,https://appliancepros.netlify.app/subzero/,Enabled,Enabled,Enabled,Core Emergency | Broad
SZ_Search_BayArea_ULTRA3000_Broad,Door Seal Repair,sub zero door ajar beeping affordable,Broad,35.00,https://appliancepros.netlify.app/subzero/,Enabled,Enabled,Enabled,Door Seal Repair | Broad
SZ_Search_BayArea_ULTRA3000_Broad,Door Seal Repair,sub zero door ajar beeping bay area,Broad,35.00,https://appliancepros.netlify.app/subzero/,Enabled,Enabled,Enabled,Door Seal Repair | Broad
SZ_Search_BayArea_ULTRA3000_Broad,Door Seal Repair,sub zero door ajar beeping best,Broad,35.00,https://appliancepros.netlify.app/subzero/,Enabled,Enabled,Enabled,Door Seal Repair | Broad
SZ_Search_BayArea_ULTRA3000_Broad,Core Emergency,sub zero door ajar beeping emergency,Broad,46.00,https://appliancepros.netlify.app/subzero/,Enabled,Enabled,Enabled,Core Emergency | Broad
SZ_Search_BayArea_ULTRA3000_Broad,Door Seal Repair,sub zero door ajar beeping fast,Broad,35.00,https://appliancepros.netlify.app/subzero/,Enabled,Enabled,Enabled,Door Seal Repair | Broad
SZ_Search_BayArea_ULTRA3000_Broad,Geo Alameda Repair,sub zero door ajar beeping in alameda,Broad,39.00,https://appliancepros.netlify.app/subzero/,Enabled,Enabled,Enabled,Geo Alameda Repair | Broad
SZ_Search_BayArea_ULTRA3000_Broad,Geo Belmont Repair,sub zero door ajar beeping in belmont,Broad,39.00,https://appliancepros.netlify.app/subzero/,Enabled,Enabled,Enabled,Geo Belmont Repair | Broad
SZ_Search_BayArea_ULTRA3000_Broad,Geo Berkeley Repair,sub zero door ajar beeping in berkeley,Broad,39.00,https://appliancepros.netlify.app/subzero/,Enabled,Enabled,Enabled,Geo Berkeley Repair | Broad
SZ_Search_BayArea_ULTRA3000_Broad,Geo Burlingame Repair,sub zero door ajar beeping in burlingame,Broad,39.00,https://appliancepros.netlify.app/subzero/,Enabled,Enabled,Enabled,Geo Burlingame Repair | Broad
SZ_Search_BayArea_ULTRA3000_Broad,Geo Campbell Repair,sub zero door ajar beeping in campbell,Broad,39.00,https://appliancepros.netlify.app/subzero/,Enabled,Enabled,Enabled,Geo Campbell Repair | Broad
SZ_Search_BayArea_ULTRA3000_Broad,Geo CastroValley Repair,sub zero door ajar beeping in castro valley,Broad,39.00,https://appliancepros.netlify.app/subzero/,Enabled,Enabled,Enabled,Geo CastroValley Repair | Broad
SZ_Search_BayArea_ULTRA3000_Broad,Geo Concord Repair,sub zero door ajar beeping in concord,Broad,39.00,https://appliancepros.netlify.app/subzero/,Enabled,Enabled,Enabled,Geo Concord Repair | Broad
SZ_Search_BayArea_ULTRA3000_Broad,Geo Cupertino Repair,sub zero door ajar beeping in cupertino,Broad,39.00,https://appliancepros.netlify.app/subzero/,Enabled,Enabled,Enabled,Geo Cupertino Repair | Broad
SZ_Search_BayArea_ULTRA3000_Broad,Geo DalyCity Repair,sub zero door ajar beeping in daly city,Broad,39.00,https://appliancepros.netlify.app/subzero/,Enabled,Enabled,Enabled,Geo DalyCity Repair | Broad
SZ_Search_BayArea_ULTRA3000_Broad,Geo Emeryville Repair,sub zero door ajar beeping in emeryville,Broad,39.00,https://appliancepros.netlify.app/subzero/,Enabled,Enabled,Enabled,Geo Emeryville Repair | Broad
SZ_Search_BayArea_ULTRA3000_Broad,Geo FosterCity Repair,sub zero door ajar beeping in foster city,Broad,39.00,https://appliancepros.netlify.app/subzero/,Enabled,Enabled,Enabled,Geo FosterCity Repair | Broad
SZ_Search_BayArea_ULTRA3000_Broad,Geo Fremont Repair,sub zero door ajar beeping in fremont,Broad,39.00,https://appliancepros.netlify.app/subzero/,Enabled,Enabled,Enabled,Geo Fremont Repair | Broad
SZ_Search_BayArea_ULTRA3000_Broad,Geo Hayward Repair,sub zero door ajar beeping in hayward,Broad,39.00,https://appliancepros.netlify.app/subzero/,Enabled,Enabled,Enabled,Geo Hayward Repair | Broad
SZ_Search_BayArea_ULTRA3000_Broad,Geo Livermore Repair,sub zero door ajar beeping in livermore,Broad,39.00,https://appliancepros.netlify.app/subzero/,Enabled,Enabled,Enabled,Geo Livermore Repair | Broad
SZ_Search_BayArea_ULTRA3000_Broad,Geo LosAltos Repair,sub zero door ajar beeping in los altos,Broad,39.00,https://appliancepros.netlify.app/subzero/,Enabled,Enabled,Enabled,Geo LosAltos Repair | Broad
SZ_Search_BayArea_ULTRA3000_Broad,Geo LosGatos Repair,sub zero door ajar beeping in los gatos,Broad,39.00,https://appliancepros.netlify.app/subzero/,Enabled,Enabled,Enabled,Geo LosGatos Repair | Broad
SZ_Search_BayArea_ULTRA3000_Broad,Geo MenloPark Repair,sub zero door ajar beeping in menlo park,Broad,39.00,https://appliancepros.netlify.app/subzero/,Enabled,Enabled,Enabled,Geo MenloPark Repair | Broad
SZ_Search_BayArea_ULTRA3000_Broad,Geo Millbrae Repair,sub zero door ajar beeping in millbrae,Broad,39.00,https://appliancepros.netlify.app/subzero/,Enabled,Enabled,Enabled,Geo Millbrae Repair | Broad
SZ_Search_BayArea_ULTRA3000_Broad,Geo Milpitas Repair,sub zero door ajar beeping in milpitas,Broad,39.00,https://appliancepros.netlify.app/subzero/,Enabled,Enabled,Enabled,Geo Milpitas Repair | Broad
SZ_Search_BayArea_ULTRA3000_Broad,Geo MountainView Repair,sub zero door ajar beeping in mountain view,Broad,39.00,https://appliancepros.netlify.app/subzero/,Enabled,Enabled,Enabled,Geo MountainView Repair | Broad
SZ_Search_BayArea_ULTRA3000_Broad,Geo Novato Repair,sub zero door ajar beeping in novato,Broad,39.00,https://appliancepros.netlify.app/subzero/,Enabled,Enabled,Enabled,Geo Novato Repair | Broad
SZ_Search_BayArea_ULTRA3000_Broad,Geo Oakland Repair,sub zero door ajar beeping in oakland,Broad,39.00,https://appliancepros.netlify.app/subzero/,Enabled,Enabled,Enabled,Geo Oakland Repair | Broad
SZ_Search_BayArea_ULTRA3000_Broad,Geo PaloAlto Repair,sub zero door ajar beeping in palo alto,Broad,39.00,https://appliancepros.netlify.app/subzero/,Enabled,Enabled,Enabled,Geo PaloAlto Repair | Broad
SZ_Search_BayArea_ULTRA3000_Broad,Geo Pleasanton Repair,sub zero door ajar beeping in pleasanton,Broad,39.00,https://appliancepros.netlify.app/subzero/,Enabled,Enabled,Enabled,Geo Pleasanton Repair | Broad
SZ_Search_BayArea_ULTRA3000_Broad,Geo RedwoodCity Repair,sub zero door ajar beeping in redwood city,Broad,39.00,https://appliancepros.netlify.app/subzero/,Enabled,Enabled,Enabled,Geo RedwoodCity Repair | Broad
SZ_Search_BayArea_ULTRA3000_Broad,Geo Richmond Repair,sub zero door ajar beeping in richmond,Broad,39.00,https://appliancepros.netlify.app/subzero/,Enabled,Enabled,Enabled,Geo Richmond Repair | Broad
SZ_Search_BayArea_ULTRA3000_Broad,Geo SanBruno Repair,sub zero door ajar beeping in san bruno,Broad,39.00,https://appliancepros.netlify.app/subzero/,Enabled,Enabled,Enabled,Geo SanBruno Repair | Broad
SZ_Search_BayArea_ULTRA3000_Broad,Geo SanFrancisco Repair,sub zero door ajar beeping in san francisco,Broad,39.00,https://appliancepros.netlify.app/subzero/,Enabled,Enabled,Enabled,Geo SanFrancisco Repair | Broad
SZ_Search_BayArea_ULTRA3000_Broad,Geo SanJose Repair,sub zero door ajar beeping in san jose,Broad,39.00,https://appliancepros.netlify.app/subzero/,Enabled,Enabled,Enabled,Geo SanJose Repair | Broad
SZ_Search_BayArea_ULTRA3000_Broad,Geo SanLeandro Repair,sub zero door ajar beeping in san leandro,Broad,39.00,https://appliancepros.netlify.app/subzero/,Enabled,Enabled,Enabled,Geo SanLeandro Repair | Broad
SZ_Search_BayArea_ULTRA3000_Broad,Geo SanMateo Repair,sub zero door ajar beeping in san mateo,Broad,39.00,https://appliancepros.netlify.app/subzero/,Enabled,Enabled,Enabled,Geo SanMateo Repair | Broad
SZ_Search_BayArea_ULTRA3000_Broad,Geo SanRafael Repair,sub zero door ajar beeping in san rafael,Broad,39.00,https://appliancepros.netlify.app/subzero/,Enabled,Enabled,Enabled,Geo SanRafael Repair | Broad
SZ_Search_BayArea_ULTRA3000_Broad,Geo SantaClara Repair,sub zero door ajar beeping in santa clara,Broad,39.00,https://appliancepros.netlify.app/subzero/,Enabled,Enabled,Enabled,Geo SantaClara Repair | Broad
SZ_Search_BayArea_ULTRA3000_Broad,Geo Sunnyvale Repair,sub zero door ajar beeping in sunnyvale,Broad,39.00,https://appliancepros.netlify.app/subzero/,Enabled,Enabled,Enabled,Geo Sunnyvale Repair | Broad
SZ_Search_BayArea_ULTRA3000_Broad,Geo UnionCity Repair,sub zero door ajar beeping in union city,Broad,39.00,https://appliancepros.netlify.app/subzero/,Enabled,Enabled,Enabled,Geo UnionCity Repair | Broad
SZ_Search_BayArea_ULTRA3000_Broad,Geo WalnutCreek Repair,sub zero door ajar beeping in walnut creek,Broad,39.00,https://appliancepros.netlify.app/subzero/,Enabled,Enabled,Enabled,Geo WalnutCreek Repair | Broad
SZ_Search_BayArea_ULTRA3000_Broad,Door Seal Repair,sub zero door ajar beeping local,Broad,35.00,https://appliancepros.netlify.app/subzero/,Enabled,Enabled,Enabled,Door Seal Repair | Broad
SZ_Search_BayArea_ULTRA3000_Broad,Core Near Me,sub zero door ajar beeping near me,Broad,42.00,https://appliancepros.netlify.app/subzero/,Enabled,Enabled,Enabled,Core Near Me | Broad
SZ_Search_BayArea_ULTRA3000_Broad,Core Emergency,sub zero door ajar beeping same day,Broad,46.00,https://appliancepros.netlify.app/subzero/,Enabled,Enabled,Enabled,Core Emergency | Broad
SZ_Search_BayArea_ULTRA3000_Broad,Core Emergency,sub zero door ajar beeping today,Broad,46.00,https://appliancepros.netlify.app/subzero/,Enabled,Enabled,Enabled,Core Emergency | Broad
SZ_Search_BayArea_ULTRA3000_Broad,Door Seal Repair,sub zero door ajar beeping trusted,Broad,35.00,https://appliancepros.netlify.app/subzero/,Enabled,Enabled,Enabled,Door Seal Repair | Broad
SZ_Search_BayArea_ULTRA3000_Broad,Door Seal Repair,sub zero door gasket issue,Broad,35.00,https://appliancepros.netlify.app/subzero/,Enabled,Enabled,Enabled,Door Seal Repair | Broad
SZ_Search_BayArea_ULTRA3000_Broad,Core Emergency,sub zero door gasket issue 24 hour,Broad,46.00,https://appliancepros.netlify.app/subzero/,Enabled,Enabled,Enabled,Core Emergency | Broad
SZ_Search_BayArea_ULTRA3000_Broad,Door Seal Repair,sub zero door gasket issue affordable,Broad,35.00,https://appliancepros.netlify.app/subzero/,Enabled,Enabled,Enabled,Door Seal Repair | Broad
SZ_Search_BayArea_ULTRA3000_Broad,Door Seal Repair,sub zero door gasket issue bay area,Broad,35.00,https://appliancepros.netlify.app/subzero/,Enabled,Enabled,Enabled,Door Seal Repair | Broad
SZ_Search_BayArea_ULTRA3000_Broad,Door Seal Repair,sub zero door gasket issue best,Broad,35.00,https://appliancepros.netlify.app/subzero/,Enabled,Enabled,Enabled,Door Seal Repair | Broad
SZ_Search_BayArea_ULTRA3000_Broad,Core Emergency,sub zero door gasket issue emergency,Broad,46.00,https://appliancepros.netlify.app/subzero/,Enabled,Enabled,Enabled,Core Emergency | Broad
SZ_Search_BayArea_ULTRA3000_Broad,Door Seal Repair,sub zero door gasket issue fast,Broad,35.00,https://appliancepros.netlify.app/subzero/,Enabled,Enabled,Enabled,Door Seal Repair | Broad
SZ_Search_BayArea_ULTRA3000_Broad,Geo Alameda Repair,sub zero door gasket issue in alameda,Broad,39.00,https://appliancepros.netlify.app/subzero/,Enabled,Enabled,Enabled,Geo Alameda Repair | Broad
SZ_Search_BayArea_ULTRA3000_Broad,Geo Belmont Repair,sub zero door gasket issue in belmont,Broad,39.00,https://appliancepros.netlify.app/subzero/,Enabled,Enabled,Enabled,Geo Belmont Repair | Broad
SZ_Search_BayArea_ULTRA3000_Broad,Geo Berkeley Repair,sub zero door gasket issue in berkeley,Broad,39.00,https://appliancepros.netlify.app/subzero/,Enabled,Enabled,Enabled,Geo Berkeley Repair | Broad
SZ_Search_BayArea_ULTRA3000_Broad,Geo Burlingame Repair,sub zero door gasket issue in burlingame,Broad,39.00,https://appliancepros.netlify.app/subzero/,Enabled,Enabled,Enabled,Geo Burlingame Repair | Broad
SZ_Search_BayArea_ULTRA3000_Broad,Geo Campbell Repair,sub zero door gasket issue in campbell,Broad,39.00,https://appliancepros.netlify.app/subzero/,Enabled,Enabled,Enabled,Geo Campbell Repair | Broad
SZ_Search_BayArea_ULTRA3000_Broad,Geo CastroValley Repair,sub zero door gasket issue in castro valley,Broad,39.00,https://appliancepros.netlify.app/subzero/,Enabled,Enabled,Enabled,Geo CastroValley Repair | Broad
SZ_Search_BayArea_ULTRA3000_Broad,Geo Concord Repair,sub zero door gasket issue in concord,Broad,39.00,https://appliancepros.netlify.app/subzero/,Enabled,Enabled,Enabled,Geo Concord Repair | Broad
SZ_Search_BayArea_ULTRA3000_Broad,Geo Cupertino Repair,sub zero door gasket issue in cupertino,Broad,39.00,https://appliancepros.netlify.app/subzero/,Enabled,Enabled,Enabled,Geo Cupertino Repair | Broad
SZ_Search_BayArea_ULTRA3000_Broad,Geo DalyCity Repair,sub zero door gasket issue in daly city,Broad,39.00,https://appliancepros.netlify.app/subzero/,Enabled,Enabled,Enabled,Geo DalyCity Repair | Broad
SZ_Search_BayArea_ULTRA3000_Broad,Geo Emeryville Repair,sub zero door gasket issue in emeryville,Broad,39.00,https://appliancepros.netlify.app/subzero/,Enabled,Enabled,Enabled,Geo Emeryville Repair | Broad
SZ_Search_BayArea_ULTRA3000_Broad,Geo FosterCity Repair,sub zero door gasket issue in foster city,Broad,39.00,https://appliancepros.netlify.app/subzero/,Enabled,Enabled,Enabled,Geo FosterCity Repair | Broad
SZ_Search_BayArea_ULTRA3000_Broad,Geo Fremont Repair,sub zero door gasket issue in fremont,Broad,39.00,https://appliancepros.netlify.app/subzero/,Enabled,Enabled,Enabled,Geo Fremont Repair | Broad
SZ_Search_BayArea_ULTRA3000_Broad,Geo Hayward Repair,sub zero door gasket issue in hayward,Broad,39.00,https://appliancepros.netlify.app/subzero/,Enabled,Enabled,Enabled,Geo Hayward Repair | Broad
SZ_Search_BayArea_ULTRA3000_Broad,Geo Livermore Repair,sub zero door gasket issue in livermore,Broad,39.00,https://appliancepros.netlify.app/subzero/,Enabled,Enabled,Enabled,Geo Livermore Repair | Broad
SZ_Search_BayArea_ULTRA3000_Broad,Geo LosAltos Repair,sub zero door gasket issue in los altos,Broad,39.00,https://appliancepros.netlify.app/subzero/,Enabled,Enabled,Enabled,Geo LosAltos Repair | Broad
SZ_Search_BayArea_ULTRA3000_Broad,Geo LosGatos Repair,sub zero door gasket issue in los gatos,Broad,39.00,https://appliancepros.netlify.app/subzero/,Enabled,Enabled,Enabled,Geo LosGatos Repair | Broad
SZ_Search_BayArea_ULTRA3000_Broad,Geo MenloPark Repair,sub zero door gasket issue in menlo park,Broad,39.00,https://appliancepros.netlify.app/subzero/,Enabled,Enabled,Enabled,Geo MenloPark Repair | Broad
SZ_Search_BayArea_ULTRA3000_Broad,Geo Millbrae Repair,sub zero door gasket issue in millbrae,Broad,39.00,https://appliancepros.netlify.app/subzero/,Enabled,Enabled,Enabled,Geo Millbrae Repair | Broad
SZ_Search_BayArea_ULTRA3000_Broad,Geo Milpitas Repair,sub zero door gasket issue in milpitas,Broad,39.00,https://appliancepros.netlify.app/subzero/,Enabled,Enabled,Enabled,Geo Milpitas Repair | Broad
SZ_Search_BayArea_ULTRA3000_Broad,Geo MountainView Repair,sub zero door gasket issue in mountain view,Broad,39.00,https://appliancepros.netlify.app/subzero/,Enabled,Enabled,Enabled,Geo MountainView Repair | Broad
SZ_Search_BayArea_ULTRA3000_Broad,Geo Novato Repair,sub zero door gasket issue in novato,Broad,39.00,https://appliancepros.netlify.app/subzero/,Enabled,Enabled,Enabled,Geo Novato Repair | Broad
SZ_Search_BayArea_ULTRA3000_Broad,Geo Oakland Repair,sub zero door gasket issue in oakland,Broad,39.00,https://appliancepros.netlify.app/subzero/,Enabled,Enabled,Enabled,Geo Oakland Repair | Broad
SZ_Search_BayArea_ULTRA3000_Broad,Geo PaloAlto Repair,sub zero door gasket issue in palo alto,Broad,39.00,https://appliancepros.netlify.app/subzero/,Enabled,Enabled,Enabled,Geo PaloAlto Repair | Broad
SZ_Search_BayArea_ULTRA3000_Broad,Geo Pleasanton Repair,sub zero door gasket issue in pleasanton,Broad,39.00,https://appliancepros.netlify.app/subzero/,Enabled,Enabled,Enabled,Geo Pleasanton Repair | Broad
SZ_Search_BayArea_ULTRA3000_Broad,Geo RedwoodCity Repair,sub zero door gasket issue in redwood city,Broad,39.00,https://appliancepros.netlify.app/subzero/,Enabled,Enabled,Enabled,Geo RedwoodCity Repair | Broad
SZ_Search_BayArea_ULTRA3000_Broad,Geo Richmond Repair,sub zero door gasket issue in richmond,Broad,39.00,https://appliancepros.netlify.app/subzero/,Enabled,Enabled,Enabled,Geo Richmond Repair | Broad
SZ_Search_BayArea_ULTRA3000_Broad,Geo SanBruno Repair,sub zero door gasket issue in san bruno,Broad,39.00,https://appliancepros.netlify.app/subzero/,Enabled,Enabled,Enabled,Geo SanBruno Repair | Broad
SZ_Search_BayArea_ULTRA3000_Broad,Geo SanFrancisco Repair,sub zero door gasket issue in san francisco,Broad,39.00,https://appliancepros.netlify.app/subzero/,Enabled,Enabled,Enabled,Geo SanFrancisco Repair | Broad
SZ_Search_BayArea_ULTRA3000_Broad,Geo SanJose Repair,sub zero door gasket issue in san jose,Broad,39.00,https://appliancepros.netlify.app/subzero/,Enabled,Enabled,Enabled,Geo SanJose Repair | Broad
SZ_Search_BayArea_ULTRA3000_Broad,Geo SanLeandro Repair,sub zero door gasket issue in san leandro,Broad,39.00,https://appliancepros.netlify.app/subzero/,Enabled,Enabled,Enabled,Geo SanLeandro Repair | Broad
SZ_Search_BayArea_ULTRA3000_Broad,Geo SanMateo Repair,sub zero door gasket issue in san mateo,Broad,39.00,https://appliancepros.netlify.app/subzero/,Enabled,Enabled,Enabled,Geo SanMateo Repair | Broad
SZ_Search_BayArea_ULTRA3000_Broad,Geo SanRafael Repair,sub zero door gasket issue in san rafael,Broad,39.00,https://appliancepros.netlify.app/subzero/,Enabled,Enabled,Enabled,Geo SanRafael Repair | Broad
SZ_Search_BayArea_ULTRA3000_Broad,Geo SantaClara Repair,sub zero door gasket issue in santa clara,Broad,39.00,https://appliancepros.netlify.app/subzero/,Enabled,Enabled,Enabled,Geo SantaClara Repair | Broad
SZ_Search_BayArea_ULTRA3000_Broad,Geo Sunnyvale Repair,sub zero door gasket issue in sunnyvale,Broad,39.00,https://appliancepros.netlify.app/subzero/,Enabled,Enabled,Enabled,Geo Sunnyvale Repair | Broad
SZ_Search_BayArea_ULTRA3000_Broad,Geo UnionCity Repair,sub zero door gasket issue in union city,Broad,39.00,https://appliancepros.netlify.app/subzero/,Enabled,Enabled,Enabled,Geo UnionCity Repair | Broad
SZ_Search_BayArea_ULTRA3000_Broad,Geo WalnutCreek Repair,sub zero door gasket issue in walnut creek,Broad,39.00,https://appliancepros.netlify.app/subzero/,Enabled,Enabled,Enabled,Geo WalnutCreek Repair | Broad
SZ_Search_BayArea_ULTRA3000_Broad,Door Seal Repair,sub zero door gasket issue local,Broad,35.00,https://appliancepros.netlify.app/subzero/,Enabled,Enabled,Enabled,Door Seal Repair | Broad
SZ_Search_BayArea_ULTRA3000_Broad,Core Near Me,sub zero door gasket issue near me,Broad,42.00,https://appliancepros.netlify.app/subzero/,Enabled,Enabled,Enabled,Core Near Me | Broad
SZ_Search_BayArea_ULTRA3000_Broad,Core Emergency,sub zero door gasket issue same day,Broad,46.00,https://appliancepros.netlify.app/subzero/,Enabled,Enabled,Enabled,Core Emergency | Broad
SZ_Search_BayArea_ULTRA3000_Broad,Core Emergency,sub zero door gasket issue today,Broad,46.00,https://appliancepros.netlify.app/subzero/,Enabled,Enabled,Enabled,Core Emergency | Broad
SZ_Search_BayArea_ULTRA3000_Broad,Door Seal Repair,sub zero door gasket issue trusted,Broad,35.00,https://appliancepros.netlify.app/subzero/,Enabled,Enabled,Enabled,Door Seal Repair | Broad
SZ_Search_BayArea_ULTRA3000_Broad,Door Seal Repair,sub zero door seal issue,Broad,35.00,https://appliancepros.netlify.app/subzero/,Enabled,Enabled,Enabled,Door Seal Repair | Broad
SZ_Search_BayArea_ULTRA3000_Broad,Core Emergency,sub zero door seal issue 24 hour,Broad,46.00,https://appliancepros.netlify.app/subzero/,Enabled,Enabled,Enabled,Core Emergency | Broad
SZ_Search_BayArea_ULTRA3000_Broad,Door Seal Repair,sub zero door seal issue affordable,Broad,35.00,https://appliancepros.netlify.app/subzero/,Enabled,Enabled,Enabled,Door Seal Repair | Broad
SZ_Search_BayArea_ULTRA3000_Broad,Door Seal Repair,sub zero door seal issue bay area,Broad,35.00,https://appliancepros.netlify.app/subzero/,Enabled,Enabled,Enabled,Door Seal Repair | Broad
SZ_Search_BayArea_ULTRA3000_Broad,Door Seal Repair,sub zero door seal issue best,Broad,35.00,https://appliancepros.netlify.app/subzero/,Enabled,Enabled,Enabled,Door Seal Repair | Broad
SZ_Search_BayArea_ULTRA3000_Broad,Core Emergency,sub zero door seal issue emergency,Broad,46.00,https://appliancepros.netlify.app/subzero/,Enabled,Enabled,Enabled,Core Emergency | Broad
SZ_Search_BayArea_ULTRA3000_Broad,Door Seal Repair,sub zero door seal issue fast,Broad,35.00,https://appliancepros.netlify.app/subzero/,Enabled,Enabled,Enabled,Door Seal Repair | Broad
SZ_Search_BayArea_ULTRA3000_Broad,Geo Alameda Repair,sub zero door seal issue in alameda,Broad,39.00,https://appliancepros.netlify.app/subzero/,Enabled,Enabled,Enabled,Geo Alameda Repair | Broad
SZ_Search_BayArea_ULTRA3000_Broad,Geo Belmont Repair,sub zero door seal issue in belmont,Broad,39.00,https://appliancepros.netlify.app/subzero/,Enabled,Enabled,Enabled,Geo Belmont Repair | Broad
SZ_Search_BayArea_ULTRA3000_Broad,Geo Berkeley Repair,sub zero door seal issue in berkeley,Broad,39.00,https://appliancepros.netlify.app/subzero/,Enabled,Enabled,Enabled,Geo Berkeley Repair | Broad
SZ_Search_BayArea_ULTRA3000_Broad,Geo Burlingame Repair,sub zero door seal issue in burlingame,Broad,39.00,https://appliancepros.netlify.app/subzero/,Enabled,Enabled,Enabled,Geo Burlingame Repair | Broad
SZ_Search_BayArea_ULTRA3000_Broad,Geo Campbell Repair,sub zero door seal issue in campbell,Broad,39.00,https://appliancepros.netlify.app/subzero/,Enabled,Enabled,Enabled,Geo Campbell Repair | Broad
SZ_Search_BayArea_ULTRA3000_Broad,Geo CastroValley Repair,sub zero door seal issue in castro valley,Broad,39.00,https://appliancepros.netlify.app/subzero/,Enabled,Enabled,Enabled,Geo CastroValley Repair | Broad
SZ_Search_BayArea_ULTRA3000_Broad,Geo Concord Repair,sub zero door seal issue in concord,Broad,39.00,https://appliancepros.netlify.app/subzero/,Enabled,Enabled,Enabled,Geo Concord Repair | Broad
SZ_Search_BayArea_ULTRA3000_Broad,Geo Cupertino Repair,sub zero door seal issue in cupertino,Broad,39.00,https://appliancepros.netlify.app/subzero/,Enabled,Enabled,Enabled,Geo Cupertino Repair | Broad
SZ_Search_BayArea_ULTRA3000_Broad,Geo DalyCity Repair,sub zero door seal issue in daly city,Broad,39.00,https://appliancepros.netlify.app/subzero/,Enabled,Enabled,Enabled,Geo DalyCity Repair | Broad
SZ_Search_BayArea_ULTRA3000_Broad,Geo Emeryville Repair,sub zero door seal issue in emeryville,Broad,39.00,https://appliancepros.netlify.app/subzero/,Enabled,Enabled,Enabled,Geo Emeryville Repair | Broad
SZ_Search_BayArea_ULTRA3000_Broad,Geo FosterCity Repair,sub zero door seal issue in foster city,Broad,39.00,https://appliancepros.netlify.app/subzero/,Enabled,Enabled,Enabled,Geo FosterCity Repair | Broad
SZ_Search_BayArea_ULTRA3000_Broad,Geo Fremont Repair,sub zero door seal issue in fremont,Broad,39.00,https://appliancepros.netlify.app/subzero/,Enabled,Enabled,Enabled,Geo Fremont Repair | Broad
SZ_Search_BayArea_ULTRA3000_Broad,Geo Hayward Repair,sub zero door seal issue in hayward,Broad,39.00,https://appliancepros.netlify.app/subzero/,Enabled,Enabled,Enabled,Geo Hayward Repair | Broad
SZ_Search_BayArea_ULTRA3000_Broad,Geo Livermore Repair,sub zero door seal issue in livermore,Broad,39.00,https://appliancepros.netlify.app/subzero/,Enabled,Enabled,Enabled,Geo Livermore Repair | Broad
SZ_Search_BayArea_ULTRA3000_Broad,Geo LosAltos Repair,sub zero door seal issue in los altos,Broad,39.00,https://appliancepros.netlify.app/subzero/,Enabled,Enabled,Enabled,Geo LosAltos Repair | Broad
SZ_Search_BayArea_ULTRA3000_Broad,Geo LosGatos Repair,sub zero door seal issue in los gatos,Broad,39.00,https://appliancepros.netlify.app/subzero/,Enabled,Enabled,Enabled,Geo LosGatos Repair | Broad
SZ_Search_BayArea_ULTRA3000_Broad,Geo MenloPark Repair,sub zero door seal issue in menlo park,Broad,39.00,https://appliancepros.netlify.app/subzero/,Enabled,Enabled,Enabled,Geo MenloPark Repair | Broad
SZ_Search_BayArea_ULTRA3000_Broad,Geo Millbrae Repair,sub zero door seal issue in millbrae,Broad,39.00,https://appliancepros.netlify.app/subzero/,Enabled,Enabled,Enabled,Geo Millbrae Repair | Broad
SZ_Search_BayArea_ULTRA3000_Broad,Geo Milpitas Repair,sub zero door seal issue in milpitas,Broad,39.00,https://appliancepros.netlify.app/subzero/,Enabled,Enabled,Enabled,Geo Milpitas Repair | Broad
SZ_Search_BayArea_ULTRA3000_Broad,Geo MountainView Repair,sub zero door seal issue in mountain view,Broad,39.00,https://appliancepros.netlify.app/subzero/,Enabled,Enabled,Enabled,Geo MountainView Repair | Broad
SZ_Search_BayArea_ULTRA3000_Broad,Geo Novato Repair,sub zero door seal issue in novato,Broad,39.00,https://appliancepros.netlify.app/subzero/,Enabled,Enabled,Enabled,Geo Novato Repair | Broad
SZ_Search_BayArea_ULTRA3000_Broad,Geo Oakland Repair,sub zero door seal issue in oakland,Broad,39.00,https://appliancepros.netlify.app/subzero/,Enabled,Enabled,Enabled,Geo Oakland Repair | Broad
SZ_Search_BayArea_ULTRA3000_Broad,Geo PaloAlto Repair,sub zero door seal issue in palo alto,Broad,39.00,https://appliancepros.netlify.app/subzero/,Enabled,Enabled,Enabled,Geo PaloAlto Repair | Broad
SZ_Search_BayArea_ULTRA3000_Broad,Geo Pleasanton Repair,sub zero door seal issue in pleasanton,Broad,39.00,https://appliancepros.netlify.app/subzero/,Enabled,Enabled,Enabled,Geo Pleasanton Repair | Broad
SZ_Search_BayArea_ULTRA3000_Broad,Geo RedwoodCity Repair,sub zero door seal issue in redwood city,Broad,39.00,https://appliancepros.netlify.app/subzero/,Enabled,Enabled,Enabled,Geo RedwoodCity Repair | Broad
SZ_Search_BayArea_ULTRA3000_Broad,Geo Richmond Repair,sub zero door seal issue in richmond,Broad,39.00,https://appliancepros.netlify.app/subzero/,Enabled,Enabled,Enabled,Geo Richmond Repair | Broad
SZ_Search_BayArea_ULTRA3000_Broad,Geo SanBruno Repair,sub zero door seal issue in san bruno,Broad,39.00,https://appliancepros.netlify.app/subzero/,Enabled,Enabled,Enabled,Geo SanBruno Repair | Broad
SZ_Search_BayArea_ULTRA3000_Broad,Geo SanFrancisco Repair,sub zero door seal issue in san francisco,Broad,39.00,https://appliancepros.netlify.app/subzero/,Enabled,Enabled,Enabled,Geo SanFrancisco Repair | Broad
SZ_Search_BayArea_ULTRA3000_Broad,Geo SanJose Repair,sub zero door seal issue in san jose,Broad,39.00,https://appliancepros.netlify.app/subzero/,Enabled,Enabled,Enabled,Geo SanJose Repair | Broad
SZ_Search_BayArea_ULTRA3000_Broad,Geo SanLeandro Repair,sub zero door seal issue in san leandro,Broad,39.00,https://appliancepros.netlify.app/subzero/,Enabled,Enabled,Enabled,Geo SanLeandro Repair | Broad
SZ_Search_BayArea_ULTRA3000_Broad,Geo SanMateo Repair,sub zero door seal issue in san mateo,Broad,39.00,https://appliancepros.netlify.app/subzero/,Enabled,Enabled,Enabled,Geo SanMateo Repair | Broad
SZ_Search_BayArea_ULTRA3000_Broad,Geo SanRafael Repair,sub zero door seal issue in san rafael,Broad,39.00,https://appliancepros.netlify.app/subzero/,Enabled,Enabled,Enabled,Geo SanRafael Repair | Broad
SZ_Search_BayArea_ULTRA3000_Broad,Geo SantaClara Repair,sub zero door seal issue in santa clara,Broad,39.00,https://appliancepros.netlify.app/subzero/,Enabled,Enabled,Enabled,Geo SantaClara Repair | Broad
SZ_Search_BayArea_ULTRA3000_Broad,Geo Sunnyvale Repair,sub zero door seal issue in sunnyvale,Broad,39.00,https://appliancepros.netlify.app/subzero/,Enabled,Enabled,Enabled,Geo Sunnyvale Repair | Broad
SZ_Search_BayArea_ULTRA3000_Broad,Geo UnionCity Repair,sub zero door seal issue in union city,Broad,39.00,https://appliancepros.netlify.app/subzero/,Enabled,Enabled,Enabled,Geo UnionCity Repair | Broad
SZ_Search_BayArea_ULTRA3000_Broad,Geo WalnutCreek Repair,sub zero door seal issue in walnut creek,Broad,39.00,https://appliancepros.netlify.app/subzero/,Enabled,Enabled,Enabled,Geo WalnutCreek Repair | Broad
SZ_Search_BayArea_ULTRA3000_Broad,Door Seal Repair,sub zero door seal issue local,Broad,35.00,https://appliancepros.netlify.app/subzero/,Enabled,Enabled,Enabled,Door Seal Repair | Broad
SZ_Search_BayArea_ULTRA3000_Broad,Core Near Me,sub zero door seal issue near me,Broad,42.00,https://appliancepros.netlify.app/subzero/,Enabled,Enabled,Enabled,Core Near Me | Broad
SZ_Search_BayArea_ULTRA3000_Broad,Core Emergency,sub zero door seal issue same day,Broad,46.00,https://appliancepros.netlify.app/subzero/,Enabled,Enabled,Enabled,Core Emergency | Broad
SZ_Search_BayArea_ULTRA3000_Broad,Core Emergency,sub zero door seal issue today,Broad,46.00,https://appliancepros.netlify.app/subzero/,Enabled,Enabled,Enabled,Core Emergency | Broad
SZ_Search_BayArea_ULTRA3000_Broad,Door Seal Repair,sub zero door seal issue trusted,Broad,35.00,https://appliancepros.netlify.app/subzero/,Enabled,Enabled,Enabled,Door Seal Repair | Broad
SZ_Search_BayArea_ULTRA3000_Broad,Not Working Issues,sub zero fan not working,Broad,35.00,https://appliancepros.netlify.app/subzero/,Enabled,Enabled,Enabled,Not Working Issues | Broad
SZ_Search_BayArea_ULTRA3000_Broad,Core Emergency,sub zero fan not working 24 hour,Broad,46.00,https://appliancepros.netlify.app/subzero/,Enabled,Enabled,Enabled,Core Emergency | Broad
SZ_Search_BayArea_ULTRA3000_Broad,Not Working Issues,sub zero fan not working affordable,Broad,35.00,https://appliancepros.netlify.app/subzero/,Enabled,Enabled,Enabled,Not Working Issues | Broad
SZ_Search_BayArea_ULTRA3000_Broad,Not Working Issues,sub zero fan not working bay area,Broad,35.00,https://appliancepros.netlify.app/subzero/,Enabled,Enabled,Enabled,Not Working Issues | Broad
SZ_Search_BayArea_ULTRA3000_Broad,Not Working Issues,sub zero fan not working best,Broad,35.00,https://appliancepros.netlify.app/subzero/,Enabled,Enabled,Enabled,Not Working Issues | Broad
SZ_Search_BayArea_ULTRA3000_Broad,Core Emergency,sub zero fan not working emergency,Broad,46.00,https://appliancepros.netlify.app/subzero/,Enabled,Enabled,Enabled,Core Emergency | Broad
SZ_Search_BayArea_ULTRA3000_Broad,Not Working Issues,sub zero fan not working fast,Broad,35.00,https://appliancepros.netlify.app/subzero/,Enabled,Enabled,Enabled,Not Working Issues | Broad
SZ_Search_BayArea_ULTRA3000_Broad,Geo Alameda Repair,sub zero fan not working in alameda,Broad,39.00,https://appliancepros.netlify.app/subzero/,Enabled,Enabled,Enabled,Geo Alameda Repair | Broad
SZ_Search_BayArea_ULTRA3000_Broad,Geo Belmont Repair,sub zero fan not working in belmont,Broad,39.00,https://appliancepros.netlify.app/subzero/,Enabled,Enabled,Enabled,Geo Belmont Repair | Broad
SZ_Search_BayArea_ULTRA3000_Broad,Geo Berkeley Repair,sub zero fan not working in berkeley,Broad,39.00,https://appliancepros.netlify.app/subzero/,Enabled,Enabled,Enabled,Geo Berkeley Repair | Broad
SZ_Search_BayArea_ULTRA3000_Broad,Geo Burlingame Repair,sub zero fan not working in burlingame,Broad,39.00,https://appliancepros.netlify.app/subzero/,Enabled,Enabled,Enabled,Geo Burlingame Repair | Broad
SZ_Search_BayArea_ULTRA3000_Broad,Geo Campbell Repair,sub zero fan not working in campbell,Broad,39.00,https://appliancepros.netlify.app/subzero/,Enabled,Enabled,Enabled,Geo Campbell Repair | Broad
SZ_Search_BayArea_ULTRA3000_Broad,Geo CastroValley Repair,sub zero fan not working in castro valley,Broad,39.00,https://appliancepros.netlify.app/subzero/,Enabled,Enabled,Enabled,Geo CastroValley Repair | Broad
SZ_Search_BayArea_ULTRA3000_Broad,Geo Concord Repair,sub zero fan not working in concord,Broad,39.00,https://appliancepros.netlify.app/subzero/,Enabled,Enabled,Enabled,Geo Concord Repair | Broad
SZ_Search_BayArea_ULTRA3000_Broad,Geo Cupertino Repair,sub zero fan not working in cupertino,Broad,39.00,https://appliancepros.netlify.app/subzero/,Enabled,Enabled,Enabled,Geo Cupertino Repair | Broad
SZ_Search_BayArea_ULTRA3000_Broad,Geo DalyCity Repair,sub zero fan not working in daly city,Broad,39.00,https://appliancepros.netlify.app/subzero/,Enabled,Enabled,Enabled,Geo DalyCity Repair | Broad
SZ_Search_BayArea_ULTRA3000_Broad,Geo Emeryville Repair,sub zero fan not working in emeryville,Broad,39.00,https://appliancepros.netlify.app/subzero/,Enabled,Enabled,Enabled,Geo Emeryville Repair | Broad
SZ_Search_BayArea_ULTRA3000_Broad,Geo FosterCity Repair,sub zero fan not working in foster city,Broad,39.00,https://appliancepros.netlify.app/subzero/,Enabled,Enabled,Enabled,Geo FosterCity Repair | Broad
SZ_Search_BayArea_ULTRA3000_Broad,Geo Fremont Repair,sub zero fan not working in fremont,Broad,39.00,https://appliancepros.netlify.app/subzero/,Enabled,Enabled,Enabled,Geo Fremont Repair | Broad
SZ_Search_BayArea_ULTRA3000_Broad,Geo Hayward Repair,sub zero fan not working in hayward,Broad,39.00,https://appliancepros.netlify.app/subzero/,Enabled,Enabled,Enabled,Geo Hayward Repair | Broad
SZ_Search_BayArea_ULTRA3000_Broad,Geo Livermore Repair,sub zero fan not working in livermore,Broad,39.00,https://appliancepros.netlify.app/subzero/,Enabled,Enabled,Enabled,Geo Livermore Repair | Broad
SZ_Search_BayArea_ULTRA3000_Broad,Geo LosAltos Repair,sub zero fan not working in los altos,Broad,39.00,https://appliancepros.netlify.app/subzero/,Enabled,Enabled,Enabled,Geo LosAltos Repair | Broad
SZ_Search_BayArea_ULTRA3000_Broad,Geo LosGatos Repair,sub zero fan not working in los gatos,Broad,39.00,https://appliancepros.netlify.app/subzero/,Enabled,Enabled,Enabled,Geo LosGatos Repair | Broad
SZ_Search_BayArea_ULTRA3000_Broad,Geo MenloPark Repair,sub zero fan not working in menlo park,Broad,39.00,https://appliancepros.netlify.app/subzero/,Enabled,Enabled,Enabled,Geo MenloPark Repair | Broad
SZ_Search_BayArea_ULTRA3000_Broad,Geo Millbrae Repair,sub zero fan not working in millbrae,Broad,39.00,https://appliancepros.netlify.app/subzero/,Enabled,Enabled,Enabled,Geo Millbrae Repair | Broad
SZ_Search_BayArea_ULTRA3000_Broad,Geo Milpitas Repair,sub zero fan not working in milpitas,Broad,39.00,https://appliancepros.netlify.app/subzero/,Enabled,Enabled,Enabled,Geo Milpitas Repair | Broad
SZ_Search_BayArea_ULTRA3000_Broad,Geo MountainView Repair,sub zero fan not working in mountain view,Broad,39.00,https://appliancepros.netlify.app/subzero/,Enabled,Enabled,Enabled,Geo MountainView Repair | Broad
SZ_Search_BayArea_ULTRA3000_Broad,Geo Novato Repair,sub zero fan not working in novato,Broad,39.00,https://appliancepros.netlify.app/subzero/,Enabled,Enabled,Enabled,Geo Novato Repair | Broad
SZ_Search_BayArea_ULTRA3000_Broad,Geo Oakland Repair,sub zero fan not working in oakland,Broad,39.00,https://appliancepros.netlify.app/subzero/,Enabled,Enabled,Enabled,Geo Oakland Repair | Broad
SZ_Search_BayArea_ULTRA3000_Broad,Geo PaloAlto Repair,sub zero fan not working in palo alto,Broad,39.00,https://appliancepros.netlify.app/subzero/,Enabled,Enabled,Enabled,Geo PaloAlto Repair | Broad
SZ_Search_BayArea_ULTRA3000_Broad,Geo Pleasanton Repair,sub zero fan not working in pleasanton,Broad,39.00,https://appliancepros.netlify.app/subzero/,Enabled,Enabled,Enabled,Geo Pleasanton Repair | Broad
SZ_Search_BayArea_ULTRA3000_Broad,Geo RedwoodCity Repair,sub zero fan not working in redwood city,Broad,39.00,https://appliancepros.netlify.app/subzero/,Enabled,Enabled,Enabled,Geo RedwoodCity Repair | Broad
SZ_Search_BayArea_ULTRA3000_Broad,Geo Richmond Repair,sub zero fan not working in richmond,Broad,39.00,https://appliancepros.netlify.app/subzero/,Enabled,Enabled,Enabled,Geo Richmond Repair | Broad
SZ_Search_BayArea_ULTRA3000_Broad,Geo SanBruno Repair,sub zero fan not working in san bruno,Broad,39.00,https://appliancepros.netlify.app/subzero/,Enabled,Enabled,Enabled,Geo SanBruno Repair | Broad
SZ_Search_BayArea_ULTRA3000_Broad,Geo SanFrancisco Repair,sub zero fan not working in san francisco,Broad,39.00,https://appliancepros.netlify.app/subzero/,Enabled,Enabled,Enabled,Geo SanFrancisco Repair | Broad
SZ_Search_BayArea_ULTRA3000_Broad,Geo SanJose Repair,sub zero fan not working in san jose,Broad,39.00,https://appliancepros.netlify.app/subzero/,Enabled,Enabled,Enabled,Geo SanJose Repair | Broad
SZ_Search_BayArea_ULTRA3000_Broad,Geo SanLeandro Repair,sub zero fan not working in san leandro,Broad,39.00,https://appliancepros.netlify.app/subzero/,Enabled,Enabled,Enabled,Geo SanLeandro Repair | Broad
SZ_Search_BayArea_ULTRA3000_Broad,Geo SanMateo Repair,sub zero fan not working in san mateo,Broad,39.00,https://appliancepros.netlify.app/subzero/,Enabled,Enabled,Enabled,Geo SanMateo Repair | Broad
SZ_Search_BayArea_ULTRA3000_Broad,Geo SanRafael Repair,sub zero fan not working in san rafael,Broad,39.00,https://appliancepros.netlify.app/subzero/,Enabled,Enabled,Enabled,Geo SanRafael Repair | Broad
SZ_Search_BayArea_ULTRA3000_Broad,Geo SantaClara Repair,sub zero fan not working in santa clara,Broad,39.00,https://appliancepros.netlify.app/subzero/,Enabled,Enabled,Enabled,Geo SantaClara Repair | Broad
SZ_Search_BayArea_ULTRA3000_Broad,Geo Sunnyvale Repair,sub zero fan not working in sunnyvale,Broad,39.00,https://appliancepros.netlify.app/subzero/,Enabled,Enabled,Enabled,Geo Sunnyvale Repair | Broad
SZ_Search_BayArea_ULTRA3000_Broad,Geo UnionCity Repair,sub zero fan not working in union city,Broad,39.00,https://appliancepros.netlify.app/subzero/,Enabled,Enabled,Enabled,Geo UnionCity Repair | Broad
SZ_Search_BayArea_ULTRA3000_Broad,Geo WalnutCreek Repair,sub zero fan not working in walnut creek,Broad,39.00,https://appliancepros.netlify.app/subzero/,Enabled,Enabled,Enabled,Geo WalnutCreek Repair | Broad
SZ_Search_BayArea_ULTRA3000_Broad,Not Working Issues,sub zero fan not working local,Broad,35.00,https://appliancepros.netlify.app/subzero/,Enabled,Enabled,Enabled,Not Working Issues | Broad
SZ_Search_BayArea_ULTRA3000_Broad,Core Near Me,sub zero fan not working near me,Broad,42.00,https://appliancepros.netlify.app/subzero/,Enabled,Enabled,Enabled,Core Near Me | Broad
SZ_Search_BayArea_ULTRA3000_Broad,Core Emergency,sub zero fan not working same day,Broad,46.00,https://appliancepros.netlify.app/subzero/,Enabled,Enabled,Enabled,Core Emergency | Broad
SZ_Search_BayArea_ULTRA3000_Broad,Core Emergency,sub zero fan not working today,Broad,46.00,https://appliancepros.netlify.app/subzero/,Enabled,Enabled,Enabled,Core Emergency | Broad
SZ_Search_BayArea_ULTRA3000_Broad,Not Working Issues,sub zero fan not working trusted,Broad,35.00,https://appliancepros.netlify.app/subzero/,Enabled,Enabled,Enabled,Not Working Issues | Broad
SZ_Search_BayArea_ULTRA3000_Broad,Core Emergency,sub zero fix 24 hour,Broad,46.00,https://appliancepros.netlify.app/subzero/,Enabled,Enabled,Enabled,Core Emergency | Broad
SZ_Search_BayArea_ULTRA3000_Broad,Core Brand Repair,sub zero fix affordable,Broad,35.00,https://appliancepros.netlify.app/subzero/,Enabled,Enabled,Enabled,Core Brand Repair | Broad
SZ_Search_BayArea_ULTRA3000_Broad,Core Brand Repair,sub zero fix bay area,Broad,35.00,https://appliancepros.netlify.app/subzero/,Enabled,Enabled,Enabled,Core Brand Repair | Broad
SZ_Search_BayArea_ULTRA3000_Broad,Core Brand Repair,sub zero fix best,Broad,35.00,https://appliancepros.netlify.app/subzero/,Enabled,Enabled,Enabled,Core Brand Repair | Broad
SZ_Search_BayArea_ULTRA3000_Broad,Core Emergency,sub zero fix emergency,Broad,46.00,https://appliancepros.netlify.app/subzero/,Enabled,Enabled,Enabled,Core Emergency | Broad
SZ_Search_BayArea_ULTRA3000_Broad,Core Brand Repair,sub zero fix fast,Broad,35.00,https://appliancepros.netlify.app/subzero/,Enabled,Enabled,Enabled,Core Brand Repair | Broad
SZ_Search_BayArea_ULTRA3000_Broad,Core Brand Repair,sub zero fix local,Broad,35.00,https://appliancepros.netlify.app/subzero/,Enabled,Enabled,Enabled,Core Brand Repair | Broad
SZ_Search_BayArea_ULTRA3000_Broad,Core Near Me,sub zero fix near me,Broad,42.00,https://appliancepros.netlify.app/subzero/,Enabled,Enabled,Enabled,Core Near Me | Broad
SZ_Search_BayArea_ULTRA3000_Broad,Core Emergency,sub zero fix same day,Broad,46.00,https://appliancepros.netlify.app/subzero/,Enabled,Enabled,Enabled,Core Emergency | Broad
SZ_Search_BayArea_ULTRA3000_Broad,Core Emergency,sub zero fix today,Broad,46.00,https://appliancepros.netlify.app/subzero/,Enabled,Enabled,Enabled,Core Emergency | Broad
SZ_Search_BayArea_ULTRA3000_Broad,Core Brand Repair,sub zero fix trusted,Broad,35.00,https://appliancepros.netlify.app/subzero/,Enabled,Enabled,Enabled,Core Brand Repair | Broad
SZ_Search_BayArea_ULTRA3000_Broad,Not Cooling Issues,sub zero freezer cold fridge warm,Broad,40.00,https://appliancepros.netlify.app/subzero/,Enabled,Enabled,Enabled,Not Cooling Issues | Broad
SZ_Search_BayArea_ULTRA3000_Broad,Core Emergency,sub zero freezer cold fridge warm 24 hour,Broad,46.00,https://appliancepros.netlify.app/subzero/,Enabled,Enabled,Enabled,Core Emergency | Broad
SZ_Search_BayArea_ULTRA3000_Broad,Not Cooling Issues,sub zero freezer cold fridge warm affordable,Broad,40.00,https://appliancepros.netlify.app/subzero/,Enabled,Enabled,Enabled,Not Cooling Issues | Broad
SZ_Search_BayArea_ULTRA3000_Broad,Not Cooling Issues,sub zero freezer cold fridge warm bay area,Broad,40.00,https://appliancepros.netlify.app/subzero/,Enabled,Enabled,Enabled,Not Cooling Issues | Broad
SZ_Search_BayArea_ULTRA3000_Broad,Not Cooling Issues,sub zero freezer cold fridge warm best,Broad,40.00,https://appliancepros.netlify.app/subzero/,Enabled,Enabled,Enabled,Not Cooling Issues | Broad
SZ_Search_BayArea_ULTRA3000_Broad,Core Emergency,sub zero freezer cold fridge warm emergency,Broad,46.00,https://appliancepros.netlify.app/subzero/,Enabled,Enabled,Enabled,Core Emergency | Broad
SZ_Search_BayArea_ULTRA3000_Broad,Not Cooling Issues,sub zero freezer cold fridge warm fast,Broad,40.00,https://appliancepros.netlify.app/subzero/,Enabled,Enabled,Enabled,Not Cooling Issues | Broad
SZ_Search_BayArea_ULTRA3000_Broad,Geo Alameda Repair,sub zero freezer cold fridge warm in alameda,Broad,39.00,https://appliancepros.netlify.app/subzero/,Enabled,Enabled,Enabled,Geo Alameda Repair | Broad
SZ_Search_BayArea_ULTRA3000_Broad,Geo Belmont Repair,sub zero freezer cold fridge warm in belmont,Broad,39.00,https://appliancepros.netlify.app/subzero/,Enabled,Enabled,Enabled,Geo Belmont Repair | Broad
SZ_Search_BayArea_ULTRA3000_Broad,Geo Berkeley Repair,sub zero freezer cold fridge warm in berkeley,Broad,39.00,https://appliancepros.netlify.app/subzero/,Enabled,Enabled,Enabled,Geo Berkeley Repair | Broad
SZ_Search_BayArea_ULTRA3000_Broad,Geo Burlingame Repair,sub zero freezer cold fridge warm in burlingame,Broad,39.00,https://appliancepros.netlify.app/subzero/,Enabled,Enabled,Enabled,Geo Burlingame Repair | Broad
SZ_Search_BayArea_ULTRA3000_Broad,Geo Campbell Repair,sub zero freezer cold fridge warm in campbell,Broad,39.00,https://appliancepros.netlify.app/subzero/,Enabled,Enabled,Enabled,Geo Campbell Repair | Broad
SZ_Search_BayArea_ULTRA3000_Broad,Geo CastroValley Repair,sub zero freezer cold fridge warm in castro valley,Broad,39.00,https://appliancepros.netlify.app/subzero/,Enabled,Enabled,Enabled,Geo CastroValley Repair | Broad
SZ_Search_BayArea_ULTRA3000_Broad,Geo Concord Repair,sub zero freezer cold fridge warm in concord,Broad,39.00,https://appliancepros.netlify.app/subzero/,Enabled,Enabled,Enabled,Geo Concord Repair | Broad
SZ_Search_BayArea_ULTRA3000_Broad,Geo Cupertino Repair,sub zero freezer cold fridge warm in cupertino,Broad,39.00,https://appliancepros.netlify.app/subzero/,Enabled,Enabled,Enabled,Geo Cupertino Repair | Broad
SZ_Search_BayArea_ULTRA3000_Broad,Geo DalyCity Repair,sub zero freezer cold fridge warm in daly city,Broad,39.00,https://appliancepros.netlify.app/subzero/,Enabled,Enabled,Enabled,Geo DalyCity Repair | Broad
SZ_Search_BayArea_ULTRA3000_Broad,Geo Emeryville Repair,sub zero freezer cold fridge warm in emeryville,Broad,39.00,https://appliancepros.netlify.app/subzero/,Enabled,Enabled,Enabled,Geo Emeryville Repair | Broad
SZ_Search_BayArea_ULTRA3000_Broad,Geo FosterCity Repair,sub zero freezer cold fridge warm in foster city,Broad,39.00,https://appliancepros.netlify.app/subzero/,Enabled,Enabled,Enabled,Geo FosterCity Repair | Broad
SZ_Search_BayArea_ULTRA3000_Broad,Geo Fremont Repair,sub zero freezer cold fridge warm in fremont,Broad,39.00,https://appliancepros.netlify.app/subzero/,Enabled,Enabled,Enabled,Geo Fremont Repair | Broad
SZ_Search_BayArea_ULTRA3000_Broad,Geo Hayward Repair,sub zero freezer cold fridge warm in hayward,Broad,39.00,https://appliancepros.netlify.app/subzero/,Enabled,Enabled,Enabled,Geo Hayward Repair | Broad
SZ_Search_BayArea_ULTRA3000_Broad,Geo Livermore Repair,sub zero freezer cold fridge warm in livermore,Broad,39.00,https://appliancepros.netlify.app/subzero/,Enabled,Enabled,Enabled,Geo Livermore Repair | Broad
SZ_Search_BayArea_ULTRA3000_Broad,Geo LosAltos Repair,sub zero freezer cold fridge warm in los altos,Broad,39.00,https://appliancepros.netlify.app/subzero/,Enabled,Enabled,Enabled,Geo LosAltos Repair | Broad
SZ_Search_BayArea_ULTRA3000_Broad,Geo LosGatos Repair,sub zero freezer cold fridge warm in los gatos,Broad,39.00,https://appliancepros.netlify.app/subzero/,Enabled,Enabled,Enabled,Geo LosGatos Repair | Broad
SZ_Search_BayArea_ULTRA3000_Broad,Geo MenloPark Repair,sub zero freezer cold fridge warm in menlo park,Broad,39.00,https://appliancepros.netlify.app/subzero/,Enabled,Enabled,Enabled,Geo MenloPark Repair | Broad
SZ_Search_BayArea_ULTRA3000_Broad,Geo Millbrae Repair,sub zero freezer cold fridge warm in millbrae,Broad,39.00,https://appliancepros.netlify.app/subzero/,Enabled,Enabled,Enabled,Geo Millbrae Repair | Broad
SZ_Search_BayArea_ULTRA3000_Broad,Geo Milpitas Repair,sub zero freezer cold fridge warm in milpitas,Broad,39.00,https://appliancepros.netlify.app/subzero/,Enabled,Enabled,Enabled,Geo Milpitas Repair | Broad
SZ_Search_BayArea_ULTRA3000_Broad,Geo MountainView Repair,sub zero freezer cold fridge warm in mountain view,Broad,39.00,https://appliancepros.netlify.app/subzero/,Enabled,Enabled,Enabled,Geo MountainView Repair | Broad
SZ_Search_BayArea_ULTRA3000_Broad,Geo Novato Repair,sub zero freezer cold fridge warm in novato,Broad,39.00,https://appliancepros.netlify.app/subzero/,Enabled,Enabled,Enabled,Geo Novato Repair | Broad
SZ_Search_BayArea_ULTRA3000_Broad,Geo Oakland Repair,sub zero freezer cold fridge warm in oakland,Broad,39.00,https://appliancepros.netlify.app/subzero/,Enabled,Enabled,Enabled,Geo Oakland Repair | Broad
SZ_Search_BayArea_ULTRA3000_Broad,Geo PaloAlto Repair,sub zero freezer cold fridge warm in palo alto,Broad,39.00,https://appliancepros.netlify.app/subzero/,Enabled,Enabled,Enabled,Geo PaloAlto Repair | Broad
SZ_Search_BayArea_ULTRA3000_Broad,Geo Pleasanton Repair,sub zero freezer cold fridge warm in pleasanton,Broad,39.00,https://appliancepros.netlify.app/subzero/,Enabled,Enabled,Enabled,Geo Pleasanton Repair | Broad
SZ_Search_BayArea_ULTRA3000_Broad,Geo RedwoodCity Repair,sub zero freezer cold fridge warm in redwood city,Broad,39.00,https://appliancepros.netlify.app/subzero/,Enabled,Enabled,Enabled,Geo RedwoodCity Repair | Broad
SZ_Search_BayArea_ULTRA3000_Broad,Geo Richmond Repair,sub zero freezer cold fridge warm in richmond,Broad,39.00,https://appliancepros.netlify.app/subzero/,Enabled,Enabled,Enabled,Geo Richmond Repair | Broad
SZ_Search_BayArea_ULTRA3000_Broad,Geo SanBruno Repair,sub zero freezer cold fridge warm in san bruno,Broad,39.00,https://appliancepros.netlify.app/subzero/,Enabled,Enabled,Enabled,Geo SanBruno Repair | Broad
SZ_Search_BayArea_ULTRA3000_Broad,Geo SanFrancisco Repair,sub zero freezer cold fridge warm in san francisco,Broad,39.00,https://appliancepros.netlify.app/subzero/,Enabled,Enabled,Enabled,Geo SanFrancisco Repair | Broad
SZ_Search_BayArea_ULTRA3000_Broad,Geo SanJose Repair,sub zero freezer cold fridge warm in san jose,Broad,39.00,https://appliancepros.netlify.app/subzero/,Enabled,Enabled,Enabled,Geo SanJose Repair | Broad
SZ_Search_BayArea_ULTRA3000_Broad,Geo SanLeandro Repair,sub zero freezer cold fridge warm in san leandro,Broad,39.00,https://appliancepros.netlify.app/subzero/,Enabled,Enabled,Enabled,Geo SanLeandro Repair | Broad
SZ_Search_BayArea_ULTRA3000_Broad,Geo SanMateo Repair,sub zero freezer cold fridge warm in san mateo,Broad,39.00,https://appliancepros.netlify.app/subzero/,Enabled,Enabled,Enabled,Geo SanMateo Repair | Broad
SZ_Search_BayArea_ULTRA3000_Broad,Geo SanRafael Repair,sub zero freezer cold fridge warm in san rafael,Broad,39.00,https://appliancepros.netlify.app/subzero/,Enabled,Enabled,Enabled,Geo SanRafael Repair | Broad
SZ_Search_BayArea_ULTRA3000_Broad,Geo SantaClara Repair,sub zero freezer cold fridge warm in santa clara,Broad,39.00,https://appliancepros.netlify.app/subzero/,Enabled,Enabled,Enabled,Geo SantaClara Repair | Broad
SZ_Search_BayArea_ULTRA3000_Broad,Geo Sunnyvale Repair,sub zero freezer cold fridge warm in sunnyvale,Broad,39.00,https://appliancepros.netlify.app/subzero/,Enabled,Enabled,Enabled,Geo Sunnyvale Repair | Broad
SZ_Search_BayArea_ULTRA3000_Broad,Geo UnionCity Repair,sub zero freezer cold fridge warm in union city,Broad,39.00,https://appliancepros.netlify.app/subzero/,Enabled,Enabled,Enabled,Geo UnionCity Repair | Broad
SZ_Search_BayArea_ULTRA3000_Broad,Geo WalnutCreek Repair,sub zero freezer cold fridge warm in walnut creek,Broad,39.00,https://appliancepros.netlify.app/subzero/,Enabled,Enabled,Enabled,Geo WalnutCreek Repair | Broad
SZ_Search_BayArea_ULTRA3000_Broad,Not Cooling Issues,sub zero freezer cold fridge warm local,Broad,40.00,https://appliancepros.netlify.app/subzero/,Enabled,Enabled,Enabled,Not Cooling Issues | Broad
SZ_Search_BayArea_ULTRA3000_Broad,Core Near Me,sub zero freezer cold fridge warm near me,Broad,42.00,https://appliancepros.netlify.app/subzero/,Enabled,Enabled,Enabled,Core Near Me | Broad
SZ_Search_BayArea_ULTRA3000_Broad,Core Emergency,sub zero freezer cold fridge warm same day,Broad,46.00,https://appliancepros.netlify.app/subzero/,Enabled,Enabled,Enabled,Core Emergency | Broad
SZ_Search_BayArea_ULTRA3000_Broad,Core Emergency,sub zero freezer cold fridge warm today,Broad,46.00,https://appliancepros.netlify.app/subzero/,Enabled,Enabled,Enabled,Core Emergency | Broad
SZ_Search_BayArea_ULTRA3000_Broad,Not Cooling Issues,sub zero freezer cold fridge warm trusted,Broad,40.00,https://appliancepros.netlify.app/subzero/,Enabled,Enabled,Enabled,Not Cooling Issues | Broad
SZ_Search_BayArea_ULTRA3000_Broad,Noise Fan Compressor,sub zero freezer compressor issue,Broad,35.00,https://appliancepros.netlify.app/subzero/,Enabled,Enabled,Enabled,Noise Fan Compressor | Broad
SZ_Search_BayArea_ULTRA3000_Broad,Geo Alameda Repair,sub zero freezer compressor issue in alameda,Broad,39.00,https://appliancepros.netlify.app/subzero/,Enabled,Enabled,Enabled,Geo Alameda Repair | Broad
SZ_Search_BayArea_ULTRA3000_Broad,Geo Berkeley Repair,sub zero freezer compressor issue in berkeley,Broad,39.00,https://appliancepros.netlify.app/subzero/,Enabled,Enabled,Enabled,Geo Berkeley Repair | Broad
SZ_Search_BayArea_ULTRA3000_Broad,Geo Cupertino Repair,sub zero freezer compressor issue in cupertino,Broad,39.00,https://appliancepros.netlify.app/subzero/,Enabled,Enabled,Enabled,Geo Cupertino Repair | Broad
SZ_Search_BayArea_ULTRA3000_Broad,Geo Fremont Repair,sub zero freezer compressor issue in fremont,Broad,39.00,https://appliancepros.netlify.app/subzero/,Enabled,Enabled,Enabled,Geo Fremont Repair | Broad
SZ_Search_BayArea_ULTRA3000_Broad,Geo Hayward Repair,sub zero freezer compressor issue in hayward,Broad,39.00,https://appliancepros.netlify.app/subzero/,Enabled,Enabled,Enabled,Geo Hayward Repair | Broad
SZ_Search_BayArea_ULTRA3000_Broad,Geo MountainView Repair,sub zero freezer compressor issue in mountain view,Broad,39.00,https://appliancepros.netlify.app/subzero/,Enabled,Enabled,Enabled,Geo MountainView Repair | Broad
SZ_Search_BayArea_ULTRA3000_Broad,Geo Oakland Repair,sub zero freezer compressor issue in oakland,Broad,39.00,https://appliancepros.netlify.app/subzero/,Enabled,Enabled,Enabled,Geo Oakland Repair | Broad
SZ_Search_BayArea_ULTRA3000_Broad,Geo PaloAlto Repair,sub zero freezer compressor issue in palo alto,Broad,39.00,https://appliancepros.netlify.app/subzero/,Enabled,Enabled,Enabled,Geo PaloAlto Repair | Broad
SZ_Search_BayArea_ULTRA3000_Broad,Geo Pleasanton Repair,sub zero freezer compressor issue in pleasanton,Broad,39.00,https://appliancepros.netlify.app/subzero/,Enabled,Enabled,Enabled,Geo Pleasanton Repair | Broad
SZ_Search_BayArea_ULTRA3000_Broad,Geo RedwoodCity Repair,sub zero freezer compressor issue in redwood city,Broad,39.00,https://appliancepros.netlify.app/subzero/,Enabled,Enabled,Enabled,Geo RedwoodCity Repair | Broad
SZ_Search_BayArea_ULTRA3000_Broad,Geo SanFrancisco Repair,sub zero freezer compressor issue in san francisco,Broad,39.00,https://appliancepros.netlify.app/subzero/,Enabled,Enabled,Enabled,Geo SanFrancisco Repair | Broad
SZ_Search_BayArea_ULTRA3000_Broad,Geo SanJose Repair,sub zero freezer compressor issue in san jose,Broad,39.00,https://appliancepros.netlify.app/subzero/,Enabled,Enabled,Enabled,Geo SanJose Repair | Broad
SZ_Search_BayArea_ULTRA3000_Broad,Geo SanLeandro Repair,sub zero freezer compressor issue in san leandro,Broad,39.00,https://appliancepros.netlify.app/subzero/,Enabled,Enabled,Enabled,Geo SanLeandro Repair | Broad
SZ_Search_BayArea_ULTRA3000_Broad,Geo SanMateo Repair,sub zero freezer compressor issue in san mateo,Broad,39.00,https://appliancepros.netlify.app/subzero/,Enabled,Enabled,Enabled,Geo SanMateo Repair | Broad
SZ_Search_BayArea_ULTRA3000_Broad,Geo SantaClara Repair,sub zero freezer compressor issue in santa clara,Broad,39.00,https://appliancepros.netlify.app/subzero/,Enabled,Enabled,Enabled,Geo SantaClara Repair | Broad
SZ_Search_BayArea_ULTRA3000_Broad,Geo Sunnyvale Repair,sub zero freezer compressor issue in sunnyvale,Broad,39.00,https://appliancepros.netlify.app/subzero/,Enabled,Enabled,Enabled,Geo Sunnyvale Repair | Broad
SZ_Search_BayArea_ULTRA3000_Broad,Geo UnionCity Repair,sub zero freezer compressor issue in union city,Broad,39.00,https://appliancepros.netlify.app/subzero/,Enabled,Enabled,Enabled,Geo UnionCity Repair | Broad
SZ_Search_BayArea_ULTRA3000_Broad,Geo WalnutCreek Repair,sub zero freezer compressor issue in walnut creek,Broad,39.00,https://appliancepros.netlify.app/subzero/,Enabled,Enabled,Enabled,Geo WalnutCreek Repair | Broad
SZ_Search_BayArea_ULTRA3000_Broad,Core Brand Repair,sub zero freezer diagnostic,Broad,35.00,https://appliancepros.netlify.app/subzero/,Enabled,Enabled,Enabled,Core Brand Repair | Broad
SZ_Search_BayArea_ULTRA3000_Broad,Core Emergency,sub zero freezer diagnostic 24 hour,Broad,46.00,https://appliancepros.netlify.app/subzero/,Enabled,Enabled,Enabled,Core Emergency | Broad
SZ_Search_BayArea_ULTRA3000_Broad,Core Brand Repair,sub zero freezer diagnostic affordable,Broad,35.00,https://appliancepros.netlify.app/subzero/,Enabled,Enabled,Enabled,Core Brand Repair | Broad
SZ_Search_BayArea_ULTRA3000_Broad,Core Brand Repair,sub zero freezer diagnostic bay area,Broad,35.00,https://appliancepros.netlify.app/subzero/,Enabled,Enabled,Enabled,Core Brand Repair | Broad
SZ_Search_BayArea_ULTRA3000_Broad,Core Brand Repair,sub zero freezer diagnostic best,Broad,35.00,https://appliancepros.netlify.app/subzero/,Enabled,Enabled,Enabled,Core Brand Repair | Broad
SZ_Search_BayArea_ULTRA3000_Broad,Core Emergency,sub zero freezer diagnostic emergency,Broad,46.00,https://appliancepros.netlify.app/subzero/,Enabled,Enabled,Enabled,Core Emergency | Broad
SZ_Search_BayArea_ULTRA3000_Broad,Core Brand Repair,sub zero freezer diagnostic fast,Broad,35.00,https://appliancepros.netlify.app/subzero/,Enabled,Enabled,Enabled,Core Brand Repair | Broad
SZ_Search_BayArea_ULTRA3000_Broad,Geo Alameda Repair,sub zero freezer diagnostic in alameda,Broad,39.00,https://appliancepros.netlify.app/subzero/,Enabled,Enabled,Enabled,Geo Alameda Repair | Broad
SZ_Search_BayArea_ULTRA3000_Broad,Geo Belmont Repair,sub zero freezer diagnostic in belmont,Broad,39.00,https://appliancepros.netlify.app/subzero/,Enabled,Enabled,Enabled,Geo Belmont Repair | Broad
SZ_Search_BayArea_ULTRA3000_Broad,Geo Berkeley Repair,sub zero freezer diagnostic in berkeley,Broad,39.00,https://appliancepros.netlify.app/subzero/,Enabled,Enabled,Enabled,Geo Berkeley Repair | Broad
SZ_Search_BayArea_ULTRA3000_Broad,Geo Burlingame Repair,sub zero freezer diagnostic in burlingame,Broad,39.00,https://appliancepros.netlify.app/subzero/,Enabled,Enabled,Enabled,Geo Burlingame Repair | Broad
SZ_Search_BayArea_ULTRA3000_Broad,Geo Campbell Repair,sub zero freezer diagnostic in campbell,Broad,39.00,https://appliancepros.netlify.app/subzero/,Enabled,Enabled,Enabled,Geo Campbell Repair | Broad
SZ_Search_BayArea_ULTRA3000_Broad,Geo CastroValley Repair,sub zero freezer diagnostic in castro valley,Broad,39.00,https://appliancepros.netlify.app/subzero/,Enabled,Enabled,Enabled,Geo CastroValley Repair | Broad
SZ_Search_BayArea_ULTRA3000_Broad,Geo Concord Repair,sub zero freezer diagnostic in concord,Broad,39.00,https://appliancepros.netlify.app/subzero/,Enabled,Enabled,Enabled,Geo Concord Repair | Broad
SZ_Search_BayArea_ULTRA3000_Broad,Geo Cupertino Repair,sub zero freezer diagnostic in cupertino,Broad,39.00,https://appliancepros.netlify.app/subzero/,Enabled,Enabled,Enabled,Geo Cupertino Repair | Broad
SZ_Search_BayArea_ULTRA3000_Broad,Geo DalyCity Repair,sub zero freezer diagnostic in daly city,Broad,39.00,https://appliancepros.netlify.app/subzero/,Enabled,Enabled,Enabled,Geo DalyCity Repair | Broad
SZ_Search_BayArea_ULTRA3000_Broad,Geo Emeryville Repair,sub zero freezer diagnostic in emeryville,Broad,39.00,https://appliancepros.netlify.app/subzero/,Enabled,Enabled,Enabled,Geo Emeryville Repair | Broad
SZ_Search_BayArea_ULTRA3000_Broad,Geo FosterCity Repair,sub zero freezer diagnostic in foster city,Broad,39.00,https://appliancepros.netlify.app/subzero/,Enabled,Enabled,Enabled,Geo FosterCity Repair | Broad
SZ_Search_BayArea_ULTRA3000_Broad,Geo Fremont Repair,sub zero freezer diagnostic in fremont,Broad,39.00,https://appliancepros.netlify.app/subzero/,Enabled,Enabled,Enabled,Geo Fremont Repair | Broad
SZ_Search_BayArea_ULTRA3000_Broad,Geo Hayward Repair,sub zero freezer diagnostic in hayward,Broad,39.00,https://appliancepros.netlify.app/subzero/,Enabled,Enabled,Enabled,Geo Hayward Repair | Broad
SZ_Search_BayArea_ULTRA3000_Broad,Geo Livermore Repair,sub zero freezer diagnostic in livermore,Broad,39.00,https://appliancepros.netlify.app/subzero/,Enabled,Enabled,Enabled,Geo Livermore Repair | Broad
SZ_Search_BayArea_ULTRA3000_Broad,Geo LosAltos Repair,sub zero freezer diagnostic in los altos,Broad,39.00,https://appliancepros.netlify.app/subzero/,Enabled,Enabled,Enabled,Geo LosAltos Repair | Broad
SZ_Search_BayArea_ULTRA3000_Broad,Geo LosGatos Repair,sub zero freezer diagnostic in los gatos,Broad,39.00,https://appliancepros.netlify.app/subzero/,Enabled,Enabled,Enabled,Geo LosGatos Repair | Broad
SZ_Search_BayArea_ULTRA3000_Broad,Geo MenloPark Repair,sub zero freezer diagnostic in menlo park,Broad,39.00,https://appliancepros.netlify.app/subzero/,Enabled,Enabled,Enabled,Geo MenloPark Repair | Broad
SZ_Search_BayArea_ULTRA3000_Broad,Geo Millbrae Repair,sub zero freezer diagnostic in millbrae,Broad,39.00,https://appliancepros.netlify.app/subzero/,Enabled,Enabled,Enabled,Geo Millbrae Repair | Broad
SZ_Search_BayArea_ULTRA3000_Broad,Geo Milpitas Repair,sub zero freezer diagnostic in milpitas,Broad,39.00,https://appliancepros.netlify.app/subzero/,Enabled,Enabled,Enabled,Geo Milpitas Repair | Broad
SZ_Search_BayArea_ULTRA3000_Broad,Geo MountainView Repair,sub zero freezer diagnostic in mountain view,Broad,39.00,https://appliancepros.netlify.app/subzero/,Enabled,Enabled,Enabled,Geo MountainView Repair | Broad
SZ_Search_BayArea_ULTRA3000_Broad,Geo Novato Repair,sub zero freezer diagnostic in novato,Broad,39.00,https://appliancepros.netlify.app/subzero/,Enabled,Enabled,Enabled,Geo Novato Repair | Broad
SZ_Search_BayArea_ULTRA3000_Broad,Geo Oakland Repair,sub zero freezer diagnostic in oakland,Broad,39.00,https://appliancepros.netlify.app/subzero/,Enabled,Enabled,Enabled,Geo Oakland Repair | Broad
SZ_Search_BayArea_ULTRA3000_Broad,Geo PaloAlto Repair,sub zero freezer diagnostic in palo alto,Broad,39.00,https://appliancepros.netlify.app/subzero/,Enabled,Enabled,Enabled,Geo PaloAlto Repair | Broad
SZ_Search_BayArea_ULTRA3000_Broad,Geo Pleasanton Repair,sub zero freezer diagnostic in pleasanton,Broad,39.00,https://appliancepros.netlify.app/subzero/,Enabled,Enabled,Enabled,Geo Pleasanton Repair | Broad
SZ_Search_BayArea_ULTRA3000_Broad,Geo RedwoodCity Repair,sub zero freezer diagnostic in redwood city,Broad,39.00,https://appliancepros.netlify.app/subzero/,Enabled,Enabled,Enabled,Geo RedwoodCity Repair | Broad
SZ_Search_BayArea_ULTRA3000_Broad,Geo Richmond Repair,sub zero freezer diagnostic in richmond,Broad,39.00,https://appliancepros.netlify.app/subzero/,Enabled,Enabled,Enabled,Geo Richmond Repair | Broad
SZ_Search_BayArea_ULTRA3000_Broad,Geo SanBruno Repair,sub zero freezer diagnostic in san bruno,Broad,39.00,https://appliancepros.netlify.app/subzero/,Enabled,Enabled,Enabled,Geo SanBruno Repair | Broad
SZ_Search_BayArea_ULTRA3000_Broad,Geo SanFrancisco Repair,sub zero freezer diagnostic in san francisco,Broad,39.00,https://appliancepros.netlify.app/subzero/,Enabled,Enabled,Enabled,Geo SanFrancisco Repair | Broad
SZ_Search_BayArea_ULTRA3000_Broad,Geo SanJose Repair,sub zero freezer diagnostic in san jose,Broad,39.00,https://appliancepros.netlify.app/subzero/,Enabled,Enabled,Enabled,Geo SanJose Repair | Broad
SZ_Search_BayArea_ULTRA3000_Broad,Geo SanLeandro Repair,sub zero freezer diagnostic in san leandro,Broad,39.00,https://appliancepros.netlify.app/subzero/,Enabled,Enabled,Enabled,Geo SanLeandro Repair | Broad
SZ_Search_BayArea_ULTRA3000_Broad,Geo SanMateo Repair,sub zero freezer diagnostic in san mateo,Broad,39.00,https://appliancepros.netlify.app/subzero/,Enabled,Enabled,Enabled,Geo SanMateo Repair | Broad
SZ_Search_BayArea_ULTRA3000_Broad,Geo SanRafael Repair,sub zero freezer diagnostic in san rafael,Broad,39.00,https://appliancepros.netlify.app/subzero/,Enabled,Enabled,Enabled,Geo SanRafael Repair | Broad
SZ_Search_BayArea_ULTRA3000_Broad,Geo SantaClara Repair,sub zero freezer diagnostic in santa clara,Broad,39.00,https://appliancepros.netlify.app/subzero/,Enabled,Enabled,Enabled,Geo SantaClara Repair | Broad
SZ_Search_BayArea_ULTRA3000_Broad,Geo Sunnyvale Repair,sub zero freezer diagnostic in sunnyvale,Broad,39.00,https://appliancepros.netlify.app/subzero/,Enabled,Enabled,Enabled,Geo Sunnyvale Repair | Broad
SZ_Search_BayArea_ULTRA3000_Broad,Geo UnionCity Repair,sub zero freezer diagnostic in union city,Broad,39.00,https://appliancepros.netlify.app/subzero/,Enabled,Enabled,Enabled,Geo UnionCity Repair | Broad
SZ_Search_BayArea_ULTRA3000_Broad,Geo WalnutCreek Repair,sub zero freezer diagnostic in walnut creek,Broad,39.00,https://appliancepros.netlify.app/subzero/,Enabled,Enabled,Enabled,Geo WalnutCreek Repair | Broad
SZ_Search_BayArea_ULTRA3000_Broad,Core Brand Repair,sub zero freezer diagnostic local,Broad,35.00,https://appliancepros.netlify.app/subzero/,Enabled,Enabled,Enabled,Core Brand Repair | Broad
SZ_Search_BayArea_ULTRA3000_Broad,Core Near Me,sub zero freezer diagnostic near me,Broad,42.00,https://appliancepros.netlify.app/subzero/,Enabled,Enabled,Enabled,Core Near Me | Broad
SZ_Search_BayArea_ULTRA3000_Broad,Core Emergency,sub zero freezer diagnostic same day,Broad,46.00,https://appliancepros.netlify.app/subzero/,Enabled,Enabled,Enabled,Core Emergency | Broad
SZ_Search_BayArea_ULTRA3000_Broad,Core Emergency,sub zero freezer diagnostic today,Broad,46.00,https://appliancepros.netlify.app/subzero/,Enabled,Enabled,Enabled,Core Emergency | Broad
SZ_Search_BayArea_ULTRA3000_Broad,Core Brand Repair,sub zero freezer diagnostic trusted,Broad,35.00,https://appliancepros.netlify.app/subzero/,Enabled,Enabled,Enabled,Core Brand Repair | Broad
SZ_Search_BayArea_ULTRA3000_Broad,Door Seal Repair,sub zero freezer door ajar beeping,Broad,35.00,https://appliancepros.netlify.app/subzero/,Enabled,Enabled,Enabled,Door Seal Repair | Broad
SZ_Search_BayArea_ULTRA3000_Broad,Geo Alameda Repair,sub zero freezer door ajar beeping in alameda,Broad,39.00,https://appliancepros.netlify.app/subzero/,Enabled,Enabled,Enabled,Geo Alameda Repair | Broad
SZ_Search_BayArea_ULTRA3000_Broad,Geo Berkeley Repair,sub zero freezer door ajar beeping in berkeley,Broad,39.00,https://appliancepros.netlify.app/subzero/,Enabled,Enabled,Enabled,Geo Berkeley Repair | Broad
SZ_Search_BayArea_ULTRA3000_Broad,Geo Cupertino Repair,sub zero freezer door ajar beeping in cupertino,Broad,39.00,https://appliancepros.netlify.app/subzero/,Enabled,Enabled,Enabled,Geo Cupertino Repair | Broad
SZ_Search_BayArea_ULTRA3000_Broad,Geo Fremont Repair,sub zero freezer door ajar beeping in fremont,Broad,39.00,https://appliancepros.netlify.app/subzero/,Enabled,Enabled,Enabled,Geo Fremont Repair | Broad
SZ_Search_BayArea_ULTRA3000_Broad,Geo Hayward Repair,sub zero freezer door ajar beeping in hayward,Broad,39.00,https://appliancepros.netlify.app/subzero/,Enabled,Enabled,Enabled,Geo Hayward Repair | Broad
SZ_Search_BayArea_ULTRA3000_Broad,Geo MountainView Repair,sub zero freezer door ajar beeping in mountain view,Broad,39.00,https://appliancepros.netlify.app/subzero/,Enabled,Enabled,Enabled,Geo MountainView Repair | Broad
SZ_Search_BayArea_ULTRA3000_Broad,Geo Oakland Repair,sub zero freezer door ajar beeping in oakland,Broad,39.00,https://appliancepros.netlify.app/subzero/,Enabled,Enabled,Enabled,Geo Oakland Repair | Broad
SZ_Search_BayArea_ULTRA3000_Broad,Geo PaloAlto Repair,sub zero freezer door ajar beeping in palo alto,Broad,39.00,https://appliancepros.netlify.app/subzero/,Enabled,Enabled,Enabled,Geo PaloAlto Repair | Broad
SZ_Search_BayArea_ULTRA3000_Broad,Geo Pleasanton Repair,sub zero freezer door ajar beeping in pleasanton,Broad,39.00,https://appliancepros.netlify.app/subzero/,Enabled,Enabled,Enabled,Geo Pleasanton Repair | Broad
SZ_Search_BayArea_ULTRA3000_Broad,Geo RedwoodCity Repair,sub zero freezer door ajar beeping in redwood city,Broad,39.00,https://appliancepros.netlify.app/subzero/,Enabled,Enabled,Enabled,Geo RedwoodCity Repair | Broad
SZ_Search_BayArea_ULTRA3000_Broad,Geo SanFrancisco Repair,sub zero freezer door ajar beeping in san francisco,Broad,39.00,https://appliancepros.netlify.app/subzero/,Enabled,Enabled,Enabled,Geo SanFrancisco Repair | Broad
SZ_Search_BayArea_ULTRA3000_Broad,Geo SanJose Repair,sub zero freezer door ajar beeping in san jose,Broad,39.00,https://appliancepros.netlify.app/subzero/,Enabled,Enabled,Enabled,Geo SanJose Repair | Broad
SZ_Search_BayArea_ULTRA3000_Broad,Geo SanLeandro Repair,sub zero freezer door ajar beeping in san leandro,Broad,39.00,https://appliancepros.netlify.app/subzero/,Enabled,Enabled,Enabled,Geo SanLeandro Repair | Broad
SZ_Search_BayArea_ULTRA3000_Broad,Geo SanMateo Repair,sub zero freezer door ajar beeping in san mateo,Broad,39.00,https://appliancepros.netlify.app/subzero/,Enabled,Enabled,Enabled,Geo SanMateo Repair | Broad
SZ_Search_BayArea_ULTRA3000_Broad,Geo SantaClara Repair,sub zero freezer door ajar beeping in santa clara,Broad,39.00,https://appliancepros.netlify.app/subzero/,Enabled,Enabled,Enabled,Geo SantaClara Repair | Broad
SZ_Search_BayArea_ULTRA3000_Broad,Geo Sunnyvale Repair,sub zero freezer door ajar beeping in sunnyvale,Broad,39.00,https://appliancepros.netlify.app/subzero/,Enabled,Enabled,Enabled,Geo Sunnyvale Repair | Broad
SZ_Search_BayArea_ULTRA3000_Broad,Geo UnionCity Repair,sub zero freezer door ajar beeping in union city,Broad,39.00,https://appliancepros.netlify.app/subzero/,Enabled,Enabled,Enabled,Geo UnionCity Repair | Broad
SZ_Search_BayArea_ULTRA3000_Broad,Geo WalnutCreek Repair,sub zero freezer door ajar beeping in walnut creek,Broad,39.00,https://appliancepros.netlify.app/subzero/,Enabled,Enabled,Enabled,Geo WalnutCreek Repair | Broad
SZ_Search_BayArea_ULTRA3000_Broad,Door Seal Repair,sub zero freezer door gasket issue,Broad,35.00,https://appliancepros.netlify.app/subzero/,Enabled,Enabled,Enabled,Door Seal Repair | Broad
SZ_Search_BayArea_ULTRA3000_Broad,Geo Alameda Repair,sub zero freezer door gasket issue in alameda,Broad,39.00,https://appliancepros.netlify.app/subzero/,Enabled,Enabled,Enabled,Geo Alameda Repair | Broad
SZ_Search_BayArea_ULTRA3000_Broad,Geo Berkeley Repair,sub zero freezer door gasket issue in berkeley,Broad,39.00,https://appliancepros.netlify.app/subzero/,Enabled,Enabled,Enabled,Geo Berkeley Repair | Broad
SZ_Search_BayArea_ULTRA3000_Broad,Geo Cupertino Repair,sub zero freezer door gasket issue in cupertino,Broad,39.00,https://appliancepros.netlify.app/subzero/,Enabled,Enabled,Enabled,Geo Cupertino Repair | Broad
SZ_Search_BayArea_ULTRA3000_Broad,Geo Fremont Repair,sub zero freezer door gasket issue in fremont,Broad,39.00,https://appliancepros.netlify.app/subzero/,Enabled,Enabled,Enabled,Geo Fremont Repair | Broad
SZ_Search_BayArea_ULTRA3000_Broad,Geo Hayward Repair,sub zero freezer door gasket issue in hayward,Broad,39.00,https://appliancepros.netlify.app/subzero/,Enabled,Enabled,Enabled,Geo Hayward Repair | Broad
SZ_Search_BayArea_ULTRA3000_Broad,Geo MountainView Repair,sub zero freezer door gasket issue in mountain view,Broad,39.00,https://appliancepros.netlify.app/subzero/,Enabled,Enabled,Enabled,Geo MountainView Repair | Broad
SZ_Search_BayArea_ULTRA3000_Broad,Geo Oakland Repair,sub zero freezer door gasket issue in oakland,Broad,39.00,https://appliancepros.netlify.app/subzero/,Enabled,Enabled,Enabled,Geo Oakland Repair | Broad
SZ_Search_BayArea_ULTRA3000_Broad,Geo PaloAlto Repair,sub zero freezer door gasket issue in palo alto,Broad,39.00,https://appliancepros.netlify.app/subzero/,Enabled,Enabled,Enabled,Geo PaloAlto Repair | Broad
SZ_Search_BayArea_ULTRA3000_Broad,Geo Pleasanton Repair,sub zero freezer door gasket issue in pleasanton,Broad,39.00,https://appliancepros.netlify.app/subzero/,Enabled,Enabled,Enabled,Geo Pleasanton Repair | Broad
SZ_Search_BayArea_ULTRA3000_Broad,Geo RedwoodCity Repair,sub zero freezer door gasket issue in redwood city,Broad,39.00,https://appliancepros.netlify.app/subzero/,Enabled,Enabled,Enabled,Geo RedwoodCity Repair | Broad
SZ_Search_BayArea_ULTRA3000_Broad,Geo SanFrancisco Repair,sub zero freezer door gasket issue in san francisco,Broad,39.00,https://appliancepros.netlify.app/subzero/,Enabled,Enabled,Enabled,Geo SanFrancisco Repair | Broad
SZ_Search_BayArea_ULTRA3000_Broad,Geo SanJose Repair,sub zero freezer door gasket issue in san jose,Broad,39.00,https://appliancepros.netlify.app/subzero/,Enabled,Enabled,Enabled,Geo SanJose Repair | Broad
SZ_Search_BayArea_ULTRA3000_Broad,Geo SanLeandro Repair,sub zero freezer door gasket issue in san leandro,Broad,39.00,https://appliancepros.netlify.app/subzero/,Enabled,Enabled,Enabled,Geo SanLeandro Repair | Broad
SZ_Search_BayArea_ULTRA3000_Broad,Geo SanMateo Repair,sub zero freezer door gasket issue in san mateo,Broad,39.00,https://appliancepros.netlify.app/subzero/,Enabled,Enabled,Enabled,Geo SanMateo Repair | Broad
SZ_Search_BayArea_ULTRA3000_Broad,Geo SantaClara Repair,sub zero freezer door gasket issue in santa clara,Broad,39.00,https://appliancepros.netlify.app/subzero/,Enabled,Enabled,Enabled,Geo SantaClara Repair | Broad
SZ_Search_BayArea_ULTRA3000_Broad,Geo Sunnyvale Repair,sub zero freezer door gasket issue in sunnyvale,Broad,39.00,https://appliancepros.netlify.app/subzero/,Enabled,Enabled,Enabled,Geo Sunnyvale Repair | Broad
SZ_Search_BayArea_ULTRA3000_Broad,Geo UnionCity Repair,sub zero freezer door gasket issue in union city,Broad,39.00,https://appliancepros.netlify.app/subzero/,Enabled,Enabled,Enabled,Geo UnionCity Repair | Broad
SZ_Search_BayArea_ULTRA3000_Broad,Geo WalnutCreek Repair,sub zero freezer door gasket issue in walnut creek,Broad,39.00,https://appliancepros.netlify.app/subzero/,Enabled,Enabled,Enabled,Geo WalnutCreek Repair | Broad
SZ_Search_BayArea_ULTRA3000_Broad,Door Seal Repair,sub zero freezer door seal issue,Broad,35.00,https://appliancepros.netlify.app/subzero/,Enabled,Enabled,Enabled,Door Seal Repair | Broad
SZ_Search_BayArea_ULTRA3000_Broad,Geo Alameda Repair,sub zero freezer door seal issue in alameda,Broad,39.00,https://appliancepros.netlify.app/subzero/,Enabled,Enabled,Enabled,Geo Alameda Repair | Broad
SZ_Search_BayArea_ULTRA3000_Broad,Geo Berkeley Repair,sub zero freezer door seal issue in berkeley,Broad,39.00,https://appliancepros.netlify.app/subzero/,Enabled,Enabled,Enabled,Geo Berkeley Repair | Broad
SZ_Search_BayArea_ULTRA3000_Broad,Geo Cupertino Repair,sub zero freezer door seal issue in cupertino,Broad,39.00,https://appliancepros.netlify.app/subzero/,Enabled,Enabled,Enabled,Geo Cupertino Repair | Broad
SZ_Search_BayArea_ULTRA3000_Broad,Geo Fremont Repair,sub zero freezer door seal issue in fremont,Broad,39.00,https://appliancepros.netlify.app/subzero/,Enabled,Enabled,Enabled,Geo Fremont Repair | Broad
SZ_Search_BayArea_ULTRA3000_Broad,Geo Hayward Repair,sub zero freezer door seal issue in hayward,Broad,39.00,https://appliancepros.netlify.app/subzero/,Enabled,Enabled,Enabled,Geo Hayward Repair | Broad
SZ_Search_BayArea_ULTRA3000_Broad,Geo MountainView Repair,sub zero freezer door seal issue in mountain view,Broad,39.00,https://appliancepros.netlify.app/subzero/,Enabled,Enabled,Enabled,Geo MountainView Repair | Broad
SZ_Search_BayArea_ULTRA3000_Broad,Geo Oakland Repair,sub zero freezer door seal issue in oakland,Broad,39.00,https://appliancepros.netlify.app/subzero/,Enabled,Enabled,Enabled,Geo Oakland Repair | Broad
SZ_Search_BayArea_ULTRA3000_Broad,Geo PaloAlto Repair,sub zero freezer door seal issue in palo alto,Broad,39.00,https://appliancepros.netlify.app/subzero/,Enabled,Enabled,Enabled,Geo PaloAlto Repair | Broad
SZ_Search_BayArea_ULTRA3000_Broad,Geo Pleasanton Repair,sub zero freezer door seal issue in pleasanton,Broad,39.00,https://appliancepros.netlify.app/subzero/,Enabled,Enabled,Enabled,Geo Pleasanton Repair | Broad
SZ_Search_BayArea_ULTRA3000_Broad,Geo RedwoodCity Repair,sub zero freezer door seal issue in redwood city,Broad,39.00,https://appliancepros.netlify.app/subzero/,Enabled,Enabled,Enabled,Geo RedwoodCity Repair | Broad
SZ_Search_BayArea_ULTRA3000_Broad,Geo SanFrancisco Repair,sub zero freezer door seal issue in san francisco,Broad,39.00,https://appliancepros.netlify.app/subzero/,Enabled,Enabled,Enabled,Geo SanFrancisco Repair | Broad
SZ_Search_BayArea_ULTRA3000_Broad,Geo SanJose Repair,sub zero freezer door seal issue in san jose,Broad,39.00,https://appliancepros.netlify.app/subzero/,Enabled,Enabled,Enabled,Geo SanJose Repair | Broad
SZ_Search_BayArea_ULTRA3000_Broad,Geo SanLeandro Repair,sub zero freezer door seal issue in san leandro,Broad,39.00,https://appliancepros.netlify.app/subzero/,Enabled,Enabled,Enabled,Geo SanLeandro Repair | Broad
SZ_Search_BayArea_ULTRA3000_Broad,Geo SanMateo Repair,sub zero freezer door seal issue in san mateo,Broad,39.00,https://appliancepros.netlify.app/subzero/,Enabled,Enabled,Enabled,Geo SanMateo Repair | Broad
SZ_Search_BayArea_ULTRA3000_Broad,Geo SantaClara Repair,sub zero freezer door seal issue in santa clara,Broad,39.00,https://appliancepros.netlify.app/subzero/,Enabled,Enabled,Enabled,Geo SantaClara Repair | Broad
SZ_Search_BayArea_ULTRA3000_Broad,Geo Sunnyvale Repair,sub zero freezer door seal issue in sunnyvale,Broad,39.00,https://appliancepros.netlify.app/subzero/,Enabled,Enabled,Enabled,Geo Sunnyvale Repair | Broad
SZ_Search_BayArea_ULTRA3000_Broad,Geo UnionCity Repair,sub zero freezer door seal issue in union city,Broad,39.00,https://appliancepros.netlify.app/subzero/,Enabled,Enabled,Enabled,Geo UnionCity Repair | Broad
SZ_Search_BayArea_ULTRA3000_Broad,Geo WalnutCreek Repair,sub zero freezer door seal issue in walnut creek,Broad,39.00,https://appliancepros.netlify.app/subzero/,Enabled,Enabled,Enabled,Geo WalnutCreek Repair | Broad
SZ_Search_BayArea_ULTRA3000_Broad,Geo Alameda Repair,sub zero freezer fan not working in alameda,Broad,39.00,https://appliancepros.netlify.app/subzero/,Enabled,Enabled,Enabled,Geo Alameda Repair | Broad
SZ_Search_BayArea_ULTRA3000_Broad,Geo Berkeley Repair,sub zero freezer fan not working in berkeley,Broad,39.00,https://appliancepros.netlify.app/subzero/,Enabled,Enabled,Enabled,Geo Berkeley Repair | Broad
SZ_Search_BayArea_ULTRA3000_Broad,Geo Cupertino Repair,sub zero freezer fan not working in cupertino,Broad,39.00,https://appliancepros.netlify.app/subzero/,Enabled,Enabled,Enabled,Geo Cupertino Repair | Broad
SZ_Search_BayArea_ULTRA3000_Broad,Geo Fremont Repair,sub zero freezer fan not working in fremont,Broad,39.00,https://appliancepros.netlify.app/subzero/,Enabled,Enabled,Enabled,Geo Fremont Repair | Broad
SZ_Search_BayArea_ULTRA3000_Broad,Geo Hayward Repair,sub zero freezer fan not working in hayward,Broad,39.00,https://appliancepros.netlify.app/subzero/,Enabled,Enabled,Enabled,Geo Hayward Repair | Broad
SZ_Search_BayArea_ULTRA3000_Broad,Geo MountainView Repair,sub zero freezer fan not working in mountain view,Broad,39.00,https://appliancepros.netlify.app/subzero/,Enabled,Enabled,Enabled,Geo MountainView Repair | Broad
SZ_Search_BayArea_ULTRA3000_Broad,Geo Oakland Repair,sub zero freezer fan not working in oakland,Broad,39.00,https://appliancepros.netlify.app/subzero/,Enabled,Enabled,Enabled,Geo Oakland Repair | Broad
SZ_Search_BayArea_ULTRA3000_Broad,Geo PaloAlto Repair,sub zero freezer fan not working in palo alto,Broad,39.00,https://appliancepros.netlify.app/subzero/,Enabled,Enabled,Enabled,Geo PaloAlto Repair | Broad
SZ_Search_BayArea_ULTRA3000_Broad,Geo Pleasanton Repair,sub zero freezer fan not working in pleasanton,Broad,39.00,https://appliancepros.netlify.app/subzero/,Enabled,Enabled,Enabled,Geo Pleasanton Repair | Broad
SZ_Search_BayArea_ULTRA3000_Broad,Geo RedwoodCity Repair,sub zero freezer fan not working in redwood city,Broad,39.00,https://appliancepros.netlify.app/subzero/,Enabled,Enabled,Enabled,Geo RedwoodCity Repair | Broad
SZ_Search_BayArea_ULTRA3000_Broad,Geo SanFrancisco Repair,sub zero freezer fan not working in san francisco,Broad,39.00,https://appliancepros.netlify.app/subzero/,Enabled,Enabled,Enabled,Geo SanFrancisco Repair | Broad
SZ_Search_BayArea_ULTRA3000_Broad,Geo SanJose Repair,sub zero freezer fan not working in san jose,Broad,39.00,https://appliancepros.netlify.app/subzero/,Enabled,Enabled,Enabled,Geo SanJose Repair | Broad
SZ_Search_BayArea_ULTRA3000_Broad,Geo SanLeandro Repair,sub zero freezer fan not working in san leandro,Broad,39.00,https://appliancepros.netlify.app/subzero/,Enabled,Enabled,Enabled,Geo SanLeandro Repair | Broad
SZ_Search_BayArea_ULTRA3000_Broad,Geo SanMateo Repair,sub zero freezer fan not working in san mateo,Broad,39.00,https://appliancepros.netlify.app/subzero/,Enabled,Enabled,Enabled,Geo SanMateo Repair | Broad
SZ_Search_BayArea_ULTRA3000_Broad,Geo SantaClara Repair,sub zero freezer fan not working in santa clara,Broad,39.00,https://appliancepros.netlify.app/subzero/,Enabled,Enabled,Enabled,Geo SantaClara Repair | Broad
SZ_Search_BayArea_ULTRA3000_Broad,Geo Sunnyvale Repair,sub zero freezer fan not working in sunnyvale,Broad,39.00,https://appliancepros.netlify.app/subzero/,Enabled,Enabled,Enabled,Geo Sunnyvale Repair | Broad
SZ_Search_BayArea_ULTRA3000_Broad,Geo UnionCity Repair,sub zero freezer fan not working in union city,Broad,39.00,https://appliancepros.netlify.app/subzero/,Enabled,Enabled,Enabled,Geo UnionCity Repair | Broad
SZ_Search_BayArea_ULTRA3000_Broad,Geo WalnutCreek Repair,sub zero freezer fan not working in walnut creek,Broad,39.00,https://appliancepros.netlify.app/subzero/,Enabled,Enabled,Enabled,Geo WalnutCreek Repair | Broad
SZ_Search_BayArea_ULTRA3000_Broad,Freezer Repair,sub zero freezer fix,Broad,35.00,https://appliancepros.netlify.app/subzero/,Enabled,Enabled,Enabled,Freezer Repair | Broad
SZ_Search_BayArea_ULTRA3000_Broad,Core Emergency,sub zero freezer fix 24 hour,Broad,46.00,https://appliancepros.netlify.app/subzero/,Enabled,Enabled,Enabled,Core Emergency | Broad
SZ_Search_BayArea_ULTRA3000_Broad,Freezer Repair,sub zero freezer fix affordable,Broad,35.00,https://appliancepros.netlify.app/subzero/,Enabled,Enabled,Enabled,Freezer Repair | Broad
SZ_Search_BayArea_ULTRA3000_Broad,Freezer Repair,sub zero freezer fix bay area,Broad,35.00,https://appliancepros.netlify.app/subzero/,Enabled,Enabled,Enabled,Freezer Repair | Broad
SZ_Search_BayArea_ULTRA3000_Broad,Freezer Repair,sub zero freezer fix best,Broad,35.00,https://appliancepros.netlify.app/subzero/,Enabled,Enabled,Enabled,Freezer Repair | Broad
SZ_Search_BayArea_ULTRA3000_Broad,Core Emergency,sub zero freezer fix emergency,Broad,46.00,https://appliancepros.netlify.app/subzero/,Enabled,Enabled,Enabled,Core Emergency | Broad
SZ_Search_BayArea_ULTRA3000_Broad,Freezer Repair,sub zero freezer fix fast,Broad,35.00,https://appliancepros.netlify.app/subzero/,Enabled,Enabled,Enabled,Freezer Repair | Broad
SZ_Search_BayArea_ULTRA3000_Broad,Geo Alameda Repair,sub zero freezer fix in alameda,Broad,39.00,https://appliancepros.netlify.app/subzero/,Enabled,Enabled,Enabled,Geo Alameda Repair | Broad
SZ_Search_BayArea_ULTRA3000_Broad,Geo Belmont Repair,sub zero freezer fix in belmont,Broad,39.00,https://appliancepros.netlify.app/subzero/,Enabled,Enabled,Enabled,Geo Belmont Repair | Broad
SZ_Search_BayArea_ULTRA3000_Broad,Geo Berkeley Repair,sub zero freezer fix in berkeley,Broad,39.00,https://appliancepros.netlify.app/subzero/,Enabled,Enabled,Enabled,Geo Berkeley Repair | Broad
SZ_Search_BayArea_ULTRA3000_Broad,Geo Burlingame Repair,sub zero freezer fix in burlingame,Broad,39.00,https://appliancepros.netlify.app/subzero/,Enabled,Enabled,Enabled,Geo Burlingame Repair | Broad
SZ_Search_BayArea_ULTRA3000_Broad,Geo Campbell Repair,sub zero freezer fix in campbell,Broad,39.00,https://appliancepros.netlify.app/subzero/,Enabled,Enabled,Enabled,Geo Campbell Repair | Broad
SZ_Search_BayArea_ULTRA3000_Broad,Geo CastroValley Repair,sub zero freezer fix in castro valley,Broad,39.00,https://appliancepros.netlify.app/subzero/,Enabled,Enabled,Enabled,Geo CastroValley Repair | Broad
SZ_Search_BayArea_ULTRA3000_Broad,Geo Concord Repair,sub zero freezer fix in concord,Broad,39.00,https://appliancepros.netlify.app/subzero/,Enabled,Enabled,Enabled,Geo Concord Repair | Broad
SZ_Search_BayArea_ULTRA3000_Broad,Geo Cupertino Repair,sub zero freezer fix in cupertino,Broad,39.00,https://appliancepros.netlify.app/subzero/,Enabled,Enabled,Enabled,Geo Cupertino Repair | Broad
SZ_Search_BayArea_ULTRA3000_Broad,Geo DalyCity Repair,sub zero freezer fix in daly city,Broad,39.00,https://appliancepros.netlify.app/subzero/,Enabled,Enabled,Enabled,Geo DalyCity Repair | Broad
SZ_Search_BayArea_ULTRA3000_Broad,Geo Emeryville Repair,sub zero freezer fix in emeryville,Broad,39.00,https://appliancepros.netlify.app/subzero/,Enabled,Enabled,Enabled,Geo Emeryville Repair | Broad
SZ_Search_BayArea_ULTRA3000_Broad,Geo FosterCity Repair,sub zero freezer fix in foster city,Broad,39.00,https://appliancepros.netlify.app/subzero/,Enabled,Enabled,Enabled,Geo FosterCity Repair | Broad
SZ_Search_BayArea_ULTRA3000_Broad,Geo Fremont Repair,sub zero freezer fix in fremont,Broad,39.00,https://appliancepros.netlify.app/subzero/,Enabled,Enabled,Enabled,Geo Fremont Repair | Broad
SZ_Search_BayArea_ULTRA3000_Broad,Geo Hayward Repair,sub zero freezer fix in hayward,Broad,39.00,https://appliancepros.netlify.app/subzero/,Enabled,Enabled,Enabled,Geo Hayward Repair | Broad
SZ_Search_BayArea_ULTRA3000_Broad,Geo Livermore Repair,sub zero freezer fix in livermore,Broad,39.00,https://appliancepros.netlify.app/subzero/,Enabled,Enabled,Enabled,Geo Livermore Repair | Broad
SZ_Search_BayArea_ULTRA3000_Broad,Geo LosAltos Repair,sub zero freezer fix in los altos,Broad,39.00,https://appliancepros.netlify.app/subzero/,Enabled,Enabled,Enabled,Geo LosAltos Repair | Broad
SZ_Search_BayArea_ULTRA3000_Broad,Geo LosGatos Repair,sub zero freezer fix in los gatos,Broad,39.00,https://appliancepros.netlify.app/subzero/,Enabled,Enabled,Enabled,Geo LosGatos Repair | Broad
SZ_Search_BayArea_ULTRA3000_Broad,Geo MenloPark Repair,sub zero freezer fix in menlo park,Broad,39.00,https://appliancepros.netlify.app/subzero/,Enabled,Enabled,Enabled,Geo MenloPark Repair | Broad
SZ_Search_BayArea_ULTRA3000_Broad,Geo Millbrae Repair,sub zero freezer fix in millbrae,Broad,39.00,https://appliancepros.netlify.app/subzero/,Enabled,Enabled,Enabled,Geo Millbrae Repair | Broad
SZ_Search_BayArea_ULTRA3000_Broad,Geo Milpitas Repair,sub zero freezer fix in milpitas,Broad,39.00,https://appliancepros.netlify.app/subzero/,Enabled,Enabled,Enabled,Geo Milpitas Repair | Broad
SZ_Search_BayArea_ULTRA3000_Broad,Geo MountainView Repair,sub zero freezer fix in mountain view,Broad,39.00,https://appliancepros.netlify.app/subzero/,Enabled,Enabled,Enabled,Geo MountainView Repair | Broad
SZ_Search_BayArea_ULTRA3000_Broad,Geo Novato Repair,sub zero freezer fix in novato,Broad,39.00,https://appliancepros.netlify.app/subzero/,Enabled,Enabled,Enabled,Geo Novato Repair | Broad
SZ_Search_BayArea_ULTRA3000_Broad,Geo Oakland Repair,sub zero freezer fix in oakland,Broad,39.00,https://appliancepros.netlify.app/subzero/,Enabled,Enabled,Enabled,Geo Oakland Repair | Broad
SZ_Search_BayArea_ULTRA3000_Broad,Geo PaloAlto Repair,sub zero freezer fix in palo alto,Broad,39.00,https://appliancepros.netlify.app/subzero/,Enabled,Enabled,Enabled,Geo PaloAlto Repair | Broad
SZ_Search_BayArea_ULTRA3000_Broad,Geo Pleasanton Repair,sub zero freezer fix in pleasanton,Broad,39.00,https://appliancepros.netlify.app/subzero/,Enabled,Enabled,Enabled,Geo Pleasanton Repair | Broad
SZ_Search_BayArea_ULTRA3000_Broad,Geo RedwoodCity Repair,sub zero freezer fix in redwood city,Broad,39.00,https://appliancepros.netlify.app/subzero/,Enabled,Enabled,Enabled,Geo RedwoodCity Repair | Broad
SZ_Search_BayArea_ULTRA3000_Broad,Geo Richmond Repair,sub zero freezer fix in richmond,Broad,39.00,https://appliancepros.netlify.app/subzero/,Enabled,Enabled,Enabled,Geo Richmond Repair | Broad
SZ_Search_BayArea_ULTRA3000_Broad,Geo SanBruno Repair,sub zero freezer fix in san bruno,Broad,39.00,https://appliancepros.netlify.app/subzero/,Enabled,Enabled,Enabled,Geo SanBruno Repair | Broad
SZ_Search_BayArea_ULTRA3000_Broad,Geo SanFrancisco Repair,sub zero freezer fix in san francisco,Broad,39.00,https://appliancepros.netlify.app/subzero/,Enabled,Enabled,Enabled,Geo SanFrancisco Repair | Broad
SZ_Search_BayArea_ULTRA3000_Broad,Geo SanJose Repair,sub zero freezer fix in san jose,Broad,39.00,https://appliancepros.netlify.app/subzero/,Enabled,Enabled,Enabled,Geo SanJose Repair | Broad
SZ_Search_BayArea_ULTRA3000_Broad,Geo SanLeandro Repair,sub zero freezer fix in san leandro,Broad,39.00,https://appliancepros.netlify.app/subzero/,Enabled,Enabled,Enabled,Geo SanLeandro Repair | Broad
SZ_Search_BayArea_ULTRA3000_Broad,Geo SanMateo Repair,sub zero freezer fix in san mateo,Broad,39.00,https://appliancepros.netlify.app/subzero/,Enabled,Enabled,Enabled,Geo SanMateo Repair | Broad
SZ_Search_BayArea_ULTRA3000_Broad,Geo SanRafael Repair,sub zero freezer fix in san rafael,Broad,39.00,https://appliancepros.netlify.app/subzero/,Enabled,Enabled,Enabled,Geo SanRafael Repair | Broad
SZ_Search_BayArea_ULTRA3000_Broad,Geo SantaClara Repair,sub zero freezer fix in santa clara,Broad,39.00,https://appliancepros.netlify.app/subzero/,Enabled,Enabled,Enabled,Geo SantaClara Repair | Broad
SZ_Search_BayArea_ULTRA3000_Broad,Geo Sunnyvale Repair,sub zero freezer fix in sunnyvale,Broad,39.00,https://appliancepros.netlify.app/subzero/,Enabled,Enabled,Enabled,Geo Sunnyvale Repair | Broad
SZ_Search_BayArea_ULTRA3000_Broad,Geo UnionCity Repair,sub zero freezer fix in union city,Broad,39.00,https://appliancepros.netlify.app/subzero/,Enabled,Enabled,Enabled,Geo UnionCity Repair | Broad
SZ_Search_BayArea_ULTRA3000_Broad,Geo WalnutCreek Repair,sub zero freezer fix in walnut creek,Broad,39.00,https://appliancepros.netlify.app/subzero/,Enabled,Enabled,Enabled,Geo WalnutCreek Repair | Broad
SZ_Search_BayArea_ULTRA3000_Broad,Freezer Repair,sub zero freezer fix local,Broad,35.00,https://appliancepros.netlify.app/subzero/,Enabled,Enabled,Enabled,Freezer Repair | Broad
SZ_Search_BayArea_ULTRA3000_Broad,Core Near Me,sub zero freezer fix near me,Broad,42.00,https://appliancepros.netlify.app/subzero/,Enabled,Enabled,Enabled,Core Near Me | Broad
SZ_Search_BayArea_ULTRA3000_Broad,Core Emergency,sub zero freezer fix same day,Broad,46.00,https://appliancepros.netlify.app/subzero/,Enabled,Enabled,Enabled,Core Emergency | Broad
SZ_Search_BayArea_ULTRA3000_Broad,Core Emergency,sub zero freezer fix today,Broad,46.00,https://appliancepros.netlify.app/subzero/,Enabled,Enabled,Enabled,Core Emergency | Broad
SZ_Search_BayArea_ULTRA3000_Broad,Freezer Repair,sub zero freezer fix trusted,Broad,35.00,https://appliancepros.netlify.app/subzero/,Enabled,Enabled,Enabled,Freezer Repair | Broad
SZ_Search_BayArea_ULTRA3000_Broad,Not Cooling Issues,sub zero freezer freezer cold fridge warm,Broad,40.00,https://appliancepros.netlify.app/subzero/,Enabled,Enabled,Enabled,Not Cooling Issues | Broad
SZ_Search_BayArea_ULTRA3000_Broad,Geo Alameda Repair,sub zero freezer freezer cold fridge warm in alameda,Broad,39.00,https://appliancepros.netlify.app/subzero/,Enabled,Enabled,Enabled,Geo Alameda Repair | Broad
SZ_Search_BayArea_ULTRA3000_Broad,Geo Berkeley Repair,sub zero freezer freezer cold fridge warm in berkeley,Broad,39.00,https://appliancepros.netlify.app/subzero/,Enabled,Enabled,Enabled,Geo Berkeley Repair | Broad
SZ_Search_BayArea_ULTRA3000_Broad,Geo Cupertino Repair,sub zero freezer freezer cold fridge warm in cupertino,Broad,39.00,https://appliancepros.netlify.app/subzero/,Enabled,Enabled,Enabled,Geo Cupertino Repair | Broad
SZ_Search_BayArea_ULTRA3000_Broad,Geo Fremont Repair,sub zero freezer freezer cold fridge warm in fremont,Broad,39.00,https://appliancepros.netlify.app/subzero/,Enabled,Enabled,Enabled,Geo Fremont Repair | Broad
SZ_Search_BayArea_ULTRA3000_Broad,Geo Hayward Repair,sub zero freezer freezer cold fridge warm in hayward,Broad,39.00,https://appliancepros.netlify.app/subzero/,Enabled,Enabled,Enabled,Geo Hayward Repair | Broad
SZ_Search_BayArea_ULTRA3000_Broad,Geo MountainView Repair,sub zero freezer freezer cold fridge warm in mountain view,Broad,39.00,https://appliancepros.netlify.app/subzero/,Enabled,Enabled,Enabled,Geo MountainView Repair | Broad
SZ_Search_BayArea_ULTRA3000_Broad,Geo Oakland Repair,sub zero freezer freezer cold fridge warm in oakland,Broad,39.00,https://appliancepros.netlify.app/subzero/,Enabled,Enabled,Enabled,Geo Oakland Repair | Broad
SZ_Search_BayArea_ULTRA3000_Broad,Geo PaloAlto Repair,sub zero freezer freezer cold fridge warm in palo alto,Broad,39.00,https://appliancepros.netlify.app/subzero/,Enabled,Enabled,Enabled,Geo PaloAlto Repair | Broad
SZ_Search_BayArea_ULTRA3000_Broad,Geo Pleasanton Repair,sub zero freezer freezer cold fridge warm in pleasanton,Broad,39.00,https://appliancepros.netlify.app/subzero/,Enabled,Enabled,Enabled,Geo Pleasanton Repair | Broad
SZ_Search_BayArea_ULTRA3000_Broad,Geo RedwoodCity Repair,sub zero freezer freezer cold fridge warm in redwood city,Broad,39.00,https://appliancepros.netlify.app/subzero/,Enabled,Enabled,Enabled,Geo RedwoodCity Repair | Broad
SZ_Search_BayArea_ULTRA3000_Broad,Geo SanFrancisco Repair,sub zero freezer freezer cold fridge warm in san francisco,Broad,39.00,https://appliancepros.netlify.app/subzero/,Enabled,Enabled,Enabled,Geo SanFrancisco Repair | Broad
SZ_Search_BayArea_ULTRA3000_Broad,Geo SanJose Repair,sub zero freezer freezer cold fridge warm in san jose,Broad,39.00,https://appliancepros.netlify.app/subzero/,Enabled,Enabled,Enabled,Geo SanJose Repair | Broad
SZ_Search_BayArea_ULTRA3000_Broad,Geo SanLeandro Repair,sub zero freezer freezer cold fridge warm in san leandro,Broad,39.00,https://appliancepros.netlify.app/subzero/,Enabled,Enabled,Enabled,Geo SanLeandro Repair | Broad
SZ_Search_BayArea_ULTRA3000_Broad,Geo SanMateo Repair,sub zero freezer freezer cold fridge warm in san mateo,Broad,39.00,https://appliancepros.netlify.app/subzero/,Enabled,Enabled,Enabled,Geo SanMateo Repair | Broad
SZ_Search_BayArea_ULTRA3000_Broad,Geo SantaClara Repair,sub zero freezer freezer cold fridge warm in santa clara,Broad,39.00,https://appliancepros.netlify.app/subzero/,Enabled,Enabled,Enabled,Geo SantaClara Repair | Broad
SZ_Search_BayArea_ULTRA3000_Broad,Geo Sunnyvale Repair,sub zero freezer freezer cold fridge warm in sunnyvale,Broad,39.00,https://appliancepros.netlify.app/subzero/,Enabled,Enabled,Enabled,Geo Sunnyvale Repair | Broad
SZ_Search_BayArea_ULTRA3000_Broad,Geo UnionCity Repair,sub zero freezer freezer cold fridge warm in union city,Broad,39.00,https://appliancepros.netlify.app/subzero/,Enabled,Enabled,Enabled,Geo UnionCity Repair | Broad
SZ_Search_BayArea_ULTRA3000_Broad,Geo WalnutCreek Repair,sub zero freezer freezer cold fridge warm in walnut creek,Broad,39.00,https://appliancepros.netlify.app/subzero/,Enabled,Enabled,Enabled,Geo WalnutCreek Repair | Broad
SZ_Search_BayArea_ULTRA3000_Broad,Core Brand Repair,sub zero freezer fridge warm freezer cold,Broad,35.00,https://appliancepros.netlify.app/subzero/,Enabled,Enabled,Enabled,Core Brand Repair | Broad
SZ_Search_BayArea_ULTRA3000_Broad,Geo Alameda Repair,sub zero freezer fridge warm freezer cold in alameda,Broad,39.00,https://appliancepros.netlify.app/subzero/,Enabled,Enabled,Enabled,Geo Alameda Repair | Broad
SZ_Search_BayArea_ULTRA3000_Broad,Geo Berkeley Repair,sub zero freezer fridge warm freezer cold in berkeley,Broad,39.00,https://appliancepros.netlify.app/subzero/,Enabled,Enabled,Enabled,Geo Berkeley Repair | Broad
SZ_Search_BayArea_ULTRA3000_Broad,Geo Cupertino Repair,sub zero freezer fridge warm freezer cold in cupertino,Broad,39.00,https://appliancepros.netlify.app/subzero/,Enabled,Enabled,Enabled,Geo Cupertino Repair | Broad
SZ_Search_BayArea_ULTRA3000_Broad,Geo Fremont Repair,sub zero freezer fridge warm freezer cold in fremont,Broad,39.00,https://appliancepros.netlify.app/subzero/,Enabled,Enabled,Enabled,Geo Fremont Repair | Broad
SZ_Search_BayArea_ULTRA3000_Broad,Geo Hayward Repair,sub zero freezer fridge warm freezer cold in hayward,Broad,39.00,https://appliancepros.netlify.app/subzero/,Enabled,Enabled,Enabled,Geo Hayward Repair | Broad
SZ_Search_BayArea_ULTRA3000_Broad,Geo MountainView Repair,sub zero freezer fridge warm freezer cold in mountain view,Broad,39.00,https://appliancepros.netlify.app/subzero/,Enabled,Enabled,Enabled,Geo MountainView Repair | Broad
SZ_Search_BayArea_ULTRA3000_Broad,Geo Oakland Repair,sub zero freezer fridge warm freezer cold in oakland,Broad,39.00,https://appliancepros.netlify.app/subzero/,Enabled,Enabled,Enabled,Geo Oakland Repair | Broad
SZ_Search_BayArea_ULTRA3000_Broad,Geo PaloAlto Repair,sub zero freezer fridge warm freezer cold in palo alto,Broad,39.00,https://appliancepros.netlify.app/subzero/,Enabled,Enabled,Enabled,Geo PaloAlto Repair | Broad
SZ_Search_BayArea_ULTRA3000_Broad,Geo Pleasanton Repair,sub zero freezer fridge warm freezer cold in pleasanton,Broad,39.00,https://appliancepros.netlify.app/subzero/,Enabled,Enabled,Enabled,Geo Pleasanton Repair | Broad
SZ_Search_BayArea_ULTRA3000_Broad,Geo RedwoodCity Repair,sub zero freezer fridge warm freezer cold in redwood city,Broad,39.00,https://appliancepros.netlify.app/subzero/,Enabled,Enabled,Enabled,Geo RedwoodCity Repair | Broad
SZ_Search_BayArea_ULTRA3000_Broad,Geo SanFrancisco Repair,sub zero freezer fridge warm freezer cold in san francisco,Broad,39.00,https://appliancepros.netlify.app/subzero/,Enabled,Enabled,Enabled,Geo SanFrancisco Repair | Broad
SZ_Search_BayArea_ULTRA3000_Broad,Geo SanJose Repair,sub zero freezer fridge warm freezer cold in san jose,Broad,39.00,https://appliancepros.netlify.app/subzero/,Enabled,Enabled,Enabled,Geo SanJose Repair | Broad
SZ_Search_BayArea_ULTRA3000_Broad,Geo SanLeandro Repair,sub zero freezer fridge warm freezer cold in san leandro,Broad,39.00,https://appliancepros.netlify.app/subzero/,Enabled,Enabled,Enabled,Geo SanLeandro Repair | Broad
SZ_Search_BayArea_ULTRA3000_Broad,Geo SanMateo Repair,sub zero freezer fridge warm freezer cold in san mateo,Broad,39.00,https://appliancepros.netlify.app/subzero/,Enabled,Enabled,Enabled,Geo SanMateo Repair | Broad
SZ_Search_BayArea_ULTRA3000_Broad,Geo SantaClara Repair,sub zero freezer fridge warm freezer cold in santa clara,Broad,39.00,https://appliancepros.netlify.app/subzero/,Enabled,Enabled,Enabled,Geo SantaClara Repair | Broad
SZ_Search_BayArea_ULTRA3000_Broad,Geo Sunnyvale Repair,sub zero freezer fridge warm freezer cold in sunnyvale,Broad,39.00,https://appliancepros.netlify.app/subzero/,Enabled,Enabled,Enabled,Geo Sunnyvale Repair | Broad
SZ_Search_BayArea_ULTRA3000_Broad,Geo UnionCity Repair,sub zero freezer fridge warm freezer cold in union city,Broad,39.00,https://appliancepros.netlify.app/subzero/,Enabled,Enabled,Enabled,Geo UnionCity Repair | Broad
SZ_Search_BayArea_ULTRA3000_Broad,Geo WalnutCreek Repair,sub zero freezer fridge warm freezer cold in walnut creek,Broad,39.00,https://appliancepros.netlify.app/subzero/,Enabled,Enabled,Enabled,Geo WalnutCreek Repair | Broad
SZ_Search_BayArea_ULTRA3000_Broad,Core Brand Service,sub zero freezer help,Broad,33.00,https://appliancepros.netlify.app/subzero/,Enabled,Enabled,Enabled,Core Brand Service | Broad
SZ_Search_BayArea_ULTRA3000_Broad,Core Emergency,sub zero freezer help 24 hour,Broad,46.00,https://appliancepros.netlify.app/subzero/,Enabled,Enabled,Enabled,Core Emergency | Broad
SZ_Search_BayArea_ULTRA3000_Broad,Core Brand Service,sub zero freezer help affordable,Broad,33.00,https://appliancepros.netlify.app/subzero/,Enabled,Enabled,Enabled,Core Brand Service | Broad
SZ_Search_BayArea_ULTRA3000_Broad,Core Brand Service,sub zero freezer help bay area,Broad,33.00,https://appliancepros.netlify.app/subzero/,Enabled,Enabled,Enabled,Core Brand Service | Broad
SZ_Search_BayArea_ULTRA3000_Broad,Core Brand Service,sub zero freezer help best,Broad,33.00,https://appliancepros.netlify.app/subzero/,Enabled,Enabled,Enabled,Core Brand Service | Broad
SZ_Search_BayArea_ULTRA3000_Broad,Core Emergency,sub zero freezer help emergency,Broad,46.00,https://appliancepros.netlify.app/subzero/,Enabled,Enabled,Enabled,Core Emergency | Broad
SZ_Search_BayArea_ULTRA3000_Broad,Core Brand Service,sub zero freezer help fast,Broad,33.00,https://appliancepros.netlify.app/subzero/,Enabled,Enabled,Enabled,Core Brand Service | Broad
SZ_Search_BayArea_ULTRA3000_Broad,Geo Alameda Repair,sub zero freezer help in alameda,Broad,39.00,https://appliancepros.netlify.app/subzero/,Enabled,Enabled,Enabled,Geo Alameda Repair | Broad
SZ_Search_BayArea_ULTRA3000_Broad,Geo Belmont Repair,sub zero freezer help in belmont,Broad,39.00,https://appliancepros.netlify.app/subzero/,Enabled,Enabled,Enabled,Geo Belmont Repair | Broad
SZ_Search_BayArea_ULTRA3000_Broad,Geo Berkeley Repair,sub zero freezer help in berkeley,Broad,39.00,https://appliancepros.netlify.app/subzero/,Enabled,Enabled,Enabled,Geo Berkeley Repair | Broad
SZ_Search_BayArea_ULTRA3000_Broad,Geo Burlingame Repair,sub zero freezer help in burlingame,Broad,39.00,https://appliancepros.netlify.app/subzero/,Enabled,Enabled,Enabled,Geo Burlingame Repair | Broad
SZ_Search_BayArea_ULTRA3000_Broad,Geo Campbell Repair,sub zero freezer help in campbell,Broad,39.00,https://appliancepros.netlify.app/subzero/,Enabled,Enabled,Enabled,Geo Campbell Repair | Broad
SZ_Search_BayArea_ULTRA3000_Broad,Geo CastroValley Repair,sub zero freezer help in castro valley,Broad,39.00,https://appliancepros.netlify.app/subzero/,Enabled,Enabled,Enabled,Geo CastroValley Repair | Broad
SZ_Search_BayArea_ULTRA3000_Broad,Geo Concord Repair,sub zero freezer help in concord,Broad,39.00,https://appliancepros.netlify.app/subzero/,Enabled,Enabled,Enabled,Geo Concord Repair | Broad
SZ_Search_BayArea_ULTRA3000_Broad,Geo Cupertino Repair,sub zero freezer help in cupertino,Broad,39.00,https://appliancepros.netlify.app/subzero/,Enabled,Enabled,Enabled,Geo Cupertino Repair | Broad
SZ_Search_BayArea_ULTRA3000_Broad,Geo DalyCity Repair,sub zero freezer help in daly city,Broad,39.00,https://appliancepros.netlify.app/subzero/,Enabled,Enabled,Enabled,Geo DalyCity Repair | Broad
SZ_Search_BayArea_ULTRA3000_Broad,Geo Emeryville Repair,sub zero freezer help in emeryville,Broad,39.00,https://appliancepros.netlify.app/subzero/,Enabled,Enabled,Enabled,Geo Emeryville Repair | Broad
SZ_Search_BayArea_ULTRA3000_Broad,Geo FosterCity Repair,sub zero freezer help in foster city,Broad,39.00,https://appliancepros.netlify.app/subzero/,Enabled,Enabled,Enabled,Geo FosterCity Repair | Broad
SZ_Search_BayArea_ULTRA3000_Broad,Geo Fremont Repair,sub zero freezer help in fremont,Broad,39.00,https://appliancepros.netlify.app/subzero/,Enabled,Enabled,Enabled,Geo Fremont Repair | Broad
SZ_Search_BayArea_ULTRA3000_Broad,Geo Hayward Repair,sub zero freezer help in hayward,Broad,39.00,https://appliancepros.netlify.app/subzero/,Enabled,Enabled,Enabled,Geo Hayward Repair | Broad
SZ_Search_BayArea_ULTRA3000_Broad,Geo Livermore Repair,sub zero freezer help in livermore,Broad,39.00,https://appliancepros.netlify.app/subzero/,Enabled,Enabled,Enabled,Geo Livermore Repair | Broad
SZ_Search_BayArea_ULTRA3000_Broad,Geo LosAltos Repair,sub zero freezer help in los altos,Broad,39.00,https://appliancepros.netlify.app/subzero/,Enabled,Enabled,Enabled,Geo LosAltos Repair | Broad
SZ_Search_BayArea_ULTRA3000_Broad,Geo LosGatos Repair,sub zero freezer help in los gatos,Broad,39.00,https://appliancepros.netlify.app/subzero/,Enabled,Enabled,Enabled,Geo LosGatos Repair | Broad
SZ_Search_BayArea_ULTRA3000_Broad,Geo MenloPark Repair,sub zero freezer help in menlo park,Broad,39.00,https://appliancepros.netlify.app/subzero/,Enabled,Enabled,Enabled,Geo MenloPark Repair | Broad
SZ_Search_BayArea_ULTRA3000_Broad,Geo Millbrae Repair,sub zero freezer help in millbrae,Broad,39.00,https://appliancepros.netlify.app/subzero/,Enabled,Enabled,Enabled,Geo Millbrae Repair | Broad
SZ_Search_BayArea_ULTRA3000_Broad,Geo Milpitas Repair,sub zero freezer help in milpitas,Broad,39.00,https://appliancepros.netlify.app/subzero/,Enabled,Enabled,Enabled,Geo Milpitas Repair | Broad
SZ_Search_BayArea_ULTRA3000_Broad,Geo MountainView Repair,sub zero freezer help in mountain view,Broad,39.00,https://appliancepros.netlify.app/subzero/,Enabled,Enabled,Enabled,Geo MountainView Repair | Broad
SZ_Search_BayArea_ULTRA3000_Broad,Geo Novato Repair,sub zero freezer help in novato,Broad,39.00,https://appliancepros.netlify.app/subzero/,Enabled,Enabled,Enabled,Geo Novato Repair | Broad
SZ_Search_BayArea_ULTRA3000_Broad,Geo Oakland Repair,sub zero freezer help in oakland,Broad,39.00,https://appliancepros.netlify.app/subzero/,Enabled,Enabled,Enabled,Geo Oakland Repair | Broad
SZ_Search_BayArea_ULTRA3000_Broad,Geo PaloAlto Repair,sub zero freezer help in palo alto,Broad,39.00,https://appliancepros.netlify.app/subzero/,Enabled,Enabled,Enabled,Geo PaloAlto Repair | Broad
SZ_Search_BayArea_ULTRA3000_Broad,Geo Pleasanton Repair,sub zero freezer help in pleasanton,Broad,39.00,https://appliancepros.netlify.app/subzero/,Enabled,Enabled,Enabled,Geo Pleasanton Repair | Broad
SZ_Search_BayArea_ULTRA3000_Broad,Geo RedwoodCity Repair,sub zero freezer help in redwood city,Broad,39.00,https://appliancepros.netlify.app/subzero/,Enabled,Enabled,Enabled,Geo RedwoodCity Repair | Broad
SZ_Search_BayArea_ULTRA3000_Broad,Geo Richmond Repair,sub zero freezer help in richmond,Broad,39.00,https://appliancepros.netlify.app/subzero/,Enabled,Enabled,Enabled,Geo Richmond Repair | Broad
SZ_Search_BayArea_ULTRA3000_Broad,Geo SanBruno Repair,sub zero freezer help in san bruno,Broad,39.00,https://appliancepros.netlify.app/subzero/,Enabled,Enabled,Enabled,Geo SanBruno Repair | Broad
SZ_Search_BayArea_ULTRA3000_Broad,Geo SanFrancisco Repair,sub zero freezer help in san francisco,Broad,39.00,https://appliancepros.netlify.app/subzero/,Enabled,Enabled,Enabled,Geo SanFrancisco Repair | Broad
SZ_Search_BayArea_ULTRA3000_Broad,Geo SanJose Repair,sub zero freezer help in san jose,Broad,39.00,https://appliancepros.netlify.app/subzero/,Enabled,Enabled,Enabled,Geo SanJose Repair | Broad
SZ_Search_BayArea_ULTRA3000_Broad,Geo SanLeandro Repair,sub zero freezer help in san leandro,Broad,39.00,https://appliancepros.netlify.app/subzero/,Enabled,Enabled,Enabled,Geo SanLeandro Repair | Broad
SZ_Search_BayArea_ULTRA3000_Broad,Geo SanMateo Repair,sub zero freezer help in san mateo,Broad,39.00,https://appliancepros.netlify.app/subzero/,Enabled,Enabled,Enabled,Geo SanMateo Repair | Broad
SZ_Search_BayArea_ULTRA3000_Broad,Geo SanRafael Repair,sub zero freezer help in san rafael,Broad,39.00,https://appliancepros.netlify.app/subzero/,Enabled,Enabled,Enabled,Geo SanRafael Repair | Broad
SZ_Search_BayArea_ULTRA3000_Broad,Geo SantaClara Repair,sub zero freezer help in santa clara,Broad,39.00,https://appliancepros.netlify.app/subzero/,Enabled,Enabled,Enabled,Geo SantaClara Repair | Broad
SZ_Search_BayArea_ULTRA3000_Broad,Geo Sunnyvale Repair,sub zero freezer help in sunnyvale,Broad,39.00,https://appliancepros.netlify.app/subzero/,Enabled,Enabled,Enabled,Geo Sunnyvale Repair | Broad
SZ_Search_BayArea_ULTRA3000_Broad,Geo UnionCity Repair,sub zero freezer help in union city,Broad,39.00,https://appliancepros.netlify.app/subzero/,Enabled,Enabled,Enabled,Geo UnionCity Repair | Broad
SZ_Search_BayArea_ULTRA3000_Broad,Geo WalnutCreek Repair,sub zero freezer help in walnut creek,Broad,39.00,https://appliancepros.netlify.app/subzero/,Enabled,Enabled,Enabled,Geo WalnutCreek Repair | Broad
SZ_Search_BayArea_ULTRA3000_Broad,Core Brand Service,sub zero freezer help local,Broad,33.00,https://appliancepros.netlify.app/subzero/,Enabled,Enabled,Enabled,Core Brand Service | Broad
SZ_Search_BayArea_ULTRA3000_Broad,Core Near Me,sub zero freezer help near me,Broad,42.00,https://appliancepros.netlify.app/subzero/,Enabled,Enabled,Enabled,Core Near Me | Broad
SZ_Search_BayArea_ULTRA3000_Broad,Core Emergency,sub zero freezer help same day,Broad,46.00,https://appliancepros.netlify.app/subzero/,Enabled,Enabled,Enabled,Core Emergency | Broad
SZ_Search_BayArea_ULTRA3000_Broad,Core Emergency,sub zero freezer help today,Broad,46.00,https://appliancepros.netlify.app/subzero/,Enabled,Enabled,Enabled,Core Emergency | Broad
SZ_Search_BayArea_ULTRA3000_Broad,Core Brand Service,sub zero freezer help trusted,Broad,33.00,https://appliancepros.netlify.app/subzero/,Enabled,Enabled,Enabled,Core Brand Service | Broad
SZ_Search_BayArea_ULTRA3000_Broad,Geo Alameda Repair,sub zero freezer ice maker not making ice in alameda,Broad,39.00,https://appliancepros.netlify.app/subzero/,Enabled,Enabled,Enabled,Geo Alameda Repair | Broad
SZ_Search_BayArea_ULTRA3000_Broad,Geo Berkeley Repair,sub zero freezer ice maker not making ice in berkeley,Broad,39.00,https://appliancepros.netlify.app/subzero/,Enabled,Enabled,Enabled,Geo Berkeley Repair | Broad
SZ_Search_BayArea_ULTRA3000_Broad,Geo Cupertino Repair,sub zero freezer ice maker not making ice in cupertino,Broad,39.00,https://appliancepros.netlify.app/subzero/,Enabled,Enabled,Enabled,Geo Cupertino Repair | Broad
SZ_Search_BayArea_ULTRA3000_Broad,Geo Fremont Repair,sub zero freezer ice maker not making ice in fremont,Broad,39.00,https://appliancepros.netlify.app/subzero/,Enabled,Enabled,Enabled,Geo Fremont Repair | Broad
SZ_Search_BayArea_ULTRA3000_Broad,Geo Hayward Repair,sub zero freezer ice maker not making ice in hayward,Broad,39.00,https://appliancepros.netlify.app/subzero/,Enabled,Enabled,Enabled,Geo Hayward Repair | Broad
SZ_Search_BayArea_ULTRA3000_Broad,Geo MountainView Repair,sub zero freezer ice maker not making ice in mountain view,Broad,39.00,https://appliancepros.netlify.app/subzero/,Enabled,Enabled,Enabled,Geo MountainView Repair | Broad
SZ_Search_BayArea_ULTRA3000_Broad,Geo Oakland Repair,sub zero freezer ice maker not making ice in oakland,Broad,39.00,https://appliancepros.netlify.app/subzero/,Enabled,Enabled,Enabled,Geo Oakland Repair | Broad
SZ_Search_BayArea_ULTRA3000_Broad,Geo PaloAlto Repair,sub zero freezer ice maker not making ice in palo alto,Broad,39.00,https://appliancepros.netlify.app/subzero/,Enabled,Enabled,Enabled,Geo PaloAlto Repair | Broad
SZ_Search_BayArea_ULTRA3000_Broad,Geo Pleasanton Repair,sub zero freezer ice maker not making ice in pleasanton,Broad,39.00,https://appliancepros.netlify.app/subzero/,Enabled,Enabled,Enabled,Geo Pleasanton Repair | Broad
SZ_Search_BayArea_ULTRA3000_Broad,Geo RedwoodCity Repair,sub zero freezer ice maker not making ice in redwood city,Broad,39.00,https://appliancepros.netlify.app/subzero/,Enabled,Enabled,Enabled,Geo RedwoodCity Repair | Broad
SZ_Search_BayArea_ULTRA3000_Broad,Geo SanFrancisco Repair,sub zero freezer ice maker not making ice in san francisco,Broad,39.00,https://appliancepros.netlify.app/subzero/,Enabled,Enabled,Enabled,Geo SanFrancisco Repair | Broad
SZ_Search_BayArea_ULTRA3000_Broad,Geo SanJose Repair,sub zero freezer ice maker not making ice in san jose,Broad,39.00,https://appliancepros.netlify.app/subzero/,Enabled,Enabled,Enabled,Geo SanJose Repair | Broad
SZ_Search_BayArea_ULTRA3000_Broad,Geo SanLeandro Repair,sub zero freezer ice maker not making ice in san leandro,Broad,39.00,https://appliancepros.netlify.app/subzero/,Enabled,Enabled,Enabled,Geo SanLeandro Repair | Broad
SZ_Search_BayArea_ULTRA3000_Broad,Geo SanMateo Repair,sub zero freezer ice maker not making ice in san mateo,Broad,39.00,https://appliancepros.netlify.app/subzero/,Enabled,Enabled,Enabled,Geo SanMateo Repair | Broad
SZ_Search_BayArea_ULTRA3000_Broad,Geo SantaClara Repair,sub zero freezer ice maker not making ice in santa clara,Broad,39.00,https://appliancepros.netlify.app/subzero/,Enabled,Enabled,Enabled,Geo SantaClara Repair | Broad
SZ_Search_BayArea_ULTRA3000_Broad,Geo Sunnyvale Repair,sub zero freezer ice maker not making ice in sunnyvale,Broad,39.00,https://appliancepros.netlify.app/subzero/,Enabled,Enabled,Enabled,Geo Sunnyvale Repair | Broad
SZ_Search_BayArea_ULTRA3000_Broad,Geo UnionCity Repair,sub zero freezer ice maker not making ice in union city,Broad,39.00,https://appliancepros.netlify.app/subzero/,Enabled,Enabled,Enabled,Geo UnionCity Repair | Broad
SZ_Search_BayArea_ULTRA3000_Broad,Geo WalnutCreek Repair,sub zero freezer ice maker not making ice in walnut creek,Broad,39.00,https://appliancepros.netlify.app/subzero/,Enabled,Enabled,Enabled,Geo WalnutCreek Repair | Broad
SZ_Search_BayArea_ULTRA3000_Broad,Geo Alameda Repair,sub zero freezer ice maker not working in alameda,Broad,39.00,https://appliancepros.netlify.app/subzero/,Enabled,Enabled,Enabled,Geo Alameda Repair | Broad
SZ_Search_BayArea_ULTRA3000_Broad,Geo Berkeley Repair,sub zero freezer ice maker not working in berkeley,Broad,39.00,https://appliancepros.netlify.app/subzero/,Enabled,Enabled,Enabled,Geo Berkeley Repair | Broad
SZ_Search_BayArea_ULTRA3000_Broad,Geo Cupertino Repair,sub zero freezer ice maker not working in cupertino,Broad,39.00,https://appliancepros.netlify.app/subzero/,Enabled,Enabled,Enabled,Geo Cupertino Repair | Broad
SZ_Search_BayArea_ULTRA3000_Broad,Geo Fremont Repair,sub zero freezer ice maker not working in fremont,Broad,39.00,https://appliancepros.netlify.app/subzero/,Enabled,Enabled,Enabled,Geo Fremont Repair | Broad
SZ_Search_BayArea_ULTRA3000_Broad,Geo Hayward Repair,sub zero freezer ice maker not working in hayward,Broad,39.00,https://appliancepros.netlify.app/subzero/,Enabled,Enabled,Enabled,Geo Hayward Repair | Broad
SZ_Search_BayArea_ULTRA3000_Broad,Geo MountainView Repair,sub zero freezer ice maker not working in mountain view,Broad,39.00,https://appliancepros.netlify.app/subzero/,Enabled,Enabled,Enabled,Geo MountainView Repair | Broad
SZ_Search_BayArea_ULTRA3000_Broad,Geo Oakland Repair,sub zero freezer ice maker not working in oakland,Broad,39.00,https://appliancepros.netlify.app/subzero/,Enabled,Enabled,Enabled,Geo Oakland Repair | Broad
SZ_Search_BayArea_ULTRA3000_Broad,Geo PaloAlto Repair,sub zero freezer ice maker not working in palo alto,Broad,39.00,https://appliancepros.netlify.app/subzero/,Enabled,Enabled,Enabled,Geo PaloAlto Repair | Broad
SZ_Search_BayArea_ULTRA3000_Broad,Geo Pleasanton Repair,sub zero freezer ice maker not working in pleasanton,Broad,39.00,https://appliancepros.netlify.app/subzero/,Enabled,Enabled,Enabled,Geo Pleasanton Repair | Broad
SZ_Search_BayArea_ULTRA3000_Broad,Geo RedwoodCity Repair,sub zero freezer ice maker not working in redwood city,Broad,39.00,https://appliancepros.netlify.app/subzero/,Enabled,Enabled,Enabled,Geo RedwoodCity Repair | Broad
SZ_Search_BayArea_ULTRA3000_Broad,Geo SanFrancisco Repair,sub zero freezer ice maker not working in san francisco,Broad,39.00,https://appliancepros.netlify.app/subzero/,Enabled,Enabled,Enabled,Geo SanFrancisco Repair | Broad
SZ_Search_BayArea_ULTRA3000_Broad,Geo SanJose Repair,sub zero freezer ice maker not working in san jose,Broad,39.00,https://appliancepros.netlify.app/subzero/,Enabled,Enabled,Enabled,Geo SanJose Repair | Broad
SZ_Search_BayArea_ULTRA3000_Broad,Geo SanLeandro Repair,sub zero freezer ice maker not working in san leandro,Broad,39.00,https://appliancepros.netlify.app/subzero/,Enabled,Enabled,Enabled,Geo SanLeandro Repair | Broad
SZ_Search_BayArea_ULTRA3000_Broad,Geo SanMateo Repair,sub zero freezer ice maker not working in san mateo,Broad,39.00,https://appliancepros.netlify.app/subzero/,Enabled,Enabled,Enabled,Geo SanMateo Repair | Broad
SZ_Search_BayArea_ULTRA3000_Broad,Geo SantaClara Repair,sub zero freezer ice maker not working in santa clara,Broad,39.00,https://appliancepros.netlify.app/subzero/,Enabled,Enabled,Enabled,Geo SantaClara Repair | Broad
SZ_Search_BayArea_ULTRA3000_Broad,Geo Sunnyvale Repair,sub zero freezer ice maker not working in sunnyvale,Broad,39.00,https://appliancepros.netlify.app/subzero/,Enabled,Enabled,Enabled,Geo Sunnyvale Repair | Broad
SZ_Search_BayArea_ULTRA3000_Broad,Geo UnionCity Repair,sub zero freezer ice maker not working in union city,Broad,39.00,https://appliancepros.netlify.app/subzero/,Enabled,Enabled,Enabled,Geo UnionCity Repair | Broad
SZ_Search_BayArea_ULTRA3000_Broad,Geo WalnutCreek Repair,sub zero freezer ice maker not working in walnut creek,Broad,39.00,https://appliancepros.netlify.app/subzero/,Enabled,Enabled,Enabled,Geo WalnutCreek Repair | Broad
SZ_Search_BayArea_ULTRA3000_Broad,Geo Alameda Repair,sub zero freezer leaking water in alameda,Broad,39.00,https://appliancepros.netlify.app/subzero/,Enabled,Enabled,Enabled,Geo Alameda Repair | Broad
SZ_Search_BayArea_ULTRA3000_Broad,Geo Berkeley Repair,sub zero freezer leaking water in berkeley,Broad,39.00,https://appliancepros.netlify.app/subzero/,Enabled,Enabled,Enabled,Geo Berkeley Repair | Broad
SZ_Search_BayArea_ULTRA3000_Broad,Geo Cupertino Repair,sub zero freezer leaking water in cupertino,Broad,39.00,https://appliancepros.netlify.app/subzero/,Enabled,Enabled,Enabled,Geo Cupertino Repair | Broad
SZ_Search_BayArea_ULTRA3000_Broad,Geo Fremont Repair,sub zero freezer leaking water in fremont,Broad,39.00,https://appliancepros.netlify.app/subzero/,Enabled,Enabled,Enabled,Geo Fremont Repair | Broad
SZ_Search_BayArea_ULTRA3000_Broad,Geo Hayward Repair,sub zero freezer leaking water in hayward,Broad,39.00,https://appliancepros.netlify.app/subzero/,Enabled,Enabled,Enabled,Geo Hayward Repair | Broad
SZ_Search_BayArea_ULTRA3000_Broad,Geo MountainView Repair,sub zero freezer leaking water in mountain view,Broad,39.00,https://appliancepros.netlify.app/subzero/,Enabled,Enabled,Enabled,Geo MountainView Repair | Broad
SZ_Search_BayArea_ULTRA3000_Broad,Geo Oakland Repair,sub zero freezer leaking water in oakland,Broad,39.00,https://appliancepros.netlify.app/subzero/,Enabled,Enabled,Enabled,Geo Oakland Repair | Broad
SZ_Search_BayArea_ULTRA3000_Broad,Geo PaloAlto Repair,sub zero freezer leaking water in palo alto,Broad,39.00,https://appliancepros.netlify.app/subzero/,Enabled,Enabled,Enabled,Geo PaloAlto Repair | Broad
SZ_Search_BayArea_ULTRA3000_Broad,Geo Pleasanton Repair,sub zero freezer leaking water in pleasanton,Broad,39.00,https://appliancepros.netlify.app/subzero/,Enabled,Enabled,Enabled,Geo Pleasanton Repair | Broad
SZ_Search_BayArea_ULTRA3000_Broad,Geo RedwoodCity Repair,sub zero freezer leaking water in redwood city,Broad,39.00,https://appliancepros.netlify.app/subzero/,Enabled,Enabled,Enabled,Geo RedwoodCity Repair | Broad
SZ_Search_BayArea_ULTRA3000_Broad,Geo SanFrancisco Repair,sub zero freezer leaking water in san francisco,Broad,39.00,https://appliancepros.netlify.app/subzero/,Enabled,Enabled,Enabled,Geo SanFrancisco Repair | Broad
SZ_Search_BayArea_ULTRA3000_Broad,Geo SanJose Repair,sub zero freezer leaking water in san jose,Broad,39.00,https://appliancepros.netlify.app/subzero/,Enabled,Enabled,Enabled,Geo SanJose Repair | Broad
SZ_Search_BayArea_ULTRA3000_Broad,Geo SanLeandro Repair,sub zero freezer leaking water in san leandro,Broad,39.00,https://appliancepros.netlify.app/subzero/,Enabled,Enabled,Enabled,Geo SanLeandro Repair | Broad
SZ_Search_BayArea_ULTRA3000_Broad,Geo SanMateo Repair,sub zero freezer leaking water in san mateo,Broad,39.00,https://appliancepros.netlify.app/subzero/,Enabled,Enabled,Enabled,Geo SanMateo Repair | Broad
SZ_Search_BayArea_ULTRA3000_Broad,Geo SantaClara Repair,sub zero freezer leaking water in santa clara,Broad,39.00,https://appliancepros.netlify.app/subzero/,Enabled,Enabled,Enabled,Geo SantaClara Repair | Broad
SZ_Search_BayArea_ULTRA3000_Broad,Geo Sunnyvale Repair,sub zero freezer leaking water in sunnyvale,Broad,39.00,https://appliancepros.netlify.app/subzero/,Enabled,Enabled,Enabled,Geo Sunnyvale Repair | Broad
SZ_Search_BayArea_ULTRA3000_Broad,Geo UnionCity Repair,sub zero freezer leaking water in union city,Broad,39.00,https://appliancepros.netlify.app/subzero/,Enabled,Enabled,Enabled,Geo UnionCity Repair | Broad
SZ_Search_BayArea_ULTRA3000_Broad,Geo WalnutCreek Repair,sub zero freezer leaking water in walnut creek,Broad,39.00,https://appliancepros.netlify.app/subzero/,Enabled,Enabled,Enabled,Geo WalnutCreek Repair | Broad
SZ_Search_BayArea_ULTRA3000_Broad,Core Maintenance,sub zero freezer maintanance,Broad,33.00,https://appliancepros.netlify.app/subzero/,Enabled,Enabled,Enabled,Core Maintenance | Broad
SZ_Search_BayArea_ULTRA3000_Broad,Core Emergency,sub zero freezer maintanance 24 hour,Broad,46.00,https://appliancepros.netlify.app/subzero/,Enabled,Enabled,Enabled,Core Emergency | Broad
SZ_Search_BayArea_ULTRA3000_Broad,Core Maintenance,sub zero freezer maintanance affordable,Broad,33.00,https://appliancepros.netlify.app/subzero/,Enabled,Enabled,Enabled,Core Maintenance | Broad
SZ_Search_BayArea_ULTRA3000_Broad,Core Maintenance,sub zero freezer maintanance bay area,Broad,33.00,https://appliancepros.netlify.app/subzero/,Enabled,Enabled,Enabled,Core Maintenance | Broad
SZ_Search_BayArea_ULTRA3000_Broad,Core Maintenance,sub zero freezer maintanance best,Broad,33.00,https://appliancepros.netlify.app/subzero/,Enabled,Enabled,Enabled,Core Maintenance | Broad
SZ_Search_BayArea_ULTRA3000_Broad,Core Emergency,sub zero freezer maintanance emergency,Broad,46.00,https://appliancepros.netlify.app/subzero/,Enabled,Enabled,Enabled,Core Emergency | Broad
SZ_Search_BayArea_ULTRA3000_Broad,Core Maintenance,sub zero freezer maintanance fast,Broad,33.00,https://appliancepros.netlify.app/subzero/,Enabled,Enabled,Enabled,Core Maintenance | Broad
SZ_Search_BayArea_ULTRA3000_Broad,Geo Alameda Repair,sub zero freezer maintanance in alameda,Broad,39.00,https://appliancepros.netlify.app/subzero/,Enabled,Enabled,Enabled,Geo Alameda Repair | Broad
SZ_Search_BayArea_ULTRA3000_Broad,Geo Belmont Repair,sub zero freezer maintanance in belmont,Broad,39.00,https://appliancepros.netlify.app/subzero/,Enabled,Enabled,Enabled,Geo Belmont Repair | Broad
SZ_Search_BayArea_ULTRA3000_Broad,Geo Berkeley Repair,sub zero freezer maintanance in berkeley,Broad,39.00,https://appliancepros.netlify.app/subzero/,Enabled,Enabled,Enabled,Geo Berkeley Repair | Broad
SZ_Search_BayArea_ULTRA3000_Broad,Geo Burlingame Repair,sub zero freezer maintanance in burlingame,Broad,39.00,https://appliancepros.netlify.app/subzero/,Enabled,Enabled,Enabled,Geo Burlingame Repair | Broad
SZ_Search_BayArea_ULTRA3000_Broad,Geo Campbell Repair,sub zero freezer maintanance in campbell,Broad,39.00,https://appliancepros.netlify.app/subzero/,Enabled,Enabled,Enabled,Geo Campbell Repair | Broad
SZ_Search_BayArea_ULTRA3000_Broad,Geo CastroValley Repair,sub zero freezer maintanance in castro valley,Broad,39.00,https://appliancepros.netlify.app/subzero/,Enabled,Enabled,Enabled,Geo CastroValley Repair | Broad
SZ_Search_BayArea_ULTRA3000_Broad,Geo Concord Repair,sub zero freezer maintanance in concord,Broad,39.00,https://appliancepros.netlify.app/subzero/,Enabled,Enabled,Enabled,Geo Concord Repair | Broad
SZ_Search_BayArea_ULTRA3000_Broad,Geo Cupertino Repair,sub zero freezer maintanance in cupertino,Broad,39.00,https://appliancepros.netlify.app/subzero/,Enabled,Enabled,Enabled,Geo Cupertino Repair | Broad
SZ_Search_BayArea_ULTRA3000_Broad,Geo DalyCity Repair,sub zero freezer maintanance in daly city,Broad,39.00,https://appliancepros.netlify.app/subzero/,Enabled,Enabled,Enabled,Geo DalyCity Repair | Broad
SZ_Search_BayArea_ULTRA3000_Broad,Geo Emeryville Repair,sub zero freezer maintanance in emeryville,Broad,39.00,https://appliancepros.netlify.app/subzero/,Enabled,Enabled,Enabled,Geo Emeryville Repair | Broad
SZ_Search_BayArea_ULTRA3000_Broad,Geo FosterCity Repair,sub zero freezer maintanance in foster city,Broad,39.00,https://appliancepros.netlify.app/subzero/,Enabled,Enabled,Enabled,Geo FosterCity Repair | Broad
SZ_Search_BayArea_ULTRA3000_Broad,Geo Fremont Repair,sub zero freezer maintanance in fremont,Broad,39.00,https://appliancepros.netlify.app/subzero/,Enabled,Enabled,Enabled,Geo Fremont Repair | Broad
SZ_Search_BayArea_ULTRA3000_Broad,Geo Hayward Repair,sub zero freezer maintanance in hayward,Broad,39.00,https://appliancepros.netlify.app/subzero/,Enabled,Enabled,Enabled,Geo Hayward Repair | Broad
SZ_Search_BayArea_ULTRA3000_Broad,Geo Livermore Repair,sub zero freezer maintanance in livermore,Broad,39.00,https://appliancepros.netlify.app/subzero/,Enabled,Enabled,Enabled,Geo Livermore Repair | Broad
SZ_Search_BayArea_ULTRA3000_Broad,Geo LosAltos Repair,sub zero freezer maintanance in los altos,Broad,39.00,https://appliancepros.netlify.app/subzero/,Enabled,Enabled,Enabled,Geo LosAltos Repair | Broad
SZ_Search_BayArea_ULTRA3000_Broad,Geo LosGatos Repair,sub zero freezer maintanance in los gatos,Broad,39.00,https://appliancepros.netlify.app/subzero/,Enabled,Enabled,Enabled,Geo LosGatos Repair | Broad
SZ_Search_BayArea_ULTRA3000_Broad,Geo MenloPark Repair,sub zero freezer maintanance in menlo park,Broad,39.00,https://appliancepros.netlify.app/subzero/,Enabled,Enabled,Enabled,Geo MenloPark Repair | Broad
SZ_Search_BayArea_ULTRA3000_Broad,Geo Millbrae Repair,sub zero freezer maintanance in millbrae,Broad,39.00,https://appliancepros.netlify.app/subzero/,Enabled,Enabled,Enabled,Geo Millbrae Repair | Broad
SZ_Search_BayArea_ULTRA3000_Broad,Geo Milpitas Repair,sub zero freezer maintanance in milpitas,Broad,39.00,https://appliancepros.netlify.app/subzero/,Enabled,Enabled,Enabled,Geo Milpitas Repair | Broad
SZ_Search_BayArea_ULTRA3000_Broad,Geo MountainView Repair,sub zero freezer maintanance in mountain view,Broad,39.00,https://appliancepros.netlify.app/subzero/,Enabled,Enabled,Enabled,Geo MountainView Repair | Broad
SZ_Search_BayArea_ULTRA3000_Broad,Geo Novato Repair,sub zero freezer maintanance in novato,Broad,39.00,https://appliancepros.netlify.app/subzero/,Enabled,Enabled,Enabled,Geo Novato Repair | Broad
SZ_Search_BayArea_ULTRA3000_Broad,Geo Oakland Repair,sub zero freezer maintanance in oakland,Broad,39.00,https://appliancepros.netlify.app/subzero/,Enabled,Enabled,Enabled,Geo Oakland Repair | Broad
SZ_Search_BayArea_ULTRA3000_Broad,Geo PaloAlto Repair,sub zero freezer maintanance in palo alto,Broad,39.00,https://appliancepros.netlify.app/subzero/,Enabled,Enabled,Enabled,Geo PaloAlto Repair | Broad
SZ_Search_BayArea_ULTRA3000_Broad,Geo Pleasanton Repair,sub zero freezer maintanance in pleasanton,Broad,39.00,https://appliancepros.netlify.app/subzero/,Enabled,Enabled,Enabled,Geo Pleasanton Repair | Broad
SZ_Search_BayArea_ULTRA3000_Broad,Geo RedwoodCity Repair,sub zero freezer maintanance in redwood city,Broad,39.00,https://appliancepros.netlify.app/subzero/,Enabled,Enabled,Enabled,Geo RedwoodCity Repair | Broad
SZ_Search_BayArea_ULTRA3000_Broad,Geo Richmond Repair,sub zero freezer maintanance in richmond,Broad,39.00,https://appliancepros.netlify.app/subzero/,Enabled,Enabled,Enabled,Geo Richmond Repair | Broad
SZ_Search_BayArea_ULTRA3000_Broad,Geo SanBruno Repair,sub zero freezer maintanance in san bruno,Broad,39.00,https://appliancepros.netlify.app/subzero/,Enabled,Enabled,Enabled,Geo SanBruno Repair | Broad
SZ_Search_BayArea_ULTRA3000_Broad,Geo SanFrancisco Repair,sub zero freezer maintanance in san francisco,Broad,39.00,https://appliancepros.netlify.app/subzero/,Enabled,Enabled,Enabled,Geo SanFrancisco Repair | Broad
SZ_Search_BayArea_ULTRA3000_Broad,Geo SanJose Repair,sub zero freezer maintanance in san jose,Broad,39.00,https://appliancepros.netlify.app/subzero/,Enabled,Enabled,Enabled,Geo SanJose Repair | Broad
SZ_Search_BayArea_ULTRA3000_Broad,Geo SanLeandro Repair,sub zero freezer maintanance in san leandro,Broad,39.00,https://appliancepros.netlify.app/subzero/,Enabled,Enabled,Enabled,Geo SanLeandro Repair | Broad
SZ_Search_BayArea_ULTRA3000_Broad,Geo SanMateo Repair,sub zero freezer maintanance in san mateo,Broad,39.00,https://appliancepros.netlify.app/subzero/,Enabled,Enabled,Enabled,Geo SanMateo Repair | Broad
SZ_Search_BayArea_ULTRA3000_Broad,Geo SanRafael Repair,sub zero freezer maintanance in san rafael,Broad,39.00,https://appliancepros.netlify.app/subzero/,Enabled,Enabled,Enabled,Geo SanRafael Repair | Broad
SZ_Search_BayArea_ULTRA3000_Broad,Geo SantaClara Repair,sub zero freezer maintanance in santa clara,Broad,39.00,https://appliancepros.netlify.app/subzero/,Enabled,Enabled,Enabled,Geo SantaClara Repair | Broad
SZ_Search_BayArea_ULTRA3000_Broad,Geo Sunnyvale Repair,sub zero freezer maintanance in sunnyvale,Broad,39.00,https://appliancepros.netlify.app/subzero/,Enabled,Enabled,Enabled,Geo Sunnyvale Repair | Broad
SZ_Search_BayArea_ULTRA3000_Broad,Geo UnionCity Repair,sub zero freezer maintanance in union city,Broad,39.00,https://appliancepros.netlify.app/subzero/,Enabled,Enabled,Enabled,Geo UnionCity Repair | Broad
SZ_Search_BayArea_ULTRA3000_Broad,Geo WalnutCreek Repair,sub zero freezer maintanance in walnut creek,Broad,39.00,https://appliancepros.netlify.app/subzero/,Enabled,Enabled,Enabled,Geo WalnutCreek Repair | Broad
SZ_Search_BayArea_ULTRA3000_Broad,Core Maintenance,sub zero freezer maintanance local,Broad,33.00,https://appliancepros.netlify.app/subzero/,Enabled,Enabled,Enabled,Core Maintenance | Broad
SZ_Search_BayArea_ULTRA3000_Broad,Core Near Me,sub zero freezer maintanance near me,Broad,42.00,https://appliancepros.netlify.app/subzero/,Enabled,Enabled,Enabled,Core Near Me | Broad
SZ_Search_BayArea_ULTRA3000_Broad,Core Emergency,sub zero freezer maintanance same day,Broad,46.00,https://appliancepros.netlify.app/subzero/,Enabled,Enabled,Enabled,Core Emergency | Broad
SZ_Search_BayArea_ULTRA3000_Broad,Core Emergency,sub zero freezer maintanance today,Broad,46.00,https://appliancepros.netlify.app/subzero/,Enabled,Enabled,Enabled,Core Emergency | Broad
SZ_Search_BayArea_ULTRA3000_Broad,Core Maintenance,sub zero freezer maintanance trusted,Broad,33.00,https://appliancepros.netlify.app/subzero/,Enabled,Enabled,Enabled,Core Maintenance | Broad
SZ_Search_BayArea_ULTRA3000_Broad,Core Emergency,sub zero freezer maintenance 24 hour,Broad,46.00,https://appliancepros.netlify.app/subzero/,Enabled,Enabled,Enabled,Core Emergency | Broad
SZ_Search_BayArea_ULTRA3000_Broad,Core Maintenance,sub zero freezer maintenance affordable,Broad,33.00,https://appliancepros.netlify.app/subzero/,Enabled,Enabled,Enabled,Core Maintenance | Broad
SZ_Search_BayArea_ULTRA3000_Broad,Core Maintenance,sub zero freezer maintenance bay area,Broad,33.00,https://appliancepros.netlify.app/subzero/,Enabled,Enabled,Enabled,Core Maintenance | Broad
SZ_Search_BayArea_ULTRA3000_Broad,Core Maintenance,sub zero freezer maintenance best,Broad,33.00,https://appliancepros.netlify.app/subzero/,Enabled,Enabled,Enabled,Core Maintenance | Broad
SZ_Search_BayArea_ULTRA3000_Broad,Core Emergency,sub zero freezer maintenance emergency,Broad,46.00,https://appliancepros.netlify.app/subzero/,Enabled,Enabled,Enabled,Core Emergency | Broad
SZ_Search_BayArea_ULTRA3000_Broad,Core Maintenance,sub zero freezer maintenance fast,Broad,33.00,https://appliancepros.netlify.app/subzero/,Enabled,Enabled,Enabled,Core Maintenance | Broad
SZ_Search_BayArea_ULTRA3000_Broad,Geo Alameda Repair,sub zero freezer maintenance in alameda,Broad,39.00,https://appliancepros.netlify.app/subzero/,Enabled,Enabled,Enabled,Geo Alameda Repair | Broad
SZ_Search_BayArea_ULTRA3000_Broad,Geo Belmont Repair,sub zero freezer maintenance in belmont,Broad,39.00,https://appliancepros.netlify.app/subzero/,Enabled,Enabled,Enabled,Geo Belmont Repair | Broad
SZ_Search_BayArea_ULTRA3000_Broad,Geo Berkeley Repair,sub zero freezer maintenance in berkeley,Broad,39.00,https://appliancepros.netlify.app/subzero/,Enabled,Enabled,Enabled,Geo Berkeley Repair | Broad
SZ_Search_BayArea_ULTRA3000_Broad,Geo Burlingame Repair,sub zero freezer maintenance in burlingame,Broad,39.00,https://appliancepros.netlify.app/subzero/,Enabled,Enabled,Enabled,Geo Burlingame Repair | Broad
SZ_Search_BayArea_ULTRA3000_Broad,Geo Campbell Repair,sub zero freezer maintenance in campbell,Broad,39.00,https://appliancepros.netlify.app/subzero/,Enabled,Enabled,Enabled,Geo Campbell Repair | Broad
SZ_Search_BayArea_ULTRA3000_Broad,Geo CastroValley Repair,sub zero freezer maintenance in castro valley,Broad,39.00,https://appliancepros.netlify.app/subzero/,Enabled,Enabled,Enabled,Geo CastroValley Repair | Broad
SZ_Search_BayArea_ULTRA3000_Broad,Geo Concord Repair,sub zero freezer maintenance in concord,Broad,39.00,https://appliancepros.netlify.app/subzero/,Enabled,Enabled,Enabled,Geo Concord Repair | Broad
SZ_Search_BayArea_ULTRA3000_Broad,Geo Cupertino Repair,sub zero freezer maintenance in cupertino,Broad,39.00,https://appliancepros.netlify.app/subzero/,Enabled,Enabled,Enabled,Geo Cupertino Repair | Broad
SZ_Search_BayArea_ULTRA3000_Broad,Geo DalyCity Repair,sub zero freezer maintenance in daly city,Broad,39.00,https://appliancepros.netlify.app/subzero/,Enabled,Enabled,Enabled,Geo DalyCity Repair | Broad
SZ_Search_BayArea_ULTRA3000_Broad,Geo Emeryville Repair,sub zero freezer maintenance in emeryville,Broad,39.00,https://appliancepros.netlify.app/subzero/,Enabled,Enabled,Enabled,Geo Emeryville Repair | Broad
SZ_Search_BayArea_ULTRA3000_Broad,Geo FosterCity Repair,sub zero freezer maintenance in foster city,Broad,39.00,https://appliancepros.netlify.app/subzero/,Enabled,Enabled,Enabled,Geo FosterCity Repair | Broad
SZ_Search_BayArea_ULTRA3000_Broad,Geo Fremont Repair,sub zero freezer maintenance in fremont,Broad,39.00,https://appliancepros.netlify.app/subzero/,Enabled,Enabled,Enabled,Geo Fremont Repair | Broad
SZ_Search_BayArea_ULTRA3000_Broad,Geo Hayward Repair,sub zero freezer maintenance in hayward,Broad,39.00,https://appliancepros.netlify.app/subzero/,Enabled,Enabled,Enabled,Geo Hayward Repair | Broad
SZ_Search_BayArea_ULTRA3000_Broad,Geo Livermore Repair,sub zero freezer maintenance in livermore,Broad,39.00,https://appliancepros.netlify.app/subzero/,Enabled,Enabled,Enabled,Geo Livermore Repair | Broad
SZ_Search_BayArea_ULTRA3000_Broad,Geo LosAltos Repair,sub zero freezer maintenance in los altos,Broad,39.00,https://appliancepros.netlify.app/subzero/,Enabled,Enabled,Enabled,Geo LosAltos Repair | Broad
SZ_Search_BayArea_ULTRA3000_Broad,Geo LosGatos Repair,sub zero freezer maintenance in los gatos,Broad,39.00,https://appliancepros.netlify.app/subzero/,Enabled,Enabled,Enabled,Geo LosGatos Repair | Broad
SZ_Search_BayArea_ULTRA3000_Broad,Geo MenloPark Repair,sub zero freezer maintenance in menlo park,Broad,39.00,https://appliancepros.netlify.app/subzero/,Enabled,Enabled,Enabled,Geo MenloPark Repair | Broad
SZ_Search_BayArea_ULTRA3000_Broad,Geo Millbrae Repair,sub zero freezer maintenance in millbrae,Broad,39.00,https://appliancepros.netlify.app/subzero/,Enabled,Enabled,Enabled,Geo Millbrae Repair | Broad
SZ_Search_BayArea_ULTRA3000_Broad,Geo Milpitas Repair,sub zero freezer maintenance in milpitas,Broad,39.00,https://appliancepros.netlify.app/subzero/,Enabled,Enabled,Enabled,Geo Milpitas Repair | Broad
SZ_Search_BayArea_ULTRA3000_Broad,Geo MountainView Repair,sub zero freezer maintenance in mountain view,Broad,39.00,https://appliancepros.netlify.app/subzero/,Enabled,Enabled,Enabled,Geo MountainView Repair | Broad
SZ_Search_BayArea_ULTRA3000_Broad,Geo Novato Repair,sub zero freezer maintenance in novato,Broad,39.00,https://appliancepros.netlify.app/subzero/,Enabled,Enabled,Enabled,Geo Novato Repair | Broad
SZ_Search_BayArea_ULTRA3000_Broad,Geo Oakland Repair,sub zero freezer maintenance in oakland,Broad,39.00,https://appliancepros.netlify.app/subzero/,Enabled,Enabled,Enabled,Geo Oakland Repair | Broad
SZ_Search_BayArea_ULTRA3000_Broad,Geo PaloAlto Repair,sub zero freezer maintenance in palo alto,Broad,39.00,https://appliancepros.netlify.app/subzero/,Enabled,Enabled,Enabled,Geo PaloAlto Repair | Broad
SZ_Search_BayArea_ULTRA3000_Broad,Geo Pleasanton Repair,sub zero freezer maintenance in pleasanton,Broad,39.00,https://appliancepros.netlify.app/subzero/,Enabled,Enabled,Enabled,Geo Pleasanton Repair | Broad
SZ_Search_BayArea_ULTRA3000_Broad,Geo RedwoodCity Repair,sub zero freezer maintenance in redwood city,Broad,39.00,https://appliancepros.netlify.app/subzero/,Enabled,Enabled,Enabled,Geo RedwoodCity Repair | Broad
SZ_Search_BayArea_ULTRA3000_Broad,Geo Richmond Repair,sub zero freezer maintenance in richmond,Broad,39.00,https://appliancepros.netlify.app/subzero/,Enabled,Enabled,Enabled,Geo Richmond Repair | Broad
SZ_Search_BayArea_ULTRA3000_Broad,Geo SanBruno Repair,sub zero freezer maintenance in san bruno,Broad,39.00,https://appliancepros.netlify.app/subzero/,Enabled,Enabled,Enabled,Geo SanBruno Repair | Broad
SZ_Search_BayArea_ULTRA3000_Broad,Geo SanFrancisco Repair,sub zero freezer maintenance in san francisco,Broad,39.00,https://appliancepros.netlify.app/subzero/,Enabled,Enabled,Enabled,Geo SanFrancisco Repair | Broad
SZ_Search_BayArea_ULTRA3000_Broad,Geo SanJose Repair,sub zero freezer maintenance in san jose,Broad,39.00,https://appliancepros.netlify.app/subzero/,Enabled,Enabled,Enabled,Geo SanJose Repair | Broad
SZ_Search_BayArea_ULTRA3000_Broad,Geo SanLeandro Repair,sub zero freezer maintenance in san leandro,Broad,39.00,https://appliancepros.netlify.app/subzero/,Enabled,Enabled,Enabled,Geo SanLeandro Repair | Broad
SZ_Search_BayArea_ULTRA3000_Broad,Geo SanMateo Repair,sub zero freezer maintenance in san mateo,Broad,39.00,https://appliancepros.netlify.app/subzero/,Enabled,Enabled,Enabled,Geo SanMateo Repair | Broad
SZ_Search_BayArea_ULTRA3000_Broad,Geo SanRafael Repair,sub zero freezer maintenance in san rafael,Broad,39.00,https://appliancepros.netlify.app/subzero/,Enabled,Enabled,Enabled,Geo SanRafael Repair | Broad
SZ_Search_BayArea_ULTRA3000_Broad,Geo SantaClara Repair,sub zero freezer maintenance in santa clara,Broad,39.00,https://appliancepros.netlify.app/subzero/,Enabled,Enabled,Enabled,Geo SantaClara Repair | Broad
SZ_Search_BayArea_ULTRA3000_Broad,Geo Sunnyvale Repair,sub zero freezer maintenance in sunnyvale,Broad,39.00,https://appliancepros.netlify.app/subzero/,Enabled,Enabled,Enabled,Geo Sunnyvale Repair | Broad
SZ_Search_BayArea_ULTRA3000_Broad,Geo UnionCity Repair,sub zero freezer maintenance in union city,Broad,39.00,https://appliancepros.netlify.app/subzero/,Enabled,Enabled,Enabled,Geo UnionCity Repair | Broad
SZ_Search_BayArea_ULTRA3000_Broad,Geo WalnutCreek Repair,sub zero freezer maintenance in walnut creek,Broad,39.00,https://appliancepros.netlify.app/subzero/,Enabled,Enabled,Enabled,Geo WalnutCreek Repair | Broad
SZ_Search_BayArea_ULTRA3000_Broad,Core Maintenance,sub zero freezer maintenance local,Broad,33.00,https://appliancepros.netlify.app/subzero/,Enabled,Enabled,Enabled,Core Maintenance | Broad
SZ_Search_BayArea_ULTRA3000_Broad,Core Near Me,sub zero freezer maintenance near me,Broad,42.00,https://appliancepros.netlify.app/subzero/,Enabled,Enabled,Enabled,Core Near Me | Broad
SZ_Search_BayArea_ULTRA3000_Broad,Core Emergency,sub zero freezer maintenance same day,Broad,46.00,https://appliancepros.netlify.app/subzero/,Enabled,Enabled,Enabled,Core Emergency | Broad
SZ_Search_BayArea_ULTRA3000_Broad,Core Emergency,sub zero freezer maintenance today,Broad,46.00,https://appliancepros.netlify.app/subzero/,Enabled,Enabled,Enabled,Core Emergency | Broad
SZ_Search_BayArea_ULTRA3000_Broad,Core Maintenance,sub zero freezer maintenance trusted,Broad,33.00,https://appliancepros.netlify.app/subzero/,Enabled,Enabled,Enabled,Core Maintenance | Broad
SZ_Search_BayArea_ULTRA3000_Broad,Core Maintenance,sub zero freezer maintence,Broad,33.00,https://appliancepros.netlify.app/subzero/,Enabled,Enabled,Enabled,Core Maintenance | Broad
SZ_Search_BayArea_ULTRA3000_Broad,Core Emergency,sub zero freezer maintence 24 hour,Broad,46.00,https://appliancepros.netlify.app/subzero/,Enabled,Enabled,Enabled,Core Emergency | Broad
SZ_Search_BayArea_ULTRA3000_Broad,Core Maintenance,sub zero freezer maintence affordable,Broad,33.00,https://appliancepros.netlify.app/subzero/,Enabled,Enabled,Enabled,Core Maintenance | Broad
SZ_Search_BayArea_ULTRA3000_Broad,Core Maintenance,sub zero freezer maintence bay area,Broad,33.00,https://appliancepros.netlify.app/subzero/,Enabled,Enabled,Enabled,Core Maintenance | Broad
SZ_Search_BayArea_ULTRA3000_Broad,Core Maintenance,sub zero freezer maintence best,Broad,33.00,https://appliancepros.netlify.app/subzero/,Enabled,Enabled,Enabled,Core Maintenance | Broad
SZ_Search_BayArea_ULTRA3000_Broad,Core Emergency,sub zero freezer maintence emergency,Broad,46.00,https://appliancepros.netlify.app/subzero/,Enabled,Enabled,Enabled,Core Emergency | Broad
SZ_Search_BayArea_ULTRA3000_Broad,Core Maintenance,sub zero freezer maintence fast,Broad,33.00,https://appliancepros.netlify.app/subzero/,Enabled,Enabled,Enabled,Core Maintenance | Broad
SZ_Search_BayArea_ULTRA3000_Broad,Geo Alameda Repair,sub zero freezer maintence in alameda,Broad,39.00,https://appliancepros.netlify.app/subzero/,Enabled,Enabled,Enabled,Geo Alameda Repair | Broad
SZ_Search_BayArea_ULTRA3000_Broad,Geo Belmont Repair,sub zero freezer maintence in belmont,Broad,39.00,https://appliancepros.netlify.app/subzero/,Enabled,Enabled,Enabled,Geo Belmont Repair | Broad
SZ_Search_BayArea_ULTRA3000_Broad,Geo Berkeley Repair,sub zero freezer maintence in berkeley,Broad,39.00,https://appliancepros.netlify.app/subzero/,Enabled,Enabled,Enabled,Geo Berkeley Repair | Broad
SZ_Search_BayArea_ULTRA3000_Broad,Geo Burlingame Repair,sub zero freezer maintence in burlingame,Broad,39.00,https://appliancepros.netlify.app/subzero/,Enabled,Enabled,Enabled,Geo Burlingame Repair | Broad
SZ_Search_BayArea_ULTRA3000_Broad,Geo Campbell Repair,sub zero freezer maintence in campbell,Broad,39.00,https://appliancepros.netlify.app/subzero/,Enabled,Enabled,Enabled,Geo Campbell Repair | Broad
SZ_Search_BayArea_ULTRA3000_Broad,Geo CastroValley Repair,sub zero freezer maintence in castro valley,Broad,39.00,https://appliancepros.netlify.app/subzero/,Enabled,Enabled,Enabled,Geo CastroValley Repair | Broad
SZ_Search_BayArea_ULTRA3000_Broad,Geo Concord Repair,sub zero freezer maintence in concord,Broad,39.00,https://appliancepros.netlify.app/subzero/,Enabled,Enabled,Enabled,Geo Concord Repair | Broad
SZ_Search_BayArea_ULTRA3000_Broad,Geo Cupertino Repair,sub zero freezer maintence in cupertino,Broad,39.00,https://appliancepros.netlify.app/subzero/,Enabled,Enabled,Enabled,Geo Cupertino Repair | Broad
SZ_Search_BayArea_ULTRA3000_Broad,Geo DalyCity Repair,sub zero freezer maintence in daly city,Broad,39.00,https://appliancepros.netlify.app/subzero/,Enabled,Enabled,Enabled,Geo DalyCity Repair | Broad
SZ_Search_BayArea_ULTRA3000_Broad,Geo Emeryville Repair,sub zero freezer maintence in emeryville,Broad,39.00,https://appliancepros.netlify.app/subzero/,Enabled,Enabled,Enabled,Geo Emeryville Repair | Broad
SZ_Search_BayArea_ULTRA3000_Broad,Geo FosterCity Repair,sub zero freezer maintence in foster city,Broad,39.00,https://appliancepros.netlify.app/subzero/,Enabled,Enabled,Enabled,Geo FosterCity Repair | Broad
SZ_Search_BayArea_ULTRA3000_Broad,Geo Fremont Repair,sub zero freezer maintence in fremont,Broad,39.00,https://appliancepros.netlify.app/subzero/,Enabled,Enabled,Enabled,Geo Fremont Repair | Broad
SZ_Search_BayArea_ULTRA3000_Broad,Geo Hayward Repair,sub zero freezer maintence in hayward,Broad,39.00,https://appliancepros.netlify.app/subzero/,Enabled,Enabled,Enabled,Geo Hayward Repair | Broad
SZ_Search_BayArea_ULTRA3000_Broad,Geo Livermore Repair,sub zero freezer maintence in livermore,Broad,39.00,https://appliancepros.netlify.app/subzero/,Enabled,Enabled,Enabled,Geo Livermore Repair | Broad
SZ_Search_BayArea_ULTRA3000_Broad,Geo LosAltos Repair,sub zero freezer maintence in los altos,Broad,39.00,https://appliancepros.netlify.app/subzero/,Enabled,Enabled,Enabled,Geo LosAltos Repair | Broad
SZ_Search_BayArea_ULTRA3000_Broad,Geo LosGatos Repair,sub zero freezer maintence in los gatos,Broad,39.00,https://appliancepros.netlify.app/subzero/,Enabled,Enabled,Enabled,Geo LosGatos Repair | Broad
SZ_Search_BayArea_ULTRA3000_Broad,Geo MenloPark Repair,sub zero freezer maintence in menlo park,Broad,39.00,https://appliancepros.netlify.app/subzero/,Enabled,Enabled,Enabled,Geo MenloPark Repair | Broad
SZ_Search_BayArea_ULTRA3000_Broad,Geo Millbrae Repair,sub zero freezer maintence in millbrae,Broad,39.00,https://appliancepros.netlify.app/subzero/,Enabled,Enabled,Enabled,Geo Millbrae Repair | Broad
SZ_Search_BayArea_ULTRA3000_Broad,Geo Milpitas Repair,sub zero freezer maintence in milpitas,Broad,39.00,https://appliancepros.netlify.app/subzero/,Enabled,Enabled,Enabled,Geo Milpitas Repair | Broad
SZ_Search_BayArea_ULTRA3000_Broad,Geo MountainView Repair,sub zero freezer maintence in mountain view,Broad,39.00,https://appliancepros.netlify.app/subzero/,Enabled,Enabled,Enabled,Geo MountainView Repair | Broad
SZ_Search_BayArea_ULTRA3000_Broad,Geo Novato Repair,sub zero freezer maintence in novato,Broad,39.00,https://appliancepros.netlify.app/subzero/,Enabled,Enabled,Enabled,Geo Novato Repair | Broad
SZ_Search_BayArea_ULTRA3000_Broad,Geo Oakland Repair,sub zero freezer maintence in oakland,Broad,39.00,https://appliancepros.netlify.app/subzero/,Enabled,Enabled,Enabled,Geo Oakland Repair | Broad
SZ_Search_BayArea_ULTRA3000_Broad,Geo PaloAlto Repair,sub zero freezer maintence in palo alto,Broad,39.00,https://appliancepros.netlify.app/subzero/,Enabled,Enabled,Enabled,Geo PaloAlto Repair | Broad
SZ_Search_BayArea_ULTRA3000_Broad,Geo Pleasanton Repair,sub zero freezer maintence in pleasanton,Broad,39.00,https://appliancepros.netlify.app/subzero/,Enabled,Enabled,Enabled,Geo Pleasanton Repair | Broad
SZ_Search_BayArea_ULTRA3000_Broad,Geo RedwoodCity Repair,sub zero freezer maintence in redwood city,Broad,39.00,https://appliancepros.netlify.app/subzero/,Enabled,Enabled,Enabled,Geo RedwoodCity Repair | Broad
SZ_Search_BayArea_ULTRA3000_Broad,Geo Richmond Repair,sub zero freezer maintence in richmond,Broad,39.00,https://appliancepros.netlify.app/subzero/,Enabled,Enabled,Enabled,Geo Richmond Repair | Broad
SZ_Search_BayArea_ULTRA3000_Broad,Geo SanBruno Repair,sub zero freezer maintence in san bruno,Broad,39.00,https://appliancepros.netlify.app/subzero/,Enabled,Enabled,Enabled,Geo SanBruno Repair | Broad
SZ_Search_BayArea_ULTRA3000_Broad,Geo SanFrancisco Repair,sub zero freezer maintence in san francisco,Broad,39.00,https://appliancepros.netlify.app/subzero/,Enabled,Enabled,Enabled,Geo SanFrancisco Repair | Broad
SZ_Search_BayArea_ULTRA3000_Broad,Geo SanJose Repair,sub zero freezer maintence in san jose,Broad,39.00,https://appliancepros.netlify.app/subzero/,Enabled,Enabled,Enabled,Geo SanJose Repair | Broad
SZ_Search_BayArea_ULTRA3000_Broad,Geo SanLeandro Repair,sub zero freezer maintence in san leandro,Broad,39.00,https://appliancepros.netlify.app/subzero/,Enabled,Enabled,Enabled,Geo SanLeandro Repair | Broad
SZ_Search_BayArea_ULTRA3000_Broad,Geo SanMateo Repair,sub zero freezer maintence in san mateo,Broad,39.00,https://appliancepros.netlify.app/subzero/,Enabled,Enabled,Enabled,Geo SanMateo Repair | Broad
SZ_Search_BayArea_ULTRA3000_Broad,Geo SanRafael Repair,sub zero freezer maintence in san rafael,Broad,39.00,https://appliancepros.netlify.app/subzero/,Enabled,Enabled,Enabled,Geo SanRafael Repair | Broad
SZ_Search_BayArea_ULTRA3000_Broad,Geo SantaClara Repair,sub zero freezer maintence in santa clara,Broad,39.00,https://appliancepros.netlify.app/subzero/,Enabled,Enabled,Enabled,Geo SantaClara Repair | Broad
SZ_Search_BayArea_ULTRA3000_Broad,Geo Sunnyvale Repair,sub zero freezer maintence in sunnyvale,Broad,39.00,https://appliancepros.netlify.app/subzero/,Enabled,Enabled,Enabled,Geo Sunnyvale Repair | Broad
SZ_Search_BayArea_ULTRA3000_Broad,Geo UnionCity Repair,sub zero freezer maintence in union city,Broad,39.00,https://appliancepros.netlify.app/subzero/,Enabled,Enabled,Enabled,Geo UnionCity Repair | Broad
SZ_Search_BayArea_ULTRA3000_Broad,Geo WalnutCreek Repair,sub zero freezer maintence in walnut creek,Broad,39.00,https://appliancepros.netlify.app/subzero/,Enabled,Enabled,Enabled,Geo WalnutCreek Repair | Broad
SZ_Search_BayArea_ULTRA3000_Broad,Core Maintenance,sub zero freezer maintence local,Broad,33.00,https://appliancepros.netlify.app/subzero/,Enabled,Enabled,Enabled,Core Maintenance | Broad
SZ_Search_BayArea_ULTRA3000_Broad,Core Near Me,sub zero freezer maintence near me,Broad,42.00,https://appliancepros.netlify.app/subzero/,Enabled,Enabled,Enabled,Core Near Me | Broad
SZ_Search_BayArea_ULTRA3000_Broad,Core Emergency,sub zero freezer maintence same day,Broad,46.00,https://appliancepros.netlify.app/subzero/,Enabled,Enabled,Enabled,Core Emergency | Broad
SZ_Search_BayArea_ULTRA3000_Broad,Core Emergency,sub zero freezer maintence today,Broad,46.00,https://appliancepros.netlify.app/subzero/,Enabled,Enabled,Enabled,Core Emergency | Broad
SZ_Search_BayArea_ULTRA3000_Broad,Core Maintenance,sub zero freezer maintence trusted,Broad,33.00,https://appliancepros.netlify.app/subzero/,Enabled,Enabled,Enabled,Core Maintenance | Broad
SZ_Search_BayArea_ULTRA3000_Broad,Noise Fan Compressor,sub zero freezer making noise,Broad,35.00,https://appliancepros.netlify.app/subzero/,Enabled,Enabled,Enabled,Noise Fan Compressor | Broad
SZ_Search_BayArea_ULTRA3000_Broad,Geo Alameda Repair,sub zero freezer making noise in alameda,Broad,39.00,https://appliancepros.netlify.app/subzero/,Enabled,Enabled,Enabled,Geo Alameda Repair | Broad
SZ_Search_BayArea_ULTRA3000_Broad,Geo Berkeley Repair,sub zero freezer making noise in berkeley,Broad,39.00,https://appliancepros.netlify.app/subzero/,Enabled,Enabled,Enabled,Geo Berkeley Repair | Broad
SZ_Search_BayArea_ULTRA3000_Broad,Geo Cupertino Repair,sub zero freezer making noise in cupertino,Broad,39.00,https://appliancepros.netlify.app/subzero/,Enabled,Enabled,Enabled,Geo Cupertino Repair | Broad
SZ_Search_BayArea_ULTRA3000_Broad,Geo Fremont Repair,sub zero freezer making noise in fremont,Broad,39.00,https://appliancepros.netlify.app/subzero/,Enabled,Enabled,Enabled,Geo Fremont Repair | Broad
SZ_Search_BayArea_ULTRA3000_Broad,Geo Hayward Repair,sub zero freezer making noise in hayward,Broad,39.00,https://appliancepros.netlify.app/subzero/,Enabled,Enabled,Enabled,Geo Hayward Repair | Broad
SZ_Search_BayArea_ULTRA3000_Broad,Geo MountainView Repair,sub zero freezer making noise in mountain view,Broad,39.00,https://appliancepros.netlify.app/subzero/,Enabled,Enabled,Enabled,Geo MountainView Repair | Broad
SZ_Search_BayArea_ULTRA3000_Broad,Geo Oakland Repair,sub zero freezer making noise in oakland,Broad,39.00,https://appliancepros.netlify.app/subzero/,Enabled,Enabled,Enabled,Geo Oakland Repair | Broad
SZ_Search_BayArea_ULTRA3000_Broad,Geo PaloAlto Repair,sub zero freezer making noise in palo alto,Broad,39.00,https://appliancepros.netlify.app/subzero/,Enabled,Enabled,Enabled,Geo PaloAlto Repair | Broad
SZ_Search_BayArea_ULTRA3000_Broad,Geo Pleasanton Repair,sub zero freezer making noise in pleasanton,Broad,39.00,https://appliancepros.netlify.app/subzero/,Enabled,Enabled,Enabled,Geo Pleasanton Repair | Broad
SZ_Search_BayArea_ULTRA3000_Broad,Geo RedwoodCity Repair,sub zero freezer making noise in redwood city,Broad,39.00,https://appliancepros.netlify.app/subzero/,Enabled,Enabled,Enabled,Geo RedwoodCity Repair | Broad
SZ_Search_BayArea_ULTRA3000_Broad,Geo SanFrancisco Repair,sub zero freezer making noise in san francisco,Broad,39.00,https://appliancepros.netlify.app/subzero/,Enabled,Enabled,Enabled,Geo SanFrancisco Repair | Broad
SZ_Search_BayArea_ULTRA3000_Broad,Geo SanJose Repair,sub zero freezer making noise in san jose,Broad,39.00,https://appliancepros.netlify.app/subzero/,Enabled,Enabled,Enabled,Geo SanJose Repair | Broad
SZ_Search_BayArea_ULTRA3000_Broad,Geo SanLeandro Repair,sub zero freezer making noise in san leandro,Broad,39.00,https://appliancepros.netlify.app/subzero/,Enabled,Enabled,Enabled,Geo SanLeandro Repair | Broad
SZ_Search_BayArea_ULTRA3000_Broad,Geo SanMateo Repair,sub zero freezer making noise in san mateo,Broad,39.00,https://appliancepros.netlify.app/subzero/,Enabled,Enabled,Enabled,Geo SanMateo Repair | Broad
SZ_Search_BayArea_ULTRA3000_Broad,Geo SantaClara Repair,sub zero freezer making noise in santa clara,Broad,39.00,https://appliancepros.netlify.app/subzero/,Enabled,Enabled,Enabled,Geo SantaClara Repair | Broad
SZ_Search_BayArea_ULTRA3000_Broad,Geo Sunnyvale Repair,sub zero freezer making noise in sunnyvale,Broad,39.00,https://appliancepros.netlify.app/subzero/,Enabled,Enabled,Enabled,Geo Sunnyvale Repair | Broad
SZ_Search_BayArea_ULTRA3000_Broad,Geo UnionCity Repair,sub zero freezer making noise in union city,Broad,39.00,https://appliancepros.netlify.app/subzero/,Enabled,Enabled,Enabled,Geo UnionCity Repair | Broad
SZ_Search_BayArea_ULTRA3000_Broad,Geo WalnutCreek Repair,sub zero freezer making noise in walnut creek,Broad,39.00,https://appliancepros.netlify.app/subzero/,Enabled,Enabled,Enabled,Geo WalnutCreek Repair | Broad
SZ_Search_BayArea_ULTRA3000_Broad,Core Technician,sub zero freezer mechanic,Broad,35.00,https://appliancepros.netlify.app/subzero/,Enabled,Enabled,Enabled,Core Technician | Broad
SZ_Search_BayArea_ULTRA3000_Broad,Core Emergency,sub zero freezer mechanic 24 hour,Broad,46.00,https://appliancepros.netlify.app/subzero/,Enabled,Enabled,Enabled,Core Emergency | Broad
SZ_Search_BayArea_ULTRA3000_Broad,Core Technician,sub zero freezer mechanic affordable,Broad,35.00,https://appliancepros.netlify.app/subzero/,Enabled,Enabled,Enabled,Core Technician | Broad
SZ_Search_BayArea_ULTRA3000_Broad,Core Technician,sub zero freezer mechanic bay area,Broad,35.00,https://appliancepros.netlify.app/subzero/,Enabled,Enabled,Enabled,Core Technician | Broad
SZ_Search_BayArea_ULTRA3000_Broad,Core Technician,sub zero freezer mechanic best,Broad,35.00,https://appliancepros.netlify.app/subzero/,Enabled,Enabled,Enabled,Core Technician | Broad
SZ_Search_BayArea_ULTRA3000_Broad,Core Emergency,sub zero freezer mechanic emergency,Broad,46.00,https://appliancepros.netlify.app/subzero/,Enabled,Enabled,Enabled,Core Emergency | Broad
SZ_Search_BayArea_ULTRA3000_Broad,Core Technician,sub zero freezer mechanic fast,Broad,35.00,https://appliancepros.netlify.app/subzero/,Enabled,Enabled,Enabled,Core Technician | Broad
SZ_Search_BayArea_ULTRA3000_Broad,Geo Alameda Repair,sub zero freezer mechanic in alameda,Broad,39.00,https://appliancepros.netlify.app/subzero/,Enabled,Enabled,Enabled,Geo Alameda Repair | Broad
SZ_Search_BayArea_ULTRA3000_Broad,Geo Belmont Repair,sub zero freezer mechanic in belmont,Broad,39.00,https://appliancepros.netlify.app/subzero/,Enabled,Enabled,Enabled,Geo Belmont Repair | Broad
SZ_Search_BayArea_ULTRA3000_Broad,Geo Berkeley Repair,sub zero freezer mechanic in berkeley,Broad,39.00,https://appliancepros.netlify.app/subzero/,Enabled,Enabled,Enabled,Geo Berkeley Repair | Broad
SZ_Search_BayArea_ULTRA3000_Broad,Geo Burlingame Repair,sub zero freezer mechanic in burlingame,Broad,39.00,https://appliancepros.netlify.app/subzero/,Enabled,Enabled,Enabled,Geo Burlingame Repair | Broad
SZ_Search_BayArea_ULTRA3000_Broad,Geo Campbell Repair,sub zero freezer mechanic in campbell,Broad,39.00,https://appliancepros.netlify.app/subzero/,Enabled,Enabled,Enabled,Geo Campbell Repair | Broad
SZ_Search_BayArea_ULTRA3000_Broad,Geo CastroValley Repair,sub zero freezer mechanic in castro valley,Broad,39.00,https://appliancepros.netlify.app/subzero/,Enabled,Enabled,Enabled,Geo CastroValley Repair | Broad
SZ_Search_BayArea_ULTRA3000_Broad,Geo Concord Repair,sub zero freezer mechanic in concord,Broad,39.00,https://appliancepros.netlify.app/subzero/,Enabled,Enabled,Enabled,Geo Concord Repair | Broad
SZ_Search_BayArea_ULTRA3000_Broad,Geo Cupertino Repair,sub zero freezer mechanic in cupertino,Broad,39.00,https://appliancepros.netlify.app/subzero/,Enabled,Enabled,Enabled,Geo Cupertino Repair | Broad
SZ_Search_BayArea_ULTRA3000_Broad,Geo DalyCity Repair,sub zero freezer mechanic in daly city,Broad,39.00,https://appliancepros.netlify.app/subzero/,Enabled,Enabled,Enabled,Geo DalyCity Repair | Broad
SZ_Search_BayArea_ULTRA3000_Broad,Geo Emeryville Repair,sub zero freezer mechanic in emeryville,Broad,39.00,https://appliancepros.netlify.app/subzero/,Enabled,Enabled,Enabled,Geo Emeryville Repair | Broad
SZ_Search_BayArea_ULTRA3000_Broad,Geo FosterCity Repair,sub zero freezer mechanic in foster city,Broad,39.00,https://appliancepros.netlify.app/subzero/,Enabled,Enabled,Enabled,Geo FosterCity Repair | Broad
SZ_Search_BayArea_ULTRA3000_Broad,Geo Fremont Repair,sub zero freezer mechanic in fremont,Broad,39.00,https://appliancepros.netlify.app/subzero/,Enabled,Enabled,Enabled,Geo Fremont Repair | Broad
SZ_Search_BayArea_ULTRA3000_Broad,Geo Hayward Repair,sub zero freezer mechanic in hayward,Broad,39.00,https://appliancepros.netlify.app/subzero/,Enabled,Enabled,Enabled,Geo Hayward Repair | Broad
SZ_Search_BayArea_ULTRA3000_Broad,Geo Livermore Repair,sub zero freezer mechanic in livermore,Broad,39.00,https://appliancepros.netlify.app/subzero/,Enabled,Enabled,Enabled,Geo Livermore Repair | Broad
SZ_Search_BayArea_ULTRA3000_Broad,Geo LosAltos Repair,sub zero freezer mechanic in los altos,Broad,39.00,https://appliancepros.netlify.app/subzero/,Enabled,Enabled,Enabled,Geo LosAltos Repair | Broad
SZ_Search_BayArea_ULTRA3000_Broad,Geo LosGatos Repair,sub zero freezer mechanic in los gatos,Broad,39.00,https://appliancepros.netlify.app/subzero/,Enabled,Enabled,Enabled,Geo LosGatos Repair | Broad
SZ_Search_BayArea_ULTRA3000_Broad,Geo MenloPark Repair,sub zero freezer mechanic in menlo park,Broad,39.00,https://appliancepros.netlify.app/subzero/,Enabled,Enabled,Enabled,Geo MenloPark Repair | Broad
SZ_Search_BayArea_ULTRA3000_Broad,Geo Millbrae Repair,sub zero freezer mechanic in millbrae,Broad,39.00,https://appliancepros.netlify.app/subzero/,Enabled,Enabled,Enabled,Geo Millbrae Repair | Broad
SZ_Search_BayArea_ULTRA3000_Broad,Geo Milpitas Repair,sub zero freezer mechanic in milpitas,Broad,39.00,https://appliancepros.netlify.app/subzero/,Enabled,Enabled,Enabled,Geo Milpitas Repair | Broad
SZ_Search_BayArea_ULTRA3000_Broad,Geo MountainView Repair,sub zero freezer mechanic in mountain view,Broad,39.00,https://appliancepros.netlify.app/subzero/,Enabled,Enabled,Enabled,Geo MountainView Repair | Broad
SZ_Search_BayArea_ULTRA3000_Broad,Geo Novato Repair,sub zero freezer mechanic in novato,Broad,39.00,https://appliancepros.netlify.app/subzero/,Enabled,Enabled,Enabled,Geo Novato Repair | Broad
SZ_Search_BayArea_ULTRA3000_Broad,Geo Oakland Repair,sub zero freezer mechanic in oakland,Broad,39.00,https://appliancepros.netlify.app/subzero/,Enabled,Enabled,Enabled,Geo Oakland Repair | Broad
SZ_Search_BayArea_ULTRA3000_Broad,Geo PaloAlto Repair,sub zero freezer mechanic in palo alto,Broad,39.00,https://appliancepros.netlify.app/subzero/,Enabled,Enabled,Enabled,Geo PaloAlto Repair | Broad
SZ_Search_BayArea_ULTRA3000_Broad,Geo Pleasanton Repair,sub zero freezer mechanic in pleasanton,Broad,39.00,https://appliancepros.netlify.app/subzero/,Enabled,Enabled,Enabled,Geo Pleasanton Repair | Broad
SZ_Search_BayArea_ULTRA3000_Broad,Geo RedwoodCity Repair,sub zero freezer mechanic in redwood city,Broad,39.00,https://appliancepros.netlify.app/subzero/,Enabled,Enabled,Enabled,Geo RedwoodCity Repair | Broad
SZ_Search_BayArea_ULTRA3000_Broad,Geo Richmond Repair,sub zero freezer mechanic in richmond,Broad,39.00,https://appliancepros.netlify.app/subzero/,Enabled,Enabled,Enabled,Geo Richmond Repair | Broad
SZ_Search_BayArea_ULTRA3000_Broad,Geo SanBruno Repair,sub zero freezer mechanic in san bruno,Broad,39.00,https://appliancepros.netlify.app/subzero/,Enabled,Enabled,Enabled,Geo SanBruno Repair | Broad
SZ_Search_BayArea_ULTRA3000_Broad,Geo SanFrancisco Repair,sub zero freezer mechanic in san francisco,Broad,39.00,https://appliancepros.netlify.app/subzero/,Enabled,Enabled,Enabled,Geo SanFrancisco Repair | Broad
SZ_Search_BayArea_ULTRA3000_Broad,Geo SanJose Repair,sub zero freezer mechanic in san jose,Broad,39.00,https://appliancepros.netlify.app/subzero/,Enabled,Enabled,Enabled,Geo SanJose Repair | Broad
SZ_Search_BayArea_ULTRA3000_Broad,Geo SanLeandro Repair,sub zero freezer mechanic in san leandro,Broad,39.00,https://appliancepros.netlify.app/subzero/,Enabled,Enabled,Enabled,Geo SanLeandro Repair | Broad
SZ_Search_BayArea_ULTRA3000_Broad,Geo SanMateo Repair,sub zero freezer mechanic in san mateo,Broad,39.00,https://appliancepros.netlify.app/subzero/,Enabled,Enabled,Enabled,Geo SanMateo Repair | Broad
SZ_Search_BayArea_ULTRA3000_Broad,Geo SanRafael Repair,sub zero freezer mechanic in san rafael,Broad,39.00,https://appliancepros.netlify.app/subzero/,Enabled,Enabled,Enabled,Geo SanRafael Repair | Broad
SZ_Search_BayArea_ULTRA3000_Broad,Geo SantaClara Repair,sub zero freezer mechanic in santa clara,Broad,39.00,https://appliancepros.netlify.app/subzero/,Enabled,Enabled,Enabled,Geo SantaClara Repair | Broad
SZ_Search_BayArea_ULTRA3000_Broad,Geo Sunnyvale Repair,sub zero freezer mechanic in sunnyvale,Broad,39.00,https://appliancepros.netlify.app/subzero/,Enabled,Enabled,Enabled,Geo Sunnyvale Repair | Broad
SZ_Search_BayArea_ULTRA3000_Broad,Geo UnionCity Repair,sub zero freezer mechanic in union city,Broad,39.00,https://appliancepros.netlify.app/subzero/,Enabled,Enabled,Enabled,Geo UnionCity Repair | Broad
SZ_Search_BayArea_ULTRA3000_Broad,Geo WalnutCreek Repair,sub zero freezer mechanic in walnut creek,Broad,39.00,https://appliancepros.netlify.app/subzero/,Enabled,Enabled,Enabled,Geo WalnutCreek Repair | Broad
SZ_Search_BayArea_ULTRA3000_Broad,Core Technician,sub zero freezer mechanic local,Broad,35.00,https://appliancepros.netlify.app/subzero/,Enabled,Enabled,Enabled,Core Technician | Broad
SZ_Search_BayArea_ULTRA3000_Broad,Core Near Me,sub zero freezer mechanic near me,Broad,42.00,https://appliancepros.netlify.app/subzero/,Enabled,Enabled,Enabled,Core Near Me | Broad
SZ_Search_BayArea_ULTRA3000_Broad,Core Emergency,sub zero freezer mechanic same day,Broad,46.00,https://appliancepros.netlify.app/subzero/,Enabled,Enabled,Enabled,Core Emergency | Broad
SZ_Search_BayArea_ULTRA3000_Broad,Core Emergency,sub zero freezer mechanic today,Broad,46.00,https://appliancepros.netlify.app/subzero/,Enabled,Enabled,Enabled,Core Emergency | Broad
SZ_Search_BayArea_ULTRA3000_Broad,Core Technician,sub zero freezer mechanic trusted,Broad,35.00,https://appliancepros.netlify.app/subzero/,Enabled,Enabled,Enabled,Core Technician | Broad
SZ_Search_BayArea_ULTRA3000_Broad,Core Brand Repair,sub zero freezer noisy operation,Broad,35.00,https://appliancepros.netlify.app/subzero/,Enabled,Enabled,Enabled,Core Brand Repair | Broad
SZ_Search_BayArea_ULTRA3000_Broad,Geo Alameda Repair,sub zero freezer noisy operation in alameda,Broad,39.00,https://appliancepros.netlify.app/subzero/,Enabled,Enabled,Enabled,Geo Alameda Repair | Broad
SZ_Search_BayArea_ULTRA3000_Broad,Geo Berkeley Repair,sub zero freezer noisy operation in berkeley,Broad,39.00,https://appliancepros.netlify.app/subzero/,Enabled,Enabled,Enabled,Geo Berkeley Repair | Broad
SZ_Search_BayArea_ULTRA3000_Broad,Geo Cupertino Repair,sub zero freezer noisy operation in cupertino,Broad,39.00,https://appliancepros.netlify.app/subzero/,Enabled,Enabled,Enabled,Geo Cupertino Repair | Broad
SZ_Search_BayArea_ULTRA3000_Broad,Geo Fremont Repair,sub zero freezer noisy operation in fremont,Broad,39.00,https://appliancepros.netlify.app/subzero/,Enabled,Enabled,Enabled,Geo Fremont Repair | Broad
SZ_Search_BayArea_ULTRA3000_Broad,Geo Hayward Repair,sub zero freezer noisy operation in hayward,Broad,39.00,https://appliancepros.netlify.app/subzero/,Enabled,Enabled,Enabled,Geo Hayward Repair | Broad
SZ_Search_BayArea_ULTRA3000_Broad,Geo MountainView Repair,sub zero freezer noisy operation in mountain view,Broad,39.00,https://appliancepros.netlify.app/subzero/,Enabled,Enabled,Enabled,Geo MountainView Repair | Broad
SZ_Search_BayArea_ULTRA3000_Broad,Geo Oakland Repair,sub zero freezer noisy operation in oakland,Broad,39.00,https://appliancepros.netlify.app/subzero/,Enabled,Enabled,Enabled,Geo Oakland Repair | Broad
SZ_Search_BayArea_ULTRA3000_Broad,Geo PaloAlto Repair,sub zero freezer noisy operation in palo alto,Broad,39.00,https://appliancepros.netlify.app/subzero/,Enabled,Enabled,Enabled,Geo PaloAlto Repair | Broad
SZ_Search_BayArea_ULTRA3000_Broad,Geo Pleasanton Repair,sub zero freezer noisy operation in pleasanton,Broad,39.00,https://appliancepros.netlify.app/subzero/,Enabled,Enabled,Enabled,Geo Pleasanton Repair | Broad
SZ_Search_BayArea_ULTRA3000_Broad,Geo RedwoodCity Repair,sub zero freezer noisy operation in redwood city,Broad,39.00,https://appliancepros.netlify.app/subzero/,Enabled,Enabled,Enabled,Geo RedwoodCity Repair | Broad
SZ_Search_BayArea_ULTRA3000_Broad,Geo SanFrancisco Repair,sub zero freezer noisy operation in san francisco,Broad,39.00,https://appliancepros.netlify.app/subzero/,Enabled,Enabled,Enabled,Geo SanFrancisco Repair | Broad
SZ_Search_BayArea_ULTRA3000_Broad,Geo SanJose Repair,sub zero freezer noisy operation in san jose,Broad,39.00,https://appliancepros.netlify.app/subzero/,Enabled,Enabled,Enabled,Geo SanJose Repair | Broad
SZ_Search_BayArea_ULTRA3000_Broad,Geo SanLeandro Repair,sub zero freezer noisy operation in san leandro,Broad,39.00,https://appliancepros.netlify.app/subzero/,Enabled,Enabled,Enabled,Geo SanLeandro Repair | Broad
SZ_Search_BayArea_ULTRA3000_Broad,Geo SanMateo Repair,sub zero freezer noisy operation in san mateo,Broad,39.00,https://appliancepros.netlify.app/subzero/,Enabled,Enabled,Enabled,Geo SanMateo Repair | Broad
SZ_Search_BayArea_ULTRA3000_Broad,Geo SantaClara Repair,sub zero freezer noisy operation in santa clara,Broad,39.00,https://appliancepros.netlify.app/subzero/,Enabled,Enabled,Enabled,Geo SantaClara Repair | Broad
SZ_Search_BayArea_ULTRA3000_Broad,Geo Sunnyvale Repair,sub zero freezer noisy operation in sunnyvale,Broad,39.00,https://appliancepros.netlify.app/subzero/,Enabled,Enabled,Enabled,Geo Sunnyvale Repair | Broad
SZ_Search_BayArea_ULTRA3000_Broad,Geo UnionCity Repair,sub zero freezer noisy operation in union city,Broad,39.00,https://appliancepros.netlify.app/subzero/,Enabled,Enabled,Enabled,Geo UnionCity Repair | Broad
SZ_Search_BayArea_ULTRA3000_Broad,Geo WalnutCreek Repair,sub zero freezer noisy operation in walnut creek,Broad,39.00,https://appliancepros.netlify.app/subzero/,Enabled,Enabled,Enabled,Geo WalnutCreek Repair | Broad
SZ_Search_BayArea_ULTRA3000_Broad,Geo Alameda Repair,sub zero freezer not cold in alameda,Broad,39.00,https://appliancepros.netlify.app/subzero/,Enabled,Enabled,Enabled,Geo Alameda Repair | Broad
SZ_Search_BayArea_ULTRA3000_Broad,Geo Berkeley Repair,sub zero freezer not cold in berkeley,Broad,39.00,https://appliancepros.netlify.app/subzero/,Enabled,Enabled,Enabled,Geo Berkeley Repair | Broad
SZ_Search_BayArea_ULTRA3000_Broad,Geo Cupertino Repair,sub zero freezer not cold in cupertino,Broad,39.00,https://appliancepros.netlify.app/subzero/,Enabled,Enabled,Enabled,Geo Cupertino Repair | Broad
SZ_Search_BayArea_ULTRA3000_Broad,Geo Fremont Repair,sub zero freezer not cold in fremont,Broad,39.00,https://appliancepros.netlify.app/subzero/,Enabled,Enabled,Enabled,Geo Fremont Repair | Broad
SZ_Search_BayArea_ULTRA3000_Broad,Geo Hayward Repair,sub zero freezer not cold in hayward,Broad,39.00,https://appliancepros.netlify.app/subzero/,Enabled,Enabled,Enabled,Geo Hayward Repair | Broad
SZ_Search_BayArea_ULTRA3000_Broad,Geo MountainView Repair,sub zero freezer not cold in mountain view,Broad,39.00,https://appliancepros.netlify.app/subzero/,Enabled,Enabled,Enabled,Geo MountainView Repair | Broad
SZ_Search_BayArea_ULTRA3000_Broad,Geo Oakland Repair,sub zero freezer not cold in oakland,Broad,39.00,https://appliancepros.netlify.app/subzero/,Enabled,Enabled,Enabled,Geo Oakland Repair | Broad
SZ_Search_BayArea_ULTRA3000_Broad,Geo PaloAlto Repair,sub zero freezer not cold in palo alto,Broad,39.00,https://appliancepros.netlify.app/subzero/,Enabled,Enabled,Enabled,Geo PaloAlto Repair | Broad
SZ_Search_BayArea_ULTRA3000_Broad,Geo Pleasanton Repair,sub zero freezer not cold in pleasanton,Broad,39.00,https://appliancepros.netlify.app/subzero/,Enabled,Enabled,Enabled,Geo Pleasanton Repair | Broad
SZ_Search_BayArea_ULTRA3000_Broad,Geo RedwoodCity Repair,sub zero freezer not cold in redwood city,Broad,39.00,https://appliancepros.netlify.app/subzero/,Enabled,Enabled,Enabled,Geo RedwoodCity Repair | Broad
SZ_Search_BayArea_ULTRA3000_Broad,Geo SanFrancisco Repair,sub zero freezer not cold in san francisco,Broad,39.00,https://appliancepros.netlify.app/subzero/,Enabled,Enabled,Enabled,Geo SanFrancisco Repair | Broad
SZ_Search_BayArea_ULTRA3000_Broad,Geo SanJose Repair,sub zero freezer not cold in san jose,Broad,39.00,https://appliancepros.netlify.app/subzero/,Enabled,Enabled,Enabled,Geo SanJose Repair | Broad
SZ_Search_BayArea_ULTRA3000_Broad,Geo SanLeandro Repair,sub zero freezer not cold in san leandro,Broad,39.00,https://appliancepros.netlify.app/subzero/,Enabled,Enabled,Enabled,Geo SanLeandro Repair | Broad
SZ_Search_BayArea_ULTRA3000_Broad,Geo SanMateo Repair,sub zero freezer not cold in san mateo,Broad,39.00,https://appliancepros.netlify.app/subzero/,Enabled,Enabled,Enabled,Geo SanMateo Repair | Broad
SZ_Search_BayArea_ULTRA3000_Broad,Geo SantaClara Repair,sub zero freezer not cold in santa clara,Broad,39.00,https://appliancepros.netlify.app/subzero/,Enabled,Enabled,Enabled,Geo SantaClara Repair | Broad
SZ_Search_BayArea_ULTRA3000_Broad,Geo Sunnyvale Repair,sub zero freezer not cold in sunnyvale,Broad,39.00,https://appliancepros.netlify.app/subzero/,Enabled,Enabled,Enabled,Geo Sunnyvale Repair | Broad
SZ_Search_BayArea_ULTRA3000_Broad,Geo UnionCity Repair,sub zero freezer not cold in union city,Broad,39.00,https://appliancepros.netlify.app/subzero/,Enabled,Enabled,Enabled,Geo UnionCity Repair | Broad
SZ_Search_BayArea_ULTRA3000_Broad,Geo WalnutCreek Repair,sub zero freezer not cold in walnut creek,Broad,39.00,https://appliancepros.netlify.app/subzero/,Enabled,Enabled,Enabled,Geo WalnutCreek Repair | Broad
SZ_Search_BayArea_ULTRA3000_Broad,Geo Alameda Repair,sub zero freezer not cooling in alameda,Broad,39.00,https://appliancepros.netlify.app/subzero/,Enabled,Enabled,Enabled,Geo Alameda Repair | Broad
SZ_Search_BayArea_ULTRA3000_Broad,Geo Berkeley Repair,sub zero freezer not cooling in berkeley,Broad,39.00,https://appliancepros.netlify.app/subzero/,Enabled,Enabled,Enabled,Geo Berkeley Repair | Broad
SZ_Search_BayArea_ULTRA3000_Broad,Geo Cupertino Repair,sub zero freezer not cooling in cupertino,Broad,39.00,https://appliancepros.netlify.app/subzero/,Enabled,Enabled,Enabled,Geo Cupertino Repair | Broad
SZ_Search_BayArea_ULTRA3000_Broad,Geo Fremont Repair,sub zero freezer not cooling in fremont,Broad,39.00,https://appliancepros.netlify.app/subzero/,Enabled,Enabled,Enabled,Geo Fremont Repair | Broad
SZ_Search_BayArea_ULTRA3000_Broad,Geo Hayward Repair,sub zero freezer not cooling in hayward,Broad,39.00,https://appliancepros.netlify.app/subzero/,Enabled,Enabled,Enabled,Geo Hayward Repair | Broad
SZ_Search_BayArea_ULTRA3000_Broad,Geo MountainView Repair,sub zero freezer not cooling in mountain view,Broad,39.00,https://appliancepros.netlify.app/subzero/,Enabled,Enabled,Enabled,Geo MountainView Repair | Broad
SZ_Search_BayArea_ULTRA3000_Broad,Geo Oakland Repair,sub zero freezer not cooling in oakland,Broad,39.00,https://appliancepros.netlify.app/subzero/,Enabled,Enabled,Enabled,Geo Oakland Repair | Broad
SZ_Search_BayArea_ULTRA3000_Broad,Geo PaloAlto Repair,sub zero freezer not cooling in palo alto,Broad,39.00,https://appliancepros.netlify.app/subzero/,Enabled,Enabled,Enabled,Geo PaloAlto Repair | Broad
SZ_Search_BayArea_ULTRA3000_Broad,Geo Pleasanton Repair,sub zero freezer not cooling in pleasanton,Broad,39.00,https://appliancepros.netlify.app/subzero/,Enabled,Enabled,Enabled,Geo Pleasanton Repair | Broad
SZ_Search_BayArea_ULTRA3000_Broad,Geo RedwoodCity Repair,sub zero freezer not cooling in redwood city,Broad,39.00,https://appliancepros.netlify.app/subzero/,Enabled,Enabled,Enabled,Geo RedwoodCity Repair | Broad
SZ_Search_BayArea_ULTRA3000_Broad,Geo SanFrancisco Repair,sub zero freezer not cooling in san francisco,Broad,39.00,https://appliancepros.netlify.app/subzero/,Enabled,Enabled,Enabled,Geo SanFrancisco Repair | Broad
SZ_Search_BayArea_ULTRA3000_Broad,Geo SanJose Repair,sub zero freezer not cooling in san jose,Broad,39.00,https://appliancepros.netlify.app/subzero/,Enabled,Enabled,Enabled,Geo SanJose Repair | Broad
SZ_Search_BayArea_ULTRA3000_Broad,Geo SanLeandro Repair,sub zero freezer not cooling in san leandro,Broad,39.00,https://appliancepros.netlify.app/subzero/,Enabled,Enabled,Enabled,Geo SanLeandro Repair | Broad
SZ_Search_BayArea_ULTRA3000_Broad,Geo SanMateo Repair,sub zero freezer not cooling in san mateo,Broad,39.00,https://appliancepros.netlify.app/subzero/,Enabled,Enabled,Enabled,Geo SanMateo Repair | Broad
SZ_Search_BayArea_ULTRA3000_Broad,Geo SantaClara Repair,sub zero freezer not cooling in santa clara,Broad,39.00,https://appliancepros.netlify.app/subzero/,Enabled,Enabled,Enabled,Geo SantaClara Repair | Broad
SZ_Search_BayArea_ULTRA3000_Broad,Geo Sunnyvale Repair,sub zero freezer not cooling in sunnyvale,Broad,39.00,https://appliancepros.netlify.app/subzero/,Enabled,Enabled,Enabled,Geo Sunnyvale Repair | Broad
SZ_Search_BayArea_ULTRA3000_Broad,Geo UnionCity Repair,sub zero freezer not cooling in union city,Broad,39.00,https://appliancepros.netlify.app/subzero/,Enabled,Enabled,Enabled,Geo UnionCity Repair | Broad
SZ_Search_BayArea_ULTRA3000_Broad,Geo WalnutCreek Repair,sub zero freezer not cooling in walnut creek,Broad,39.00,https://appliancepros.netlify.app/subzero/,Enabled,Enabled,Enabled,Geo WalnutCreek Repair | Broad
SZ_Search_BayArea_ULTRA3000_Broad,Geo Alameda Repair,sub zero freezer not freezing in alameda,Broad,39.00,https://appliancepros.netlify.app/subzero/,Enabled,Enabled,Enabled,Geo Alameda Repair | Broad
SZ_Search_BayArea_ULTRA3000_Broad,Geo Berkeley Repair,sub zero freezer not freezing in berkeley,Broad,39.00,https://appliancepros.netlify.app/subzero/,Enabled,Enabled,Enabled,Geo Berkeley Repair | Broad
SZ_Search_BayArea_ULTRA3000_Broad,Geo Cupertino Repair,sub zero freezer not freezing in cupertino,Broad,39.00,https://appliancepros.netlify.app/subzero/,Enabled,Enabled,Enabled,Geo Cupertino Repair | Broad
SZ_Search_BayArea_ULTRA3000_Broad,Geo Fremont Repair,sub zero freezer not freezing in fremont,Broad,39.00,https://appliancepros.netlify.app/subzero/,Enabled,Enabled,Enabled,Geo Fremont Repair | Broad
SZ_Search_BayArea_ULTRA3000_Broad,Geo Hayward Repair,sub zero freezer not freezing in hayward,Broad,39.00,https://appliancepros.netlify.app/subzero/,Enabled,Enabled,Enabled,Geo Hayward Repair | Broad
SZ_Search_BayArea_ULTRA3000_Broad,Geo MountainView Repair,sub zero freezer not freezing in mountain view,Broad,39.00,https://appliancepros.netlify.app/subzero/,Enabled,Enabled,Enabled,Geo MountainView Repair | Broad
SZ_Search_BayArea_ULTRA3000_Broad,Geo Oakland Repair,sub zero freezer not freezing in oakland,Broad,39.00,https://appliancepros.netlify.app/subzero/,Enabled,Enabled,Enabled,Geo Oakland Repair | Broad
SZ_Search_BayArea_ULTRA3000_Broad,Geo PaloAlto Repair,sub zero freezer not freezing in palo alto,Broad,39.00,https://appliancepros.netlify.app/subzero/,Enabled,Enabled,Enabled,Geo PaloAlto Repair | Broad
SZ_Search_BayArea_ULTRA3000_Broad,Geo Pleasanton Repair,sub zero freezer not freezing in pleasanton,Broad,39.00,https://appliancepros.netlify.app/subzero/,Enabled,Enabled,Enabled,Geo Pleasanton Repair | Broad
SZ_Search_BayArea_ULTRA3000_Broad,Geo RedwoodCity Repair,sub zero freezer not freezing in redwood city,Broad,39.00,https://appliancepros.netlify.app/subzero/,Enabled,Enabled,Enabled,Geo RedwoodCity Repair | Broad
SZ_Search_BayArea_ULTRA3000_Broad,Geo SanFrancisco Repair,sub zero freezer not freezing in san francisco,Broad,39.00,https://appliancepros.netlify.app/subzero/,Enabled,Enabled,Enabled,Geo SanFrancisco Repair | Broad
SZ_Search_BayArea_ULTRA3000_Broad,Geo SanJose Repair,sub zero freezer not freezing in san jose,Broad,39.00,https://appliancepros.netlify.app/subzero/,Enabled,Enabled,Enabled,Geo SanJose Repair | Broad
SZ_Search_BayArea_ULTRA3000_Broad,Geo SanLeandro Repair,sub zero freezer not freezing in san leandro,Broad,39.00,https://appliancepros.netlify.app/subzero/,Enabled,Enabled,Enabled,Geo SanLeandro Repair | Broad
SZ_Search_BayArea_ULTRA3000_Broad,Geo SanMateo Repair,sub zero freezer not freezing in san mateo,Broad,39.00,https://appliancepros.netlify.app/subzero/,Enabled,Enabled,Enabled,Geo SanMateo Repair | Broad
SZ_Search_BayArea_ULTRA3000_Broad,Geo SantaClara Repair,sub zero freezer not freezing in santa clara,Broad,39.00,https://appliancepros.netlify.app/subzero/,Enabled,Enabled,Enabled,Geo SantaClara Repair | Broad
SZ_Search_BayArea_ULTRA3000_Broad,Geo Sunnyvale Repair,sub zero freezer not freezing in sunnyvale,Broad,39.00,https://appliancepros.netlify.app/subzero/,Enabled,Enabled,Enabled,Geo Sunnyvale Repair | Broad
SZ_Search_BayArea_ULTRA3000_Broad,Geo UnionCity Repair,sub zero freezer not freezing in union city,Broad,39.00,https://appliancepros.netlify.app/subzero/,Enabled,Enabled,Enabled,Geo UnionCity Repair | Broad
SZ_Search_BayArea_ULTRA3000_Broad,Geo WalnutCreek Repair,sub zero freezer not freezing in walnut creek,Broad,39.00,https://appliancepros.netlify.app/subzero/,Enabled,Enabled,Enabled,Geo WalnutCreek Repair | Broad
SZ_Search_BayArea_ULTRA3000_Broad,Geo Alameda Repair,sub zero freezer not making ice in alameda,Broad,39.00,https://appliancepros.netlify.app/subzero/,Enabled,Enabled,Enabled,Geo Alameda Repair | Broad
SZ_Search_BayArea_ULTRA3000_Broad,Geo Berkeley Repair,sub zero freezer not making ice in berkeley,Broad,39.00,https://appliancepros.netlify.app/subzero/,Enabled,Enabled,Enabled,Geo Berkeley Repair | Broad
SZ_Search_BayArea_ULTRA3000_Broad,Geo Cupertino Repair,sub zero freezer not making ice in cupertino,Broad,39.00,https://appliancepros.netlify.app/subzero/,Enabled,Enabled,Enabled,Geo Cupertino Repair | Broad
SZ_Search_BayArea_ULTRA3000_Broad,Geo Fremont Repair,sub zero freezer not making ice in fremont,Broad,39.00,https://appliancepros.netlify.app/subzero/,Enabled,Enabled,Enabled,Geo Fremont Repair | Broad
SZ_Search_BayArea_ULTRA3000_Broad,Geo Hayward Repair,sub zero freezer not making ice in hayward,Broad,39.00,https://appliancepros.netlify.app/subzero/,Enabled,Enabled,Enabled,Geo Hayward Repair | Broad
SZ_Search_BayArea_ULTRA3000_Broad,Geo MountainView Repair,sub zero freezer not making ice in mountain view,Broad,39.00,https://appliancepros.netlify.app/subzero/,Enabled,Enabled,Enabled,Geo MountainView Repair | Broad
SZ_Search_BayArea_ULTRA3000_Broad,Geo Oakland Repair,sub zero freezer not making ice in oakland,Broad,39.00,https://appliancepros.netlify.app/subzero/,Enabled,Enabled,Enabled,Geo Oakland Repair | Broad
SZ_Search_BayArea_ULTRA3000_Broad,Geo PaloAlto Repair,sub zero freezer not making ice in palo alto,Broad,39.00,https://appliancepros.netlify.app/subzero/,Enabled,Enabled,Enabled,Geo PaloAlto Repair | Broad
SZ_Search_BayArea_ULTRA3000_Broad,Geo Pleasanton Repair,sub zero freezer not making ice in pleasanton,Broad,39.00,https://appliancepros.netlify.app/subzero/,Enabled,Enabled,Enabled,Geo Pleasanton Repair | Broad
SZ_Search_BayArea_ULTRA3000_Broad,Geo RedwoodCity Repair,sub zero freezer not making ice in redwood city,Broad,39.00,https://appliancepros.netlify.app/subzero/,Enabled,Enabled,Enabled,Geo RedwoodCity Repair | Broad
SZ_Search_BayArea_ULTRA3000_Broad,Geo SanFrancisco Repair,sub zero freezer not making ice in san francisco,Broad,39.00,https://appliancepros.netlify.app/subzero/,Enabled,Enabled,Enabled,Geo SanFrancisco Repair | Broad
SZ_Search_BayArea_ULTRA3000_Broad,Geo SanJose Repair,sub zero freezer not making ice in san jose,Broad,39.00,https://appliancepros.netlify.app/subzero/,Enabled,Enabled,Enabled,Geo SanJose Repair | Broad
SZ_Search_BayArea_ULTRA3000_Broad,Geo SanLeandro Repair,sub zero freezer not making ice in san leandro,Broad,39.00,https://appliancepros.netlify.app/subzero/,Enabled,Enabled,Enabled,Geo SanLeandro Repair | Broad
SZ_Search_BayArea_ULTRA3000_Broad,Geo SanMateo Repair,sub zero freezer not making ice in san mateo,Broad,39.00,https://appliancepros.netlify.app/subzero/,Enabled,Enabled,Enabled,Geo SanMateo Repair | Broad
SZ_Search_BayArea_ULTRA3000_Broad,Geo SantaClara Repair,sub zero freezer not making ice in santa clara,Broad,39.00,https://appliancepros.netlify.app/subzero/,Enabled,Enabled,Enabled,Geo SantaClara Repair | Broad
SZ_Search_BayArea_ULTRA3000_Broad,Geo Sunnyvale Repair,sub zero freezer not making ice in sunnyvale,Broad,39.00,https://appliancepros.netlify.app/subzero/,Enabled,Enabled,Enabled,Geo Sunnyvale Repair | Broad
SZ_Search_BayArea_ULTRA3000_Broad,Geo UnionCity Repair,sub zero freezer not making ice in union city,Broad,39.00,https://appliancepros.netlify.app/subzero/,Enabled,Enabled,Enabled,Geo UnionCity Repair | Broad
SZ_Search_BayArea_ULTRA3000_Broad,Geo WalnutCreek Repair,sub zero freezer not making ice in walnut creek,Broad,39.00,https://appliancepros.netlify.app/subzero/,Enabled,Enabled,Enabled,Geo WalnutCreek Repair | Broad
SZ_Search_BayArea_ULTRA3000_Broad,Geo Alameda Repair,sub zero freezer not working in alameda,Broad,39.00,https://appliancepros.netlify.app/subzero/,Enabled,Enabled,Enabled,Geo Alameda Repair | Broad
SZ_Search_BayArea_ULTRA3000_Broad,Geo Berkeley Repair,sub zero freezer not working in berkeley,Broad,39.00,https://appliancepros.netlify.app/subzero/,Enabled,Enabled,Enabled,Geo Berkeley Repair | Broad
SZ_Search_BayArea_ULTRA3000_Broad,Geo Cupertino Repair,sub zero freezer not working in cupertino,Broad,39.00,https://appliancepros.netlify.app/subzero/,Enabled,Enabled,Enabled,Geo Cupertino Repair | Broad
SZ_Search_BayArea_ULTRA3000_Broad,Geo Fremont Repair,sub zero freezer not working in fremont,Broad,39.00,https://appliancepros.netlify.app/subzero/,Enabled,Enabled,Enabled,Geo Fremont Repair | Broad
SZ_Search_BayArea_ULTRA3000_Broad,Geo Hayward Repair,sub zero freezer not working in hayward,Broad,39.00,https://appliancepros.netlify.app/subzero/,Enabled,Enabled,Enabled,Geo Hayward Repair | Broad
SZ_Search_BayArea_ULTRA3000_Broad,Geo MountainView Repair,sub zero freezer not working in mountain view,Broad,39.00,https://appliancepros.netlify.app/subzero/,Enabled,Enabled,Enabled,Geo MountainView Repair | Broad
SZ_Search_BayArea_ULTRA3000_Broad,Geo Oakland Repair,sub zero freezer not working in oakland,Broad,39.00,https://appliancepros.netlify.app/subzero/,Enabled,Enabled,Enabled,Geo Oakland Repair | Broad
SZ_Search_BayArea_ULTRA3000_Broad,Geo PaloAlto Repair,sub zero freezer not working in palo alto,Broad,39.00,https://appliancepros.netlify.app/subzero/,Enabled,Enabled,Enabled,Geo PaloAlto Repair | Broad
SZ_Search_BayArea_ULTRA3000_Broad,Geo Pleasanton Repair,sub zero freezer not working in pleasanton,Broad,39.00,https://appliancepros.netlify.app/subzero/,Enabled,Enabled,Enabled,Geo Pleasanton Repair | Broad
SZ_Search_BayArea_ULTRA3000_Broad,Geo RedwoodCity Repair,sub zero freezer not working in redwood city,Broad,39.00,https://appliancepros.netlify.app/subzero/,Enabled,Enabled,Enabled,Geo RedwoodCity Repair | Broad
SZ_Search_BayArea_ULTRA3000_Broad,Geo SanFrancisco Repair,sub zero freezer not working in san francisco,Broad,39.00,https://appliancepros.netlify.app/subzero/,Enabled,Enabled,Enabled,Geo SanFrancisco Repair | Broad
SZ_Search_BayArea_ULTRA3000_Broad,Geo SanJose Repair,sub zero freezer not working in san jose,Broad,39.00,https://appliancepros.netlify.app/subzero/,Enabled,Enabled,Enabled,Geo SanJose Repair | Broad
SZ_Search_BayArea_ULTRA3000_Broad,Geo SanLeandro Repair,sub zero freezer not working in san leandro,Broad,39.00,https://appliancepros.netlify.app/subzero/,Enabled,Enabled,Enabled,Geo SanLeandro Repair | Broad
SZ_Search_BayArea_ULTRA3000_Broad,Geo SanMateo Repair,sub zero freezer not working in san mateo,Broad,39.00,https://appliancepros.netlify.app/subzero/,Enabled,Enabled,Enabled,Geo SanMateo Repair | Broad
SZ_Search_BayArea_ULTRA3000_Broad,Geo SantaClara Repair,sub zero freezer not working in santa clara,Broad,39.00,https://appliancepros.netlify.app/subzero/,Enabled,Enabled,Enabled,Geo SantaClara Repair | Broad
SZ_Search_BayArea_ULTRA3000_Broad,Geo Sunnyvale Repair,sub zero freezer not working in sunnyvale,Broad,39.00,https://appliancepros.netlify.app/subzero/,Enabled,Enabled,Enabled,Geo Sunnyvale Repair | Broad
SZ_Search_BayArea_ULTRA3000_Broad,Geo UnionCity Repair,sub zero freezer not working in union city,Broad,39.00,https://appliancepros.netlify.app/subzero/,Enabled,Enabled,Enabled,Geo UnionCity Repair | Broad
SZ_Search_BayArea_ULTRA3000_Broad,Geo WalnutCreek Repair,sub zero freezer not working in walnut creek,Broad,39.00,https://appliancepros.netlify.app/subzero/,Enabled,Enabled,Enabled,Geo WalnutCreek Repair | Broad
SZ_Search_BayArea_ULTRA3000_Broad,Core Emergency,sub zero freezer repair 24 hour,Broad,46.00,https://appliancepros.netlify.app/subzero/,Enabled,Enabled,Enabled,Core Emergency | Broad
SZ_Search_BayArea_ULTRA3000_Broad,Freezer Repair,sub zero freezer repair affordable,Broad,35.00,https://appliancepros.netlify.app/subzero/,Enabled,Enabled,Enabled,Freezer Repair | Broad
SZ_Search_BayArea_ULTRA3000_Broad,Freezer Repair,sub zero freezer repair bay area,Broad,35.00,https://appliancepros.netlify.app/subzero/,Enabled,Enabled,Enabled,Freezer Repair | Broad
SZ_Search_BayArea_ULTRA3000_Broad,Freezer Repair,sub zero freezer repair best,Broad,35.00,https://appliancepros.netlify.app/subzero/,Enabled,Enabled,Enabled,Freezer Repair | Broad
SZ_Search_BayArea_ULTRA3000_Broad,Core Emergency,sub zero freezer repair emergency,Broad,46.00,https://appliancepros.netlify.app/subzero/,Enabled,Enabled,Enabled,Core Emergency | Broad
SZ_Search_BayArea_ULTRA3000_Broad,Freezer Repair,sub zero freezer repair fast,Broad,35.00,https://appliancepros.netlify.app/subzero/,Enabled,Enabled,Enabled,Freezer Repair | Broad
SZ_Search_BayArea_ULTRA3000_Broad,Geo Alameda Repair,sub zero freezer repair in alameda,Broad,39.00,https://appliancepros.netlify.app/subzero/,Enabled,Enabled,Enabled,Geo Alameda Repair | Broad
SZ_Search_BayArea_ULTRA3000_Broad,Geo Belmont Repair,sub zero freezer repair in belmont,Broad,39.00,https://appliancepros.netlify.app/subzero/,Enabled,Enabled,Enabled,Geo Belmont Repair | Broad
SZ_Search_BayArea_ULTRA3000_Broad,Geo Berkeley Repair,sub zero freezer repair in berkeley,Broad,39.00,https://appliancepros.netlify.app/subzero/,Enabled,Enabled,Enabled,Geo Berkeley Repair | Broad
SZ_Search_BayArea_ULTRA3000_Broad,Geo Burlingame Repair,sub zero freezer repair in burlingame,Broad,39.00,https://appliancepros.netlify.app/subzero/,Enabled,Enabled,Enabled,Geo Burlingame Repair | Broad
SZ_Search_BayArea_ULTRA3000_Broad,Geo Campbell Repair,sub zero freezer repair in campbell,Broad,39.00,https://appliancepros.netlify.app/subzero/,Enabled,Enabled,Enabled,Geo Campbell Repair | Broad
SZ_Search_BayArea_ULTRA3000_Broad,Geo CastroValley Repair,sub zero freezer repair in castro valley,Broad,39.00,https://appliancepros.netlify.app/subzero/,Enabled,Enabled,Enabled,Geo CastroValley Repair | Broad
SZ_Search_BayArea_ULTRA3000_Broad,Geo Concord Repair,sub zero freezer repair in concord,Broad,39.00,https://appliancepros.netlify.app/subzero/,Enabled,Enabled,Enabled,Geo Concord Repair | Broad
SZ_Search_BayArea_ULTRA3000_Broad,Geo Cupertino Repair,sub zero freezer repair in cupertino,Broad,39.00,https://appliancepros.netlify.app/subzero/,Enabled,Enabled,Enabled,Geo Cupertino Repair | Broad
SZ_Search_BayArea_ULTRA3000_Broad,Geo DalyCity Repair,sub zero freezer repair in daly city,Broad,39.00,https://appliancepros.netlify.app/subzero/,Enabled,Enabled,Enabled,Geo DalyCity Repair | Broad
SZ_Search_BayArea_ULTRA3000_Broad,Geo Emeryville Repair,sub zero freezer repair in emeryville,Broad,39.00,https://appliancepros.netlify.app/subzero/,Enabled,Enabled,Enabled,Geo Emeryville Repair | Broad
SZ_Search_BayArea_ULTRA3000_Broad,Geo FosterCity Repair,sub zero freezer repair in foster city,Broad,39.00,https://appliancepros.netlify.app/subzero/,Enabled,Enabled,Enabled,Geo FosterCity Repair | Broad
SZ_Search_BayArea_ULTRA3000_Broad,Geo Fremont Repair,sub zero freezer repair in fremont,Broad,39.00,https://appliancepros.netlify.app/subzero/,Enabled,Enabled,Enabled,Geo Fremont Repair | Broad
SZ_Search_BayArea_ULTRA3000_Broad,Geo Hayward Repair,sub zero freezer repair in hayward,Broad,39.00,https://appliancepros.netlify.app/subzero/,Enabled,Enabled,Enabled,Geo Hayward Repair | Broad
SZ_Search_BayArea_ULTRA3000_Broad,Geo Livermore Repair,sub zero freezer repair in livermore,Broad,39.00,https://appliancepros.netlify.app/subzero/,Enabled,Enabled,Enabled,Geo Livermore Repair | Broad
SZ_Search_BayArea_ULTRA3000_Broad,Geo LosAltos Repair,sub zero freezer repair in los altos,Broad,39.00,https://appliancepros.netlify.app/subzero/,Enabled,Enabled,Enabled,Geo LosAltos Repair | Broad
SZ_Search_BayArea_ULTRA3000_Broad,Geo LosGatos Repair,sub zero freezer repair in los gatos,Broad,39.00,https://appliancepros.netlify.app/subzero/,Enabled,Enabled,Enabled,Geo LosGatos Repair | Broad
SZ_Search_BayArea_ULTRA3000_Broad,Geo MenloPark Repair,sub zero freezer repair in menlo park,Broad,39.00,https://appliancepros.netlify.app/subzero/,Enabled,Enabled,Enabled,Geo MenloPark Repair | Broad
SZ_Search_BayArea_ULTRA3000_Broad,Geo Millbrae Repair,sub zero freezer repair in millbrae,Broad,39.00,https://appliancepros.netlify.app/subzero/,Enabled,Enabled,Enabled,Geo Millbrae Repair | Broad
SZ_Search_BayArea_ULTRA3000_Broad,Geo Milpitas Repair,sub zero freezer repair in milpitas,Broad,39.00,https://appliancepros.netlify.app/subzero/,Enabled,Enabled,Enabled,Geo Milpitas Repair | Broad
SZ_Search_BayArea_ULTRA3000_Broad,Geo MountainView Repair,sub zero freezer repair in mountain view,Broad,39.00,https://appliancepros.netlify.app/subzero/,Enabled,Enabled,Enabled,Geo MountainView Repair | Broad
SZ_Search_BayArea_ULTRA3000_Broad,Geo Novato Repair,sub zero freezer repair in novato,Broad,39.00,https://appliancepros.netlify.app/subzero/,Enabled,Enabled,Enabled,Geo Novato Repair | Broad
SZ_Search_BayArea_ULTRA3000_Broad,Geo Oakland Repair,sub zero freezer repair in oakland,Broad,39.00,https://appliancepros.netlify.app/subzero/,Enabled,Enabled,Enabled,Geo Oakland Repair | Broad
SZ_Search_BayArea_ULTRA3000_Broad,Geo PaloAlto Repair,sub zero freezer repair in palo alto,Broad,39.00,https://appliancepros.netlify.app/subzero/,Enabled,Enabled,Enabled,Geo PaloAlto Repair | Broad
SZ_Search_BayArea_ULTRA3000_Broad,Geo Pleasanton Repair,sub zero freezer repair in pleasanton,Broad,39.00,https://appliancepros.netlify.app/subzero/,Enabled,Enabled,Enabled,Geo Pleasanton Repair | Broad
SZ_Search_BayArea_ULTRA3000_Broad,Geo RedwoodCity Repair,sub zero freezer repair in redwood city,Broad,39.00,https://appliancepros.netlify.app/subzero/,Enabled,Enabled,Enabled,Geo RedwoodCity Repair | Broad
SZ_Search_BayArea_ULTRA3000_Broad,Geo Richmond Repair,sub zero freezer repair in richmond,Broad,39.00,https://appliancepros.netlify.app/subzero/,Enabled,Enabled,Enabled,Geo Richmond Repair | Broad
SZ_Search_BayArea_ULTRA3000_Broad,Geo SanBruno Repair,sub zero freezer repair in san bruno,Broad,39.00,https://appliancepros.netlify.app/subzero/,Enabled,Enabled,Enabled,Geo SanBruno Repair | Broad
SZ_Search_BayArea_ULTRA3000_Broad,Geo SanFrancisco Repair,sub zero freezer repair in san francisco,Broad,39.00,https://appliancepros.netlify.app/subzero/,Enabled,Enabled,Enabled,Geo SanFrancisco Repair | Broad
SZ_Search_BayArea_ULTRA3000_Broad,Geo SanJose Repair,sub zero freezer repair in san jose,Broad,39.00,https://appliancepros.netlify.app/subzero/,Enabled,Enabled,Enabled,Geo SanJose Repair | Broad
SZ_Search_BayArea_ULTRA3000_Broad,Geo SanLeandro Repair,sub zero freezer repair in san leandro,Broad,39.00,https://appliancepros.netlify.app/subzero/,Enabled,Enabled,Enabled,Geo SanLeandro Repair | Broad
SZ_Search_BayArea_ULTRA3000_Broad,Geo SanMateo Repair,sub zero freezer repair in san mateo,Broad,39.00,https://appliancepros.netlify.app/subzero/,Enabled,Enabled,Enabled,Geo SanMateo Repair | Broad
SZ_Search_BayArea_ULTRA3000_Broad,Geo SanRafael Repair,sub zero freezer repair in san rafael,Broad,39.00,https://appliancepros.netlify.app/subzero/,Enabled,Enabled,Enabled,Geo SanRafael Repair | Broad
SZ_Search_BayArea_ULTRA3000_Broad,Geo SantaClara Repair,sub zero freezer repair in santa clara,Broad,39.00,https://appliancepros.netlify.app/subzero/,Enabled,Enabled,Enabled,Geo SantaClara Repair | Broad
SZ_Search_BayArea_ULTRA3000_Broad,Geo Sunnyvale Repair,sub zero freezer repair in sunnyvale,Broad,39.00,https://appliancepros.netlify.app/subzero/,Enabled,Enabled,Enabled,Geo Sunnyvale Repair | Broad
SZ_Search_BayArea_ULTRA3000_Broad,Geo UnionCity Repair,sub zero freezer repair in union city,Broad,39.00,https://appliancepros.netlify.app/subzero/,Enabled,Enabled,Enabled,Geo UnionCity Repair | Broad
SZ_Search_BayArea_ULTRA3000_Broad,Geo WalnutCreek Repair,sub zero freezer repair in walnut creek,Broad,39.00,https://appliancepros.netlify.app/subzero/,Enabled,Enabled,Enabled,Geo WalnutCreek Repair | Broad
SZ_Search_BayArea_ULTRA3000_Broad,Freezer Repair,sub zero freezer repair local,Broad,35.00,https://appliancepros.netlify.app/subzero/,Enabled,Enabled,Enabled,Freezer Repair | Broad
SZ_Search_BayArea_ULTRA3000_Broad,Core Emergency,sub zero freezer repair same day,Broad,46.00,https://appliancepros.netlify.app/subzero/,Enabled,Enabled,Enabled,Core Emergency | Broad
SZ_Search_BayArea_ULTRA3000_Broad,Core Emergency,sub zero freezer repair today,Broad,46.00,https://appliancepros.netlify.app/subzero/,Enabled,Enabled,Enabled,Core Emergency | Broad
SZ_Search_BayArea_ULTRA3000_Broad,Freezer Repair,sub zero freezer repair trusted,Broad,35.00,https://appliancepros.netlify.app/subzero/,Enabled,Enabled,Enabled,Freezer Repair | Broad
SZ_Search_BayArea_ULTRA3000_Broad,Core Technician,sub zero freezer repairman,Broad,35.00,https://appliancepros.netlify.app/subzero/,Enabled,Enabled,Enabled,Core Technician | Broad
SZ_Search_BayArea_ULTRA3000_Broad,Core Emergency,sub zero freezer repairman 24 hour,Broad,46.00,https://appliancepros.netlify.app/subzero/,Enabled,Enabled,Enabled,Core Emergency | Broad
SZ_Search_BayArea_ULTRA3000_Broad,Core Technician,sub zero freezer repairman affordable,Broad,35.00,https://appliancepros.netlify.app/subzero/,Enabled,Enabled,Enabled,Core Technician | Broad
SZ_Search_BayArea_ULTRA3000_Broad,Core Technician,sub zero freezer repairman bay area,Broad,35.00,https://appliancepros.netlify.app/subzero/,Enabled,Enabled,Enabled,Core Technician | Broad
SZ_Search_BayArea_ULTRA3000_Broad,Core Technician,sub zero freezer repairman best,Broad,35.00,https://appliancepros.netlify.app/subzero/,Enabled,Enabled,Enabled,Core Technician | Broad
SZ_Search_BayArea_ULTRA3000_Broad,Core Emergency,sub zero freezer repairman emergency,Broad,46.00,https://appliancepros.netlify.app/subzero/,Enabled,Enabled,Enabled,Core Emergency | Broad
SZ_Search_BayArea_ULTRA3000_Broad,Core Technician,sub zero freezer repairman fast,Broad,35.00,https://appliancepros.netlify.app/subzero/,Enabled,Enabled,Enabled,Core Technician | Broad
SZ_Search_BayArea_ULTRA3000_Broad,Geo Alameda Repair,sub zero freezer repairman in alameda,Broad,39.00,https://appliancepros.netlify.app/subzero/,Enabled,Enabled,Enabled,Geo Alameda Repair | Broad
SZ_Search_BayArea_ULTRA3000_Broad,Geo Belmont Repair,sub zero freezer repairman in belmont,Broad,39.00,https://appliancepros.netlify.app/subzero/,Enabled,Enabled,Enabled,Geo Belmont Repair | Broad
SZ_Search_BayArea_ULTRA3000_Broad,Geo Berkeley Repair,sub zero freezer repairman in berkeley,Broad,39.00,https://appliancepros.netlify.app/subzero/,Enabled,Enabled,Enabled,Geo Berkeley Repair | Broad
SZ_Search_BayArea_ULTRA3000_Broad,Geo Burlingame Repair,sub zero freezer repairman in burlingame,Broad,39.00,https://appliancepros.netlify.app/subzero/,Enabled,Enabled,Enabled,Geo Burlingame Repair | Broad
SZ_Search_BayArea_ULTRA3000_Broad,Geo Campbell Repair,sub zero freezer repairman in campbell,Broad,39.00,https://appliancepros.netlify.app/subzero/,Enabled,Enabled,Enabled,Geo Campbell Repair | Broad
SZ_Search_BayArea_ULTRA3000_Broad,Geo CastroValley Repair,sub zero freezer repairman in castro valley,Broad,39.00,https://appliancepros.netlify.app/subzero/,Enabled,Enabled,Enabled,Geo CastroValley Repair | Broad
SZ_Search_BayArea_ULTRA3000_Broad,Geo Concord Repair,sub zero freezer repairman in concord,Broad,39.00,https://appliancepros.netlify.app/subzero/,Enabled,Enabled,Enabled,Geo Concord Repair | Broad
SZ_Search_BayArea_ULTRA3000_Broad,Geo Cupertino Repair,sub zero freezer repairman in cupertino,Broad,39.00,https://appliancepros.netlify.app/subzero/,Enabled,Enabled,Enabled,Geo Cupertino Repair | Broad
SZ_Search_BayArea_ULTRA3000_Broad,Geo DalyCity Repair,sub zero freezer repairman in daly city,Broad,39.00,https://appliancepros.netlify.app/subzero/,Enabled,Enabled,Enabled,Geo DalyCity Repair | Broad
SZ_Search_BayArea_ULTRA3000_Broad,Geo Emeryville Repair,sub zero freezer repairman in emeryville,Broad,39.00,https://appliancepros.netlify.app/subzero/,Enabled,Enabled,Enabled,Geo Emeryville Repair | Broad
SZ_Search_BayArea_ULTRA3000_Broad,Geo FosterCity Repair,sub zero freezer repairman in foster city,Broad,39.00,https://appliancepros.netlify.app/subzero/,Enabled,Enabled,Enabled,Geo FosterCity Repair | Broad
SZ_Search_BayArea_ULTRA3000_Broad,Geo Fremont Repair,sub zero freezer repairman in fremont,Broad,39.00,https://appliancepros.netlify.app/subzero/,Enabled,Enabled,Enabled,Geo Fremont Repair | Broad
SZ_Search_BayArea_ULTRA3000_Broad,Geo Hayward Repair,sub zero freezer repairman in hayward,Broad,39.00,https://appliancepros.netlify.app/subzero/,Enabled,Enabled,Enabled,Geo Hayward Repair | Broad
SZ_Search_BayArea_ULTRA3000_Broad,Geo Livermore Repair,sub zero freezer repairman in livermore,Broad,39.00,https://appliancepros.netlify.app/subzero/,Enabled,Enabled,Enabled,Geo Livermore Repair | Broad
SZ_Search_BayArea_ULTRA3000_Broad,Geo LosAltos Repair,sub zero freezer repairman in los altos,Broad,39.00,https://appliancepros.netlify.app/subzero/,Enabled,Enabled,Enabled,Geo LosAltos Repair | Broad
SZ_Search_BayArea_ULTRA3000_Broad,Geo LosGatos Repair,sub zero freezer repairman in los gatos,Broad,39.00,https://appliancepros.netlify.app/subzero/,Enabled,Enabled,Enabled,Geo LosGatos Repair | Broad
SZ_Search_BayArea_ULTRA3000_Broad,Geo MenloPark Repair,sub zero freezer repairman in menlo park,Broad,39.00,https://appliancepros.netlify.app/subzero/,Enabled,Enabled,Enabled,Geo MenloPark Repair | Broad
SZ_Search_BayArea_ULTRA3000_Broad,Geo Millbrae Repair,sub zero freezer repairman in millbrae,Broad,39.00,https://appliancepros.netlify.app/subzero/,Enabled,Enabled,Enabled,Geo Millbrae Repair | Broad
SZ_Search_BayArea_ULTRA3000_Broad,Geo Milpitas Repair,sub zero freezer repairman in milpitas,Broad,39.00,https://appliancepros.netlify.app/subzero/,Enabled,Enabled,Enabled,Geo Milpitas Repair | Broad
SZ_Search_BayArea_ULTRA3000_Broad,Geo MountainView Repair,sub zero freezer repairman in mountain view,Broad,39.00,https://appliancepros.netlify.app/subzero/,Enabled,Enabled,Enabled,Geo MountainView Repair | Broad
SZ_Search_BayArea_ULTRA3000_Broad,Geo Novato Repair,sub zero freezer repairman in novato,Broad,39.00,https://appliancepros.netlify.app/subzero/,Enabled,Enabled,Enabled,Geo Novato Repair | Broad
SZ_Search_BayArea_ULTRA3000_Broad,Geo Oakland Repair,sub zero freezer repairman in oakland,Broad,39.00,https://appliancepros.netlify.app/subzero/,Enabled,Enabled,Enabled,Geo Oakland Repair | Broad
SZ_Search_BayArea_ULTRA3000_Broad,Geo PaloAlto Repair,sub zero freezer repairman in palo alto,Broad,39.00,https://appliancepros.netlify.app/subzero/,Enabled,Enabled,Enabled,Geo PaloAlto Repair | Broad
SZ_Search_BayArea_ULTRA3000_Broad,Geo Pleasanton Repair,sub zero freezer repairman in pleasanton,Broad,39.00,https://appliancepros.netlify.app/subzero/,Enabled,Enabled,Enabled,Geo Pleasanton Repair | Broad
SZ_Search_BayArea_ULTRA3000_Broad,Geo RedwoodCity Repair,sub zero freezer repairman in redwood city,Broad,39.00,https://appliancepros.netlify.app/subzero/,Enabled,Enabled,Enabled,Geo RedwoodCity Repair | Broad
SZ_Search_BayArea_ULTRA3000_Broad,Geo Richmond Repair,sub zero freezer repairman in richmond,Broad,39.00,https://appliancepros.netlify.app/subzero/,Enabled,Enabled,Enabled,Geo Richmond Repair | Broad
SZ_Search_BayArea_ULTRA3000_Broad,Geo SanBruno Repair,sub zero freezer repairman in san bruno,Broad,39.00,https://appliancepros.netlify.app/subzero/,Enabled,Enabled,Enabled,Geo SanBruno Repair | Broad
SZ_Search_BayArea_ULTRA3000_Broad,Geo SanFrancisco Repair,sub zero freezer repairman in san francisco,Broad,39.00,https://appliancepros.netlify.app/subzero/,Enabled,Enabled,Enabled,Geo SanFrancisco Repair | Broad
SZ_Search_BayArea_ULTRA3000_Broad,Geo SanJose Repair,sub zero freezer repairman in san jose,Broad,39.00,https://appliancepros.netlify.app/subzero/,Enabled,Enabled,Enabled,Geo SanJose Repair | Broad
SZ_Search_BayArea_ULTRA3000_Broad,Geo SanLeandro Repair,sub zero freezer repairman in san leandro,Broad,39.00,https://appliancepros.netlify.app/subzero/,Enabled,Enabled,Enabled,Geo SanLeandro Repair | Broad
SZ_Search_BayArea_ULTRA3000_Broad,Geo SanMateo Repair,sub zero freezer repairman in san mateo,Broad,39.00,https://appliancepros.netlify.app/subzero/,Enabled,Enabled,Enabled,Geo SanMateo Repair | Broad
SZ_Search_BayArea_ULTRA3000_Broad,Geo SanRafael Repair,sub zero freezer repairman in san rafael,Broad,39.00,https://appliancepros.netlify.app/subzero/,Enabled,Enabled,Enabled,Geo SanRafael Repair | Broad
SZ_Search_BayArea_ULTRA3000_Broad,Geo SantaClara Repair,sub zero freezer repairman in santa clara,Broad,39.00,https://appliancepros.netlify.app/subzero/,Enabled,Enabled,Enabled,Geo SantaClara Repair | Broad
SZ_Search_BayArea_ULTRA3000_Broad,Geo Sunnyvale Repair,sub zero freezer repairman in sunnyvale,Broad,39.00,https://appliancepros.netlify.app/subzero/,Enabled,Enabled,Enabled,Geo Sunnyvale Repair | Broad
SZ_Search_BayArea_ULTRA3000_Broad,Geo UnionCity Repair,sub zero freezer repairman in union city,Broad,39.00,https://appliancepros.netlify.app/subzero/,Enabled,Enabled,Enabled,Geo UnionCity Repair | Broad
SZ_Search_BayArea_ULTRA3000_Broad,Geo WalnutCreek Repair,sub zero freezer repairman in walnut creek,Broad,39.00,https://appliancepros.netlify.app/subzero/,Enabled,Enabled,Enabled,Geo WalnutCreek Repair | Broad
SZ_Search_BayArea_ULTRA3000_Broad,Core Technician,sub zero freezer repairman local,Broad,35.00,https://appliancepros.netlify.app/subzero/,Enabled,Enabled,Enabled,Core Technician | Broad
SZ_Search_BayArea_ULTRA3000_Broad,Core Near Me,sub zero freezer repairman near me,Broad,42.00,https://appliancepros.netlify.app/subzero/,Enabled,Enabled,Enabled,Core Near Me | Broad
SZ_Search_BayArea_ULTRA3000_Broad,Core Emergency,sub zero freezer repairman same day,Broad,46.00,https://appliancepros.netlify.app/subzero/,Enabled,Enabled,Enabled,Core Emergency | Broad
SZ_Search_BayArea_ULTRA3000_Broad,Core Emergency,sub zero freezer repairman today,Broad,46.00,https://appliancepros.netlify.app/subzero/,Enabled,Enabled,Enabled,Core Emergency | Broad
SZ_Search_BayArea_ULTRA3000_Broad,Core Technician,sub zero freezer repairman trusted,Broad,35.00,https://appliancepros.netlify.app/subzero/,Enabled,Enabled,Enabled,Core Technician | Broad
SZ_Search_BayArea_ULTRA3000_Broad,Core Emergency,sub zero freezer service 24 hour,Broad,46.00,https://appliancepros.netlify.app/subzero/,Enabled,Enabled,Enabled,Core Emergency | Broad
SZ_Search_BayArea_ULTRA3000_Broad,Core Brand Service,sub zero freezer service affordable,Broad,33.00,https://appliancepros.netlify.app/subzero/,Enabled,Enabled,Enabled,Core Brand Service | Broad
SZ_Search_BayArea_ULTRA3000_Broad,Core Brand Service,sub zero freezer service bay area,Broad,33.00,https://appliancepros.netlify.app/subzero/,Enabled,Enabled,Enabled,Core Brand Service | Broad
SZ_Search_BayArea_ULTRA3000_Broad,Core Brand Service,sub zero freezer service best,Broad,33.00,https://appliancepros.netlify.app/subzero/,Enabled,Enabled,Enabled,Core Brand Service | Broad
SZ_Search_BayArea_ULTRA3000_Broad,Core Emergency,sub zero freezer service emergency,Broad,46.00,https://appliancepros.netlify.app/subzero/,Enabled,Enabled,Enabled,Core Emergency | Broad
SZ_Search_BayArea_ULTRA3000_Broad,Core Brand Service,sub zero freezer service fast,Broad,33.00,https://appliancepros.netlify.app/subzero/,Enabled,Enabled,Enabled,Core Brand Service | Broad
SZ_Search_BayArea_ULTRA3000_Broad,Geo Alameda Repair,sub zero freezer service in alameda,Broad,39.00,https://appliancepros.netlify.app/subzero/,Enabled,Enabled,Enabled,Geo Alameda Repair | Broad
SZ_Search_BayArea_ULTRA3000_Broad,Geo Belmont Repair,sub zero freezer service in belmont,Broad,39.00,https://appliancepros.netlify.app/subzero/,Enabled,Enabled,Enabled,Geo Belmont Repair | Broad
SZ_Search_BayArea_ULTRA3000_Broad,Geo Berkeley Repair,sub zero freezer service in berkeley,Broad,39.00,https://appliancepros.netlify.app/subzero/,Enabled,Enabled,Enabled,Geo Berkeley Repair | Broad
SZ_Search_BayArea_ULTRA3000_Broad,Geo Burlingame Repair,sub zero freezer service in burlingame,Broad,39.00,https://appliancepros.netlify.app/subzero/,Enabled,Enabled,Enabled,Geo Burlingame Repair | Broad
SZ_Search_BayArea_ULTRA3000_Broad,Geo Campbell Repair,sub zero freezer service in campbell,Broad,39.00,https://appliancepros.netlify.app/subzero/,Enabled,Enabled,Enabled,Geo Campbell Repair | Broad
SZ_Search_BayArea_ULTRA3000_Broad,Geo CastroValley Repair,sub zero freezer service in castro valley,Broad,39.00,https://appliancepros.netlify.app/subzero/,Enabled,Enabled,Enabled,Geo CastroValley Repair | Broad
SZ_Search_BayArea_ULTRA3000_Broad,Geo Concord Repair,sub zero freezer service in concord,Broad,39.00,https://appliancepros.netlify.app/subzero/,Enabled,Enabled,Enabled,Geo Concord Repair | Broad
SZ_Search_BayArea_ULTRA3000_Broad,Geo Cupertino Repair,sub zero freezer service in cupertino,Broad,39.00,https://appliancepros.netlify.app/subzero/,Enabled,Enabled,Enabled,Geo Cupertino Repair | Broad
SZ_Search_BayArea_ULTRA3000_Broad,Geo DalyCity Repair,sub zero freezer service in daly city,Broad,39.00,https://appliancepros.netlify.app/subzero/,Enabled,Enabled,Enabled,Geo DalyCity Repair | Broad
SZ_Search_BayArea_ULTRA3000_Broad,Geo Emeryville Repair,sub zero freezer service in emeryville,Broad,39.00,https://appliancepros.netlify.app/subzero/,Enabled,Enabled,Enabled,Geo Emeryville Repair | Broad
SZ_Search_BayArea_ULTRA3000_Broad,Geo FosterCity Repair,sub zero freezer service in foster city,Broad,39.00,https://appliancepros.netlify.app/subzero/,Enabled,Enabled,Enabled,Geo FosterCity Repair | Broad
SZ_Search_BayArea_ULTRA3000_Broad,Geo Fremont Repair,sub zero freezer service in fremont,Broad,39.00,https://appliancepros.netlify.app/subzero/,Enabled,Enabled,Enabled,Geo Fremont Repair | Broad
SZ_Search_BayArea_ULTRA3000_Broad,Geo Hayward Repair,sub zero freezer service in hayward,Broad,39.00,https://appliancepros.netlify.app/subzero/,Enabled,Enabled,Enabled,Geo Hayward Repair | Broad
SZ_Search_BayArea_ULTRA3000_Broad,Geo Livermore Repair,sub zero freezer service in livermore,Broad,39.00,https://appliancepros.netlify.app/subzero/,Enabled,Enabled,Enabled,Geo Livermore Repair | Broad
SZ_Search_BayArea_ULTRA3000_Broad,Geo LosAltos Repair,sub zero freezer service in los altos,Broad,39.00,https://appliancepros.netlify.app/subzero/,Enabled,Enabled,Enabled,Geo LosAltos Repair | Broad
SZ_Search_BayArea_ULTRA3000_Broad,Geo LosGatos Repair,sub zero freezer service in los gatos,Broad,39.00,https://appliancepros.netlify.app/subzero/,Enabled,Enabled,Enabled,Geo LosGatos Repair | Broad
SZ_Search_BayArea_ULTRA3000_Broad,Geo MenloPark Repair,sub zero freezer service in menlo park,Broad,39.00,https://appliancepros.netlify.app/subzero/,Enabled,Enabled,Enabled,Geo MenloPark Repair | Broad
SZ_Search_BayArea_ULTRA3000_Broad,Geo Millbrae Repair,sub zero freezer service in millbrae,Broad,39.00,https://appliancepros.netlify.app/subzero/,Enabled,Enabled,Enabled,Geo Millbrae Repair | Broad
SZ_Search_BayArea_ULTRA3000_Broad,Geo Milpitas Repair,sub zero freezer service in milpitas,Broad,39.00,https://appliancepros.netlify.app/subzero/,Enabled,Enabled,Enabled,Geo Milpitas Repair | Broad
SZ_Search_BayArea_ULTRA3000_Broad,Geo MountainView Repair,sub zero freezer service in mountain view,Broad,39.00,https://appliancepros.netlify.app/subzero/,Enabled,Enabled,Enabled,Geo MountainView Repair | Broad
SZ_Search_BayArea_ULTRA3000_Broad,Geo Novato Repair,sub zero freezer service in novato,Broad,39.00,https://appliancepros.netlify.app/subzero/,Enabled,Enabled,Enabled,Geo Novato Repair | Broad
SZ_Search_BayArea_ULTRA3000_Broad,Geo Oakland Repair,sub zero freezer service in oakland,Broad,39.00,https://appliancepros.netlify.app/subzero/,Enabled,Enabled,Enabled,Geo Oakland Repair | Broad
SZ_Search_BayArea_ULTRA3000_Broad,Geo PaloAlto Repair,sub zero freezer service in palo alto,Broad,39.00,https://appliancepros.netlify.app/subzero/,Enabled,Enabled,Enabled,Geo PaloAlto Repair | Broad
SZ_Search_BayArea_ULTRA3000_Broad,Geo Pleasanton Repair,sub zero freezer service in pleasanton,Broad,39.00,https://appliancepros.netlify.app/subzero/,Enabled,Enabled,Enabled,Geo Pleasanton Repair | Broad
SZ_Search_BayArea_ULTRA3000_Broad,Geo RedwoodCity Repair,sub zero freezer service in redwood city,Broad,39.00,https://appliancepros.netlify.app/subzero/,Enabled,Enabled,Enabled,Geo RedwoodCity Repair | Broad
SZ_Search_BayArea_ULTRA3000_Broad,Geo Richmond Repair,sub zero freezer service in richmond,Broad,39.00,https://appliancepros.netlify.app/subzero/,Enabled,Enabled,Enabled,Geo Richmond Repair | Broad
SZ_Search_BayArea_ULTRA3000_Broad,Geo SanBruno Repair,sub zero freezer service in san bruno,Broad,39.00,https://appliancepros.netlify.app/subzero/,Enabled,Enabled,Enabled,Geo SanBruno Repair | Broad
SZ_Search_BayArea_ULTRA3000_Broad,Geo SanFrancisco Repair,sub zero freezer service in san francisco,Broad,39.00,https://appliancepros.netlify.app/subzero/,Enabled,Enabled,Enabled,Geo SanFrancisco Repair | Broad
SZ_Search_BayArea_ULTRA3000_Broad,Geo SanJose Repair,sub zero freezer service in san jose,Broad,39.00,https://appliancepros.netlify.app/subzero/,Enabled,Enabled,Enabled,Geo SanJose Repair | Broad
SZ_Search_BayArea_ULTRA3000_Broad,Geo SanLeandro Repair,sub zero freezer service in san leandro,Broad,39.00,https://appliancepros.netlify.app/subzero/,Enabled,Enabled,Enabled,Geo SanLeandro Repair | Broad
SZ_Search_BayArea_ULTRA3000_Broad,Geo SanMateo Repair,sub zero freezer service in san mateo,Broad,39.00,https://appliancepros.netlify.app/subzero/,Enabled,Enabled,Enabled,Geo SanMateo Repair | Broad
SZ_Search_BayArea_ULTRA3000_Broad,Geo SanRafael Repair,sub zero freezer service in san rafael,Broad,39.00,https://appliancepros.netlify.app/subzero/,Enabled,Enabled,Enabled,Geo SanRafael Repair | Broad
SZ_Search_BayArea_ULTRA3000_Broad,Geo SantaClara Repair,sub zero freezer service in santa clara,Broad,39.00,https://appliancepros.netlify.app/subzero/,Enabled,Enabled,Enabled,Geo SantaClara Repair | Broad
SZ_Search_BayArea_ULTRA3000_Broad,Geo Sunnyvale Repair,sub zero freezer service in sunnyvale,Broad,39.00,https://appliancepros.netlify.app/subzero/,Enabled,Enabled,Enabled,Geo Sunnyvale Repair | Broad
SZ_Search_BayArea_ULTRA3000_Broad,Geo UnionCity Repair,sub zero freezer service in union city,Broad,39.00,https://appliancepros.netlify.app/subzero/,Enabled,Enabled,Enabled,Geo UnionCity Repair | Broad
SZ_Search_BayArea_ULTRA3000_Broad,Geo WalnutCreek Repair,sub zero freezer service in walnut creek,Broad,39.00,https://appliancepros.netlify.app/subzero/,Enabled,Enabled,Enabled,Geo WalnutCreek Repair | Broad
SZ_Search_BayArea_ULTRA3000_Broad,Core Brand Service,sub zero freezer service local,Broad,33.00,https://appliancepros.netlify.app/subzero/,Enabled,Enabled,Enabled,Core Brand Service | Broad
SZ_Search_BayArea_ULTRA3000_Broad,Core Emergency,sub zero freezer service same day,Broad,46.00,https://appliancepros.netlify.app/subzero/,Enabled,Enabled,Enabled,Core Emergency | Broad
SZ_Search_BayArea_ULTRA3000_Broad,Core Emergency,sub zero freezer service today,Broad,46.00,https://appliancepros.netlify.app/subzero/,Enabled,Enabled,Enabled,Core Emergency | Broad
SZ_Search_BayArea_ULTRA3000_Broad,Core Brand Service,sub zero freezer service trusted,Broad,33.00,https://appliancepros.netlify.app/subzero/,Enabled,Enabled,Enabled,Core Brand Service | Broad
SZ_Search_BayArea_ULTRA3000_Broad,Geo Alameda Repair,sub zero freezer stopped working in alameda,Broad,39.00,https://appliancepros.netlify.app/subzero/,Enabled,Enabled,Enabled,Geo Alameda Repair | Broad
SZ_Search_BayArea_ULTRA3000_Broad,Geo Berkeley Repair,sub zero freezer stopped working in berkeley,Broad,39.00,https://appliancepros.netlify.app/subzero/,Enabled,Enabled,Enabled,Geo Berkeley Repair | Broad
SZ_Search_BayArea_ULTRA3000_Broad,Geo Cupertino Repair,sub zero freezer stopped working in cupertino,Broad,39.00,https://appliancepros.netlify.app/subzero/,Enabled,Enabled,Enabled,Geo Cupertino Repair | Broad
SZ_Search_BayArea_ULTRA3000_Broad,Geo Fremont Repair,sub zero freezer stopped working in fremont,Broad,39.00,https://appliancepros.netlify.app/subzero/,Enabled,Enabled,Enabled,Geo Fremont Repair | Broad
SZ_Search_BayArea_ULTRA3000_Broad,Geo Hayward Repair,sub zero freezer stopped working in hayward,Broad,39.00,https://appliancepros.netlify.app/subzero/,Enabled,Enabled,Enabled,Geo Hayward Repair | Broad
SZ_Search_BayArea_ULTRA3000_Broad,Geo MountainView Repair,sub zero freezer stopped working in mountain view,Broad,39.00,https://appliancepros.netlify.app/subzero/,Enabled,Enabled,Enabled,Geo MountainView Repair | Broad
SZ_Search_BayArea_ULTRA3000_Broad,Geo Oakland Repair,sub zero freezer stopped working in oakland,Broad,39.00,https://appliancepros.netlify.app/subzero/,Enabled,Enabled,Enabled,Geo Oakland Repair | Broad
SZ_Search_BayArea_ULTRA3000_Broad,Geo PaloAlto Repair,sub zero freezer stopped working in palo alto,Broad,39.00,https://appliancepros.netlify.app/subzero/,Enabled,Enabled,Enabled,Geo PaloAlto Repair | Broad
SZ_Search_BayArea_ULTRA3000_Broad,Geo Pleasanton Repair,sub zero freezer stopped working in pleasanton,Broad,39.00,https://appliancepros.netlify.app/subzero/,Enabled,Enabled,Enabled,Geo Pleasanton Repair | Broad
SZ_Search_BayArea_ULTRA3000_Broad,Geo RedwoodCity Repair,sub zero freezer stopped working in redwood city,Broad,39.00,https://appliancepros.netlify.app/subzero/,Enabled,Enabled,Enabled,Geo RedwoodCity Repair | Broad
SZ_Search_BayArea_ULTRA3000_Broad,Geo SanFrancisco Repair,sub zero freezer stopped working in san francisco,Broad,39.00,https://appliancepros.netlify.app/subzero/,Enabled,Enabled,Enabled,Geo SanFrancisco Repair | Broad
SZ_Search_BayArea_ULTRA3000_Broad,Geo SanJose Repair,sub zero freezer stopped working in san jose,Broad,39.00,https://appliancepros.netlify.app/subzero/,Enabled,Enabled,Enabled,Geo SanJose Repair | Broad
SZ_Search_BayArea_ULTRA3000_Broad,Geo SanLeandro Repair,sub zero freezer stopped working in san leandro,Broad,39.00,https://appliancepros.netlify.app/subzero/,Enabled,Enabled,Enabled,Geo SanLeandro Repair | Broad
SZ_Search_BayArea_ULTRA3000_Broad,Geo SanMateo Repair,sub zero freezer stopped working in san mateo,Broad,39.00,https://appliancepros.netlify.app/subzero/,Enabled,Enabled,Enabled,Geo SanMateo Repair | Broad
SZ_Search_BayArea_ULTRA3000_Broad,Geo SantaClara Repair,sub zero freezer stopped working in santa clara,Broad,39.00,https://appliancepros.netlify.app/subzero/,Enabled,Enabled,Enabled,Geo SantaClara Repair | Broad
SZ_Search_BayArea_ULTRA3000_Broad,Geo Sunnyvale Repair,sub zero freezer stopped working in sunnyvale,Broad,39.00,https://appliancepros.netlify.app/subzero/,Enabled,Enabled,Enabled,Geo Sunnyvale Repair | Broad
SZ_Search_BayArea_ULTRA3000_Broad,Geo UnionCity Repair,sub zero freezer stopped working in union city,Broad,39.00,https://appliancepros.netlify.app/subzero/,Enabled,Enabled,Enabled,Geo UnionCity Repair | Broad
SZ_Search_BayArea_ULTRA3000_Broad,Geo WalnutCreek Repair,sub zero freezer stopped working in walnut creek,Broad,39.00,https://appliancepros.netlify.app/subzero/,Enabled,Enabled,Enabled,Geo WalnutCreek Repair | Broad
SZ_Search_BayArea_ULTRA3000_Broad,Core Brand Service,sub zero freezer support,Broad,33.00,https://appliancepros.netlify.app/subzero/,Enabled,Enabled,Enabled,Core Brand Service | Broad
SZ_Search_BayArea_ULTRA3000_Broad,Core Emergency,sub zero freezer support 24 hour,Broad,46.00,https://appliancepros.netlify.app/subzero/,Enabled,Enabled,Enabled,Core Emergency | Broad
SZ_Search_BayArea_ULTRA3000_Broad,Core Brand Service,sub zero freezer support affordable,Broad,33.00,https://appliancepros.netlify.app/subzero/,Enabled,Enabled,Enabled,Core Brand Service | Broad
SZ_Search_BayArea_ULTRA3000_Broad,Core Brand Service,sub zero freezer support bay area,Broad,33.00,https://appliancepros.netlify.app/subzero/,Enabled,Enabled,Enabled,Core Brand Service | Broad
SZ_Search_BayArea_ULTRA3000_Broad,Core Brand Service,sub zero freezer support best,Broad,33.00,https://appliancepros.netlify.app/subzero/,Enabled,Enabled,Enabled,Core Brand Service | Broad
SZ_Search_BayArea_ULTRA3000_Broad,Core Emergency,sub zero freezer support emergency,Broad,46.00,https://appliancepros.netlify.app/subzero/,Enabled,Enabled,Enabled,Core Emergency | Broad
SZ_Search_BayArea_ULTRA3000_Broad,Core Brand Service,sub zero freezer support fast,Broad,33.00,https://appliancepros.netlify.app/subzero/,Enabled,Enabled,Enabled,Core Brand Service | Broad
SZ_Search_BayArea_ULTRA3000_Broad,Geo Alameda Repair,sub zero freezer support in alameda,Broad,39.00,https://appliancepros.netlify.app/subzero/,Enabled,Enabled,Enabled,Geo Alameda Repair | Broad
SZ_Search_BayArea_ULTRA3000_Broad,Geo Belmont Repair,sub zero freezer support in belmont,Broad,39.00,https://appliancepros.netlify.app/subzero/,Enabled,Enabled,Enabled,Geo Belmont Repair | Broad
SZ_Search_BayArea_ULTRA3000_Broad,Geo Berkeley Repair,sub zero freezer support in berkeley,Broad,39.00,https://appliancepros.netlify.app/subzero/,Enabled,Enabled,Enabled,Geo Berkeley Repair | Broad
SZ_Search_BayArea_ULTRA3000_Broad,Geo Burlingame Repair,sub zero freezer support in burlingame,Broad,39.00,https://appliancepros.netlify.app/subzero/,Enabled,Enabled,Enabled,Geo Burlingame Repair | Broad
SZ_Search_BayArea_ULTRA3000_Broad,Geo Campbell Repair,sub zero freezer support in campbell,Broad,39.00,https://appliancepros.netlify.app/subzero/,Enabled,Enabled,Enabled,Geo Campbell Repair | Broad
SZ_Search_BayArea_ULTRA3000_Broad,Geo CastroValley Repair,sub zero freezer support in castro valley,Broad,39.00,https://appliancepros.netlify.app/subzero/,Enabled,Enabled,Enabled,Geo CastroValley Repair | Broad
SZ_Search_BayArea_ULTRA3000_Broad,Geo Concord Repair,sub zero freezer support in concord,Broad,39.00,https://appliancepros.netlify.app/subzero/,Enabled,Enabled,Enabled,Geo Concord Repair | Broad
SZ_Search_BayArea_ULTRA3000_Broad,Geo Cupertino Repair,sub zero freezer support in cupertino,Broad,39.00,https://appliancepros.netlify.app/subzero/,Enabled,Enabled,Enabled,Geo Cupertino Repair | Broad
SZ_Search_BayArea_ULTRA3000_Broad,Geo DalyCity Repair,sub zero freezer support in daly city,Broad,39.00,https://appliancepros.netlify.app/subzero/,Enabled,Enabled,Enabled,Geo DalyCity Repair | Broad
SZ_Search_BayArea_ULTRA3000_Broad,Geo Emeryville Repair,sub zero freezer support in emeryville,Broad,39.00,https://appliancepros.netlify.app/subzero/,Enabled,Enabled,Enabled,Geo Emeryville Repair | Broad
SZ_Search_BayArea_ULTRA3000_Broad,Geo FosterCity Repair,sub zero freezer support in foster city,Broad,39.00,https://appliancepros.netlify.app/subzero/,Enabled,Enabled,Enabled,Geo FosterCity Repair | Broad
SZ_Search_BayArea_ULTRA3000_Broad,Geo Fremont Repair,sub zero freezer support in fremont,Broad,39.00,https://appliancepros.netlify.app/subzero/,Enabled,Enabled,Enabled,Geo Fremont Repair | Broad
SZ_Search_BayArea_ULTRA3000_Broad,Geo Hayward Repair,sub zero freezer support in hayward,Broad,39.00,https://appliancepros.netlify.app/subzero/,Enabled,Enabled,Enabled,Geo Hayward Repair | Broad
SZ_Search_BayArea_ULTRA3000_Broad,Geo Livermore Repair,sub zero freezer support in livermore,Broad,39.00,https://appliancepros.netlify.app/subzero/,Enabled,Enabled,Enabled,Geo Livermore Repair | Broad
SZ_Search_BayArea_ULTRA3000_Broad,Geo LosAltos Repair,sub zero freezer support in los altos,Broad,39.00,https://appliancepros.netlify.app/subzero/,Enabled,Enabled,Enabled,Geo LosAltos Repair | Broad
SZ_Search_BayArea_ULTRA3000_Broad,Geo LosGatos Repair,sub zero freezer support in los gatos,Broad,39.00,https://appliancepros.netlify.app/subzero/,Enabled,Enabled,Enabled,Geo LosGatos Repair | Broad
SZ_Search_BayArea_ULTRA3000_Broad,Geo MenloPark Repair,sub zero freezer support in menlo park,Broad,39.00,https://appliancepros.netlify.app/subzero/,Enabled,Enabled,Enabled,Geo MenloPark Repair | Broad
SZ_Search_BayArea_ULTRA3000_Broad,Geo Millbrae Repair,sub zero freezer support in millbrae,Broad,39.00,https://appliancepros.netlify.app/subzero/,Enabled,Enabled,Enabled,Geo Millbrae Repair | Broad
SZ_Search_BayArea_ULTRA3000_Broad,Geo Milpitas Repair,sub zero freezer support in milpitas,Broad,39.00,https://appliancepros.netlify.app/subzero/,Enabled,Enabled,Enabled,Geo Milpitas Repair | Broad
SZ_Search_BayArea_ULTRA3000_Broad,Geo MountainView Repair,sub zero freezer support in mountain view,Broad,39.00,https://appliancepros.netlify.app/subzero/,Enabled,Enabled,Enabled,Geo MountainView Repair | Broad
SZ_Search_BayArea_ULTRA3000_Broad,Geo Novato Repair,sub zero freezer support in novato,Broad,39.00,https://appliancepros.netlify.app/subzero/,Enabled,Enabled,Enabled,Geo Novato Repair | Broad
SZ_Search_BayArea_ULTRA3000_Broad,Geo Oakland Repair,sub zero freezer support in oakland,Broad,39.00,https://appliancepros.netlify.app/subzero/,Enabled,Enabled,Enabled,Geo Oakland Repair | Broad
SZ_Search_BayArea_ULTRA3000_Broad,Geo PaloAlto Repair,sub zero freezer support in palo alto,Broad,39.00,https://appliancepros.netlify.app/subzero/,Enabled,Enabled,Enabled,Geo PaloAlto Repair | Broad
SZ_Search_BayArea_ULTRA3000_Broad,Geo Pleasanton Repair,sub zero freezer support in pleasanton,Broad,39.00,https://appliancepros.netlify.app/subzero/,Enabled,Enabled,Enabled,Geo Pleasanton Repair | Broad
SZ_Search_BayArea_ULTRA3000_Broad,Geo RedwoodCity Repair,sub zero freezer support in redwood city,Broad,39.00,https://appliancepros.netlify.app/subzero/,Enabled,Enabled,Enabled,Geo RedwoodCity Repair | Broad
SZ_Search_BayArea_ULTRA3000_Broad,Geo Richmond Repair,sub zero freezer support in richmond,Broad,39.00,https://appliancepros.netlify.app/subzero/,Enabled,Enabled,Enabled,Geo Richmond Repair | Broad
SZ_Search_BayArea_ULTRA3000_Broad,Geo SanBruno Repair,sub zero freezer support in san bruno,Broad,39.00,https://appliancepros.netlify.app/subzero/,Enabled,Enabled,Enabled,Geo SanBruno Repair | Broad
SZ_Search_BayArea_ULTRA3000_Broad,Geo SanFrancisco Repair,sub zero freezer support in san francisco,Broad,39.00,https://appliancepros.netlify.app/subzero/,Enabled,Enabled,Enabled,Geo SanFrancisco Repair | Broad
SZ_Search_BayArea_ULTRA3000_Broad,Geo SanJose Repair,sub zero freezer support in san jose,Broad,39.00,https://appliancepros.netlify.app/subzero/,Enabled,Enabled,Enabled,Geo SanJose Repair | Broad
SZ_Search_BayArea_ULTRA3000_Broad,Geo SanLeandro Repair,sub zero freezer support in san leandro,Broad,39.00,https://appliancepros.netlify.app/subzero/,Enabled,Enabled,Enabled,Geo SanLeandro Repair | Broad
SZ_Search_BayArea_ULTRA3000_Broad,Geo SanMateo Repair,sub zero freezer support in san mateo,Broad,39.00,https://appliancepros.netlify.app/subzero/,Enabled,Enabled,Enabled,Geo SanMateo Repair | Broad
SZ_Search_BayArea_ULTRA3000_Broad,Geo SanRafael Repair,sub zero freezer support in san rafael,Broad,39.00,https://appliancepros.netlify.app/subzero/,Enabled,Enabled,Enabled,Geo SanRafael Repair | Broad
SZ_Search_BayArea_ULTRA3000_Broad,Geo SantaClara Repair,sub zero freezer support in santa clara,Broad,39.00,https://appliancepros.netlify.app/subzero/,Enabled,Enabled,Enabled,Geo SantaClara Repair | Broad
SZ_Search_BayArea_ULTRA3000_Broad,Geo Sunnyvale Repair,sub zero freezer support in sunnyvale,Broad,39.00,https://appliancepros.netlify.app/subzero/,Enabled,Enabled,Enabled,Geo Sunnyvale Repair | Broad
SZ_Search_BayArea_ULTRA3000_Broad,Geo UnionCity Repair,sub zero freezer support in union city,Broad,39.00,https://appliancepros.netlify.app/subzero/,Enabled,Enabled,Enabled,Geo UnionCity Repair | Broad
SZ_Search_BayArea_ULTRA3000_Broad,Geo WalnutCreek Repair,sub zero freezer support in walnut creek,Broad,39.00,https://appliancepros.netlify.app/subzero/,Enabled,Enabled,Enabled,Geo WalnutCreek Repair | Broad
SZ_Search_BayArea_ULTRA3000_Broad,Core Brand Service,sub zero freezer support local,Broad,33.00,https://appliancepros.netlify.app/subzero/,Enabled,Enabled,Enabled,Core Brand Service | Broad
SZ_Search_BayArea_ULTRA3000_Broad,Core Near Me,sub zero freezer support near me,Broad,42.00,https://appliancepros.netlify.app/subzero/,Enabled,Enabled,Enabled,Core Near Me | Broad
SZ_Search_BayArea_ULTRA3000_Broad,Core Emergency,sub zero freezer support same day,Broad,46.00,https://appliancepros.netlify.app/subzero/,Enabled,Enabled,Enabled,Core Emergency | Broad
SZ_Search_BayArea_ULTRA3000_Broad,Core Emergency,sub zero freezer support today,Broad,46.00,https://appliancepros.netlify.app/subzero/,Enabled,Enabled,Enabled,Core Emergency | Broad
SZ_Search_BayArea_ULTRA3000_Broad,Core Brand Service,sub zero freezer support trusted,Broad,33.00,https://appliancepros.netlify.app/subzero/,Enabled,Enabled,Enabled,Core Brand Service | Broad
SZ_Search_BayArea_ULTRA3000_Broad,Core Emergency,sub zero freezer technician 24 hour,Broad,46.00,https://appliancepros.netlify.app/subzero/,Enabled,Enabled,Enabled,Core Emergency | Broad
SZ_Search_BayArea_ULTRA3000_Broad,Core Technician,sub zero freezer technician affordable,Broad,35.00,https://appliancepros.netlify.app/subzero/,Enabled,Enabled,Enabled,Core Technician | Broad
SZ_Search_BayArea_ULTRA3000_Broad,Core Technician,sub zero freezer technician bay area,Broad,35.00,https://appliancepros.netlify.app/subzero/,Enabled,Enabled,Enabled,Core Technician | Broad
SZ_Search_BayArea_ULTRA3000_Broad,Core Technician,sub zero freezer technician best,Broad,35.00,https://appliancepros.netlify.app/subzero/,Enabled,Enabled,Enabled,Core Technician | Broad
SZ_Search_BayArea_ULTRA3000_Broad,Core Emergency,sub zero freezer technician emergency,Broad,46.00,https://appliancepros.netlify.app/subzero/,Enabled,Enabled,Enabled,Core Emergency | Broad
SZ_Search_BayArea_ULTRA3000_Broad,Core Technician,sub zero freezer technician fast,Broad,35.00,https://appliancepros.netlify.app/subzero/,Enabled,Enabled,Enabled,Core Technician | Broad
SZ_Search_BayArea_ULTRA3000_Broad,Geo Alameda Repair,sub zero freezer technician in alameda,Broad,39.00,https://appliancepros.netlify.app/subzero/,Enabled,Enabled,Enabled,Geo Alameda Repair | Broad
SZ_Search_BayArea_ULTRA3000_Broad,Geo Belmont Repair,sub zero freezer technician in belmont,Broad,39.00,https://appliancepros.netlify.app/subzero/,Enabled,Enabled,Enabled,Geo Belmont Repair | Broad
SZ_Search_BayArea_ULTRA3000_Broad,Geo Berkeley Repair,sub zero freezer technician in berkeley,Broad,39.00,https://appliancepros.netlify.app/subzero/,Enabled,Enabled,Enabled,Geo Berkeley Repair | Broad
SZ_Search_BayArea_ULTRA3000_Broad,Geo Burlingame Repair,sub zero freezer technician in burlingame,Broad,39.00,https://appliancepros.netlify.app/subzero/,Enabled,Enabled,Enabled,Geo Burlingame Repair | Broad
SZ_Search_BayArea_ULTRA3000_Broad,Geo Campbell Repair,sub zero freezer technician in campbell,Broad,39.00,https://appliancepros.netlify.app/subzero/,Enabled,Enabled,Enabled,Geo Campbell Repair | Broad
SZ_Search_BayArea_ULTRA3000_Broad,Geo CastroValley Repair,sub zero freezer technician in castro valley,Broad,39.00,https://appliancepros.netlify.app/subzero/,Enabled,Enabled,Enabled,Geo CastroValley Repair | Broad
SZ_Search_BayArea_ULTRA3000_Broad,Geo Concord Repair,sub zero freezer technician in concord,Broad,39.00,https://appliancepros.netlify.app/subzero/,Enabled,Enabled,Enabled,Geo Concord Repair | Broad
SZ_Search_BayArea_ULTRA3000_Broad,Geo Cupertino Repair,sub zero freezer technician in cupertino,Broad,39.00,https://appliancepros.netlify.app/subzero/,Enabled,Enabled,Enabled,Geo Cupertino Repair | Broad
SZ_Search_BayArea_ULTRA3000_Broad,Geo DalyCity Repair,sub zero freezer technician in daly city,Broad,39.00,https://appliancepros.netlify.app/subzero/,Enabled,Enabled,Enabled,Geo DalyCity Repair | Broad
SZ_Search_BayArea_ULTRA3000_Broad,Geo Emeryville Repair,sub zero freezer technician in emeryville,Broad,39.00,https://appliancepros.netlify.app/subzero/,Enabled,Enabled,Enabled,Geo Emeryville Repair | Broad
SZ_Search_BayArea_ULTRA3000_Broad,Geo FosterCity Repair,sub zero freezer technician in foster city,Broad,39.00,https://appliancepros.netlify.app/subzero/,Enabled,Enabled,Enabled,Geo FosterCity Repair | Broad
SZ_Search_BayArea_ULTRA3000_Broad,Geo Fremont Repair,sub zero freezer technician in fremont,Broad,39.00,https://appliancepros.netlify.app/subzero/,Enabled,Enabled,Enabled,Geo Fremont Repair | Broad
SZ_Search_BayArea_ULTRA3000_Broad,Geo Hayward Repair,sub zero freezer technician in hayward,Broad,39.00,https://appliancepros.netlify.app/subzero/,Enabled,Enabled,Enabled,Geo Hayward Repair | Broad
SZ_Search_BayArea_ULTRA3000_Broad,Geo Livermore Repair,sub zero freezer technician in livermore,Broad,39.00,https://appliancepros.netlify.app/subzero/,Enabled,Enabled,Enabled,Geo Livermore Repair | Broad
SZ_Search_BayArea_ULTRA3000_Broad,Geo LosAltos Repair,sub zero freezer technician in los altos,Broad,39.00,https://appliancepros.netlify.app/subzero/,Enabled,Enabled,Enabled,Geo LosAltos Repair | Broad
SZ_Search_BayArea_ULTRA3000_Broad,Geo LosGatos Repair,sub zero freezer technician in los gatos,Broad,39.00,https://appliancepros.netlify.app/subzero/,Enabled,Enabled,Enabled,Geo LosGatos Repair | Broad
SZ_Search_BayArea_ULTRA3000_Broad,Geo MenloPark Repair,sub zero freezer technician in menlo park,Broad,39.00,https://appliancepros.netlify.app/subzero/,Enabled,Enabled,Enabled,Geo MenloPark Repair | Broad
SZ_Search_BayArea_ULTRA3000_Broad,Geo Millbrae Repair,sub zero freezer technician in millbrae,Broad,39.00,https://appliancepros.netlify.app/subzero/,Enabled,Enabled,Enabled,Geo Millbrae Repair | Broad
SZ_Search_BayArea_ULTRA3000_Broad,Geo Milpitas Repair,sub zero freezer technician in milpitas,Broad,39.00,https://appliancepros.netlify.app/subzero/,Enabled,Enabled,Enabled,Geo Milpitas Repair | Broad
SZ_Search_BayArea_ULTRA3000_Broad,Geo MountainView Repair,sub zero freezer technician in mountain view,Broad,39.00,https://appliancepros.netlify.app/subzero/,Enabled,Enabled,Enabled,Geo MountainView Repair | Broad
SZ_Search_BayArea_ULTRA3000_Broad,Geo Novato Repair,sub zero freezer technician in novato,Broad,39.00,https://appliancepros.netlify.app/subzero/,Enabled,Enabled,Enabled,Geo Novato Repair | Broad
SZ_Search_BayArea_ULTRA3000_Broad,Geo Oakland Repair,sub zero freezer technician in oakland,Broad,39.00,https://appliancepros.netlify.app/subzero/,Enabled,Enabled,Enabled,Geo Oakland Repair | Broad
SZ_Search_BayArea_ULTRA3000_Broad,Geo PaloAlto Repair,sub zero freezer technician in palo alto,Broad,39.00,https://appliancepros.netlify.app/subzero/,Enabled,Enabled,Enabled,Geo PaloAlto Repair | Broad
SZ_Search_BayArea_ULTRA3000_Broad,Geo Pleasanton Repair,sub zero freezer technician in pleasanton,Broad,39.00,https://appliancepros.netlify.app/subzero/,Enabled,Enabled,Enabled,Geo Pleasanton Repair | Broad
SZ_Search_BayArea_ULTRA3000_Broad,Geo RedwoodCity Repair,sub zero freezer technician in redwood city,Broad,39.00,https://appliancepros.netlify.app/subzero/,Enabled,Enabled,Enabled,Geo RedwoodCity Repair | Broad
SZ_Search_BayArea_ULTRA3000_Broad,Geo Richmond Repair,sub zero freezer technician in richmond,Broad,39.00,https://appliancepros.netlify.app/subzero/,Enabled,Enabled,Enabled,Geo Richmond Repair | Broad
SZ_Search_BayArea_ULTRA3000_Broad,Geo SanBruno Repair,sub zero freezer technician in san bruno,Broad,39.00,https://appliancepros.netlify.app/subzero/,Enabled,Enabled,Enabled,Geo SanBruno Repair | Broad
SZ_Search_BayArea_ULTRA3000_Broad,Geo SanFrancisco Repair,sub zero freezer technician in san francisco,Broad,39.00,https://appliancepros.netlify.app/subzero/,Enabled,Enabled,Enabled,Geo SanFrancisco Repair | Broad
SZ_Search_BayArea_ULTRA3000_Broad,Geo SanJose Repair,sub zero freezer technician in san jose,Broad,39.00,https://appliancepros.netlify.app/subzero/,Enabled,Enabled,Enabled,Geo SanJose Repair | Broad
SZ_Search_BayArea_ULTRA3000_Broad,Geo SanLeandro Repair,sub zero freezer technician in san leandro,Broad,39.00,https://appliancepros.netlify.app/subzero/,Enabled,Enabled,Enabled,Geo SanLeandro Repair | Broad
SZ_Search_BayArea_ULTRA3000_Broad,Geo SanMateo Repair,sub zero freezer technician in san mateo,Broad,39.00,https://appliancepros.netlify.app/subzero/,Enabled,Enabled,Enabled,Geo SanMateo Repair | Broad
SZ_Search_BayArea_ULTRA3000_Broad,Geo SanRafael Repair,sub zero freezer technician in san rafael,Broad,39.00,https://appliancepros.netlify.app/subzero/,Enabled,Enabled,Enabled,Geo SanRafael Repair | Broad
SZ_Search_BayArea_ULTRA3000_Broad,Geo SantaClara Repair,sub zero freezer technician in santa clara,Broad,39.00,https://appliancepros.netlify.app/subzero/,Enabled,Enabled,Enabled,Geo SantaClara Repair | Broad
SZ_Search_BayArea_ULTRA3000_Broad,Geo Sunnyvale Repair,sub zero freezer technician in sunnyvale,Broad,39.00,https://appliancepros.netlify.app/subzero/,Enabled,Enabled,Enabled,Geo Sunnyvale Repair | Broad
SZ_Search_BayArea_ULTRA3000_Broad,Geo UnionCity Repair,sub zero freezer technician in union city,Broad,39.00,https://appliancepros.netlify.app/subzero/,Enabled,Enabled,Enabled,Geo UnionCity Repair | Broad
SZ_Search_BayArea_ULTRA3000_Broad,Geo WalnutCreek Repair,sub zero freezer technician in walnut creek,Broad,39.00,https://appliancepros.netlify.app/subzero/,Enabled,Enabled,Enabled,Geo WalnutCreek Repair | Broad
SZ_Search_BayArea_ULTRA3000_Broad,Core Technician,sub zero freezer technician local,Broad,35.00,https://appliancepros.netlify.app/subzero/,Enabled,Enabled,Enabled,Core Technician | Broad
SZ_Search_BayArea_ULTRA3000_Broad,Core Near Me,sub zero freezer technician near me,Broad,42.00,https://appliancepros.netlify.app/subzero/,Enabled,Enabled,Enabled,Core Near Me | Broad
SZ_Search_BayArea_ULTRA3000_Broad,Core Emergency,sub zero freezer technician same day,Broad,46.00,https://appliancepros.netlify.app/subzero/,Enabled,Enabled,Enabled,Core Emergency | Broad
SZ_Search_BayArea_ULTRA3000_Broad,Core Emergency,sub zero freezer technician today,Broad,46.00,https://appliancepros.netlify.app/subzero/,Enabled,Enabled,Enabled,Core Emergency | Broad
SZ_Search_BayArea_ULTRA3000_Broad,Core Technician,sub zero freezer technician trusted,Broad,35.00,https://appliancepros.netlify.app/subzero/,Enabled,Enabled,Enabled,Core Technician | Broad
SZ_Search_BayArea_ULTRA3000_Broad,Temperature Issues,sub zero freezer temperature control issue,Broad,35.00,https://appliancepros.netlify.app/subzero/,Enabled,Enabled,Enabled,Temperature Issues | Broad
SZ_Search_BayArea_ULTRA3000_Broad,Geo Alameda Repair,sub zero freezer temperature control issue in alameda,Broad,39.00,https://appliancepros.netlify.app/subzero/,Enabled,Enabled,Enabled,Geo Alameda Repair | Broad
SZ_Search_BayArea_ULTRA3000_Broad,Geo Berkeley Repair,sub zero freezer temperature control issue in berkeley,Broad,39.00,https://appliancepros.netlify.app/subzero/,Enabled,Enabled,Enabled,Geo Berkeley Repair | Broad
SZ_Search_BayArea_ULTRA3000_Broad,Geo Cupertino Repair,sub zero freezer temperature control issue in cupertino,Broad,39.00,https://appliancepros.netlify.app/subzero/,Enabled,Enabled,Enabled,Geo Cupertino Repair | Broad
SZ_Search_BayArea_ULTRA3000_Broad,Geo Fremont Repair,sub zero freezer temperature control issue in fremont,Broad,39.00,https://appliancepros.netlify.app/subzero/,Enabled,Enabled,Enabled,Geo Fremont Repair | Broad
SZ_Search_BayArea_ULTRA3000_Broad,Geo Hayward Repair,sub zero freezer temperature control issue in hayward,Broad,39.00,https://appliancepros.netlify.app/subzero/,Enabled,Enabled,Enabled,Geo Hayward Repair | Broad
SZ_Search_BayArea_ULTRA3000_Broad,Geo MountainView Repair,sub zero freezer temperature control issue in mountain view,Broad,39.00,https://appliancepros.netlify.app/subzero/,Enabled,Enabled,Enabled,Geo MountainView Repair | Broad
SZ_Search_BayArea_ULTRA3000_Broad,Geo Oakland Repair,sub zero freezer temperature control issue in oakland,Broad,39.00,https://appliancepros.netlify.app/subzero/,Enabled,Enabled,Enabled,Geo Oakland Repair | Broad
SZ_Search_BayArea_ULTRA3000_Broad,Geo PaloAlto Repair,sub zero freezer temperature control issue in palo alto,Broad,39.00,https://appliancepros.netlify.app/subzero/,Enabled,Enabled,Enabled,Geo PaloAlto Repair | Broad
SZ_Search_BayArea_ULTRA3000_Broad,Geo Pleasanton Repair,sub zero freezer temperature control issue in pleasanton,Broad,39.00,https://appliancepros.netlify.app/subzero/,Enabled,Enabled,Enabled,Geo Pleasanton Repair | Broad
SZ_Search_BayArea_ULTRA3000_Broad,Geo RedwoodCity Repair,sub zero freezer temperature control issue in redwood city,Broad,39.00,https://appliancepros.netlify.app/subzero/,Enabled,Enabled,Enabled,Geo RedwoodCity Repair | Broad
SZ_Search_BayArea_ULTRA3000_Broad,Geo SanFrancisco Repair,sub zero freezer temperature control issue in san francisco,Broad,39.00,https://appliancepros.netlify.app/subzero/,Enabled,Enabled,Enabled,Geo SanFrancisco Repair | Broad
SZ_Search_BayArea_ULTRA3000_Broad,Geo SanJose Repair,sub zero freezer temperature control issue in san jose,Broad,39.00,https://appliancepros.netlify.app/subzero/,Enabled,Enabled,Enabled,Geo SanJose Repair | Broad
SZ_Search_BayArea_ULTRA3000_Broad,Geo SanLeandro Repair,sub zero freezer temperature control issue in san leandro,Broad,39.00,https://appliancepros.netlify.app/subzero/,Enabled,Enabled,Enabled,Geo SanLeandro Repair | Broad
SZ_Search_BayArea_ULTRA3000_Broad,Geo SanMateo Repair,sub zero freezer temperature control issue in san mateo,Broad,39.00,https://appliancepros.netlify.app/subzero/,Enabled,Enabled,Enabled,Geo SanMateo Repair | Broad
SZ_Search_BayArea_ULTRA3000_Broad,Geo SantaClara Repair,sub zero freezer temperature control issue in santa clara,Broad,39.00,https://appliancepros.netlify.app/subzero/,Enabled,Enabled,Enabled,Geo SantaClara Repair | Broad
SZ_Search_BayArea_ULTRA3000_Broad,Geo Sunnyvale Repair,sub zero freezer temperature control issue in sunnyvale,Broad,39.00,https://appliancepros.netlify.app/subzero/,Enabled,Enabled,Enabled,Geo Sunnyvale Repair | Broad
SZ_Search_BayArea_ULTRA3000_Broad,Geo UnionCity Repair,sub zero freezer temperature control issue in union city,Broad,39.00,https://appliancepros.netlify.app/subzero/,Enabled,Enabled,Enabled,Geo UnionCity Repair | Broad
SZ_Search_BayArea_ULTRA3000_Broad,Geo WalnutCreek Repair,sub zero freezer temperature control issue in walnut creek,Broad,39.00,https://appliancepros.netlify.app/subzero/,Enabled,Enabled,Enabled,Geo WalnutCreek Repair | Broad
SZ_Search_BayArea_ULTRA3000_Broad,Temperature Issues,sub zero freezer temperature problem,Broad,35.00,https://appliancepros.netlify.app/subzero/,Enabled,Enabled,Enabled,Temperature Issues | Broad
SZ_Search_BayArea_ULTRA3000_Broad,Geo Alameda Repair,sub zero freezer temperature problem in alameda,Broad,39.00,https://appliancepros.netlify.app/subzero/,Enabled,Enabled,Enabled,Geo Alameda Repair | Broad
SZ_Search_BayArea_ULTRA3000_Broad,Geo Berkeley Repair,sub zero freezer temperature problem in berkeley,Broad,39.00,https://appliancepros.netlify.app/subzero/,Enabled,Enabled,Enabled,Geo Berkeley Repair | Broad
SZ_Search_BayArea_ULTRA3000_Broad,Geo Cupertino Repair,sub zero freezer temperature problem in cupertino,Broad,39.00,https://appliancepros.netlify.app/subzero/,Enabled,Enabled,Enabled,Geo Cupertino Repair | Broad
SZ_Search_BayArea_ULTRA3000_Broad,Geo Fremont Repair,sub zero freezer temperature problem in fremont,Broad,39.00,https://appliancepros.netlify.app/subzero/,Enabled,Enabled,Enabled,Geo Fremont Repair | Broad
SZ_Search_BayArea_ULTRA3000_Broad,Geo Hayward Repair,sub zero freezer temperature problem in hayward,Broad,39.00,https://appliancepros.netlify.app/subzero/,Enabled,Enabled,Enabled,Geo Hayward Repair | Broad
SZ_Search_BayArea_ULTRA3000_Broad,Geo MountainView Repair,sub zero freezer temperature problem in mountain view,Broad,39.00,https://appliancepros.netlify.app/subzero/,Enabled,Enabled,Enabled,Geo MountainView Repair | Broad
SZ_Search_BayArea_ULTRA3000_Broad,Geo Oakland Repair,sub zero freezer temperature problem in oakland,Broad,39.00,https://appliancepros.netlify.app/subzero/,Enabled,Enabled,Enabled,Geo Oakland Repair | Broad
SZ_Search_BayArea_ULTRA3000_Broad,Geo PaloAlto Repair,sub zero freezer temperature problem in palo alto,Broad,39.00,https://appliancepros.netlify.app/subzero/,Enabled,Enabled,Enabled,Geo PaloAlto Repair | Broad
SZ_Search_BayArea_ULTRA3000_Broad,Geo Pleasanton Repair,sub zero freezer temperature problem in pleasanton,Broad,39.00,https://appliancepros.netlify.app/subzero/,Enabled,Enabled,Enabled,Geo Pleasanton Repair | Broad
SZ_Search_BayArea_ULTRA3000_Broad,Geo RedwoodCity Repair,sub zero freezer temperature problem in redwood city,Broad,39.00,https://appliancepros.netlify.app/subzero/,Enabled,Enabled,Enabled,Geo RedwoodCity Repair | Broad
SZ_Search_BayArea_ULTRA3000_Broad,Geo SanFrancisco Repair,sub zero freezer temperature problem in san francisco,Broad,39.00,https://appliancepros.netlify.app/subzero/,Enabled,Enabled,Enabled,Geo SanFrancisco Repair | Broad
SZ_Search_BayArea_ULTRA3000_Broad,Geo SanJose Repair,sub zero freezer temperature problem in san jose,Broad,39.00,https://appliancepros.netlify.app/subzero/,Enabled,Enabled,Enabled,Geo SanJose Repair | Broad
SZ_Search_BayArea_ULTRA3000_Broad,Geo SanLeandro Repair,sub zero freezer temperature problem in san leandro,Broad,39.00,https://appliancepros.netlify.app/subzero/,Enabled,Enabled,Enabled,Geo SanLeandro Repair | Broad
SZ_Search_BayArea_ULTRA3000_Broad,Geo SanMateo Repair,sub zero freezer temperature problem in san mateo,Broad,39.00,https://appliancepros.netlify.app/subzero/,Enabled,Enabled,Enabled,Geo SanMateo Repair | Broad
SZ_Search_BayArea_ULTRA3000_Broad,Geo SantaClara Repair,sub zero freezer temperature problem in santa clara,Broad,39.00,https://appliancepros.netlify.app/subzero/,Enabled,Enabled,Enabled,Geo SantaClara Repair | Broad
SZ_Search_BayArea_ULTRA3000_Broad,Geo Sunnyvale Repair,sub zero freezer temperature problem in sunnyvale,Broad,39.00,https://appliancepros.netlify.app/subzero/,Enabled,Enabled,Enabled,Geo Sunnyvale Repair | Broad
SZ_Search_BayArea_ULTRA3000_Broad,Geo UnionCity Repair,sub zero freezer temperature problem in union city,Broad,39.00,https://appliancepros.netlify.app/subzero/,Enabled,Enabled,Enabled,Geo UnionCity Repair | Broad
SZ_Search_BayArea_ULTRA3000_Broad,Geo WalnutCreek Repair,sub zero freezer temperature problem in walnut creek,Broad,39.00,https://appliancepros.netlify.app/subzero/,Enabled,Enabled,Enabled,Geo WalnutCreek Repair | Broad
SZ_Search_BayArea_ULTRA3000_Broad,Geo Alameda Repair,sub zero freezer water dispenser not working in alameda,Broad,39.00,https://appliancepros.netlify.app/subzero/,Enabled,Enabled,Enabled,Geo Alameda Repair | Broad
SZ_Search_BayArea_ULTRA3000_Broad,Geo Berkeley Repair,sub zero freezer water dispenser not working in berkeley,Broad,39.00,https://appliancepros.netlify.app/subzero/,Enabled,Enabled,Enabled,Geo Berkeley Repair | Broad
SZ_Search_BayArea_ULTRA3000_Broad,Geo Cupertino Repair,sub zero freezer water dispenser not working in cupertino,Broad,39.00,https://appliancepros.netlify.app/subzero/,Enabled,Enabled,Enabled,Geo Cupertino Repair | Broad
SZ_Search_BayArea_ULTRA3000_Broad,Geo Fremont Repair,sub zero freezer water dispenser not working in fremont,Broad,39.00,https://appliancepros.netlify.app/subzero/,Enabled,Enabled,Enabled,Geo Fremont Repair | Broad
SZ_Search_BayArea_ULTRA3000_Broad,Geo Hayward Repair,sub zero freezer water dispenser not working in hayward,Broad,39.00,https://appliancepros.netlify.app/subzero/,Enabled,Enabled,Enabled,Geo Hayward Repair | Broad
SZ_Search_BayArea_ULTRA3000_Broad,Geo MountainView Repair,sub zero freezer water dispenser not working in mountain view,Broad,39.00,https://appliancepros.netlify.app/subzero/,Enabled,Enabled,Enabled,Geo MountainView Repair | Broad
SZ_Search_BayArea_ULTRA3000_Broad,Geo Oakland Repair,sub zero freezer water dispenser not working in oakland,Broad,39.00,https://appliancepros.netlify.app/subzero/,Enabled,Enabled,Enabled,Geo Oakland Repair | Broad
SZ_Search_BayArea_ULTRA3000_Broad,Geo PaloAlto Repair,sub zero freezer water dispenser not working in palo alto,Broad,39.00,https://appliancepros.netlify.app/subzero/,Enabled,Enabled,Enabled,Geo PaloAlto Repair | Broad
SZ_Search_BayArea_ULTRA3000_Broad,Geo Pleasanton Repair,sub zero freezer water dispenser not working in pleasanton,Broad,39.00,https://appliancepros.netlify.app/subzero/,Enabled,Enabled,Enabled,Geo Pleasanton Repair | Broad
SZ_Search_BayArea_ULTRA3000_Broad,Geo RedwoodCity Repair,sub zero freezer water dispenser not working in redwood city,Broad,39.00,https://appliancepros.netlify.app/subzero/,Enabled,Enabled,Enabled,Geo RedwoodCity Repair | Broad
SZ_Search_BayArea_ULTRA3000_Broad,Geo SanFrancisco Repair,sub zero freezer water dispenser not working in san francisco,Broad,39.00,https://appliancepros.netlify.app/subzero/,Enabled,Enabled,Enabled,Geo SanFrancisco Repair | Broad
SZ_Search_BayArea_ULTRA3000_Broad,Geo SanJose Repair,sub zero freezer water dispenser not working in san jose,Broad,39.00,https://appliancepros.netlify.app/subzero/,Enabled,Enabled,Enabled,Geo SanJose Repair | Broad
SZ_Search_BayArea_ULTRA3000_Broad,Geo SanLeandro Repair,sub zero freezer water dispenser not working in san leandro,Broad,39.00,https://appliancepros.netlify.app/subzero/,Enabled,Enabled,Enabled,Geo SanLeandro Repair | Broad
SZ_Search_BayArea_ULTRA3000_Broad,Geo SanMateo Repair,sub zero freezer water dispenser not working in san mateo,Broad,39.00,https://appliancepros.netlify.app/subzero/,Enabled,Enabled,Enabled,Geo SanMateo Repair | Broad
SZ_Search_BayArea_ULTRA3000_Broad,Geo SantaClara Repair,sub zero freezer water dispenser not working in santa clara,Broad,39.00,https://appliancepros.netlify.app/subzero/,Enabled,Enabled,Enabled,Geo SantaClara Repair | Broad
SZ_Search_BayArea_ULTRA3000_Broad,Geo Sunnyvale Repair,sub zero freezer water dispenser not working in sunnyvale,Broad,39.00,https://appliancepros.netlify.app/subzero/,Enabled,Enabled,Enabled,Geo Sunnyvale Repair | Broad
SZ_Search_BayArea_ULTRA3000_Broad,Geo UnionCity Repair,sub zero freezer water dispenser not working in union city,Broad,39.00,https://appliancepros.netlify.app/subzero/,Enabled,Enabled,Enabled,Geo UnionCity Repair | Broad
SZ_Search_BayArea_ULTRA3000_Broad,Geo WalnutCreek Repair,sub zero freezer water dispenser not working in walnut creek,Broad,39.00,https://appliancepros.netlify.app/subzero/,Enabled,Enabled,Enabled,Geo WalnutCreek Repair | Broad
SZ_Search_BayArea_ULTRA3000_Broad,Water Leak Repair,sub zero freezer water leak,Broad,40.00,https://appliancepros.netlify.app/subzero/,Enabled,Enabled,Enabled,Water Leak Repair | Broad
SZ_Search_BayArea_ULTRA3000_Broad,Geo Alameda Repair,sub zero freezer water leak in alameda,Broad,39.00,https://appliancepros.netlify.app/subzero/,Enabled,Enabled,Enabled,Geo Alameda Repair | Broad
SZ_Search_BayArea_ULTRA3000_Broad,Geo Berkeley Repair,sub zero freezer water leak in berkeley,Broad,39.00,https://appliancepros.netlify.app/subzero/,Enabled,Enabled,Enabled,Geo Berkeley Repair | Broad
SZ_Search_BayArea_ULTRA3000_Broad,Geo Cupertino Repair,sub zero freezer water leak in cupertino,Broad,39.00,https://appliancepros.netlify.app/subzero/,Enabled,Enabled,Enabled,Geo Cupertino Repair | Broad
SZ_Search_BayArea_ULTRA3000_Broad,Geo Fremont Repair,sub zero freezer water leak in fremont,Broad,39.00,https://appliancepros.netlify.app/subzero/,Enabled,Enabled,Enabled,Geo Fremont Repair | Broad
SZ_Search_BayArea_ULTRA3000_Broad,Core Brand Service,subzero service,Broad,33.00,https://appliancepros.netlify.app/subzero/,Enabled,Enabled,Enabled,Core Brand Service | Broad
SZ_Search_BayArea_ULTRA3000_Broad,Core Maintenance,sub zero maintence,Broad,33.00,https://appliancepros.netlify.app/subzero/,Enabled,Enabled,Enabled,Core Maintenance | Broad
