Campaign,Ad Group,Ad type,Labels,Headline 1,Headline 1 position,Headline 2,Headline 2 position,Headline 3,Headline 3 position,Headline 4,Headline 4 position,Headline 5,Headline 5 position,Headline 6,Headline 6 position,Headline 7,Headline 7 position,Headline 8,Headline 8 position,Headline 9,Headline 9 position,Headline 10,Headline 10 position,Headline 11,Headline 11 position,Headline 12,Headline 12 position,Headline 13,Headline 13 position,Headline 14,Headline 14 position,Headline 15,Headline 15 position,Description 1,Description 1 position,Description 2,Description 2 position,Description 3,Description 3 position,Description 4,Description 4 position,Path 1,Path 2,Final URL,Final mobile URL,Tracking template,Final URL suffix,Custom parameters,Campaign Status,Ad Group Status,Status,Approval Status,Ad strength,Comment
SZ_Search_BayArea_ULTRA3000_Broad,Core Brand Repair,Responsive search ad,ultra3000_primary,Sub-Zero Repair Service,,Reliable Local Repair Team,,Experienced Appliance Techs,,Sub-Zero Service You Trust,,Book Service In 60 Seconds,,Local Sub-Zero Technicians,,Same-Day Slots Available,,Clear Quote After Diagnosis,,Warranty On Completed Repair,,Bay Area Home Visits,,Call Or Book Online,,No Repair Without Approval,,Fast In-Home Diagnostics,,Flexible Arrival Windows,,Trusted Appliance Pros Team,,Book Sub-Zero service in under a minute and choose a convenient Bay Area arrival window.,,"Our technician diagnoses first, explains options clearly, and repairs only with approval.",,"We fix not cooling, ice, leak, door, and freezer issues across Bay Area homes.",,Call now or book online for same-day or next-day Sub-Zero service.,,sub-zero,core-brand-repa,https://appliancepros.netlify.app/subzero/,,,,,Enabled,Enabled,Enabled,,,Primary trust-focused RSA
SZ_Search_BayArea_ULTRA3000_Broad,Core Brand Repair,Responsive search ad,ultra3000_urgency_test,Sub-Zero Repair Service,,Need Help Today? Book Now,,Emergency Slots Open Now,,Technician Arrives Same Day,,Book Service In 60 Seconds,,Local Sub-Zero Technicians,,Same-Day Slots Available,,Clear Quote After Diagnosis,,Warranty On Completed Repair,,Bay Area Home Visits,,Call Or Book Online,,No Repair Without Approval,,Fast In-Home Diagnostics,,Flexible Arrival Windows,,Trusted Appliance Pros Team,,Need fast help? Request same-day Sub-Zero service and get a confirmed arrival window.,,"Local tech visits fast, diagnoses quickly, and starts repair after your approval.",,"Urgent refrigerator, freezer, ice maker, and leak issues handled across Bay Area.",,Book online in 60 seconds or call now to secure the next open slot.,,sub-zero,core-brand-repa,https://appliancepros.netlify.app/subzero/,,,,,Enabled,Enabled,Enabled,,,Urgency angle RSA test
SZ_Search_BayArea_ULTRA3000_Broad,Core Brand Repair,Responsive search ad,ultra3000_price_test,Sub-Zero Repair Service,,"Upfront Pricing, No Surprises",,Diagnosis Before Any Repair,,Approve Repair Before Work,,Book Service In 60 Seconds,,Local Sub-Zero Technicians,,Same-Day Slots Available,,Clear Quote After Diagnosis,,Warranty On Completed Repair,,Bay Area Home Visits,,Call Or Book Online,,No Repair Without Approval,,Fast In-Home Diagnostics,,Flexible Arrival Windows,,Trusted Appliance Pros Team,,"Transparent process: diagnosis first, clear quote second, repair only with approval.",,No hidden charges. You get upfront pricing and warranty on completed repair work.,,Compare options after diagnosis and choose what fits your budget and urgency.,,Schedule Sub-Zero service today and get a clear quote before any repair begins.,,sub-zero,core-brand-repa,https://appliancepros.netlify.app/subzero/,,,,,Enabled,Enabled,Enabled,,,Price clarity RSA test
SZ_Search_BayArea_ULTRA3000_Broad,Core Brand Service,Responsive search ad,ultra3000_primary,Sub-Zero Service Near You,,Reliable Local Repair Team,,Experienced Appliance Techs,,Sub-Zero Service You Trust,,Book Service In 60 Seconds,,Local Sub-Zero Technicians,,Same-Day Slots Available,,Clear Quote After Diagnosis,,Warranty On Completed Repair,,Bay Area Home Visits,,Call Or Book Online,,No Repair Without Approval,,Fast In-Home Diagnostics,,Flexible Arrival Windows,,Trusted Appliance Pros Team,,Book Sub-Zero service in under a minute and choose a convenient Bay Area arrival window.,,"Our technician diagnoses first, explains options clearly, and repairs only with approval.",,"We fix not cooling, ice, leak, door, and freezer issues across Bay Area homes.",,Call now or book online for same-day or next-day Sub-Zero service.,,sub-zero,core-brand-serv,https://appliancepros.netlify.app/subzero/,,,,,Enabled,Enabled,Enabled,,,Primary trust-focused RSA
SZ_Search_BayArea_ULTRA3000_Broad,Core Brand Service,Responsive search ad,ultra3000_urgency_test,Sub-Zero Service Near You,,Need Help Today? Book Now,,Emergency Slots Open Now,,Technician Arrives Same Day,,Book Service In 60 Seconds,,Local Sub-Zero Technicians,,Same-Day Slots Available,,Clear Quote After Diagnosis,,Warranty On Completed Repair,,Bay Area Home Visits,,Call Or Book Online,,No Repair Without Approval,,Fast In-Home Diagnostics,,Flexible Arrival Windows,,Trusted Appliance Pros Team,,Need fast help? Request same-day Sub-Zero service and get a confirmed arrival window.,,"Local tech visits fast, diagnoses quickly, and starts repair after your approval.",,"Urgent refrigerator, freezer, ice maker, and leak issues handled across Bay Area.",,Book online in 60 seconds or call now to secure the next open slot.,,sub-zero,core-brand-serv,https://appliancepros.netlify.app/subzero/,,,,,Enabled,Enabled,Enabled,,,Urgency angle RSA test
SZ_Search_BayArea_ULTRA3000_Broad,Core Brand Service,Responsive search ad,ultra3000_price_test,Sub-Zero Service Near You,,"Upfront Pricing, No Surprises",,Diagnosis Before Any Repair,,Approve Repair Before Work,,Book Service In 60 Seconds,,Local Sub-Zero Technicians,,Same-Day Slots Available,,Clear Quote After Diagnosis,,Warranty On Completed Repair,,Bay Area Home Visits,,Call Or Book Online,,No Repair Without Approval,,Fast In-Home Diagnostics,,Flexible Arrival Windows,,Trusted Appliance Pros Team,,"Transparent process: diagnosis first, clear quote second, repair only with approval.",,No hidden charges. You get upfront pricing and warranty on completed repair work.,,Compare options after diagnosis and choose what fits your budget and urgency.,,Schedule Sub-Zero service today and get a clear quote before any repair begins.,,sub-zero,core-brand-serv,https://appliancepros.netlify.app/subzero/,,,,,Enabled,Enabled,Enabled,,,Price clarity RSA test
SZ_Search_BayArea_ULTRA3000_Broad,Core Emergency,Responsive search ad,ultra3000_primary,Emergency Sub-Zero Repair,,Reliable Local Repair Team,,Experienced Appliance Techs,,Sub-Zero Service You Trust,,Book Service In 60 Seconds,,Local Sub-Zero Technicians,,Same-Day Slots Available,,Clear Quote After Diagnosis,,Warranty On Completed Repair,,Bay Area Home Visits,,Call Or Book Online,,No Repair Without Approval,,Fast In-Home Diagnostics,,Flexible Arrival Windows,,Trusted Appliance Pros Team,,Book Sub-Zero service in under a minute and choose a convenient Bay Area arrival window.,,"Our technician diagnoses first, explains options clearly, and repairs only with approval.",,"We fix not cooling, ice, leak, door, and freezer issues across Bay Area homes.",,Call now or book online for same-day or next-day Sub-Zero service.,,sub-zero,core-emergency,https://appliancepros.netlify.app/subzero/,,,,,Enabled,Enabled,Enabled,,,Primary trust-focused RSA
SZ_Search_BayArea_ULTRA3000_Broad,Core Emergency,Responsive search ad,ultra3000_urgency_test,Emergency Sub-Zero Repair,,Need Help Today? Book Now,,Emergency Slots Open Now,,Technician Arrives Same Day,,Book Service In 60 Seconds,,Local Sub-Zero Technicians,,Same-Day Slots Available,,Clear Quote After Diagnosis,,Warranty On Completed Repair,,Bay Area Home Visits,,Call Or Book Online,,No Repair Without Approval,,Fast In-Home Diagnostics,,Flexible Arrival Windows,,Trusted Appliance Pros Team,,Need fast help? Request same-day Sub-Zero service and get a confirmed arrival window.,,"Local tech visits fast, diagnoses quickly, and starts repair after your approval.",,"Urgent refrigerator, freezer, ice maker, and leak issues handled across Bay Area.",,Book online in 60 seconds or call now to secure the next open slot.,,sub-zero,core-emergency,https://appliancepros.netlify.app/subzero/,,,,,Enabled,Enabled,Enabled,,,Urgency angle RSA test
SZ_Search_BayArea_ULTRA3000_Broad,Core Emergency,Responsive search ad,ultra3000_price_test,Emergency Sub-Zero Repair,,"Upfront Pricing, No Surprises",,Diagnosis Before Any Repair,,Approve Repair Before Work,,Book Service In 60 Seconds,,Local Sub-Zero Technicians,,Same-Day Slots Available,,Clear Quote After Diagnosis,,Warranty On Completed Repair,,Bay Area Home Visits,,Call Or Book Online,,No Repair Without Approval,,Fast In-Home Diagnostics,,Flexible Arrival Windows,,Trusted Appliance Pros Team,,"Transparent process: diagnosis first, clear quote second, repair only with approval.",,No hidden charges. You get upfront pricing and warranty on completed repair work.,,Compare options after diagnosis and choose what fits your budget and urgency.,,Schedule Sub-Zero service today and get a clear quote before any repair begins.,,sub-zero,core-emergency,https://appliancepros.netlify.app/subzero/,,,,,Enabled,Enabled,Enabled,,,Price clarity RSA test
SZ_Search_BayArea_ULTRA3000_Broad,Core Maintenance,Responsive search ad,ultra3000_primary,Sub-Zero Maintenance Help,,Reliable Local Repair Team,,Experienced Appliance Techs,,Sub-Zero Service You Trust,,Book Service In 60 Seconds,,Local Sub-Zero Technicians,,Same-Day Slots Available,,Clear Quote After Diagnosis,,Warranty On Completed Repair,,Bay Area Home Visits,,Call Or Book Online,,No Repair Without Approval,,Fast In-Home Diagnostics,,Flexible Arrival Windows,,Trusted Appliance Pros Team,,Book Sub-Zero service in under a minute and choose a convenient Bay Area arrival window.,,"Our technician diagnoses first, explains options clearly, and repairs only with approval.",,"We fix not cooling, ice, leak, door, and freezer issues across Bay Area homes.",,Call now or book online for same-day or next-day Sub-Zero service.,,sub-zero,core-maintenanc,https://appliancepros.netlify.app/subzero/,,,,,Enabled,Enabled,Enabled,,,Primary trust-focused RSA
SZ_Search_BayArea_ULTRA3000_Broad,Core Maintenance,Responsive search ad,ultra3000_urgency_test,Sub-Zero Maintenance Help,,Need Help Today? Book Now,,Emergency Slots Open Now,,Technician Arrives Same Day,,Book Service In 60 Seconds,,Local Sub-Zero Technicians,,Same-Day Slots Available,,Clear Quote After Diagnosis,,Warranty On Completed Repair,,Bay Area Home Visits,,Call Or Book Online,,No Repair Without Approval,,Fast In-Home Diagnostics,,Flexible Arrival Windows,,Trusted Appliance Pros Team,,Need fast help? Request same-day Sub-Zero service and get a confirmed arrival window.,,"Local tech visits fast, diagnoses quickly, and starts repair after your approval.",,"Urgent refrigerator, freezer, ice maker, and leak issues handled across Bay Area.",,Book online in 60 seconds or call now to secure the next open slot.,,sub-zero,core-maintenanc,https://appliancepros.netlify.app/subzero/,,,,,Enabled,Enabled,Enabled,,,Urgency angle RSA test
SZ_Search_BayArea_ULTRA3000_Broad,Core Maintenance,Responsive search ad,ultra3000_price_test,Sub-Zero Maintenance Help,,"Upfront Pricing, No Surprises",,Diagnosis Before Any Repair,,Approve Repair Before Work,,Book Service In 60 Seconds,,Local Sub-Zero Technicians,,Same-Day Slots Available,,Clear Quote After Diagnosis,,Warranty On Completed Repair,,Bay Area Home Visits,,Call Or Book Online,,No Repair Without Approval,,Fast In-Home Diagnostics,,Flexible Arrival Windows,,Trusted Appliance Pros Team,,"Transparent process: diagnosis first, clear quote second, repair only with approval.",,No hidden charges. You get upfront pricing and warranty on completed repair work.,,Compare options after diagnosis and choose what fits your budget and urgency.,,Schedule Sub-Zero service today and get a clear quote before any repair begins.,,sub-zero,core-maintenanc,https://appliancepros.netlify.app/subzero/,,,,,Enabled,Enabled,Enabled,,,Price clarity RSA test
SZ_Search_BayArea_ULTRA3000_Broad,Core Near Me,Responsive search ad,ultra3000_primary,Sub-Zero Repair Near You,,Reliable Local Repair Team,,Experienced Appliance Techs,,Sub-Zero Service You Trust,,Book Service In 60 Seconds,,Local Sub-Zero Technicians,,Same-Day Slots Available,,Clear Quote After Diagnosis,,Warranty On Completed Repair,,Bay Area Home Visits,,Call Or Book Online,,No Repair Without Approval,,Fast In-Home Diagnostics,,Flexible Arrival Windows,,Trusted Appliance Pros Team,,Book Sub-Zero service in under a minute and choose a convenient Bay Area arrival window.,,"Our technician diagnoses first, explains options clearly, and repairs only with approval.",,"We fix not cooling, ice, leak, door, and freezer issues across Bay Area homes.",,Call now or book online for same-day or next-day Sub-Zero service.,,sub-zero,core-near-me,https://appliancepros.netlify.app/subzero/,,,,,Enabled,Enabled,Enabled,,,Primary trust-focused RSA
SZ_Search_BayArea_ULTRA3000_Broad,Core Near Me,Responsive search ad,ultra3000_urgency_test,Sub-Zero Repair Near You,,Need Help Today? Book Now,,Emergency Slots Open Now,,Technician Arrives Same Day,,Book Service In 60 Seconds,,Local Sub-Zero Technicians,,Same-Day Slots Available,,Clear Quote After Diagnosis,,Warranty On Completed Repair,,Bay Area Home Visits,,Call Or Book Online,,No Repair Without Approval,,Fast In-Home Diagnostics,,Flexible Arrival Windows,,Trusted Appliance Pros Team,,Need fast help? Request same-day Sub-Zero service and get a confirmed arrival window.,,"Local tech visits fast, diagnoses quickly, and starts repair after your approval.",,"Urgent refrigerator, freezer, ice maker, and leak issues handled across Bay Area.",,Book online in 60 seconds or call now to secure the next open slot.,,sub-zero,core-near-me,https://appliancepros.netlify.app/subzero/,,,,,Enabled,Enabled,Enabled,,,Urgency angle RSA test
SZ_Search_BayArea_ULTRA3000_Broad,Core Near Me,Responsive search ad,ultra3000_price_test,Sub-Zero Repair Near You,,"Upfront Pricing, No Surprises",,Diagnosis Before Any Repair,,Approve Repair Before Work,,Book Service In 60 Seconds,,Local Sub-Zero Technicians,,Same-Day Slots Available,,Clear Quote After Diagnosis,,Warranty On Completed Repair,,Bay Area Home Visits,,Call Or Book Online,,No Repair Without Approval,,Fast In-Home Diagnostics,,Flexible Arrival Windows,,Trusted Appliance Pros Team,,"Transparent process: diagnosis first, clear quote second, repair only with approval.",,No hidden charges. You get upfront pricing and warranty on completed repair work.,,Compare options after diagnosis and choose what fits your budget and urgency.,,Schedule Sub-Zero service today and get a clear quote before any repair begins.,,sub-zero,core-near-me,https://appliancepros.netlify.app/subzero/,,,,,Enabled,Enabled,Enabled,,,Price clarity RSA test
SZ_Search_BayArea_ULTRA3000_Broad,Core Technician,Responsive search ad,ultra3000_primary,Sub-Zero Technician Visit,,Reliable Local Repair Team,,Experienced Appliance Techs,,Sub-Zero Service You Trust,,Book Service In 60 Seconds,,Local Sub-Zero Technicians,,Same-Day Slots Available,,Clear Quote After Diagnosis,,Warranty On Completed Repair,,Bay Area Home Visits,,Call Or Book Online,,No Repair Without Approval,,Fast In-Home Diagnostics,,Flexible Arrival Windows,,Trusted Appliance Pros Team,,Book Sub-Zero service in under a minute and choose a convenient Bay Area arrival window.,,"Our technician diagnoses first, explains options clearly, and repairs only with approval.",,"We fix not cooling, ice, leak, door, and freezer issues across Bay Area homes.",,Call now or book online for same-day or next-day Sub-Zero service.,,sub-zero,core-technician,https://appliancepros.netlify.app/subzero/,,,,,Enabled,Enabled,Enabled,,,Primary trust-focused RSA
SZ_Search_BayArea_ULTRA3000_Broad,Core Technician,Responsive search ad,ultra3000_urgency_test,Sub-Zero Technician Visit,,Need Help Today? Book Now,,Emergency Slots Open Now,,Technician Arrives Same Day,,Book Service In 60 Seconds,,Local Sub-Zero Technicians,,Same-Day Slots Available,,Clear Quote After Diagnosis,,Warranty On Completed Repair,,Bay Area Home Visits,,Call Or Book Online,,No Repair Without Approval,,Fast In-Home Diagnostics,,Flexible Arrival Windows,,Trusted Appliance Pros Team,,Need fast help? Request same-day Sub-Zero service and get a confirmed arrival window.,,"Local tech visits fast, diagnoses quickly, and starts repair after your approval.",,"Urgent refrigerator, freezer, ice maker, and leak issues handled across Bay Area.",,Book online in 60 seconds or call now to secure the next open slot.,,sub-zero,core-technician,https://appliancepros.netlify.app/subzero/,,,,,Enabled,Enabled,Enabled,,,Urgency angle RSA test
SZ_Search_BayArea_ULTRA3000_Broad,Core Technician,Responsive search ad,ultra3000_price_test,Sub-Zero Technician Visit,,"Upfront Pricing, No Surprises",,Diagnosis Before Any Repair,,Approve Repair Before Work,,Book Service In 60 Seconds,,Local Sub-Zero Technicians,,Same-Day Slots Available,,Clear Quote After Diagnosis,,Warranty On Completed Repair,,Bay Area Home Visits,,Call Or Book Online,,No Repair Without Approval,,Fast In-Home Diagnostics,,Flexible Arrival Windows,,Trusted Appliance Pros Team,,"Transparent process: diagnosis first, clear quote second, repair only with approval.",,No hidden charges. You get upfront pricing and warranty on completed repair work.,,Compare options after diagnosis and choose what fits your budget and urgency.,,Schedule Sub-Zero service today and get a clear quote before any repair begins.,,sub-zero,core-technician,https://appliancepros.netlify.app/subzero/,,,,,Enabled,Enabled,Enabled,,,Price clarity RSA test
SZ_Search_BayArea_ULTRA3000_Broad,Door Seal Repair,Responsive search ad,ultra3000_primary,Sub-Zero Door Seal Repair,,Reliable Local Repair Team,,Experienced Appliance Techs,,Sub-Zero Service You Trust,,Book Service In 60 Seconds,,Local Sub-Zero Technicians,,Same-Day Slots Available,,Clear Quote After Diagnosis,,Warranty On Completed Repair,,Bay Area Home Visits,,Call Or Book Online,,No Repair Without Approval,,Fast In-Home Diagnostics,,Flexible Arrival Windows,,Trusted Appliance Pros Team,,Book Sub-Zero service in under a minute and choose a convenient Bay Area arrival window.,,"Our technician diagnoses first, explains options clearly, and repairs only with approval.",,"We fix not cooling, ice, leak, door, and freezer issues across Bay Area homes.",,Call now or book online for same-day or next-day Sub-Zero service.,,sub-zero,door-seal-repai,https://appliancepros.netlify.app/subzero/,,,,,Enabled,Enabled,Enabled,,,Primary trust-focused RSA
SZ_Search_BayArea_ULTRA3000_Broad,Door Seal Repair,Responsive search ad,ultra3000_urgency_test,Sub-Zero Door Seal Repair,,Need Help Today? Book Now,,Emergency Slots Open Now,,Technician Arrives Same Day,,Book Service In 60 Seconds,,Local Sub-Zero Technicians,,Same-Day Slots Available,,Clear Quote After Diagnosis,,Warranty On Completed Repair,,Bay Area Home Visits,,Call Or Book Online,,No Repair Without Approval,,Fast In-Home Diagnostics,,Flexible Arrival Windows,,Trusted Appliance Pros Team,,Need fast help? Request same-day Sub-Zero service and get a confirmed arrival window.,,"Local tech visits fast, diagnoses quickly, and starts repair after your approval.",,"Urgent refrigerator, freezer, ice maker, and leak issues handled across Bay Area.",,Book online in 60 seconds or call now to secure the next open slot.,,sub-zero,door-seal-repai,https://appliancepros.netlify.app/subzero/,,,,,Enabled,Enabled,Enabled,,,Urgency angle RSA test
SZ_Search_BayArea_ULTRA3000_Broad,Door Seal Repair,Responsive search ad,ultra3000_price_test,Sub-Zero Door Seal Repair,,"Upfront Pricing, No Surprises",,Diagnosis Before Any Repair,,Approve Repair Before Work,,Book Service In 60 Seconds,,Local Sub-Zero Technicians,,Same-Day Slots Available,,Clear Quote After Diagnosis,,Warranty On Completed Repair,,Bay Area Home Visits,,Call Or Book Online,,No Repair Without Approval,,Fast In-Home Diagnostics,,Flexible Arrival Windows,,Trusted Appliance Pros Team,,"Transparent process: diagnosis first, clear quote second, repair only with approval.",,No hidden charges. You get upfront pricing and warranty on completed repair work.,,Compare options after diagnosis and choose what fits your budget and urgency.,,Schedule Sub-Zero service today and get a clear quote before any repair begins.,,sub-zero,door-seal-repai,https://appliancepros.netlify.app/subzero/,,,,,Enabled,Enabled,Enabled,,,Price clarity RSA test
SZ_Search_BayArea_ULTRA3000_Broad,Freezer Repair,Responsive search ad,ultra3000_primary,Sub-Zero Freezer Repair,,Reliable Local Repair Team,,Experienced Appliance Techs,,Sub-Zero Service You Trust,,Book Service In 60 Seconds,,Local Sub-Zero Technicians,,Same-Day Slots Available,,Clear Quote After Diagnosis,,Warranty On Completed Repair,,Bay Area Home Visits,,Call Or Book Online,,No Repair Without Approval,,Fast In-Home Diagnostics,,Flexible Arrival Windows,,Trusted Appliance Pros Team,,Book Sub-Zero service in under a minute and choose a convenient Bay Area arrival window.,,"Our technician diagnoses first, explains options clearly, and repairs only with approval.",,"We fix not cooling, ice, leak, door, and freezer issues across Bay Area homes.",,Call now or book online for same-day or next-day Sub-Zero service.,,sub-zero,freezer-repair,https://appliancepros.netlify.app/subzero/,,,,,Enabled,Enabled,Enabled,,,Primary trust-focused RSA
SZ_Search_BayArea_ULTRA3000_Broad,Freezer Repair,Responsive search ad,ultra3000_urgency_test,Sub-Zero Freezer Repair,,Need Help Today? Book Now,,Emergency Slots Open Now,,Technician Arrives Same Day,,Book Service In 60 Seconds,,Local Sub-Zero Technicians,,Same-Day Slots Available,,Clear Quote After Diagnosis,,Warranty On Completed Repair,,Bay Area Home Visits,,Call Or Book Online,,No Repair Without Approval,,Fast In-Home Diagnostics,,Flexible Arrival Windows,,Trusted Appliance Pros Team,,Need fast help? Request same-day Sub-Zero service and get a confirmed arrival window.,,"Local tech visits fast, diagnoses quickly, and starts repair after your approval.",,"Urgent refrigerator, freezer, ice maker, and leak issues handled across Bay Area.",,Book online in 60 seconds or call now to secure the next open slot.,,sub-zero,freezer-repair,https://appliancepros.netlify.app/subzero/,,,,,Enabled,Enabled,Enabled,,,Urgency angle RSA test
SZ_Search_BayArea_ULTRA3000_Broad,Freezer Repair,Responsive search ad,ultra3000_price_test,Sub-Zero Freezer Repair,,"Upfront Pricing, No Surprises",,Diagnosis Before Any Repair,,Approve Repair Before Work,,Book Service In 60 Seconds,,Local Sub-Zero Technicians,,Same-Day Slots Available,,Clear Quote After Diagnosis,,Warranty On Completed Repair,,Bay Area Home Visits,,Call Or Book Online,,No Repair Without Approval,,Fast In-Home Diagnostics,,Flexible Arrival Windows,,Trusted Appliance Pros Team,,"Transparent process: diagnosis first, clear quote second, repair only with approval.",,No hidden charges. You get upfront pricing and warranty on completed repair work.,,Compare options after diagnosis and choose what fits your budget and urgency.,,Schedule Sub-Zero service today and get a clear quote before any repair begins.,,sub-zero,freezer-repair,https://appliancepros.netlify.app/subzero/,,,,,Enabled,Enabled,Enabled,,,Price clarity RSA test
SZ_Search_BayArea_ULTRA3000_Broad,Fridge Repair,Responsive search ad,ultra3000_primary,Sub-Zero Fridge Fix,,Reliable Local Repair Team,,Experienced Appliance Techs,,Sub-Zero Service You Trust,,Book Service In 60 Seconds,,Local Sub-Zero Technicians,,Same-Day Slots Available,,Clear Quote After Diagnosis,,Warranty On Completed Repair,,Bay Area Home Visits,,Call Or Book Online,,No Repair Without Approval,,Fast In-Home Diagnostics,,Flexible Arrival Windows,,Trusted Appliance Pros Team,,Book Sub-Zero service in under a minute and choose a convenient Bay Area arrival window.,,"Our technician diagnoses first, explains options clearly, and repairs only with approval.",,"We fix not cooling, ice, leak, door, and freezer issues across Bay Area homes.",,Call now or book online for same-day or next-day Sub-Zero service.,,sub-zero,fridge-repair,https://appliancepros.netlify.app/subzero/,,,,,Enabled,Enabled,Enabled,,,Primary trust-focused RSA
SZ_Search_BayArea_ULTRA3000_Broad,Fridge Repair,Responsive search ad,ultra3000_urgency_test,Sub-Zero Fridge Fix,,Need Help Today? Book Now,,Emergency Slots Open Now,,Technician Arrives Same Day,,Book Service In 60 Seconds,,Local Sub-Zero Technicians,,Same-Day Slots Available,,Clear Quote After Diagnosis,,Warranty On Completed Repair,,Bay Area Home Visits,,Call Or Book Online,,No Repair Without Approval,,Fast In-Home Diagnostics,,Flexible Arrival Windows,,Trusted Appliance Pros Team,,Need fast help? Request same-day Sub-Zero service and get a confirmed arrival window.,,"Local tech visits fast, diagnoses quickly, and starts repair after your approval.",,"Urgent refrigerator, freezer, ice maker, and leak issues handled across Bay Area.",,Book online in 60 seconds or call now to secure the next open slot.,,sub-zero,fridge-repair,https://appliancepros.netlify.app/subzero/,,,,,Enabled,Enabled,Enabled,,,Urgency angle RSA test
SZ_Search_BayArea_ULTRA3000_Broad,Fridge Repair,Responsive search ad,ultra3000_price_test,Sub-Zero Fridge Fix,,"Upfront Pricing, No Surprises",,Diagnosis Before Any Repair,,Approve Repair Before Work,,Book Service In 60 Seconds,,Local Sub-Zero Technicians,,Same-Day Slots Available,,Clear Quote After Diagnosis,,Warranty On Completed Repair,,Bay Area Home Visits,,Call Or Book Online,,No Repair Without Approval,,Fast In-Home Diagnostics,,Flexible Arrival Windows,,Trusted Appliance Pros Team,,"Transparent process: diagnosis first, clear quote second, repair only with approval.",,No hidden charges. You get upfront pricing and warranty on completed repair work.,,Compare options after diagnosis and choose what fits your budget and urgency.,,Schedule Sub-Zero service today and get a clear quote before any repair begins.,,sub-zero,fridge-repair,https://appliancepros.netlify.app/subzero/,,,,,Enabled,Enabled,Enabled,,,Price clarity RSA test
SZ_Search_BayArea_ULTRA3000_Broad,Geo Alameda Repair,Responsive search ad,ultra3000_primary,Sub-Zero Repair Alameda,,Reliable Local Repair Team,,Experienced Appliance Techs,,Sub-Zero Service You Trust,,Book Service In 60 Seconds,,Local Sub-Zero Technicians,,Same-Day Slots Available,,Clear Quote After Diagnosis,,Warranty On Completed Repair,,Bay Area Home Visits,,Call Or Book Online,,No Repair Without Approval,,Fast In-Home Diagnostics,,Flexible Arrival Windows,,Trusted Appliance Pros Team,,Book Sub-Zero service in under a minute and choose a convenient Bay Area arrival window.,,"Our technician diagnoses first, explains options clearly, and repairs only with approval.",,"We fix not cooling, ice, leak, door, and freezer issues across Bay Area homes.",,Call now or book online for same-day or next-day Sub-Zero service.,,sub-zero,geo-alameda-rep,https://appliancepros.netlify.app/subzero/,,,,,Enabled,Enabled,Enabled,,,Primary trust-focused RSA
SZ_Search_BayArea_ULTRA3000_Broad,Geo Alameda Repair,Responsive search ad,ultra3000_urgency_test,Sub-Zero Repair Alameda,,Need Help Today? Book Now,,Emergency Slots Open Now,,Technician Arrives Same Day,,Book Service In 60 Seconds,,Local Sub-Zero Technicians,,Same-Day Slots Available,,Clear Quote After Diagnosis,,Warranty On Completed Repair,,Bay Area Home Visits,,Call Or Book Online,,No Repair Without Approval,,Fast In-Home Diagnostics,,Flexible Arrival Windows,,Trusted Appliance Pros Team,,Need fast help? Request same-day Sub-Zero service and get a confirmed arrival window.,,"Local tech visits fast, diagnoses quickly, and starts repair after your approval.",,"Urgent refrigerator, freezer, ice maker, and leak issues handled across Bay Area.",,Book online in 60 seconds or call now to secure the next open slot.,,sub-zero,geo-alameda-rep,https://appliancepros.netlify.app/subzero/,,,,,Enabled,Enabled,Enabled,,,Urgency angle RSA test
SZ_Search_BayArea_ULTRA3000_Broad,Geo Alameda Repair,Responsive search ad,ultra3000_price_test,Sub-Zero Repair Alameda,,"Upfront Pricing, No Surprises",,Diagnosis Before Any Repair,,Approve Repair Before Work,,Book Service In 60 Seconds,,Local Sub-Zero Technicians,,Same-Day Slots Available,,Clear Quote After Diagnosis,,Warranty On Completed Repair,,Bay Area Home Visits,,Call Or Book Online,,No Repair Without Approval,,Fast In-Home Diagnostics,,Flexible Arrival Windows,,Trusted Appliance Pros Team,,"Transparent process: diagnosis first, clear quote second, repair only with approval.",,No hidden charges. You get upfront pricing and warranty on completed repair work.,,Compare options after diagnosis and choose what fits your budget and urgency.,,Schedule Sub-Zero service today and get a clear quote before any repair begins.,,sub-zero,geo-alameda-rep,https://appliancepros.netlify.app/subzero/,,,,,Enabled,Enabled,Enabled,,,Price clarity RSA test
SZ_Search_BayArea_ULTRA3000_Broad,Geo Belmont Repair,Responsive search ad,ultra3000_primary,Sub-Zero Repair Belmont,,Reliable Local Repair Team,,Experienced Appliance Techs,,Sub-Zero Service You Trust,,Book Service In 60 Seconds,,Local Sub-Zero Technicians,,Same-Day Slots Available,,Clear Quote After Diagnosis,,Warranty On Completed Repair,,Bay Area Home Visits,,Call Or Book Online,,No Repair Without Approval,,Fast In-Home Diagnostics,,Flexible Arrival Windows,,Trusted Appliance Pros Team,,Book Sub-Zero service in under a minute and choose a convenient Bay Area arrival window.,,"Our technician diagnoses first, explains options clearly, and repairs only with approval.",,"We fix not cooling, ice, leak, door, and freezer issues across Bay Area homes.",,Call now or book online for same-day or next-day Sub-Zero service.,,sub-zero,geo-belmont-rep,https://appliancepros.netlify.app/subzero/,,,,,Enabled,Enabled,Enabled,,,Primary trust-focused RSA
SZ_Search_BayArea_ULTRA3000_Broad,Geo Belmont Repair,Responsive search ad,ultra3000_urgency_test,Sub-Zero Repair Belmont,,Need Help Today? Book Now,,Emergency Slots Open Now,,Technician Arrives Same Day,,Book Service In 60 Seconds,,Local Sub-Zero Technicians,,Same-Day Slots Available,,Clear Quote After Diagnosis,,Warranty On Completed Repair,,Bay Area Home Visits,,Call Or Book Online,,No Repair Without Approval,,Fast In-Home Diagnostics,,Flexible Arrival Windows,,Trusted Appliance Pros Team,,Need fast help? Request same-day Sub-Zero service and get a confirmed arrival window.,,"Local tech visits fast, diagnoses quickly, and starts repair after your approval.",,"Urgent refrigerator, freezer, ice maker, and leak issues handled across Bay Area.",,Book online in 60 seconds or call now to secure the next open slot.,,sub-zero,geo-belmont-rep,https://appliancepros.netlify.app/subzero/,,,,,Enabled,Enabled,Enabled,,,Urgency angle RSA test
SZ_Search_BayArea_ULTRA3000_Broad,Geo Belmont Repair,Responsive search ad,ultra3000_price_test,Sub-Zero Repair Belmont,,"Upfront Pricing, No Surprises",,Diagnosis Before Any Repair,,Approve Repair Before Work,,Book Service In 60 Seconds,,Local Sub-Zero Technicians,,Same-Day Slots Available,,Clear Quote After Diagnosis,,Warranty On Completed Repair,,Bay Area Home Visits,,Call Or Book Online,,No Repair Without Approval,,Fast In-Home Diagnostics,,Flexible Arrival Windows,,Trusted Appliance Pros Team,,"Transparent process: diagnosis first, clear quote second, repair only with approval.",,No hidden charges. You get upfront pricing and warranty on completed repair work.,,Compare options after diagnosis and choose what fits your budget and urgency.,,Schedule Sub-Zero service today and get a clear quote before any repair begins.,,sub-zero,geo-belmont-rep,https://appliancepros.netlify.app/subzero/,,,,,Enabled,Enabled,Enabled,,,Price clarity RSA test
SZ_Search_BayArea_ULTRA3000_Broad,Geo Berkeley Repair,Responsive search ad,ultra3000_primary,Sub-Zero Repair Berkeley,,Reliable Local Repair Team,,Experienced Appliance Techs,,Sub-Zero Service You Trust,,Book Service In 60 Seconds,,Local Sub-Zero Technicians,,Same-Day Slots Available,,Clear Quote After Diagnosis,,Warranty On Completed Repair,,Bay Area Home Visits,,Call Or Book Online,,No Repair Without Approval,,Fast In-Home Diagnostics,,Flexible Arrival Windows,,Trusted Appliance Pros Team,,Book Sub-Zero service in under a minute and choose a convenient Bay Area arrival window.,,"Our technician diagnoses first, explains options clearly, and repairs only with approval.",,"We fix not cooling, ice, leak, door, and freezer issues across Bay Area homes.",,Call now or book online for same-day or next-day Sub-Zero service.,,sub-zero,geo-berkeley-re,https://appliancepros.netlify.app/subzero/,,,,,Enabled,Enabled,Enabled,,,Primary trust-focused RSA
SZ_Search_BayArea_ULTRA3000_Broad,Geo Berkeley Repair,Responsive search ad,ultra3000_urgency_test,Sub-Zero Repair Berkeley,,Need Help Today? Book Now,,Emergency Slots Open Now,,Technician Arrives Same Day,,Book Service In 60 Seconds,,Local Sub-Zero Technicians,,Same-Day Slots Available,,Clear Quote After Diagnosis,,Warranty On Completed Repair,,Bay Area Home Visits,,Call Or Book Online,,No Repair Without Approval,,Fast In-Home Diagnostics,,Flexible Arrival Windows,,Trusted Appliance Pros Team,,Need fast help? Request same-day Sub-Zero service and get a confirmed arrival window.,,"Local tech visits fast, diagnoses quickly, and starts repair after your approval.",,"Urgent refrigerator, freezer, ice maker, and leak issues handled across Bay Area.",,Book online in 60 seconds or call now to secure the next open slot.,,sub-zero,geo-berkeley-re,https://appliancepros.netlify.app/subzero/,,,,,Enabled,Enabled,Enabled,,,Urgency angle RSA test
SZ_Search_BayArea_ULTRA3000_Broad,Geo Berkeley Repair,Responsive search ad,ultra3000_price_test,Sub-Zero Repair Berkeley,,"Upfront Pricing, No Surprises",,Diagnosis Before Any Repair,,Approve Repair Before Work,,Book Service In 60 Seconds,,Local Sub-Zero Technicians,,Same-Day Slots Available,,Clear Quote After Diagnosis,,Warranty On Completed Repair,,Bay Area Home Visits,,Call Or Book Online,,No Repair Without Approval,,Fast In-Home Diagnostics,,Flexible Arrival Windows,,Trusted Appliance Pros Team,,"Transparent process: diagnosis first, clear quote second, repair only with approval.",,No hidden charges. You get upfront pricing and warranty on completed repair work.,,Compare options after diagnosis and choose what fits your budget and urgency.,,Schedule Sub-Zero service today and get a clear quote before any repair begins.,,sub-zero,geo-berkeley-re,https://appliancepros.netlify.app/subzero/,,,,,Enabled,Enabled,Enabled,,,Price clarity RSA test
SZ_Search_BayArea_ULTRA3000_Broad,Geo Burlingame Repair,Responsive search ad,ultra3000_primary,Sub-Zero Repair Burlingame,,Reliable Local Repair Team,,Experienced Appliance Techs,,Sub-Zero Service You Trust,,Book Service In 60 Seconds,,Local Sub-Zero Technicians,,Same-Day Slots Available,,Clear Quote After Diagnosis,,Warranty On Completed Repair,,Bay Area Home Visits,,Call Or Book Online,,No Repair Without Approval,,Fast In-Home Diagnostics,,Flexible Arrival Windows,,Trusted Appliance Pros Team,,Book Sub-Zero service in under a minute and choose a convenient Bay Area arrival window.,,"Our technician diagnoses first, explains options clearly, and repairs only with approval.",,"We fix not cooling, ice, leak, door, and freezer issues across Bay Area homes.",,Call now or book online for same-day or next-day Sub-Zero service.,,sub-zero,geo-burlingame-,https://appliancepros.netlify.app/subzero/,,,,,Enabled,Enabled,Enabled,,,Primary trust-focused RSA
SZ_Search_BayArea_ULTRA3000_Broad,Geo Burlingame Repair,Responsive search ad,ultra3000_urgency_test,Sub-Zero Repair Burlingame,,Need Help Today? Book Now,,Emergency Slots Open Now,,Technician Arrives Same Day,,Book Service In 60 Seconds,,Local Sub-Zero Technicians,,Same-Day Slots Available,,Clear Quote After Diagnosis,,Warranty On Completed Repair,,Bay Area Home Visits,,Call Or Book Online,,No Repair Without Approval,,Fast In-Home Diagnostics,,Flexible Arrival Windows,,Trusted Appliance Pros Team,,Need fast help? Request same-day Sub-Zero service and get a confirmed arrival window.,,"Local tech visits fast, diagnoses quickly, and starts repair after your approval.",,"Urgent refrigerator, freezer, ice maker, and leak issues handled across Bay Area.",,Book online in 60 seconds or call now to secure the next open slot.,,sub-zero,geo-burlingame-,https://appliancepros.netlify.app/subzero/,,,,,Enabled,Enabled,Enabled,,,Urgency angle RSA test
SZ_Search_BayArea_ULTRA3000_Broad,Geo Burlingame Repair,Responsive search ad,ultra3000_price_test,Sub-Zero Repair Burlingame,,"Upfront Pricing, No Surprises",,Diagnosis Before Any Repair,,Approve Repair Before Work,,Book Service In 60 Seconds,,Local Sub-Zero Technicians,,Same-Day Slots Available,,Clear Quote After Diagnosis,,Warranty On Completed Repair,,Bay Area Home Visits,,Call Or Book Online,,No Repair Without Approval,,Fast In-Home Diagnostics,,Flexible Arrival Windows,,Trusted Appliance Pros Team,,"Transparent process: diagnosis first, clear quote second, repair only with approval.",,No hidden charges. You get upfront pricing and warranty on completed repair work.,,Compare options after diagnosis and choose what fits your budget and urgency.,,Schedule Sub-Zero service today and get a clear quote before any repair begins.,,sub-zero,geo-burlingame-,https://appliancepros.netlify.app/subzero/,,,,,Enabled,Enabled,Enabled,,,Price clarity RSA test
SZ_Search_BayArea_ULTRA3000_Broad,Geo Campbell Repair,Responsive search ad,ultra3000_primary,Sub-Zero Repair Campbell,,Reliable Local Repair Team,,Experienced Appliance Techs,,Sub-Zero Service You Trust,,Book Service In 60 Seconds,,Local Sub-Zero Technicians,,Same-Day Slots Available,,Clear Quote After Diagnosis,,Warranty On Completed Repair,,Bay Area Home Visits,,Call Or Book Online,,No Repair Without Approval,,Fast In-Home Diagnostics,,Flexible Arrival Windows,,Trusted Appliance Pros Team,,Book Sub-Zero service in under a minute and choose a convenient Bay Area arrival window.,,"Our technician diagnoses first, explains options clearly, and repairs only with approval.",,"We fix not cooling, ice, leak, door, and freezer issues across Bay Area homes.",,Call now or book online for same-day or next-day Sub-Zero service.,,sub-zero,geo-campbell-re,https://appliancepros.netlify.app/subzero/,,,,,Enabled,Enabled,Enabled,,,Primary trust-focused RSA
SZ_Search_BayArea_ULTRA3000_Broad,Geo Campbell Repair,Responsive search ad,ultra3000_urgency_test,Sub-Zero Repair Campbell,,Need Help Today? Book Now,,Emergency Slots Open Now,,Technician Arrives Same Day,,Book Service In 60 Seconds,,Local Sub-Zero Technicians,,Same-Day Slots Available,,Clear Quote After Diagnosis,,Warranty On Completed Repair,,Bay Area Home Visits,,Call Or Book Online,,No Repair Without Approval,,Fast In-Home Diagnostics,,Flexible Arrival Windows,,Trusted Appliance Pros Team,,Need fast help? Request same-day Sub-Zero service and get a confirmed arrival window.,,"Local tech visits fast, diagnoses quickly, and starts repair after your approval.",,"Urgent refrigerator, freezer, ice maker, and leak issues handled across Bay Area.",,Book online in 60 seconds or call now to secure the next open slot.,,sub-zero,geo-campbell-re,https://appliancepros.netlify.app/subzero/,,,,,Enabled,Enabled,Enabled,,,Urgency angle RSA test
SZ_Search_BayArea_ULTRA3000_Broad,Geo Campbell Repair,Responsive search ad,ultra3000_price_test,Sub-Zero Repair Campbell,,"Upfront Pricing, No Surprises",,Diagnosis Before Any Repair,,Approve Repair Before Work,,Book Service In 60 Seconds,,Local Sub-Zero Technicians,,Same-Day Slots Available,,Clear Quote After Diagnosis,,Warranty On Completed Repair,,Bay Area Home Visits,,Call Or Book Online,,No Repair Without Approval,,Fast In-Home Diagnostics,,Flexible Arrival Windows,,Trusted Appliance Pros Team,,"Transparent process: diagnosis first, clear quote second, repair only with approval.",,No hidden charges. You get upfront pricing and warranty on completed repair work.,,Compare options after diagnosis and choose what fits your budget and urgency.,,Schedule Sub-Zero service today and get a clear quote before any repair begins.,,sub-zero,geo-campbell-re,https://appliancepros.netlify.app/subzero/,,,,,Enabled,Enabled,Enabled,,,Price clarity RSA test
SZ_Search_BayArea_ULTRA3000_Broad,Geo CastroValley Repair,Responsive search ad,ultra3000_primary,Sub-Zero Repair CastroValley,,Reliable Local Repair Team,,Experienced Appliance Techs,,Sub-Zero Service You Trust,,Book Service In 60 Seconds,,Local Sub-Zero Technicians,,Same-Day Slots Available,,Clear Quote After Diagnosis,,Warranty On Completed Repair,,Bay Area Home Visits,,Call Or Book Online,,No Repair Without Approval,,Fast In-Home Diagnostics,,Flexible Arrival Windows,,Trusted Appliance Pros Team,,Book Sub-Zero service in under a minute and choose a convenient Bay Area arrival window.,,"Our technician diagnoses first, explains options clearly, and repairs only with approval.",,"We fix not cooling, ice, leak, door, and freezer issues across Bay Area homes.",,Call now or book online for same-day or next-day Sub-Zero service.,,sub-zero,geo-castrovalle,https://appliancepros.netlify.app/subzero/,,,,,Enabled,Enabled,Enabled,,,Primary trust-focused RSA
SZ_Search_BayArea_ULTRA3000_Broad,Geo CastroValley Repair,Responsive search ad,ultra3000_urgency_test,Sub-Zero Repair CastroValley,,Need Help Today? Book Now,,Emergency Slots Open Now,,Technician Arrives Same Day,,Book Service In 60 Seconds,,Local Sub-Zero Technicians,,Same-Day Slots Available,,Clear Quote After Diagnosis,,Warranty On Completed Repair,,Bay Area Home Visits,,Call Or Book Online,,No Repair Without Approval,,Fast In-Home Diagnostics,,Flexible Arrival Windows,,Trusted Appliance Pros Team,,Need fast help? Request same-day Sub-Zero service and get a confirmed arrival window.,,"Local tech visits fast, diagnoses quickly, and starts repair after your approval.",,"Urgent refrigerator, freezer, ice maker, and leak issues handled across Bay Area.",,Book online in 60 seconds or call now to secure the next open slot.,,sub-zero,geo-castrovalle,https://appliancepros.netlify.app/subzero/,,,,,Enabled,Enabled,Enabled,,,Urgency angle RSA test
SZ_Search_BayArea_ULTRA3000_Broad,Geo CastroValley Repair,Responsive search ad,ultra3000_price_test,Sub-Zero Repair CastroValley,,"Upfront Pricing, No Surprises",,Diagnosis Before Any Repair,,Approve Repair Before Work,,Book Service In 60 Seconds,,Local Sub-Zero Technicians,,Same-Day Slots Available,,Clear Quote After Diagnosis,,Warranty On Completed Repair,,Bay Area Home Visits,,Call Or Book Online,,No Repair Without Approval,,Fast In-Home Diagnostics,,Flexible Arrival Windows,,Trusted Appliance Pros Team,,"Transparent process: diagnosis first, clear quote second, repair only with approval.",,No hidden charges. You get upfront pricing and warranty on completed repair work.,,Compare options after diagnosis and choose what fits your budget and urgency.,,Schedule Sub-Zero service today and get a clear quote before any repair begins.,,sub-zero,geo-castrovalle,https://appliancepros.netlify.app/subzero/,,,,,Enabled,Enabled,Enabled,,,Price clarity RSA test
SZ_Search_BayArea_ULTRA3000_Broad,Geo Concord Repair,Responsive search ad,ultra3000_primary,Sub-Zero Repair Concord,,Reliable Local Repair Team,,Experienced Appliance Techs,,Sub-Zero Service You Trust,,Book Service In 60 Seconds,,Local Sub-Zero Technicians,,Same-Day Slots Available,,Clear Quote After Diagnosis,,Warranty On Completed Repair,,Bay Area Home Visits,,Call Or Book Online,,No Repair Without Approval,,Fast In-Home Diagnostics,,Flexible Arrival Windows,,Trusted Appliance Pros Team,,Book Sub-Zero service in under a minute and choose a convenient Bay Area arrival window.,,"Our technician diagnoses first, explains options clearly, and repairs only with approval.",,"We fix not cooling, ice, leak, door, and freezer issues across Bay Area homes.",,Call now or book online for same-day or next-day Sub-Zero service.,,sub-zero,geo-concord-rep,https://appliancepros.netlify.app/subzero/,,,,,Enabled,Enabled,Enabled,,,Primary trust-focused RSA
SZ_Search_BayArea_ULTRA3000_Broad,Geo Concord Repair,Responsive search ad,ultra3000_urgency_test,Sub-Zero Repair Concord,,Need Help Today? Book Now,,Emergency Slots Open Now,,Technician Arrives Same Day,,Book Service In 60 Seconds,,Local Sub-Zero Technicians,,Same-Day Slots Available,,Clear Quote After Diagnosis,,Warranty On Completed Repair,,Bay Area Home Visits,,Call Or Book Online,,No Repair Without Approval,,Fast In-Home Diagnostics,,Flexible Arrival Windows,,Trusted Appliance Pros Team,,Need fast help? Request same-day Sub-Zero service and get a confirmed arrival window.,,"Local tech visits fast, diagnoses quickly, and starts repair after your approval.",,"Urgent refrigerator, freezer, ice maker, and leak issues handled across Bay Area.",,Book online in 60 seconds or call now to secure the next open slot.,,sub-zero,geo-concord-rep,https://appliancepros.netlify.app/subzero/,,,,,Enabled,Enabled,Enabled,,,Urgency angle RSA test
SZ_Search_BayArea_ULTRA3000_Broad,Geo Concord Repair,Responsive search ad,ultra3000_price_test,Sub-Zero Repair Concord,,"Upfront Pricing, No Surprises",,Diagnosis Before Any Repair,,Approve Repair Before Work,,Book Service In 60 Seconds,,Local Sub-Zero Technicians,,Same-Day Slots Available,,Clear Quote After Diagnosis,,Warranty On Completed Repair,,Bay Area Home Visits,,Call Or Book Online,,No Repair Without Approval,,Fast In-Home Diagnostics,,Flexible Arrival Windows,,Trusted Appliance Pros Team,,"Transparent process: diagnosis first, clear quote second, repair only with approval.",,No hidden charges. You get upfront pricing and warranty on completed repair work.,,Compare options after diagnosis and choose what fits your budget and urgency.,,Schedule Sub-Zero service today and get a clear quote before any repair begins.,,sub-zero,geo-concord-rep,https://appliancepros.netlify.app/subzero/,,,,,Enabled,Enabled,Enabled,,,Price clarity RSA test
SZ_Search_BayArea_ULTRA3000_Broad,Geo Cupertino Repair,Responsive search ad,ultra3000_primary,Sub-Zero Repair Cupertino,,Reliable Local Repair Team,,Experienced Appliance Techs,,Sub-Zero Service You Trust,,Book Service In 60 Seconds,,Local Sub-Zero Technicians,,Same-Day Slots Available,,Clear Quote After Diagnosis,,Warranty On Completed Repair,,Bay Area Home Visits,,Call Or Book Online,,No Repair Without Approval,,Fast In-Home Diagnostics,,Flexible Arrival Windows,,Trusted Appliance Pros Team,,Book Sub-Zero service in under a minute and choose a convenient Bay Area arrival window.,,"Our technician diagnoses first, explains options clearly, and repairs only with approval.",,"We fix not cooling, ice, leak, door, and freezer issues across Bay Area homes.",,Call now or book online for same-day or next-day Sub-Zero service.,,sub-zero,geo-cupertino-r,https://appliancepros.netlify.app/subzero/,,,,,Enabled,Enabled,Enabled,,,Primary trust-focused RSA
SZ_Search_BayArea_ULTRA3000_Broad,Geo Cupertino Repair,Responsive search ad,ultra3000_urgency_test,Sub-Zero Repair Cupertino,,Need Help Today? Book Now,,Emergency Slots Open Now,,Technician Arrives Same Day,,Book Service In 60 Seconds,,Local Sub-Zero Technicians,,Same-Day Slots Available,,Clear Quote After Diagnosis,,Warranty On Completed Repair,,Bay Area Home Visits,,Call Or Book Online,,No Repair Without Approval,,Fast In-Home Diagnostics,,Flexible Arrival Windows,,Trusted Appliance Pros Team,,Need fast help? Request same-day Sub-Zero service and get a confirmed arrival window.,,"Local tech visits fast, diagnoses quickly, and starts repair after your approval.",,"Urgent refrigerator, freezer, ice maker, and leak issues handled across Bay Area.",,Book online in 60 seconds or call now to secure the next open slot.,,sub-zero,geo-cupertino-r,https://appliancepros.netlify.app/subzero/,,,,,Enabled,Enabled,Enabled,,,Urgency angle RSA test
SZ_Search_BayArea_ULTRA3000_Broad,Geo Cupertino Repair,Responsive search ad,ultra3000_price_test,Sub-Zero Repair Cupertino,,"Upfront Pricing, No Surprises",,Diagnosis Before Any Repair,,Approve Repair Before Work,,Book Service In 60 Seconds,,Local Sub-Zero Technicians,,Same-Day Slots Available,,Clear Quote After Diagnosis,,Warranty On Completed Repair,,Bay Area Home Visits,,Call Or Book Online,,No Repair Without Approval,,Fast In-Home Diagnostics,,Flexible Arrival Windows,,Trusted Appliance Pros Team,,"Transparent process: diagnosis first, clear quote second, repair only with approval.",,No hidden charges. You get upfront pricing and warranty on completed repair work.,,Compare options after diagnosis and choose what fits your budget and urgency.,,Schedule Sub-Zero service today and get a clear quote before any repair begins.,,sub-zero,geo-cupertino-r,https://appliancepros.netlify.app/subzero/,,,,,Enabled,Enabled,Enabled,,,Price clarity RSA test
SZ_Search_BayArea_ULTRA3000_Broad,Geo DalyCity Repair,Responsive search ad,ultra3000_primary,Sub-Zero Repair DalyCity,,Reliable Local Repair Team,,Experienced Appliance Techs,,Sub-Zero Service You Trust,,Book Service In 60 Seconds,,Local Sub-Zero Technicians,,Same-Day Slots Available,,Clear Quote After Diagnosis,,Warranty On Completed Repair,,Bay Area Home Visits,,Call Or Book Online,,No Repair Without Approval,,Fast In-Home Diagnostics,,Flexible Arrival Windows,,Trusted Appliance Pros Team,,Book Sub-Zero service in under a minute and choose a convenient Bay Area arrival window.,,"Our technician diagnoses first, explains options clearly, and repairs only with approval.",,"We fix not cooling, ice, leak, door, and freezer issues across Bay Area homes.",,Call now or book online for same-day or next-day Sub-Zero service.,,sub-zero,geo-dalycity-re,https://appliancepros.netlify.app/subzero/,,,,,Enabled,Enabled,Enabled,,,Primary trust-focused RSA
SZ_Search_BayArea_ULTRA3000_Broad,Geo DalyCity Repair,Responsive search ad,ultra3000_urgency_test,Sub-Zero Repair DalyCity,,Need Help Today? Book Now,,Emergency Slots Open Now,,Technician Arrives Same Day,,Book Service In 60 Seconds,,Local Sub-Zero Technicians,,Same-Day Slots Available,,Clear Quote After Diagnosis,,Warranty On Completed Repair,,Bay Area Home Visits,,Call Or Book Online,,No Repair Without Approval,,Fast In-Home Diagnostics,,Flexible Arrival Windows,,Trusted Appliance Pros Team,,Need fast help? Request same-day Sub-Zero service and get a confirmed arrival window.,,"Local tech visits fast, diagnoses quickly, and starts repair after your approval.",,"Urgent refrigerator, freezer, ice maker, and leak issues handled across Bay Area.",,Book online in 60 seconds or call now to secure the next open slot.,,sub-zero,geo-dalycity-re,https://appliancepros.netlify.app/subzero/,,,,,Enabled,Enabled,Enabled,,,Urgency angle RSA test
SZ_Search_BayArea_ULTRA3000_Broad,Geo DalyCity Repair,Responsive search ad,ultra3000_price_test,Sub-Zero Repair DalyCity,,"Upfront Pricing, No Surprises",,Diagnosis Before Any Repair,,Approve Repair Before Work,,Book Service In 60 Seconds,,Local Sub-Zero Technicians,,Same-Day Slots Available,,Clear Quote After Diagnosis,,Warranty On Completed Repair,,Bay Area Home Visits,,Call Or Book Online,,No Repair Without Approval,,Fast In-Home Diagnostics,,Flexible Arrival Windows,,Trusted Appliance Pros Team,,"Transparent process: diagnosis first, clear quote second, repair only with approval.",,No hidden charges. You get upfront pricing and warranty on completed repair work.,,Compare options after diagnosis and choose what fits your budget and urgency.,,Schedule Sub-Zero service today and get a clear quote before any repair begins.,,sub-zero,geo-dalycity-re,https://appliancepros.netlify.app/subzero/,,,,,Enabled,Enabled,Enabled,,,Price clarity RSA test
SZ_Search_BayArea_ULTRA3000_Broad,Geo Emeryville Repair,Responsive search ad,ultra3000_primary,Sub-Zero Repair Emeryville,,Reliable Local Repair Team,,Experienced Appliance Techs,,Sub-Zero Service You Trust,,Book Service In 60 Seconds,,Local Sub-Zero Technicians,,Same-Day Slots Available,,Clear Quote After Diagnosis,,Warranty On Completed Repair,,Bay Area Home Visits,,Call Or Book Online,,No Repair Without Approval,,Fast In-Home Diagnostics,,Flexible Arrival Windows,,Trusted Appliance Pros Team,,Book Sub-Zero service in under a minute and choose a convenient Bay Area arrival window.,,"Our technician diagnoses first, explains options clearly, and repairs only with approval.",,"We fix not cooling, ice, leak, door, and freezer issues across Bay Area homes.",,Call now or book online for same-day or next-day Sub-Zero service.,,sub-zero,geo-emeryville-,https://appliancepros.netlify.app/subzero/,,,,,Enabled,Enabled,Enabled,,,Primary trust-focused RSA
SZ_Search_BayArea_ULTRA3000_Broad,Geo Emeryville Repair,Responsive search ad,ultra3000_urgency_test,Sub-Zero Repair Emeryville,,Need Help Today? Book Now,,Emergency Slots Open Now,,Technician Arrives Same Day,,Book Service In 60 Seconds,,Local Sub-Zero Technicians,,Same-Day Slots Available,,Clear Quote After Diagnosis,,Warranty On Completed Repair,,Bay Area Home Visits,,Call Or Book Online,,No Repair Without Approval,,Fast In-Home Diagnostics,,Flexible Arrival Windows,,Trusted Appliance Pros Team,,Need fast help? Request same-day Sub-Zero service and get a confirmed arrival window.,,"Local tech visits fast, diagnoses quickly, and starts repair after your approval.",,"Urgent refrigerator, freezer, ice maker, and leak issues handled across Bay Area.",,Book online in 60 seconds or call now to secure the next open slot.,,sub-zero,geo-emeryville-,https://appliancepros.netlify.app/subzero/,,,,,Enabled,Enabled,Enabled,,,Urgency angle RSA test
SZ_Search_BayArea_ULTRA3000_Broad,Geo Emeryville Repair,Responsive search ad,ultra3000_price_test,Sub-Zero Repair Emeryville,,"Upfront Pricing, No Surprises",,Diagnosis Before Any Repair,,Approve Repair Before Work,,Book Service In 60 Seconds,,Local Sub-Zero Technicians,,Same-Day Slots Available,,Clear Quote After Diagnosis,,Warranty On Completed Repair,,Bay Area Home Visits,,Call Or Book Online,,No Repair Without Approval,,Fast In-Home Diagnostics,,Flexible Arrival Windows,,Trusted Appliance Pros Team,,"Transparent process: diagnosis first, clear quote second, repair only with approval.",,No hidden charges. You get upfront pricing and warranty on completed repair work.,,Compare options after diagnosis and choose what fits your budget and urgency.,,Schedule Sub-Zero service today and get a clear quote before any repair begins.,,sub-zero,geo-emeryville-,https://appliancepros.netlify.app/subzero/,,,,,Enabled,Enabled,Enabled,,,Price clarity RSA test
SZ_Search_BayArea_ULTRA3000_Broad,Geo FosterCity Repair,Responsive search ad,ultra3000_primary,Sub-Zero Repair FosterCity,,Reliable Local Repair Team,,Experienced Appliance Techs,,Sub-Zero Service You Trust,,Book Service In 60 Seconds,,Local Sub-Zero Technicians,,Same-Day Slots Available,,Clear Quote After Diagnosis,,Warranty On Completed Repair,,Bay Area Home Visits,,Call Or Book Online,,No Repair Without Approval,,Fast In-Home Diagnostics,,Flexible Arrival Windows,,Trusted Appliance Pros Team,,Book Sub-Zero service in under a minute and choose a convenient Bay Area arrival window.,,"Our technician diagnoses first, explains options clearly, and repairs only with approval.",,"We fix not cooling, ice, leak, door, and freezer issues across Bay Area homes.",,Call now or book online for same-day or next-day Sub-Zero service.,,sub-zero,geo-fostercity-,https://appliancepros.netlify.app/subzero/,,,,,Enabled,Enabled,Enabled,,,Primary trust-focused RSA
SZ_Search_BayArea_ULTRA3000_Broad,Geo FosterCity Repair,Responsive search ad,ultra3000_urgency_test,Sub-Zero Repair FosterCity,,Need Help Today? Book Now,,Emergency Slots Open Now,,Technician Arrives Same Day,,Book Service In 60 Seconds,,Local Sub-Zero Technicians,,Same-Day Slots Available,,Clear Quote After Diagnosis,,Warranty On Completed Repair,,Bay Area Home Visits,,Call Or Book Online,,No Repair Without Approval,,Fast In-Home Diagnostics,,Flexible Arrival Windows,,Trusted Appliance Pros Team,,Need fast help? Request same-day Sub-Zero service and get a confirmed arrival window.,,"Local tech visits fast, diagnoses quickly, and starts repair after your approval.",,"Urgent refrigerator, freezer, ice maker, and leak issues handled across Bay Area.",,Book online in 60 seconds or call now to secure the next open slot.,,sub-zero,geo-fostercity-,https://appliancepros.netlify.app/subzero/,,,,,Enabled,Enabled,Enabled,,,Urgency angle RSA test
SZ_Search_BayArea_ULTRA3000_Broad,Geo FosterCity Repair,Responsive search ad,ultra3000_price_test,Sub-Zero Repair FosterCity,,"Upfront Pricing, No Surprises",,Diagnosis Before Any Repair,,Approve Repair Before Work,,Book Service In 60 Seconds,,Local Sub-Zero Technicians,,Same-Day Slots Available,,Clear Quote After Diagnosis,,Warranty On Completed Repair,,Bay Area Home Visits,,Call Or Book Online,,No Repair Without Approval,,Fast In-Home Diagnostics,,Flexible Arrival Windows,,Trusted Appliance Pros Team,,"Transparent process: diagnosis first, clear quote second, repair only with approval.",,No hidden charges. You get upfront pricing and warranty on completed repair work.,,Compare options after diagnosis and choose what fits your budget and urgency.,,Schedule Sub-Zero service today and get a clear quote before any repair begins.,,sub-zero,geo-fostercity-,https://appliancepros.netlify.app/subzero/,,,,,Enabled,Enabled,Enabled,,,Price clarity RSA test
SZ_Search_BayArea_ULTRA3000_Broad,Geo Fremont Repair,Responsive search ad,ultra3000_primary,Sub-Zero Repair Fremont,,Reliable Local Repair Team,,Experienced Appliance Techs,,Sub-Zero Service You Trust,,Book Service In 60 Seconds,,Local Sub-Zero Technicians,,Same-Day Slots Available,,Clear Quote After Diagnosis,,Warranty On Completed Repair,,Bay Area Home Visits,,Call Or Book Online,,No Repair Without Approval,,Fast In-Home Diagnostics,,Flexible Arrival Windows,,Trusted Appliance Pros Team,,Book Sub-Zero service in under a minute and choose a convenient Bay Area arrival window.,,"Our technician diagnoses first, explains options clearly, and repairs only with approval.",,"We fix not cooling, ice, leak, door, and freezer issues across Bay Area homes.",,Call now or book online for same-day or next-day Sub-Zero service.,,sub-zero,geo-fremont-rep,https://appliancepros.netlify.app/subzero/,,,,,Enabled,Enabled,Enabled,,,Primary trust-focused RSA
SZ_Search_BayArea_ULTRA3000_Broad,Geo Fremont Repair,Responsive search ad,ultra3000_urgency_test,Sub-Zero Repair Fremont,,Need Help Today? Book Now,,Emergency Slots Open Now,,Technician Arrives Same Day,,Book Service In 60 Seconds,,Local Sub-Zero Technicians,,Same-Day Slots Available,,Clear Quote After Diagnosis,,Warranty On Completed Repair,,Bay Area Home Visits,,Call Or Book Online,,No Repair Without Approval,,Fast In-Home Diagnostics,,Flexible Arrival Windows,,Trusted Appliance Pros Team,,Need fast help? Request same-day Sub-Zero service and get a confirmed arrival window.,,"Local tech visits fast, diagnoses quickly, and starts repair after your approval.",,"Urgent refrigerator, freezer, ice maker, and leak issues handled across Bay Area.",,Book online in 60 seconds or call now to secure the next open slot.,,sub-zero,geo-fremont-rep,https://appliancepros.netlify.app/subzero/,,,,,Enabled,Enabled,Enabled,,,Urgency angle RSA test
SZ_Search_BayArea_ULTRA3000_Broad,Geo Fremont Repair,Responsive search ad,ultra3000_price_test,Sub-Zero Repair Fremont,,"Upfront Pricing, No Surprises",,Diagnosis Before Any Repair,,Approve Repair Before Work,,Book Service In 60 Seconds,,Local Sub-Zero Technicians,,Same-Day Slots Available,,Clear Quote After Diagnosis,,Warranty On Completed Repair,,Bay Area Home Visits,,Call Or Book Online,,No Repair Without Approval,,Fast In-Home Diagnostics,,Flexible Arrival Windows,,Trusted Appliance Pros Team,,"Transparent process: diagnosis first, clear quote second, repair only with approval.",,No hidden charges. You get upfront pricing and warranty on completed repair work.,,Compare options after diagnosis and choose what fits your budget and urgency.,,Schedule Sub-Zero service today and get a clear quote before any repair begins.,,sub-zero,geo-fremont-rep,https://appliancepros.netlify.app/subzero/,,,,,Enabled,Enabled,Enabled,,,Price clarity RSA test
SZ_Search_BayArea_ULTRA3000_Broad,Geo Hayward Repair,Responsive search ad,ultra3000_primary,Sub-Zero Repair Hayward,,Reliable Local Repair Team,,Experienced Appliance Techs,,Sub-Zero Service You Trust,,Book Service In 60 Seconds,,Local Sub-Zero Technicians,,Same-Day Slots Available,,Clear Quote After Diagnosis,,Warranty On Completed Repair,,Bay Area Home Visits,,Call Or Book Online,,No Repair Without Approval,,Fast In-Home Diagnostics,,Flexible Arrival Windows,,Trusted Appliance Pros Team,,Book Sub-Zero service in under a minute and choose a convenient Bay Area arrival window.,,"Our technician diagnoses first, explains options clearly, and repairs only with approval.",,"We fix not cooling, ice, leak, door, and freezer issues across Bay Area homes.",,Call now or book online for same-day or next-day Sub-Zero service.,,sub-zero,geo-hayward-rep,https://appliancepros.netlify.app/subzero/,,,,,Enabled,Enabled,Enabled,,,Primary trust-focused RSA
SZ_Search_BayArea_ULTRA3000_Broad,Geo Hayward Repair,Responsive search ad,ultra3000_urgency_test,Sub-Zero Repair Hayward,,Need Help Today? Book Now,,Emergency Slots Open Now,,Technician Arrives Same Day,,Book Service In 60 Seconds,,Local Sub-Zero Technicians,,Same-Day Slots Available,,Clear Quote After Diagnosis,,Warranty On Completed Repair,,Bay Area Home Visits,,Call Or Book Online,,No Repair Without Approval,,Fast In-Home Diagnostics,,Flexible Arrival Windows,,Trusted Appliance Pros Team,,Need fast help? Request same-day Sub-Zero service and get a confirmed arrival window.,,"Local tech visits fast, diagnoses quickly, and starts repair after your approval.",,"Urgent refrigerator, freezer, ice maker, and leak issues handled across Bay Area.",,Book online in 60 seconds or call now to secure the next open slot.,,sub-zero,geo-hayward-rep,https://appliancepros.netlify.app/subzero/,,,,,Enabled,Enabled,Enabled,,,Urgency angle RSA test
SZ_Search_BayArea_ULTRA3000_Broad,Geo Hayward Repair,Responsive search ad,ultra3000_price_test,Sub-Zero Repair Hayward,,"Upfront Pricing, No Surprises",,Diagnosis Before Any Repair,,Approve Repair Before Work,,Book Service In 60 Seconds,,Local Sub-Zero Technicians,,Same-Day Slots Available,,Clear Quote After Diagnosis,,Warranty On Completed Repair,,Bay Area Home Visits,,Call Or Book Online,,No Repair Without Approval,,Fast In-Home Diagnostics,,Flexible Arrival Windows,,Trusted Appliance Pros Team,,"Transparent process: diagnosis first, clear quote second, repair only with approval.",,No hidden charges. You get upfront pricing and warranty on completed repair work.,,Compare options after diagnosis and choose what fits your budget and urgency.,,Schedule Sub-Zero service today and get a clear quote before any repair begins.,,sub-zero,geo-hayward-rep,https://appliancepros.netlify.app/subzero/,,,,,Enabled,Enabled,Enabled,,,Price clarity RSA test
SZ_Search_BayArea_ULTRA3000_Broad,Geo Livermore Repair,Responsive search ad,ultra3000_primary,Sub-Zero Repair Livermore,,Reliable Local Repair Team,,Experienced Appliance Techs,,Sub-Zero Service You Trust,,Book Service In 60 Seconds,,Local Sub-Zero Technicians,,Same-Day Slots Available,,Clear Quote After Diagnosis,,Warranty On Completed Repair,,Bay Area Home Visits,,Call Or Book Online,,No Repair Without Approval,,Fast In-Home Diagnostics,,Flexible Arrival Windows,,Trusted Appliance Pros Team,,Book Sub-Zero service in under a minute and choose a convenient Bay Area arrival window.,,"Our technician diagnoses first, explains options clearly, and repairs only with approval.",,"We fix not cooling, ice, leak, door, and freezer issues across Bay Area homes.",,Call now or book online for same-day or next-day Sub-Zero service.,,sub-zero,geo-livermore-r,https://appliancepros.netlify.app/subzero/,,,,,Enabled,Enabled,Enabled,,,Primary trust-focused RSA
SZ_Search_BayArea_ULTRA3000_Broad,Geo Livermore Repair,Responsive search ad,ultra3000_urgency_test,Sub-Zero Repair Livermore,,Need Help Today? Book Now,,Emergency Slots Open Now,,Technician Arrives Same Day,,Book Service In 60 Seconds,,Local Sub-Zero Technicians,,Same-Day Slots Available,,Clear Quote After Diagnosis,,Warranty On Completed Repair,,Bay Area Home Visits,,Call Or Book Online,,No Repair Without Approval,,Fast In-Home Diagnostics,,Flexible Arrival Windows,,Trusted Appliance Pros Team,,Need fast help? Request same-day Sub-Zero service and get a confirmed arrival window.,,"Local tech visits fast, diagnoses quickly, and starts repair after your approval.",,"Urgent refrigerator, freezer, ice maker, and leak issues handled across Bay Area.",,Book online in 60 seconds or call now to secure the next open slot.,,sub-zero,geo-livermore-r,https://appliancepros.netlify.app/subzero/,,,,,Enabled,Enabled,Enabled,,,Urgency angle RSA test
SZ_Search_BayArea_ULTRA3000_Broad,Geo Livermore Repair,Responsive search ad,ultra3000_price_test,Sub-Zero Repair Livermore,,"Upfront Pricing, No Surprises",,Diagnosis Before Any Repair,,Approve Repair Before Work,,Book Service In 60 Seconds,,Local Sub-Zero Technicians,,Same-Day Slots Available,,Clear Quote After Diagnosis,,Warranty On Completed Repair,,Bay Area Home Visits,,Call Or Book Online,,No Repair Without Approval,,Fast In-Home Diagnostics,,Flexible Arrival Windows,,Trusted Appliance Pros Team,,"Transparent process: diagnosis first, clear quote second, repair only with approval.",,No hidden charges. You get upfront pricing and warranty on completed repair work.,,Compare options after diagnosis and choose what fits your budget and urgency.,,Schedule Sub-Zero service today and get a clear quote before any repair begins.,,sub-zero,geo-livermore-r,https://appliancepros.netlify.app/subzero/,,,,,Enabled,Enabled,Enabled,,,Price clarity RSA test
SZ_Search_BayArea_ULTRA3000_Broad,Geo LosAltos Repair,Responsive search ad,ultra3000_primary,Sub-Zero Repair LosAltos,,Reliable Local Repair Team,,Experienced Appliance Techs,,Sub-Zero Service You Trust,,Book Service In 60 Seconds,,Local Sub-Zero Technicians,,Same-Day Slots Available,,Clear Quote After Diagnosis,,Warranty On Completed Repair,,Bay Area Home Visits,,Call Or Book Online,,No Repair Without Approval,,Fast In-Home Diagnostics,,Flexible Arrival Windows,,Trusted Appliance Pros Team,,Book Sub-Zero service in under a minute and choose a convenient Bay Area arrival window.,,"Our technician diagnoses first, explains options clearly, and repairs only with approval.",,"We fix not cooling, ice, leak, door, and freezer issues across Bay Area homes.",,Call now or book online for same-day or next-day Sub-Zero service.,,sub-zero,geo-losaltos-re,https://appliancepros.netlify.app/subzero/,,,,,Enabled,Enabled,Enabled,,,Primary trust-focused RSA
SZ_Search_BayArea_ULTRA3000_Broad,Geo LosAltos Repair,Responsive search ad,ultra3000_urgency_test,Sub-Zero Repair LosAltos,,Need Help Today? Book Now,,Emergency Slots Open Now,,Technician Arrives Same Day,,Book Service In 60 Seconds,,Local Sub-Zero Technicians,,Same-Day Slots Available,,Clear Quote After Diagnosis,,Warranty On Completed Repair,,Bay Area Home Visits,,Call Or Book Online,,No Repair Without Approval,,Fast In-Home Diagnostics,,Flexible Arrival Windows,,Trusted Appliance Pros Team,,Need fast help? Request same-day Sub-Zero service and get a confirmed arrival window.,,"Local tech visits fast, diagnoses quickly, and starts repair after your approval.",,"Urgent refrigerator, freezer, ice maker, and leak issues handled across Bay Area.",,Book online in 60 seconds or call now to secure the next open slot.,,sub-zero,geo-losaltos-re,https://appliancepros.netlify.app/subzero/,,,,,Enabled,Enabled,Enabled,,,Urgency angle RSA test
SZ_Search_BayArea_ULTRA3000_Broad,Geo LosAltos Repair,Responsive search ad,ultra3000_price_test,Sub-Zero Repair LosAltos,,"Upfront Pricing, No Surprises",,Diagnosis Before Any Repair,,Approve Repair Before Work,,Book Service In 60 Seconds,,Local Sub-Zero Technicians,,Same-Day Slots Available,,Clear Quote After Diagnosis,,Warranty On Completed Repair,,Bay Area Home Visits,,Call Or Book Online,,No Repair Without Approval,,Fast In-Home Diagnostics,,Flexible Arrival Windows,,Trusted Appliance Pros Team,,"Transparent process: diagnosis first, clear quote second, repair only with approval.",,No hidden charges. You get upfront pricing and warranty on completed repair work.,,Compare options after diagnosis and choose what fits your budget and urgency.,,Schedule Sub-Zero service today and get a clear quote before any repair begins.,,sub-zero,geo-losaltos-re,https://appliancepros.netlify.app/subzero/,,,,,Enabled,Enabled,Enabled,,,Price clarity RSA test
SZ_Search_BayArea_ULTRA3000_Broad,Geo LosGatos Repair,Responsive search ad,ultra3000_primary,Sub-Zero Repair LosGatos,,Reliable Local Repair Team,,Experienced Appliance Techs,,Sub-Zero Service You Trust,,Book Service In 60 Seconds,,Local Sub-Zero Technicians,,Same-Day Slots Available,,Clear Quote After Diagnosis,,Warranty On Completed Repair,,Bay Area Home Visits,,Call Or Book Online,,No Repair Without Approval,,Fast In-Home Diagnostics,,Flexible Arrival Windows,,Trusted Appliance Pros Team,,Book Sub-Zero service in under a minute and choose a convenient Bay Area arrival window.,,"Our technician diagnoses first, explains options clearly, and repairs only with approval.",,"We fix not cooling, ice, leak, door, and freezer issues across Bay Area homes.",,Call now or book online for same-day or next-day Sub-Zero service.,,sub-zero,geo-losgatos-re,https://appliancepros.netlify.app/subzero/,,,,,Enabled,Enabled,Enabled,,,Primary trust-focused RSA
SZ_Search_BayArea_ULTRA3000_Broad,Geo LosGatos Repair,Responsive search ad,ultra3000_urgency_test,Sub-Zero Repair LosGatos,,Need Help Today? Book Now,,Emergency Slots Open Now,,Technician Arrives Same Day,,Book Service In 60 Seconds,,Local Sub-Zero Technicians,,Same-Day Slots Available,,Clear Quote After Diagnosis,,Warranty On Completed Repair,,Bay Area Home Visits,,Call Or Book Online,,No Repair Without Approval,,Fast In-Home Diagnostics,,Flexible Arrival Windows,,Trusted Appliance Pros Team,,Need fast help? Request same-day Sub-Zero service and get a confirmed arrival window.,,"Local tech visits fast, diagnoses quickly, and starts repair after your approval.",,"Urgent refrigerator, freezer, ice maker, and leak issues handled across Bay Area.",,Book online in 60 seconds or call now to secure the next open slot.,,sub-zero,geo-losgatos-re,https://appliancepros.netlify.app/subzero/,,,,,Enabled,Enabled,Enabled,,,Urgency angle RSA test
SZ_Search_BayArea_ULTRA3000_Broad,Geo LosGatos Repair,Responsive search ad,ultra3000_price_test,Sub-Zero Repair LosGatos,,"Upfront Pricing, No Surprises",,Diagnosis Before Any Repair,,Approve Repair Before Work,,Book Service In 60 Seconds,,Local Sub-Zero Technicians,,Same-Day Slots Available,,Clear Quote After Diagnosis,,Warranty On Completed Repair,,Bay Area Home Visits,,Call Or Book Online,,No Repair Without Approval,,Fast In-Home Diagnostics,,Flexible Arrival Windows,,Trusted Appliance Pros Team,,"Transparent process: diagnosis first, clear quote second, repair only with approval.",,No hidden charges. You get upfront pricing and warranty on completed repair work.,,Compare options after diagnosis and choose what fits your budget and urgency.,,Schedule Sub-Zero service today and get a clear quote before any repair begins.,,sub-zero,geo-losgatos-re,https://appliancepros.netlify.app/subzero/,,,,,Enabled,Enabled,Enabled,,,Price clarity RSA test
SZ_Search_BayArea_ULTRA3000_Broad,Geo MenloPark Repair,Responsive search ad,ultra3000_primary,Sub-Zero Repair MenloPark,,Reliable Local Repair Team,,Experienced Appliance Techs,,Sub-Zero Service You Trust,,Book Service In 60 Seconds,,Local Sub-Zero Technicians,,Same-Day Slots Available,,Clear Quote After Diagnosis,,Warranty On Completed Repair,,Bay Area Home Visits,,Call Or Book Online,,No Repair Without Approval,,Fast In-Home Diagnostics,,Flexible Arrival Windows,,Trusted Appliance Pros Team,,Book Sub-Zero service in under a minute and choose a convenient Bay Area arrival window.,,"Our technician diagnoses first, explains options clearly, and repairs only with approval.",,"We fix not cooling, ice, leak, door, and freezer issues across Bay Area homes.",,Call now or book online for same-day or next-day Sub-Zero service.,,sub-zero,geo-menlopark-r,https://appliancepros.netlify.app/subzero/,,,,,Enabled,Enabled,Enabled,,,Primary trust-focused RSA
SZ_Search_BayArea_ULTRA3000_Broad,Geo MenloPark Repair,Responsive search ad,ultra3000_urgency_test,Sub-Zero Repair MenloPark,,Need Help Today? Book Now,,Emergency Slots Open Now,,Technician Arrives Same Day,,Book Service In 60 Seconds,,Local Sub-Zero Technicians,,Same-Day Slots Available,,Clear Quote After Diagnosis,,Warranty On Completed Repair,,Bay Area Home Visits,,Call Or Book Online,,No Repair Without Approval,,Fast In-Home Diagnostics,,Flexible Arrival Windows,,Trusted Appliance Pros Team,,Need fast help? Request same-day Sub-Zero service and get a confirmed arrival window.,,"Local tech visits fast, diagnoses quickly, and starts repair after your approval.",,"Urgent refrigerator, freezer, ice maker, and leak issues handled across Bay Area.",,Book online in 60 seconds or call now to secure the next open slot.,,sub-zero,geo-menlopark-r,https://appliancepros.netlify.app/subzero/,,,,,Enabled,Enabled,Enabled,,,Urgency angle RSA test
SZ_Search_BayArea_ULTRA3000_Broad,Geo MenloPark Repair,Responsive search ad,ultra3000_price_test,Sub-Zero Repair MenloPark,,"Upfront Pricing, No Surprises",,Diagnosis Before Any Repair,,Approve Repair Before Work,,Book Service In 60 Seconds,,Local Sub-Zero Technicians,,Same-Day Slots Available,,Clear Quote After Diagnosis,,Warranty On Completed Repair,,Bay Area Home Visits,,Call Or Book Online,,No Repair Without Approval,,Fast In-Home Diagnostics,,Flexible Arrival Windows,,Trusted Appliance Pros Team,,"Transparent process: diagnosis first, clear quote second, repair only with approval.",,No hidden charges. You get upfront pricing and warranty on completed repair work.,,Compare options after diagnosis and choose what fits your budget and urgency.,,Schedule Sub-Zero service today and get a clear quote before any repair begins.,,sub-zero,geo-menlopark-r,https://appliancepros.netlify.app/subzero/,,,,,Enabled,Enabled,Enabled,,,Price clarity RSA test
SZ_Search_BayArea_ULTRA3000_Broad,Geo Millbrae Repair,Responsive search ad,ultra3000_primary,Sub-Zero Repair Millbrae,,Reliable Local Repair Team,,Experienced Appliance Techs,,Sub-Zero Service You Trust,,Book Service In 60 Seconds,,Local Sub-Zero Technicians,,Same-Day Slots Available,,Clear Quote After Diagnosis,,Warranty On Completed Repair,,Bay Area Home Visits,,Call Or Book Online,,No Repair Without Approval,,Fast In-Home Diagnostics,,Flexible Arrival Windows,,Trusted Appliance Pros Team,,Book Sub-Zero service in under a minute and choose a convenient Bay Area arrival window.,,"Our technician diagnoses first, explains options clearly, and repairs only with approval.",,"We fix not cooling, ice, leak, door, and freezer issues across Bay Area homes.",,Call now or book online for same-day or next-day Sub-Zero service.,,sub-zero,geo-millbrae-re,https://appliancepros.netlify.app/subzero/,,,,,Enabled,Enabled,Enabled,,,Primary trust-focused RSA
SZ_Search_BayArea_ULTRA3000_Broad,Geo Millbrae Repair,Responsive search ad,ultra3000_urgency_test,Sub-Zero Repair Millbrae,,Need Help Today? Book Now,,Emergency Slots Open Now,,Technician Arrives Same Day,,Book Service In 60 Seconds,,Local Sub-Zero Technicians,,Same-Day Slots Available,,Clear Quote After Diagnosis,,Warranty On Completed Repair,,Bay Area Home Visits,,Call Or Book Online,,No Repair Without Approval,,Fast In-Home Diagnostics,,Flexible Arrival Windows,,Trusted Appliance Pros Team,,Need fast help? Request same-day Sub-Zero service and get a confirmed arrival window.,,"Local tech visits fast, diagnoses quickly, and starts repair after your approval.",,"Urgent refrigerator, freezer, ice maker, and leak issues handled across Bay Area.",,Book online in 60 seconds or call now to secure the next open slot.,,sub-zero,geo-millbrae-re,https://appliancepros.netlify.app/subzero/,,,,,Enabled,Enabled,Enabled,,,Urgency angle RSA test
SZ_Search_BayArea_ULTRA3000_Broad,Geo Millbrae Repair,Responsive search ad,ultra3000_price_test,Sub-Zero Repair Millbrae,,"Upfront Pricing, No Surprises",,Diagnosis Before Any Repair,,Approve Repair Before Work,,Book Service In 60 Seconds,,Local Sub-Zero Technicians,,Same-Day Slots Available,,Clear Quote After Diagnosis,,Warranty On Completed Repair,,Bay Area Home Visits,,Call Or Book Online,,No Repair Without Approval,,Fast In-Home Diagnostics,,Flexible Arrival Windows,,Trusted Appliance Pros Team,,"Transparent process: diagnosis first, clear quote second, repair only with approval.",,No hidden charges. You get upfront pricing and warranty on completed repair work.,,Compare options after diagnosis and choose what fits your budget and urgency.,,Schedule Sub-Zero service today and get a clear quote before any repair begins.,,sub-zero,geo-millbrae-re,https://appliancepros.netlify.app/subzero/,,,,,Enabled,Enabled,Enabled,,,Price clarity RSA test
SZ_Search_BayArea_ULTRA3000_Broad,Geo Milpitas Repair,Responsive search ad,ultra3000_primary,Sub-Zero Repair Milpitas,,Reliable Local Repair Team,,Experienced Appliance Techs,,Sub-Zero Service You Trust,,Book Service In 60 Seconds,,Local Sub-Zero Technicians,,Same-Day Slots Available,,Clear Quote After Diagnosis,,Warranty On Completed Repair,,Bay Area Home Visits,,Call Or Book Online,,No Repair Without Approval,,Fast In-Home Diagnostics,,Flexible Arrival Windows,,Trusted Appliance Pros Team,,Book Sub-Zero service in under a minute and choose a convenient Bay Area arrival window.,,"Our technician diagnoses first, explains options clearly, and repairs only with approval.",,"We fix not cooling, ice, leak, door, and freezer issues across Bay Area homes.",,Call now or book online for same-day or next-day Sub-Zero service.,,sub-zero,geo-milpitas-re,https://appliancepros.netlify.app/subzero/,,,,,Enabled,Enabled,Enabled,,,Primary trust-focused RSA
SZ_Search_BayArea_ULTRA3000_Broad,Geo Milpitas Repair,Responsive search ad,ultra3000_urgency_test,Sub-Zero Repair Milpitas,,Need Help Today? Book Now,,Emergency Slots Open Now,,Technician Arrives Same Day,,Book Service In 60 Seconds,,Local Sub-Zero Technicians,,Same-Day Slots Available,,Clear Quote After Diagnosis,,Warranty On Completed Repair,,Bay Area Home Visits,,Call Or Book Online,,No Repair Without Approval,,Fast In-Home Diagnostics,,Flexible Arrival Windows,,Trusted Appliance Pros Team,,Need fast help? Request same-day Sub-Zero service and get a confirmed arrival window.,,"Local tech visits fast, diagnoses quickly, and starts repair after your approval.",,"Urgent refrigerator, freezer, ice maker, and leak issues handled across Bay Area.",,Book online in 60 seconds or call now to secure the next open slot.,,sub-zero,geo-milpitas-re,https://appliancepros.netlify.app/subzero/,,,,,Enabled,Enabled,Enabled,,,Urgency angle RSA test
SZ_Search_BayArea_ULTRA3000_Broad,Geo Milpitas Repair,Responsive search ad,ultra3000_price_test,Sub-Zero Repair Milpitas,,"Upfront Pricing, No Surprises",,Diagnosis Before Any Repair,,Approve Repair Before Work,,Book Service In 60 Seconds,,Local Sub-Zero Technicians,,Same-Day Slots Available,,Clear Quote After Diagnosis,,Warranty On Completed Repair,,Bay Area Home Visits,,Call Or Book Online,,No Repair Without Approval,,Fast In-Home Diagnostics,,Flexible Arrival Windows,,Trusted Appliance Pros Team,,"Transparent process: diagnosis first, clear quote second, repair only with approval.",,No hidden charges. You get upfront pricing and warranty on completed repair work.,,Compare options after diagnosis and choose what fits your budget and urgency.,,Schedule Sub-Zero service today and get a clear quote before any repair begins.,,sub-zero,geo-milpitas-re,https://appliancepros.netlify.app/subzero/,,,,,Enabled,Enabled,Enabled,,,Price clarity RSA test
SZ_Search_BayArea_ULTRA3000_Broad,Geo MountainView Repair,Responsive search ad,ultra3000_primary,Sub-Zero Repair MountainView,,Reliable Local Repair Team,,Experienced Appliance Techs,,Sub-Zero Service You Trust,,Book Service In 60 Seconds,,Local Sub-Zero Technicians,,Same-Day Slots Available,,Clear Quote After Diagnosis,,Warranty On Completed Repair,,Bay Area Home Visits,,Call Or Book Online,,No Repair Without Approval,,Fast In-Home Diagnostics,,Flexible Arrival Windows,,Trusted Appliance Pros Team,,Book Sub-Zero service in under a minute and choose a convenient Bay Area arrival window.,,"Our technician diagnoses first, explains options clearly, and repairs only with approval.",,"We fix not cooling, ice, leak, door, and freezer issues across Bay Area homes.",,Call now or book online for same-day or next-day Sub-Zero service.,,sub-zero,geo-mountainvie,https://appliancepros.netlify.app/subzero/,,,,,Enabled,Enabled,Enabled,,,Primary trust-focused RSA
SZ_Search_BayArea_ULTRA3000_Broad,Geo MountainView Repair,Responsive search ad,ultra3000_urgency_test,Sub-Zero Repair MountainView,,Need Help Today? Book Now,,Emergency Slots Open Now,,Technician Arrives Same Day,,Book Service In 60 Seconds,,Local Sub-Zero Technicians,,Same-Day Slots Available,,Clear Quote After Diagnosis,,Warranty On Completed Repair,,Bay Area Home Visits,,Call Or Book Online,,No Repair Without Approval,,Fast In-Home Diagnostics,,Flexible Arrival Windows,,Trusted Appliance Pros Team,,Need fast help? Request same-day Sub-Zero service and get a confirmed arrival window.,,"Local tech visits fast, diagnoses quickly, and starts repair after your approval.",,"Urgent refrigerator, freezer, ice maker, and leak issues handled across Bay Area.",,Book online in 60 seconds or call now to secure the next open slot.,,sub-zero,geo-mountainvie,https://appliancepros.netlify.app/subzero/,,,,,Enabled,Enabled,Enabled,,,Urgency angle RSA test
SZ_Search_BayArea_ULTRA3000_Broad,Geo MountainView Repair,Responsive search ad,ultra3000_price_test,Sub-Zero Repair MountainView,,"Upfront Pricing, No Surprises",,Diagnosis Before Any Repair,,Approve Repair Before Work,,Book Service In 60 Seconds,,Local Sub-Zero Technicians,,Same-Day Slots Available,,Clear Quote After Diagnosis,,Warranty On Completed Repair,,Bay Area Home Visits,,Call Or Book Online,,No Repair Without Approval,,Fast In-Home Diagnostics,,Flexible Arrival Windows,,Trusted Appliance Pros Team,,"Transparent process: diagnosis first, clear quote second, repair only with approval.",,No hidden charges. You get upfront pricing and warranty on completed repair work.,,Compare options after diagnosis and choose what fits your budget and urgency.,,Schedule Sub-Zero service today and get a clear quote before any repair begins.,,sub-zero,geo-mountainvie,https://appliancepros.netlify.app/subzero/,,,,,Enabled,Enabled,Enabled,,,Price clarity RSA test
SZ_Search_BayArea_ULTRA3000_Broad,Geo Novato Repair,Responsive search ad,ultra3000_primary,Sub-Zero Repair Novato,,Reliable Local Repair Team,,Experienced Appliance Techs,,Sub-Zero Service You Trust,,Book Service In 60 Seconds,,Local Sub-Zero Technicians,,Same-Day Slots Available,,Clear Quote After Diagnosis,,Warranty On Completed Repair,,Bay Area Home Visits,,Call Or Book Online,,No Repair Without Approval,,Fast In-Home Diagnostics,,Flexible Arrival Windows,,Trusted Appliance Pros Team,,Book Sub-Zero service in under a minute and choose a convenient Bay Area arrival window.,,"Our technician diagnoses first, explains options clearly, and repairs only with approval.",,"We fix not cooling, ice, leak, door, and freezer issues across Bay Area homes.",,Call now or book online for same-day or next-day Sub-Zero service.,,sub-zero,geo-novato-repa,https://appliancepros.netlify.app/subzero/,,,,,Enabled,Enabled,Enabled,,,Primary trust-focused RSA
SZ_Search_BayArea_ULTRA3000_Broad,Geo Novato Repair,Responsive search ad,ultra3000_urgency_test,Sub-Zero Repair Novato,,Need Help Today? Book Now,,Emergency Slots Open Now,,Technician Arrives Same Day,,Book Service In 60 Seconds,,Local Sub-Zero Technicians,,Same-Day Slots Available,,Clear Quote After Diagnosis,,Warranty On Completed Repair,,Bay Area Home Visits,,Call Or Book Online,,No Repair Without Approval,,Fast In-Home Diagnostics,,Flexible Arrival Windows,,Trusted Appliance Pros Team,,Need fast help? Request same-day Sub-Zero service and get a confirmed arrival window.,,"Local tech visits fast, diagnoses quickly, and starts repair after your approval.",,"Urgent refrigerator, freezer, ice maker, and leak issues handled across Bay Area.",,Book online in 60 seconds or call now to secure the next open slot.,,sub-zero,geo-novato-repa,https://appliancepros.netlify.app/subzero/,,,,,Enabled,Enabled,Enabled,,,Urgency angle RSA test
SZ_Search_BayArea_ULTRA3000_Broad,Geo Novato Repair,Responsive search ad,ultra3000_price_test,Sub-Zero Repair Novato,,"Upfront Pricing, No Surprises",,Diagnosis Before Any Repair,,Approve Repair Before Work,,Book Service In 60 Seconds,,Local Sub-Zero Technicians,,Same-Day Slots Available,,Clear Quote After Diagnosis,,Warranty On Completed Repair,,Bay Area Home Visits,,Call Or Book Online,,No Repair Without Approval,,Fast In-Home Diagnostics,,Flexible Arrival Windows,,Trusted Appliance Pros Team,,"Transparent process: diagnosis first, clear quote second, repair only with approval.",,No hidden charges. You get upfront pricing and warranty on completed repair work.,,Compare options after diagnosis and choose what fits your budget and urgency.,,Schedule Sub-Zero service today and get a clear quote before any repair begins.,,sub-zero,geo-novato-repa,https://appliancepros.netlify.app/subzero/,,,,,Enabled,Enabled,Enabled,,,Price clarity RSA test
SZ_Search_BayArea_ULTRA3000_Broad,Geo Oakland Repair,Responsive search ad,ultra3000_primary,Sub-Zero Repair Oakland,,Reliable Local Repair Team,,Experienced Appliance Techs,,Sub-Zero Service You Trust,,Book Service In 60 Seconds,,Local Sub-Zero Technicians,,Same-Day Slots Available,,Clear Quote After Diagnosis,,Warranty On Completed Repair,,Bay Area Home Visits,,Call Or Book Online,,No Repair Without Approval,,Fast In-Home Diagnostics,,Flexible Arrival Windows,,Trusted Appliance Pros Team,,Book Sub-Zero service in under a minute and choose a convenient Bay Area arrival window.,,"Our technician diagnoses first, explains options clearly, and repairs only with approval.",,"We fix not cooling, ice, leak, door, and freezer issues across Bay Area homes.",,Call now or book online for same-day or next-day Sub-Zero service.,,sub-zero,geo-oakland-rep,https://appliancepros.netlify.app/subzero/,,,,,Enabled,Enabled,Enabled,,,Primary trust-focused RSA
SZ_Search_BayArea_ULTRA3000_Broad,Geo Oakland Repair,Responsive search ad,ultra3000_urgency_test,Sub-Zero Repair Oakland,,Need Help Today? Book Now,,Emergency Slots Open Now,,Technician Arrives Same Day,,Book Service In 60 Seconds,,Local Sub-Zero Technicians,,Same-Day Slots Available,,Clear Quote After Diagnosis,,Warranty On Completed Repair,,Bay Area Home Visits,,Call Or Book Online,,No Repair Without Approval,,Fast In-Home Diagnostics,,Flexible Arrival Windows,,Trusted Appliance Pros Team,,Need fast help? Request same-day Sub-Zero service and get a confirmed arrival window.,,"Local tech visits fast, diagnoses quickly, and starts repair after your approval.",,"Urgent refrigerator, freezer, ice maker, and leak issues handled across Bay Area.",,Book online in 60 seconds or call now to secure the next open slot.,,sub-zero,geo-oakland-rep,https://appliancepros.netlify.app/subzero/,,,,,Enabled,Enabled,Enabled,,,Urgency angle RSA test
SZ_Search_BayArea_ULTRA3000_Broad,Geo Oakland Repair,Responsive search ad,ultra3000_price_test,Sub-Zero Repair Oakland,,"Upfront Pricing, No Surprises",,Diagnosis Before Any Repair,,Approve Repair Before Work,,Book Service In 60 Seconds,,Local Sub-Zero Technicians,,Same-Day Slots Available,,Clear Quote After Diagnosis,,Warranty On Completed Repair,,Bay Area Home Visits,,Call Or Book Online,,No Repair Without Approval,,Fast In-Home Diagnostics,,Flexible Arrival Windows,,Trusted Appliance Pros Team,,"Transparent process: diagnosis first, clear quote second, repair only with approval.",,No hidden charges. You get upfront pricing and warranty on completed repair work.,,Compare options after diagnosis and choose what fits your budget and urgency.,,Schedule Sub-Zero service today and get a clear quote before any repair begins.,,sub-zero,geo-oakland-rep,https://appliancepros.netlify.app/subzero/,,,,,Enabled,Enabled,Enabled,,,Price clarity RSA test
SZ_Search_BayArea_ULTRA3000_Broad,Geo PaloAlto Repair,Responsive search ad,ultra3000_primary,Sub-Zero Repair PaloAlto,,Reliable Local Repair Team,,Experienced Appliance Techs,,Sub-Zero Service You Trust,,Book Service In 60 Seconds,,Local Sub-Zero Technicians,,Same-Day Slots Available,,Clear Quote After Diagnosis,,Warranty On Completed Repair,,Bay Area Home Visits,,Call Or Book Online,,No Repair Without Approval,,Fast In-Home Diagnostics,,Flexible Arrival Windows,,Trusted Appliance Pros Team,,Book Sub-Zero service in under a minute and choose a convenient Bay Area arrival window.,,"Our technician diagnoses first, explains options clearly, and repairs only with approval.",,"We fix not cooling, ice, leak, door, and freezer issues across Bay Area homes.",,Call now or book online for same-day or next-day Sub-Zero service.,,sub-zero,geo-paloalto-re,https://appliancepros.netlify.app/subzero/,,,,,Enabled,Enabled,Enabled,,,Primary trust-focused RSA
SZ_Search_BayArea_ULTRA3000_Broad,Geo PaloAlto Repair,Responsive search ad,ultra3000_urgency_test,Sub-Zero Repair PaloAlto,,Need Help Today? Book Now,,Emergency Slots Open Now,,Technician Arrives Same Day,,Book Service In 60 Seconds,,Local Sub-Zero Technicians,,Same-Day Slots Available,,Clear Quote After Diagnosis,,Warranty On Completed Repair,,Bay Area Home Visits,,Call Or Book Online,,No Repair Without Approval,,Fast In-Home Diagnostics,,Flexible Arrival Windows,,Trusted Appliance Pros Team,,Need fast help? Request same-day Sub-Zero service and get a confirmed arrival window.,,"Local tech visits fast, diagnoses quickly, and starts repair after your approval.",,"Urgent refrigerator, freezer, ice maker, and leak issues handled across Bay Area.",,Book online in 60 seconds or call now to secure the next open slot.,,sub-zero,geo-paloalto-re,https://appliancepros.netlify.app/subzero/,,,,,Enabled,Enabled,Enabled,,,Urgency angle RSA test
SZ_Search_BayArea_ULTRA3000_Broad,Geo PaloAlto Repair,Responsive search ad,ultra3000_price_test,Sub-Zero Repair PaloAlto,,"Upfront Pricing, No Surprises",,Diagnosis Before Any Repair,,Approve Repair Before Work,,Book Service In 60 Seconds,,Local Sub-Zero Technicians,,Same-Day Slots Available,,Clear Quote After Diagnosis,,Warranty On Completed Repair,,Bay Area Home Visits,,Call Or Book Online,,No Repair Without Approval,,Fast In-Home Diagnostics,,Flexible Arrival Windows,,Trusted Appliance Pros Team,,"Transparent process: diagnosis first, clear quote second, repair only with approval.",,No hidden charges. You get upfront pricing and warranty on completed repair work.,,Compare options after diagnosis and choose what fits your budget and urgency.,,Schedule Sub-Zero service today and get a clear quote before any repair begins.,,sub-zero,geo-paloalto-re,https://appliancepros.netlify.app/subzero/,,,,,Enabled,Enabled,Enabled,,,Price clarity RSA test
SZ_Search_BayArea_ULTRA3000_Broad,Geo Pleasanton Repair,Responsive search ad,ultra3000_primary,Sub-Zero Repair Pleasanton,,Reliable Local Repair Team,,Experienced Appliance Techs,,Sub-Zero Service You Trust,,Book Service In 60 Seconds,,Local Sub-Zero Technicians,,Same-Day Slots Available,,Clear Quote After Diagnosis,,Warranty On Completed Repair,,Bay Area Home Visits,,Call Or Book Online,,No Repair Without Approval,,Fast In-Home Diagnostics,,Flexible Arrival Windows,,Trusted Appliance Pros Team,,Book Sub-Zero service in under a minute and choose a convenient Bay Area arrival window.,,"Our technician diagnoses first, explains options clearly, and repairs only with approval.",,"We fix not cooling, ice, leak, door, and freezer issues across Bay Area homes.",,Call now or book online for same-day or next-day Sub-Zero service.,,sub-zero,geo-pleasanton-,https://appliancepros.netlify.app/subzero/,,,,,Enabled,Enabled,Enabled,,,Primary trust-focused RSA
SZ_Search_BayArea_ULTRA3000_Broad,Geo Pleasanton Repair,Responsive search ad,ultra3000_urgency_test,Sub-Zero Repair Pleasanton,,Need Help Today? Book Now,,Emergency Slots Open Now,,Technician Arrives Same Day,,Book Service In 60 Seconds,,Local Sub-Zero Technicians,,Same-Day Slots Available,,Clear Quote After Diagnosis,,Warranty On Completed Repair,,Bay Area Home Visits,,Call Or Book Online,,No Repair Without Approval,,Fast In-Home Diagnostics,,Flexible Arrival Windows,,Trusted Appliance Pros Team,,Need fast help? Request same-day Sub-Zero service and get a confirmed arrival window.,,"Local tech visits fast, diagnoses quickly, and starts repair after your approval.",,"Urgent refrigerator, freezer, ice maker, and leak issues handled across Bay Area.",,Book online in 60 seconds or call now to secure the next open slot.,,sub-zero,geo-pleasanton-,https://appliancepros.netlify.app/subzero/,,,,,Enabled,Enabled,Enabled,,,Urgency angle RSA test
SZ_Search_BayArea_ULTRA3000_Broad,Geo Pleasanton Repair,Responsive search ad,ultra3000_price_test,Sub-Zero Repair Pleasanton,,"Upfront Pricing, No Surprises",,Diagnosis Before Any Repair,,Approve Repair Before Work,,Book Service In 60 Seconds,,Local Sub-Zero Technicians,,Same-Day Slots Available,,Clear Quote After Diagnosis,,Warranty On Completed Repair,,Bay Area Home Visits,,Call Or Book Online,,No Repair Without Approval,,Fast In-Home Diagnostics,,Flexible Arrival Windows,,Trusted Appliance Pros Team,,"Transparent process: diagnosis first, clear quote second, repair only with approval.",,No hidden charges. You get upfront pricing and warranty on completed repair work.,,Compare options after diagnosis and choose what fits your budget and urgency.,,Schedule Sub-Zero service today and get a clear quote before any repair begins.,,sub-zero,geo-pleasanton-,https://appliancepros.netlify.app/subzero/,,,,,Enabled,Enabled,Enabled,,,Price clarity RSA test
SZ_Search_BayArea_ULTRA3000_Broad,Geo RedwoodCity Repair,Responsive search ad,ultra3000_primary,Sub-Zero Repair RedwoodCity,,Reliable Local Repair Team,,Experienced Appliance Techs,,Sub-Zero Service You Trust,,Book Service In 60 Seconds,,Local Sub-Zero Technicians,,Same-Day Slots Available,,Clear Quote After Diagnosis,,Warranty On Completed Repair,,Bay Area Home Visits,,Call Or Book Online,,No Repair Without Approval,,Fast In-Home Diagnostics,,Flexible Arrival Windows,,Trusted Appliance Pros Team,,Book Sub-Zero service in under a minute and choose a convenient Bay Area arrival window.,,"Our technician diagnoses first, explains options clearly, and repairs only with approval.",,"We fix not cooling, ice, leak, door, and freezer issues across Bay Area homes.",,Call now or book online for same-day or next-day Sub-Zero service.,,sub-zero,geo-redwoodcity,https://appliancepros.netlify.app/subzero/,,,,,Enabled,Enabled,Enabled,,,Primary trust-focused RSA
SZ_Search_BayArea_ULTRA3000_Broad,Geo RedwoodCity Repair,Responsive search ad,ultra3000_urgency_test,Sub-Zero Repair RedwoodCity,,Need Help Today? Book Now,,Emergency Slots Open Now,,Technician Arrives Same Day,,Book Service In 60 Seconds,,Local Sub-Zero Technicians,,Same-Day Slots Available,,Clear Quote After Diagnosis,,Warranty On Completed Repair,,Bay Area Home Visits,,Call Or Book Online,,No Repair Without Approval,,Fast In-Home Diagnostics,,Flexible Arrival Windows,,Trusted Appliance Pros Team,,Need fast help? Request same-day Sub-Zero service and get a confirmed arrival window.,,"Local tech visits fast, diagnoses quickly, and starts repair after your approval.",,"Urgent refrigerator, freezer, ice maker, and leak issues handled across Bay Area.",,Book online in 60 seconds or call now to secure the next open slot.,,sub-zero,geo-redwoodcity,https://appliancepros.netlify.app/subzero/,,,,,Enabled,Enabled,Enabled,,,Urgency angle RSA test
SZ_Search_BayArea_ULTRA3000_Broad,Geo RedwoodCity Repair,Responsive search ad,ultra3000_price_test,Sub-Zero Repair RedwoodCity,,"Upfront Pricing, No Surprises",,Diagnosis Before Any Repair,,Approve Repair Before Work,,Book Service In 60 Seconds,,Local Sub-Zero Technicians,,Same-Day Slots Available,,Clear Quote After Diagnosis,,Warranty On Completed Repair,,Bay Area Home Visits,,Call Or Book Online,,No Repair Without Approval,,Fast In-Home Diagnostics,,Flexible Arrival Windows,,Trusted Appliance Pros Team,,"Transparent process: diagnosis first, clear quote second, repair only with approval.",,No hidden charges. You get upfront pricing and warranty on completed repair work.,,Compare options after diagnosis and choose what fits your budget and urgency.,,Schedule Sub-Zero service today and get a clear quote before any repair begins.,,sub-zero,geo-redwoodcity,https://appliancepros.netlify.app/subzero/,,,,,Enabled,Enabled,Enabled,,,Price clarity RSA test
SZ_Search_BayArea_ULTRA3000_Broad,Geo Richmond Repair,Responsive search ad,ultra3000_primary,Sub-Zero Repair Richmond,,Reliable Local Repair Team,,Experienced Appliance Techs,,Sub-Zero Service You Trust,,Book Service In 60 Seconds,,Local Sub-Zero Technicians,,Same-Day Slots Available,,Clear Quote After Diagnosis,,Warranty On Completed Repair,,Bay Area Home Visits,,Call Or Book Online,,No Repair Without Approval,,Fast In-Home Diagnostics,,Flexible Arrival Windows,,Trusted Appliance Pros Team,,Book Sub-Zero service in under a minute and choose a convenient Bay Area arrival window.,,"Our technician diagnoses first, explains options clearly, and repairs only with approval.",,"We fix not cooling, ice, leak, door, and freezer issues across Bay Area homes.",,Call now or book online for same-day or next-day Sub-Zero service.,,sub-zero,geo-richmond-re,https://appliancepros.netlify.app/subzero/,,,,,Enabled,Enabled,Enabled,,,Primary trust-focused RSA
SZ_Search_BayArea_ULTRA3000_Broad,Geo Richmond Repair,Responsive search ad,ultra3000_urgency_test,Sub-Zero Repair Richmond,,Need Help Today? Book Now,,Emergency Slots Open Now,,Technician Arrives Same Day,,Book Service In 60 Seconds,,Local Sub-Zero Technicians,,Same-Day Slots Available,,Clear Quote After Diagnosis,,Warranty On Completed Repair,,Bay Area Home Visits,,Call Or Book Online,,No Repair Without Approval,,Fast In-Home Diagnostics,,Flexible Arrival Windows,,Trusted Appliance Pros Team,,Need fast help? Request same-day Sub-Zero service and get a confirmed arrival window.,,"Local tech visits fast, diagnoses quickly, and starts repair after your approval.",,"Urgent refrigerator, freezer, ice maker, and leak issues handled across Bay Area.",,Book online in 60 seconds or call now to secure the next open slot.,,sub-zero,geo-richmond-re,https://appliancepros.netlify.app/subzero/,,,,,Enabled,Enabled,Enabled,,,Urgency angle RSA test
SZ_Search_BayArea_ULTRA3000_Broad,Geo Richmond Repair,Responsive search ad,ultra3000_price_test,Sub-Zero Repair Richmond,,"Upfront Pricing, No Surprises",,Diagnosis Before Any Repair,,Approve Repair Before Work,,Book Service In 60 Seconds,,Local Sub-Zero Technicians,,Same-Day Slots Available,,Clear Quote After Diagnosis,,Warranty On Completed Repair,,Bay Area Home Visits,,Call Or Book Online,,No Repair Without Approval,,Fast In-Home Diagnostics,,Flexible Arrival Windows,,Trusted Appliance Pros Team,,"Transparent process: diagnosis first, clear quote second, repair only with approval.",,No hidden charges. You get upfront pricing and warranty on completed repair work.,,Compare options after diagnosis and choose what fits your budget and urgency.,,Schedule Sub-Zero service today and get a clear quote before any repair begins.,,sub-zero,geo-richmond-re,https://appliancepros.netlify.app/subzero/,,,,,Enabled,Enabled,Enabled,,,Price clarity RSA test
SZ_Search_BayArea_ULTRA3000_Broad,Geo SanBruno Repair,Responsive search ad,ultra3000_primary,Sub-Zero Repair SanBruno,,Reliable Local Repair Team,,Experienced Appliance Techs,,Sub-Zero Service You Trust,,Book Service In 60 Seconds,,Local Sub-Zero Technicians,,Same-Day Slots Available,,Clear Quote After Diagnosis,,Warranty On Completed Repair,,Bay Area Home Visits,,Call Or Book Online,,No Repair Without Approval,,Fast In-Home Diagnostics,,Flexible Arrival Windows,,Trusted Appliance Pros Team,,Book Sub-Zero service in under a minute and choose a convenient Bay Area arrival window.,,"Our technician diagnoses first, explains options clearly, and repairs only with approval.",,"We fix not cooling, ice, leak, door, and freezer issues across Bay Area homes.",,Call now or book online for same-day or next-day Sub-Zero service.,,sub-zero,geo-sanbruno-re,https://appliancepros.netlify.app/subzero/,,,,,Enabled,Enabled,Enabled,,,Primary trust-focused RSA
SZ_Search_BayArea_ULTRA3000_Broad,Geo SanBruno Repair,Responsive search ad,ultra3000_urgency_test,Sub-Zero Repair SanBruno,,Need Help Today? Book Now,,Emergency Slots Open Now,,Technician Arrives Same Day,,Book Service In 60 Seconds,,Local Sub-Zero Technicians,,Same-Day Slots Available,,Clear Quote After Diagnosis,,Warranty On Completed Repair,,Bay Area Home Visits,,Call Or Book Online,,No Repair Without Approval,,Fast In-Home Diagnostics,,Flexible Arrival Windows,,Trusted Appliance Pros Team,,Need fast help? Request same-day Sub-Zero service and get a confirmed arrival window.,,"Local tech visits fast, diagnoses quickly, and starts repair after your approval.",,"Urgent refrigerator, freezer, ice maker, and leak issues handled across Bay Area.",,Book online in 60 seconds or call now to secure the next open slot.,,sub-zero,geo-sanbruno-re,https://appliancepros.netlify.app/subzero/,,,,,Enabled,Enabled,Enabled,,,Urgency angle RSA test
SZ_Search_BayArea_ULTRA3000_Broad,Geo SanBruno Repair,Responsive search ad,ultra3000_price_test,Sub-Zero Repair SanBruno,,"Upfront Pricing, No Surprises",,Diagnosis Before Any Repair,,Approve Repair Before Work,,Book Service In 60 Seconds,,Local Sub-Zero Technicians,,Same-Day Slots Available,,Clear Quote After Diagnosis,,Warranty On Completed Repair,,Bay Area Home Visits,,Call Or Book Online,,No Repair Without Approval,,Fast In-Home Diagnostics,,Flexible Arrival Windows,,Trusted Appliance Pros Team,,"Transparent process: diagnosis first, clear quote second, repair only with approval.",,No hidden charges. You get upfront pricing and warranty on completed repair work.,,Compare options after diagnosis and choose what fits your budget and urgency.,,Schedule Sub-Zero service today and get a clear quote before any repair begins.,,sub-zero,geo-sanbruno-re,https://appliancepros.netlify.app/subzero/,,,,,Enabled,Enabled,Enabled,,,Price clarity RSA test
SZ_Search_BayArea_ULTRA3000_Broad,Geo SanFrancisco Repair,Responsive search ad,ultra3000_primary,Sub-Zero Repair SanFrancisco,,Reliable Local Repair Team,,Experienced Appliance Techs,,Sub-Zero Service You Trust,,Book Service In 60 Seconds,,Local Sub-Zero Technicians,,Same-Day Slots Available,,Clear Quote After Diagnosis,,Warranty On Completed Repair,,Bay Area Home Visits,,Call Or Book Online,,No Repair Without Approval,,Fast In-Home Diagnostics,,Flexible Arrival Windows,,Trusted Appliance Pros Team,,Book Sub-Zero service in under a minute and choose a convenient Bay Area arrival window.,,"Our technician diagnoses first, explains options clearly, and repairs only with approval.",,"We fix not cooling, ice, leak, door, and freezer issues across Bay Area homes.",,Call now or book online for same-day or next-day Sub-Zero service.,,sub-zero,geo-sanfrancisc,https://appliancepros.netlify.app/subzero/,,,,,Enabled,Enabled,Enabled,,,Primary trust-focused RSA
SZ_Search_BayArea_ULTRA3000_Broad,Geo SanFrancisco Repair,Responsive search ad,ultra3000_urgency_test,Sub-Zero Repair SanFrancisco,,Need Help Today? Book Now,,Emergency Slots Open Now,,Technician Arrives Same Day,,Book Service In 60 Seconds,,Local Sub-Zero Technicians,,Same-Day Slots Available,,Clear Quote After Diagnosis,,Warranty On Completed Repair,,Bay Area Home Visits,,Call Or Book Online,,No Repair Without Approval,,Fast In-Home Diagnostics,,Flexible Arrival Windows,,Trusted Appliance Pros Team,,Need fast help? Request same-day Sub-Zero service and get a confirmed arrival window.,,"Local tech visits fast, diagnoses quickly, and starts repair after your approval.",,"Urgent refrigerator, freezer, ice maker, and leak issues handled across Bay Area.",,Book online in 60 seconds or call now to secure the next open slot.,,sub-zero,geo-sanfrancisc,https://appliancepros.netlify.app/subzero/,,,,,Enabled,Enabled,Enabled,,,Urgency angle RSA test
SZ_Search_BayArea_ULTRA3000_Broad,Geo SanFrancisco Repair,Responsive search ad,ultra3000_price_test,Sub-Zero Repair SanFrancisco,,"Upfront Pricing, No Surprises",,Diagnosis Before Any Repair,,Approve Repair Before Work,,Book Service In 60 Seconds,,Local Sub-Zero Technicians,,Same-Day Slots Available,,Clear Quote After Diagnosis,,Warranty On Completed Repair,,Bay Area Home Visits,,Call Or Book Online,,No Repair Without Approval,,Fast In-Home Diagnostics,,Flexible Arrival Windows,,Trusted Appliance Pros Team,,"Transparent process: diagnosis first, clear quote second, repair only with approval.",,No hidden charges. You get upfront pricing and warranty on completed repair work.,,Compare options after diagnosis and choose what fits your budget and urgency.,,Schedule Sub-Zero service today and get a clear quote before any repair begins.,,sub-zero,geo-sanfrancisc,https://appliancepros.netlify.app/subzero/,,,,,Enabled,Enabled,Enabled,,,Price clarity RSA test
SZ_Search_BayArea_ULTRA3000_Broad,Geo SanJose Repair,Responsive search ad,ultra3000_primary,Sub-Zero Repair SanJose,,Reliable Local Repair Team,,Experienced Appliance Techs,,Sub-Zero Service You Trust,,Book Service In 60 Seconds,,Local Sub-Zero Technicians,,Same-Day Slots Available,,Clear Quote After Diagnosis,,Warranty On Completed Repair,,Bay Area Home Visits,,Call Or Book Online,,No Repair Without Approval,,Fast In-Home Diagnostics,,Flexible Arrival Windows,,Trusted Appliance Pros Team,,Book Sub-Zero service in under a minute and choose a convenient Bay Area arrival window.,,"Our technician diagnoses first, explains options clearly, and repairs only with approval.",,"We fix not cooling, ice, leak, door, and freezer issues across Bay Area homes.",,Call now or book online for same-day or next-day Sub-Zero service.,,sub-zero,geo-sanjose-rep,https://appliancepros.netlify.app/subzero/,,,,,Enabled,Enabled,Enabled,,,Primary trust-focused RSA
SZ_Search_BayArea_ULTRA3000_Broad,Geo SanJose Repair,Responsive search ad,ultra3000_urgency_test,Sub-Zero Repair SanJose,,Need Help Today? Book Now,,Emergency Slots Open Now,,Technician Arrives Same Day,,Book Service In 60 Seconds,,Local Sub-Zero Technicians,,Same-Day Slots Available,,Clear Quote After Diagnosis,,Warranty On Completed Repair,,Bay Area Home Visits,,Call Or Book Online,,No Repair Without Approval,,Fast In-Home Diagnostics,,Flexible Arrival Windows,,Trusted Appliance Pros Team,,Need fast help? Request same-day Sub-Zero service and get a confirmed arrival window.,,"Local tech visits fast, diagnoses quickly, and starts repair after your approval.",,"Urgent refrigerator, freezer, ice maker, and leak issues handled across Bay Area.",,Book online in 60 seconds or call now to secure the next open slot.,,sub-zero,geo-sanjose-rep,https://appliancepros.netlify.app/subzero/,,,,,Enabled,Enabled,Enabled,,,Urgency angle RSA test
SZ_Search_BayArea_ULTRA3000_Broad,Geo SanJose Repair,Responsive search ad,ultra3000_price_test,Sub-Zero Repair SanJose,,"Upfront Pricing, No Surprises",,Diagnosis Before Any Repair,,Approve Repair Before Work,,Book Service In 60 Seconds,,Local Sub-Zero Technicians,,Same-Day Slots Available,,Clear Quote After Diagnosis,,Warranty On Completed Repair,,Bay Area Home Visits,,Call Or Book Online,,No Repair Without Approval,,Fast In-Home Diagnostics,,Flexible Arrival Windows,,Trusted Appliance Pros Team,,"Transparent process: diagnosis first, clear quote second, repair only with approval.",,No hidden charges. You get upfront pricing and warranty on completed repair work.,,Compare options after diagnosis and choose what fits your budget and urgency.,,Schedule Sub-Zero service today and get a clear quote before any repair begins.,,sub-zero,geo-sanjose-rep,https://appliancepros.netlify.app/subzero/,,,,,Enabled,Enabled,Enabled,,,Price clarity RSA test
SZ_Search_BayArea_ULTRA3000_Broad,Geo SanLeandro Repair,Responsive search ad,ultra3000_primary,Sub-Zero Repair SanLeandro,,Reliable Local Repair Team,,Experienced Appliance Techs,,Sub-Zero Service You Trust,,Book Service In 60 Seconds,,Local Sub-Zero Technicians,,Same-Day Slots Available,,Clear Quote After Diagnosis,,Warranty On Completed Repair,,Bay Area Home Visits,,Call Or Book Online,,No Repair Without Approval,,Fast In-Home Diagnostics,,Flexible Arrival Windows,,Trusted Appliance Pros Team,,Book Sub-Zero service in under a minute and choose a convenient Bay Area arrival window.,,"Our technician diagnoses first, explains options clearly, and repairs only with approval.",,"We fix not cooling, ice, leak, door, and freezer issues across Bay Area homes.",,Call now or book online for same-day or next-day Sub-Zero service.,,sub-zero,geo-sanleandro-,https://appliancepros.netlify.app/subzero/,,,,,Enabled,Enabled,Enabled,,,Primary trust-focused RSA
SZ_Search_BayArea_ULTRA3000_Broad,Geo SanLeandro Repair,Responsive search ad,ultra3000_urgency_test,Sub-Zero Repair SanLeandro,,Need Help Today? Book Now,,Emergency Slots Open Now,,Technician Arrives Same Day,,Book Service In 60 Seconds,,Local Sub-Zero Technicians,,Same-Day Slots Available,,Clear Quote After Diagnosis,,Warranty On Completed Repair,,Bay Area Home Visits,,Call Or Book Online,,No Repair Without Approval,,Fast In-Home Diagnostics,,Flexible Arrival Windows,,Trusted Appliance Pros Team,,Need fast help? Request same-day Sub-Zero service and get a confirmed arrival window.,,"Local tech visits fast, diagnoses quickly, and starts repair after your approval.",,"Urgent refrigerator, freezer, ice maker, and leak issues handled across Bay Area.",,Book online in 60 seconds or call now to secure the next open slot.,,sub-zero,geo-sanleandro-,https://appliancepros.netlify.app/subzero/,,,,,Enabled,Enabled,Enabled,,,Urgency angle RSA test
SZ_Search_BayArea_ULTRA3000_Broad,Geo SanLeandro Repair,Responsive search ad,ultra3000_price_test,Sub-Zero Repair SanLeandro,,"Upfront Pricing, No Surprises",,Diagnosis Before Any Repair,,Approve Repair Before Work,,Book Service In 60 Seconds,,Local Sub-Zero Technicians,,Same-Day Slots Available,,Clear Quote After Diagnosis,,Warranty On Completed Repair,,Bay Area Home Visits,,Call Or Book Online,,No Repair Without Approval,,Fast In-Home Diagnostics,,Flexible Arrival Windows,,Trusted Appliance Pros Team,,"Transparent process: diagnosis first, clear quote second, repair only with approval.",,No hidden charges. You get upfront pricing and warranty on completed repair work.,,Compare options after diagnosis and choose what fits your budget and urgency.,,Schedule Sub-Zero service today and get a clear quote before any repair begins.,,sub-zero,geo-sanleandro-,https://appliancepros.netlify.app/subzero/,,,,,Enabled,Enabled,Enabled,,,Price clarity RSA test
SZ_Search_BayArea_ULTRA3000_Broad,Geo SanMateo Repair,Responsive search ad,ultra3000_primary,Sub-Zero Repair SanMateo,,Reliable Local Repair Team,,Experienced Appliance Techs,,Sub-Zero Service You Trust,,Book Service In 60 Seconds,,Local Sub-Zero Technicians,,Same-Day Slots Available,,Clear Quote After Diagnosis,,Warranty On Completed Repair,,Bay Area Home Visits,,Call Or Book Online,,No Repair Without Approval,,Fast In-Home Diagnostics,,Flexible Arrival Windows,,Trusted Appliance Pros Team,,Book Sub-Zero service in under a minute and choose a convenient Bay Area arrival window.,,"Our technician diagnoses first, explains options clearly, and repairs only with approval.",,"We fix not cooling, ice, leak, door, and freezer issues across Bay Area homes.",,Call now or book online for same-day or next-day Sub-Zero service.,,sub-zero,geo-sanmateo-re,https://appliancepros.netlify.app/subzero/,,,,,Enabled,Enabled,Enabled,,,Primary trust-focused RSA
SZ_Search_BayArea_ULTRA3000_Broad,Geo SanMateo Repair,Responsive search ad,ultra3000_urgency_test,Sub-Zero Repair SanMateo,,Need Help Today? Book Now,,Emergency Slots Open Now,,Technician Arrives Same Day,,Book Service In 60 Seconds,,Local Sub-Zero Technicians,,Same-Day Slots Available,,Clear Quote After Diagnosis,,Warranty On Completed Repair,,Bay Area Home Visits,,Call Or Book Online,,No Repair Without Approval,,Fast In-Home Diagnostics,,Flexible Arrival Windows,,Trusted Appliance Pros Team,,Need fast help? Request same-day Sub-Zero service and get a confirmed arrival window.,,"Local tech visits fast, diagnoses quickly, and starts repair after your approval.",,"Urgent refrigerator, freezer, ice maker, and leak issues handled across Bay Area.",,Book online in 60 seconds or call now to secure the next open slot.,,sub-zero,geo-sanmateo-re,https://appliancepros.netlify.app/subzero/,,,,,Enabled,Enabled,Enabled,,,Urgency angle RSA test
SZ_Search_BayArea_ULTRA3000_Broad,Geo SanMateo Repair,Responsive search ad,ultra3000_price_test,Sub-Zero Repair SanMateo,,"Upfront Pricing, No Surprises",,Diagnosis Before Any Repair,,Approve Repair Before Work,,Book Service In 60 Seconds,,Local Sub-Zero Technicians,,Same-Day Slots Available,,Clear Quote After Diagnosis,,Warranty On Completed Repair,,Bay Area Home Visits,,Call Or Book Online,,No Repair Without Approval,,Fast In-Home Diagnostics,,Flexible Arrival Windows,,Trusted Appliance Pros Team,,"Transparent process: diagnosis first, clear quote second, repair only with approval.",,No hidden charges. You get upfront pricing and warranty on completed repair work.,,Compare options after diagnosis and choose what fits your budget and urgency.,,Schedule Sub-Zero service today and get a clear quote before any repair begins.,,sub-zero,geo-sanmateo-re,https://appliancepros.netlify.app/subzero/,,,,,Enabled,Enabled,Enabled,,,Price clarity RSA test
SZ_Search_BayArea_ULTRA3000_Broad,Geo SanRafael Repair,Responsive search ad,ultra3000_primary,Sub-Zero Repair SanRafael,,Reliable Local Repair Team,,Experienced Appliance Techs,,Sub-Zero Service You Trust,,Book Service In 60 Seconds,,Local Sub-Zero Technicians,,Same-Day Slots Available,,Clear Quote After Diagnosis,,Warranty On Completed Repair,,Bay Area Home Visits,,Call Or Book Online,,No Repair Without Approval,,Fast In-Home Diagnostics,,Flexible Arrival Windows,,Trusted Appliance Pros Team,,Book Sub-Zero service in under a minute and choose a convenient Bay Area arrival window.,,"Our technician diagnoses first, explains options clearly, and repairs only with approval.",,"We fix not cooling, ice, leak, door, and freezer issues across Bay Area homes.",,Call now or book online for same-day or next-day Sub-Zero service.,,sub-zero,geo-sanrafael-r,https://appliancepros.netlify.app/subzero/,,,,,Enabled,Enabled,Enabled,,,Primary trust-focused RSA
SZ_Search_BayArea_ULTRA3000_Broad,Geo SanRafael Repair,Responsive search ad,ultra3000_urgency_test,Sub-Zero Repair SanRafael,,Need Help Today? Book Now,,Emergency Slots Open Now,,Technician Arrives Same Day,,Book Service In 60 Seconds,,Local Sub-Zero Technicians,,Same-Day Slots Available,,Clear Quote After Diagnosis,,Warranty On Completed Repair,,Bay Area Home Visits,,Call Or Book Online,,No Repair Without Approval,,Fast In-Home Diagnostics,,Flexible Arrival Windows,,Trusted Appliance Pros Team,,Need fast help? Request same-day Sub-Zero service and get a confirmed arrival window.,,"Local tech visits fast, diagnoses quickly, and starts repair after your approval.",,"Urgent refrigerator, freezer, ice maker, and leak issues handled across Bay Area.",,Book online in 60 seconds or call now to secure the next open slot.,,sub-zero,geo-sanrafael-r,https://appliancepros.netlify.app/subzero/,,,,,Enabled,Enabled,Enabled,,,Urgency angle RSA test
SZ_Search_BayArea_ULTRA3000_Broad,Geo SanRafael Repair,Responsive search ad,ultra3000_price_test,Sub-Zero Repair SanRafael,,"Upfront Pricing, No Surprises",,Diagnosis Before Any Repair,,Approve Repair Before Work,,Book Service In 60 Seconds,,Local Sub-Zero Technicians,,Same-Day Slots Available,,Clear Quote After Diagnosis,,Warranty On Completed Repair,,Bay Area Home Visits,,Call Or Book Online,,No Repair Without Approval,,Fast In-Home Diagnostics,,Flexible Arrival Windows,,Trusted Appliance Pros Team,,"Transparent process: diagnosis first, clear quote second, repair only with approval.",,No hidden charges. You get upfront pricing and warranty on completed repair work.,,Compare options after diagnosis and choose what fits your budget and urgency.,,Schedule Sub-Zero service today and get a clear quote before any repair begins.,,sub-zero,geo-sanrafael-r,https://appliancepros.netlify.app/subzero/,,,,,Enabled,Enabled,Enabled,,,Price clarity RSA test
SZ_Search_BayArea_ULTRA3000_Broad,Geo SantaClara Repair,Responsive search ad,ultra3000_primary,Sub-Zero Repair SantaClara,,Reliable Local Repair Team,,Experienced Appliance Techs,,Sub-Zero Service You Trust,,Book Service In 60 Seconds,,Local Sub-Zero Technicians,,Same-Day Slots Available,,Clear Quote After Diagnosis,,Warranty On Completed Repair,,Bay Area Home Visits,,Call Or Book Online,,No Repair Without Approval,,Fast In-Home Diagnostics,,Flexible Arrival Windows,,Trusted Appliance Pros Team,,Book Sub-Zero service in under a minute and choose a convenient Bay Area arrival window.,,"Our technician diagnoses first, explains options clearly, and repairs only with approval.",,"We fix not cooling, ice, leak, door, and freezer issues across Bay Area homes.",,Call now or book online for same-day or next-day Sub-Zero service.,,sub-zero,geo-santaclara-,https://appliancepros.netlify.app/subzero/,,,,,Enabled,Enabled,Enabled,,,Primary trust-focused RSA
SZ_Search_BayArea_ULTRA3000_Broad,Geo SantaClara Repair,Responsive search ad,ultra3000_urgency_test,Sub-Zero Repair SantaClara,,Need Help Today? Book Now,,Emergency Slots Open Now,,Technician Arrives Same Day,,Book Service In 60 Seconds,,Local Sub-Zero Technicians,,Same-Day Slots Available,,Clear Quote After Diagnosis,,Warranty On Completed Repair,,Bay Area Home Visits,,Call Or Book Online,,No Repair Without Approval,,Fast In-Home Diagnostics,,Flexible Arrival Windows,,Trusted Appliance Pros Team,,Need fast help? Request same-day Sub-Zero service and get a confirmed arrival window.,,"Local tech visits fast, diagnoses quickly, and starts repair after your approval.",,"Urgent refrigerator, freezer, ice maker, and leak issues handled across Bay Area.",,Book online in 60 seconds or call now to secure the next open slot.,,sub-zero,geo-santaclara-,https://appliancepros.netlify.app/subzero/,,,,,Enabled,Enabled,Enabled,,,Urgency angle RSA test
SZ_Search_BayArea_ULTRA3000_Broad,Geo SantaClara Repair,Responsive search ad,ultra3000_price_test,Sub-Zero Repair SantaClara,,"Upfront Pricing, No Surprises",,Diagnosis Before Any Repair,,Approve Repair Before Work,,Book Service In 60 Seconds,,Local Sub-Zero Technicians,,Same-Day Slots Available,,Clear Quote After Diagnosis,,Warranty On Completed Repair,,Bay Area Home Visits,,Call Or Book Online,,No Repair Without Approval,,Fast In-Home Diagnostics,,Flexible Arrival Windows,,Trusted Appliance Pros Team,,"Transparent process: diagnosis first, clear quote second, repair only with approval.",,No hidden charges. You get upfront pricing and warranty on completed repair work.,,Compare options after diagnosis and choose what fits your budget and urgency.,,Schedule Sub-Zero service today and get a clear quote before any repair begins.,,sub-zero,geo-santaclara-,https://appliancepros.netlify.app/subzero/,,,,,Enabled,Enabled,Enabled,,,Price clarity RSA test
SZ_Search_BayArea_ULTRA3000_Broad,Geo Sunnyvale Repair,Responsive search ad,ultra3000_primary,Sub-Zero Repair Sunnyvale,,Reliable Local Repair Team,,Experienced Appliance Techs,,Sub-Zero Service You Trust,,Book Service In 60 Seconds,,Local Sub-Zero Technicians,,Same-Day Slots Available,,Clear Quote After Diagnosis,,Warranty On Completed Repair,,Bay Area Home Visits,,Call Or Book Online,,No Repair Without Approval,,Fast In-Home Diagnostics,,Flexible Arrival Windows,,Trusted Appliance Pros Team,,Book Sub-Zero service in under a minute and choose a convenient Bay Area arrival window.,,"Our technician diagnoses first, explains options clearly, and repairs only with approval.",,"We fix not cooling, ice, leak, door, and freezer issues across Bay Area homes.",,Call now or book online for same-day or next-day Sub-Zero service.,,sub-zero,geo-sunnyvale-r,https://appliancepros.netlify.app/subzero/,,,,,Enabled,Enabled,Enabled,,,Primary trust-focused RSA
SZ_Search_BayArea_ULTRA3000_Broad,Geo Sunnyvale Repair,Responsive search ad,ultra3000_urgency_test,Sub-Zero Repair Sunnyvale,,Need Help Today? Book Now,,Emergency Slots Open Now,,Technician Arrives Same Day,,Book Service In 60 Seconds,,Local Sub-Zero Technicians,,Same-Day Slots Available,,Clear Quote After Diagnosis,,Warranty On Completed Repair,,Bay Area Home Visits,,Call Or Book Online,,No Repair Without Approval,,Fast In-Home Diagnostics,,Flexible Arrival Windows,,Trusted Appliance Pros Team,,Need fast help? Request same-day Sub-Zero service and get a confirmed arrival window.,,"Local tech visits fast, diagnoses quickly, and starts repair after your approval.",,"Urgent refrigerator, freezer, ice maker, and leak issues handled across Bay Area.",,Book online in 60 seconds or call now to secure the next open slot.,,sub-zero,geo-sunnyvale-r,https://appliancepros.netlify.app/subzero/,,,,,Enabled,Enabled,Enabled,,,Urgency angle RSA test
SZ_Search_BayArea_ULTRA3000_Broad,Geo Sunnyvale Repair,Responsive search ad,ultra3000_price_test,Sub-Zero Repair Sunnyvale,,"Upfront Pricing, No Surprises",,Diagnosis Before Any Repair,,Approve Repair Before Work,,Book Service In 60 Seconds,,Local Sub-Zero Technicians,,Same-Day Slots Available,,Clear Quote After Diagnosis,,Warranty On Completed Repair,,Bay Area Home Visits,,Call Or Book Online,,No Repair Without Approval,,Fast In-Home Diagnostics,,Flexible Arrival Windows,,Trusted Appliance Pros Team,,"Transparent process: diagnosis first, clear quote second, repair only with approval.",,No hidden charges. You get upfront pricing and warranty on completed repair work.,,Compare options after diagnosis and choose what fits your budget and urgency.,,Schedule Sub-Zero service today and get a clear quote before any repair begins.,,sub-zero,geo-sunnyvale-r,https://appliancepros.netlify.app/subzero/,,,,,Enabled,Enabled,Enabled,,,Price clarity RSA test
SZ_Search_BayArea_ULTRA3000_Broad,Geo UnionCity Repair,Responsive search ad,ultra3000_primary,Sub-Zero Repair UnionCity,,Reliable Local Repair Team,,Experienced Appliance Techs,,Sub-Zero Service You Trust,,Book Service In 60 Seconds,,Local Sub-Zero Technicians,,Same-Day Slots Available,,Clear Quote After Diagnosis,,Warranty On Completed Repair,,Bay Area Home Visits,,Call Or Book Online,,No Repair Without Approval,,Fast In-Home Diagnostics,,Flexible Arrival Windows,,Trusted Appliance Pros Team,,Book Sub-Zero service in under a minute and choose a convenient Bay Area arrival window.,,"Our technician diagnoses first, explains options clearly, and repairs only with approval.",,"We fix not cooling, ice, leak, door, and freezer issues across Bay Area homes.",,Call now or book online for same-day or next-day Sub-Zero service.,,sub-zero,geo-unioncity-r,https://appliancepros.netlify.app/subzero/,,,,,Enabled,Enabled,Enabled,,,Primary trust-focused RSA
SZ_Search_BayArea_ULTRA3000_Broad,Geo UnionCity Repair,Responsive search ad,ultra3000_urgency_test,Sub-Zero Repair UnionCity,,Need Help Today? Book Now,,Emergency Slots Open Now,,Technician Arrives Same Day,,Book Service In 60 Seconds,,Local Sub-Zero Technicians,,Same-Day Slots Available,,Clear Quote After Diagnosis,,Warranty On Completed Repair,,Bay Area Home Visits,,Call Or Book Online,,No Repair Without Approval,,Fast In-Home Diagnostics,,Flexible Arrival Windows,,Trusted Appliance Pros Team,,Need fast help? Request same-day Sub-Zero service and get a confirmed arrival window.,,"Local tech visits fast, diagnoses quickly, and starts repair after your approval.",,"Urgent refrigerator, freezer, ice maker, and leak issues handled across Bay Area.",,Book online in 60 seconds or call now to secure the next open slot.,,sub-zero,geo-unioncity-r,https://appliancepros.netlify.app/subzero/,,,,,Enabled,Enabled,Enabled,,,Urgency angle RSA test
SZ_Search_BayArea_ULTRA3000_Broad,Geo UnionCity Repair,Responsive search ad,ultra3000_price_test,Sub-Zero Repair UnionCity,,"Upfront Pricing, No Surprises",,Diagnosis Before Any Repair,,Approve Repair Before Work,,Book Service In 60 Seconds,,Local Sub-Zero Technicians,,Same-Day Slots Available,,Clear Quote After Diagnosis,,Warranty On Completed Repair,,Bay Area Home Visits,,Call Or Book Online,,No Repair Without Approval,,Fast In-Home Diagnostics,,Flexible Arrival Windows,,Trusted Appliance Pros Team,,"Transparent process: diagnosis first, clear quote second, repair only with approval.",,No hidden charges. You get upfront pricing and warranty on completed repair work.,,Compare options after diagnosis and choose what fits your budget and urgency.,,Schedule Sub-Zero service today and get a clear quote before any repair begins.,,sub-zero,geo-unioncity-r,https://appliancepros.netlify.app/subzero/,,,,,Enabled,Enabled,Enabled,,,Price clarity RSA test
SZ_Search_BayArea_ULTRA3000_Broad,Geo WalnutCreek Repair,Responsive search ad,ultra3000_primary,Sub-Zero Repair WalnutCreek,,Reliable Local Repair Team,,Experienced Appliance Techs,,Sub-Zero Service You Trust,,Book Service In 60 Seconds,,Local Sub-Zero Technicians,,Same-Day Slots Available,,Clear Quote After Diagnosis,,Warranty On Completed Repair,,Bay Area Home Visits,,Call Or Book Online,,No Repair Without Approval,,Fast In-Home Diagnostics,,Flexible Arrival Windows,,Trusted Appliance Pros Team,,Book Sub-Zero service in under a minute and choose a convenient Bay Area arrival window.,,"Our technician diagnoses first, explains options clearly, and repairs only with approval.",,"We fix not cooling, ice, leak, door, and freezer issues across Bay Area homes.",,Call now or book online for same-day or next-day Sub-Zero service.,,sub-zero,geo-walnutcreek,https://appliancepros.netlify.app/subzero/,,,,,Enabled,Enabled,Enabled,,,Primary trust-focused RSA
SZ_Search_BayArea_ULTRA3000_Broad,Geo WalnutCreek Repair,Responsive search ad,ultra3000_urgency_test,Sub-Zero Repair WalnutCreek,,Need Help Today? Book Now,,Emergency Slots Open Now,,Technician Arrives Same Day,,Book Service In 60 Seconds,,Local Sub-Zero Technicians,,Same-Day Slots Available,,Clear Quote After Diagnosis,,Warranty On Completed Repair,,Bay Area Home Visits,,Call Or Book Online,,No Repair Without Approval,,Fast In-Home Diagnostics,,Flexible Arrival Windows,,Trusted Appliance Pros Team,,Need fast help? Request same-day Sub-Zero service and get a confirmed arrival window.,,"Local tech visits fast, diagnoses quickly, and starts repair after your approval.",,"Urgent refrigerator, freezer, ice maker, and leak issues handled across Bay Area.",,Book online in 60 seconds or call now to secure the next open slot.,,sub-zero,geo-walnutcreek,https://appliancepros.netlify.app/subzero/,,,,,Enabled,Enabled,Enabled,,,Urgency angle RSA test
SZ_Search_BayArea_ULTRA3000_Broad,Geo WalnutCreek Repair,Responsive search ad,ultra3000_price_test,Sub-Zero Repair WalnutCreek,,"Upfront Pricing, No Surprises",,Diagnosis Before Any Repair,,Approve Repair Before Work,,Book Service In 60 Seconds,,Local Sub-Zero Technicians,,Same-Day Slots Available,,Clear Quote After Diagnosis,,Warranty On Completed Repair,,Bay Area Home Visits,,Call Or Book Online,,No Repair Without Approval,,Fast In-Home Diagnostics,,Flexible Arrival Windows,,Trusted Appliance Pros Team,,"Transparent process: diagnosis first, clear quote second, repair only with approval.",,No hidden charges. You get upfront pricing and warranty on completed repair work.,,Compare options after diagnosis and choose what fits your budget and urgency.,,Schedule Sub-Zero service today and get a clear quote before any repair begins.,,sub-zero,geo-walnutcreek,https://appliancepros.netlify.app/subzero/,,,,,Enabled,Enabled,Enabled,,,Price clarity RSA test
SZ_Search_BayArea_ULTRA3000_Broad,Ice Maker Repair,Responsive search ad,ultra3000_primary,Sub-Zero Ice Maker Repair,,Reliable Local Repair Team,,Experienced Appliance Techs,,Sub-Zero Service You Trust,,Book Service In 60 Seconds,,Local Sub-Zero Technicians,,Same-Day Slots Available,,Clear Quote After Diagnosis,,Warranty On Completed Repair,,Bay Area Home Visits,,Call Or Book Online,,No Repair Without Approval,,Fast In-Home Diagnostics,,Flexible Arrival Windows,,Trusted Appliance Pros Team,,Book Sub-Zero service in under a minute and choose a convenient Bay Area arrival window.,,"Our technician diagnoses first, explains options clearly, and repairs only with approval.",,"We fix not cooling, ice, leak, door, and freezer issues across Bay Area homes.",,Call now or book online for same-day or next-day Sub-Zero service.,,sub-zero,ice-maker-repai,https://appliancepros.netlify.app/subzero/,,,,,Enabled,Enabled,Enabled,,,Primary trust-focused RSA
SZ_Search_BayArea_ULTRA3000_Broad,Ice Maker Repair,Responsive search ad,ultra3000_urgency_test,Sub-Zero Ice Maker Repair,,Need Help Today? Book Now,,Emergency Slots Open Now,,Technician Arrives Same Day,,Book Service In 60 Seconds,,Local Sub-Zero Technicians,,Same-Day Slots Available,,Clear Quote After Diagnosis,,Warranty On Completed Repair,,Bay Area Home Visits,,Call Or Book Online,,No Repair Without Approval,,Fast In-Home Diagnostics,,Flexible Arrival Windows,,Trusted Appliance Pros Team,,Need fast help? Request same-day Sub-Zero service and get a confirmed arrival window.,,"Local tech visits fast, diagnoses quickly, and starts repair after your approval.",,"Urgent refrigerator, freezer, ice maker, and leak issues handled across Bay Area.",,Book online in 60 seconds or call now to secure the next open slot.,,sub-zero,ice-maker-repai,https://appliancepros.netlify.app/subzero/,,,,,Enabled,Enabled,Enabled,,,Urgency angle RSA test
SZ_Search_BayArea_ULTRA3000_Broad,Ice Maker Repair,Responsive search ad,ultra3000_price_test,Sub-Zero Ice Maker Repair,,"Upfront Pricing, No Surprises",,Diagnosis Before Any Repair,,Approve Repair Before Work,,Book Service In 60 Seconds,,Local Sub-Zero Technicians,,Same-Day Slots Available,,Clear Quote After Diagnosis,,Warranty On Completed Repair,,Bay Area Home Visits,,Call Or Book Online,,No Repair Without Approval,,Fast In-Home Diagnostics,,Flexible Arrival Windows,,Trusted Appliance Pros Team,,"Transparent process: diagnosis first, clear quote second, repair only with approval.",,No hidden charges. You get upfront pricing and warranty on completed repair work.,,Compare options after diagnosis and choose what fits your budget and urgency.,,Schedule Sub-Zero service today and get a clear quote before any repair begins.,,sub-zero,ice-maker-repai,https://appliancepros.netlify.app/subzero/,,,,,Enabled,Enabled,Enabled,,,Price clarity RSA test
SZ_Search_BayArea_ULTRA3000_Broad,Noise Fan Compressor,Responsive search ad,ultra3000_primary,Sub-Zero Fan Noise Repair,,Reliable Local Repair Team,,Experienced Appliance Techs,,Sub-Zero Service You Trust,,Book Service In 60 Seconds,,Local Sub-Zero Technicians,,Same-Day Slots Available,,Clear Quote After Diagnosis,,Warranty On Completed Repair,,Bay Area Home Visits,,Call Or Book Online,,No Repair Without Approval,,Fast In-Home Diagnostics,,Flexible Arrival Windows,,Trusted Appliance Pros Team,,Book Sub-Zero service in under a minute and choose a convenient Bay Area arrival window.,,"Our technician diagnoses first, explains options clearly, and repairs only with approval.",,"We fix not cooling, ice, leak, door, and freezer issues across Bay Area homes.",,Call now or book online for same-day or next-day Sub-Zero service.,,sub-zero,noise-fan-compr,https://appliancepros.netlify.app/subzero/,,,,,Enabled,Enabled,Enabled,,,Primary trust-focused RSA
SZ_Search_BayArea_ULTRA3000_Broad,Noise Fan Compressor,Responsive search ad,ultra3000_urgency_test,Sub-Zero Fan Noise Repair,,Need Help Today? Book Now,,Emergency Slots Open Now,,Technician Arrives Same Day,,Book Service In 60 Seconds,,Local Sub-Zero Technicians,,Same-Day Slots Available,,Clear Quote After Diagnosis,,Warranty On Completed Repair,,Bay Area Home Visits,,Call Or Book Online,,No Repair Without Approval,,Fast In-Home Diagnostics,,Flexible Arrival Windows,,Trusted Appliance Pros Team,,Need fast help? Request same-day Sub-Zero service and get a confirmed arrival window.,,"Local tech visits fast, diagnoses quickly, and starts repair after your approval.",,"Urgent refrigerator, freezer, ice maker, and leak issues handled across Bay Area.",,Book online in 60 seconds or call now to secure the next open slot.,,sub-zero,noise-fan-compr,https://appliancepros.netlify.app/subzero/,,,,,Enabled,Enabled,Enabled,,,Urgency angle RSA test
SZ_Search_BayArea_ULTRA3000_Broad,Noise Fan Compressor,Responsive search ad,ultra3000_price_test,Sub-Zero Fan Noise Repair,,"Upfront Pricing, No Surprises",,Diagnosis Before Any Repair,,Approve Repair Before Work,,Book Service In 60 Seconds,,Local Sub-Zero Technicians,,Same-Day Slots Available,,Clear Quote After Diagnosis,,Warranty On Completed Repair,,Bay Area Home Visits,,Call Or Book Online,,No Repair Without Approval,,Fast In-Home Diagnostics,,Flexible Arrival Windows,,Trusted Appliance Pros Team,,"Transparent process: diagnosis first, clear quote second, repair only with approval.",,No hidden charges. You get upfront pricing and warranty on completed repair work.,,Compare options after diagnosis and choose what fits your budget and urgency.,,Schedule Sub-Zero service today and get a clear quote before any repair begins.,,sub-zero,noise-fan-compr,https://appliancepros.netlify.app/subzero/,,,,,Enabled,Enabled,Enabled,,,Price clarity RSA test
SZ_Search_BayArea_ULTRA3000_Broad,Not Cooling Issues,Responsive search ad,ultra3000_primary,Sub-Zero Not Cooling Repair,,Reliable Local Repair Team,,Experienced Appliance Techs,,Sub-Zero Service You Trust,,Book Service In 60 Seconds,,Local Sub-Zero Technicians,,Same-Day Slots Available,,Clear Quote After Diagnosis,,Warranty On Completed Repair,,Bay Area Home Visits,,Call Or Book Online,,No Repair Without Approval,,Fast In-Home Diagnostics,,Flexible Arrival Windows,,Trusted Appliance Pros Team,,Book Sub-Zero service in under a minute and choose a convenient Bay Area arrival window.,,"Our technician diagnoses first, explains options clearly, and repairs only with approval.",,"We fix not cooling, ice, leak, door, and freezer issues across Bay Area homes.",,Call now or book online for same-day or next-day Sub-Zero service.,,sub-zero,not-cooling-iss,https://appliancepros.netlify.app/subzero/,,,,,Enabled,Enabled,Enabled,,,Primary trust-focused RSA
SZ_Search_BayArea_ULTRA3000_Broad,Not Cooling Issues,Responsive search ad,ultra3000_urgency_test,Sub-Zero Not Cooling Repair,,Need Help Today? Book Now,,Emergency Slots Open Now,,Technician Arrives Same Day,,Book Service In 60 Seconds,,Local Sub-Zero Technicians,,Same-Day Slots Available,,Clear Quote After Diagnosis,,Warranty On Completed Repair,,Bay Area Home Visits,,Call Or Book Online,,No Repair Without Approval,,Fast In-Home Diagnostics,,Flexible Arrival Windows,,Trusted Appliance Pros Team,,Need fast help? Request same-day Sub-Zero service and get a confirmed arrival window.,,"Local tech visits fast, diagnoses quickly, and starts repair after your approval.",,"Urgent refrigerator, freezer, ice maker, and leak issues handled across Bay Area.",,Book online in 60 seconds or call now to secure the next open slot.,,sub-zero,not-cooling-iss,https://appliancepros.netlify.app/subzero/,,,,,Enabled,Enabled,Enabled,,,Urgency angle RSA test
SZ_Search_BayArea_ULTRA3000_Broad,Not Cooling Issues,Responsive search ad,ultra3000_price_test,Sub-Zero Not Cooling Repair,,"Upfront Pricing, No Surprises",,Diagnosis Before Any Repair,,Approve Repair Before Work,,Book Service In 60 Seconds,,Local Sub-Zero Technicians,,Same-Day Slots Available,,Clear Quote After Diagnosis,,Warranty On Completed Repair,,Bay Area Home Visits,,Call Or Book Online,,No Repair Without Approval,,Fast In-Home Diagnostics,,Flexible Arrival Windows,,Trusted Appliance Pros Team,,"Transparent process: diagnosis first, clear quote second, repair only with approval.",,No hidden charges. You get upfront pricing and warranty on completed repair work.,,Compare options after diagnosis and choose what fits your budget and urgency.,,Schedule Sub-Zero service today and get a clear quote before any repair begins.,,sub-zero,not-cooling-iss,https://appliancepros.netlify.app/subzero/,,,,,Enabled,Enabled,Enabled,,,Price clarity RSA test
SZ_Search_BayArea_ULTRA3000_Broad,Not Freezing Issues,Responsive search ad,ultra3000_primary,Sub-Zero Not Freezing Fix,,Reliable Local Repair Team,,Experienced Appliance Techs,,Sub-Zero Service You Trust,,Book Service In 60 Seconds,,Local Sub-Zero Technicians,,Same-Day Slots Available,,Clear Quote After Diagnosis,,Warranty On Completed Repair,,Bay Area Home Visits,,Call Or Book Online,,No Repair Without Approval,,Fast In-Home Diagnostics,,Flexible Arrival Windows,,Trusted Appliance Pros Team,,Book Sub-Zero service in under a minute and choose a convenient Bay Area arrival window.,,"Our technician diagnoses first, explains options clearly, and repairs only with approval.",,"We fix not cooling, ice, leak, door, and freezer issues across Bay Area homes.",,Call now or book online for same-day or next-day Sub-Zero service.,,sub-zero,not-freezing-is,https://appliancepros.netlify.app/subzero/,,,,,Enabled,Enabled,Enabled,,,Primary trust-focused RSA
SZ_Search_BayArea_ULTRA3000_Broad,Not Freezing Issues,Responsive search ad,ultra3000_urgency_test,Sub-Zero Not Freezing Fix,,Need Help Today? Book Now,,Emergency Slots Open Now,,Technician Arrives Same Day,,Book Service In 60 Seconds,,Local Sub-Zero Technicians,,Same-Day Slots Available,,Clear Quote After Diagnosis,,Warranty On Completed Repair,,Bay Area Home Visits,,Call Or Book Online,,No Repair Without Approval,,Fast In-Home Diagnostics,,Flexible Arrival Windows,,Trusted Appliance Pros Team,,Need fast help? Request same-day Sub-Zero service and get a confirmed arrival window.,,"Local tech visits fast, diagnoses quickly, and starts repair after your approval.",,"Urgent refrigerator, freezer, ice maker, and leak issues handled across Bay Area.",,Book online in 60 seconds or call now to secure the next open slot.,,sub-zero,not-freezing-is,https://appliancepros.netlify.app/subzero/,,,,,Enabled,Enabled,Enabled,,,Urgency angle RSA test
SZ_Search_BayArea_ULTRA3000_Broad,Not Freezing Issues,Responsive search ad,ultra3000_price_test,Sub-Zero Not Freezing Fix,,"Upfront Pricing, No Surprises",,Diagnosis Before Any Repair,,Approve Repair Before Work,,Book Service In 60 Seconds,,Local Sub-Zero Technicians,,Same-Day Slots Available,,Clear Quote After Diagnosis,,Warranty On Completed Repair,,Bay Area Home Visits,,Call Or Book Online,,No Repair Without Approval,,Fast In-Home Diagnostics,,Flexible Arrival Windows,,Trusted Appliance Pros Team,,"Transparent process: diagnosis first, clear quote second, repair only with approval.",,No hidden charges. You get upfront pricing and warranty on completed repair work.,,Compare options after diagnosis and choose what fits your budget and urgency.,,Schedule Sub-Zero service today and get a clear quote before any repair begins.,,sub-zero,not-freezing-is,https://appliancepros.netlify.app/subzero/,,,,,Enabled,Enabled,Enabled,,,Price clarity RSA test
SZ_Search_BayArea_ULTRA3000_Broad,Not Working Issues,Responsive search ad,ultra3000_primary,Sub-Zero Not Working Repair,,Reliable Local Repair Team,,Experienced Appliance Techs,,Sub-Zero Service You Trust,,Book Service In 60 Seconds,,Local Sub-Zero Technicians,,Same-Day Slots Available,,Clear Quote After Diagnosis,,Warranty On Completed Repair,,Bay Area Home Visits,,Call Or Book Online,,No Repair Without Approval,,Fast In-Home Diagnostics,,Flexible Arrival Windows,,Trusted Appliance Pros Team,,Book Sub-Zero service in under a minute and choose a convenient Bay Area arrival window.,,"Our technician diagnoses first, explains options clearly, and repairs only with approval.",,"We fix not cooling, ice, leak, door, and freezer issues across Bay Area homes.",,Call now or book online for same-day or next-day Sub-Zero service.,,sub-zero,not-working-iss,https://appliancepros.netlify.app/subzero/,,,,,Enabled,Enabled,Enabled,,,Primary trust-focused RSA
SZ_Search_BayArea_ULTRA3000_Broad,Not Working Issues,Responsive search ad,ultra3000_urgency_test,Sub-Zero Not Working Repair,,Need Help Today? Book Now,,Emergency Slots Open Now,,Technician Arrives Same Day,,Book Service In 60 Seconds,,Local Sub-Zero Technicians,,Same-Day Slots Available,,Clear Quote After Diagnosis,,Warranty On Completed Repair,,Bay Area Home Visits,,Call Or Book Online,,No Repair Without Approval,,Fast In-Home Diagnostics,,Flexible Arrival Windows,,Trusted Appliance Pros Team,,Need fast help? Request same-day Sub-Zero service and get a confirmed arrival window.,,"Local tech visits fast, diagnoses quickly, and starts repair after your approval.",,"Urgent refrigerator, freezer, ice maker, and leak issues handled across Bay Area.",,Book online in 60 seconds or call now to secure the next open slot.,,sub-zero,not-working-iss,https://appliancepros.netlify.app/subzero/,,,,,Enabled,Enabled,Enabled,,,Urgency angle RSA test
SZ_Search_BayArea_ULTRA3000_Broad,Not Working Issues,Responsive search ad,ultra3000_price_test,Sub-Zero Not Working Repair,,"Upfront Pricing, No Surprises",,Diagnosis Before Any Repair,,Approve Repair Before Work,,Book Service In 60 Seconds,,Local Sub-Zero Technicians,,Same-Day Slots Available,,Clear Quote After Diagnosis,,Warranty On Completed Repair,,Bay Area Home Visits,,Call Or Book Online,,No Repair Without Approval,,Fast In-Home Diagnostics,,Flexible Arrival Windows,,Trusted Appliance Pros Team,,"Transparent process: diagnosis first, clear quote second, repair only with approval.",,No hidden charges. You get upfront pricing and warranty on completed repair work.,,Compare options after diagnosis and choose what fits your budget and urgency.,,Schedule Sub-Zero service today and get a clear quote before any repair begins.,,sub-zero,not-working-iss,https://appliancepros.netlify.app/subzero/,,,,,Enabled,Enabled,Enabled,,,Price clarity RSA test
SZ_Search_BayArea_ULTRA3000_Broad,Refrigerator Repair,Responsive search ad,ultra3000_primary,Sub-Zero Fridge Repair,,Reliable Local Repair Team,,Experienced Appliance Techs,,Sub-Zero Service You Trust,,Book Service In 60 Seconds,,Local Sub-Zero Technicians,,Same-Day Slots Available,,Clear Quote After Diagnosis,,Warranty On Completed Repair,,Bay Area Home Visits,,Call Or Book Online,,No Repair Without Approval,,Fast In-Home Diagnostics,,Flexible Arrival Windows,,Trusted Appliance Pros Team,,Book Sub-Zero service in under a minute and choose a convenient Bay Area arrival window.,,"Our technician diagnoses first, explains options clearly, and repairs only with approval.",,"We fix not cooling, ice, leak, door, and freezer issues across Bay Area homes.",,Call now or book online for same-day or next-day Sub-Zero service.,,sub-zero,refrigerator-re,https://appliancepros.netlify.app/subzero/,,,,,Enabled,Enabled,Enabled,,,Primary trust-focused RSA
SZ_Search_BayArea_ULTRA3000_Broad,Refrigerator Repair,Responsive search ad,ultra3000_urgency_test,Sub-Zero Fridge Repair,,Need Help Today? Book Now,,Emergency Slots Open Now,,Technician Arrives Same Day,,Book Service In 60 Seconds,,Local Sub-Zero Technicians,,Same-Day Slots Available,,Clear Quote After Diagnosis,,Warranty On Completed Repair,,Bay Area Home Visits,,Call Or Book Online,,No Repair Without Approval,,Fast In-Home Diagnostics,,Flexible Arrival Windows,,Trusted Appliance Pros Team,,Need fast help? Request same-day Sub-Zero service and get a confirmed arrival window.,,"Local tech visits fast, diagnoses quickly, and starts repair after your approval.",,"Urgent refrigerator, freezer, ice maker, and leak issues handled across Bay Area.",,Book online in 60 seconds or call now to secure the next open slot.,,sub-zero,refrigerator-re,https://appliancepros.netlify.app/subzero/,,,,,Enabled,Enabled,Enabled,,,Urgency angle RSA test
SZ_Search_BayArea_ULTRA3000_Broad,Refrigerator Repair,Responsive search ad,ultra3000_price_test,Sub-Zero Fridge Repair,,"Upfront Pricing, No Surprises",,Diagnosis Before Any Repair,,Approve Repair Before Work,,Book Service In 60 Seconds,,Local Sub-Zero Technicians,,Same-Day Slots Available,,Clear Quote After Diagnosis,,Warranty On Completed Repair,,Bay Area Home Visits,,Call Or Book Online,,No Repair Without Approval,,Fast In-Home Diagnostics,,Flexible Arrival Windows,,Trusted Appliance Pros Team,,"Transparent process: diagnosis first, clear quote second, repair only with approval.",,No hidden charges. You get upfront pricing and warranty on completed repair work.,,Compare options after diagnosis and choose what fits your budget and urgency.,,Schedule Sub-Zero service today and get a clear quote before any repair begins.,,sub-zero,refrigerator-re,https://appliancepros.netlify.app/subzero/,,,,,Enabled,Enabled,Enabled,,,Price clarity RSA test
SZ_Search_BayArea_ULTRA3000_Broad,Temperature Issues,Responsive search ad,ultra3000_primary,Sub-Zero Temp Issue Repair,,Reliable Local Repair Team,,Experienced Appliance Techs,,Sub-Zero Service You Trust,,Book Service In 60 Seconds,,Local Sub-Zero Technicians,,Same-Day Slots Available,,Clear Quote After Diagnosis,,Warranty On Completed Repair,,Bay Area Home Visits,,Call Or Book Online,,No Repair Without Approval,,Fast In-Home Diagnostics,,Flexible Arrival Windows,,Trusted Appliance Pros Team,,Book Sub-Zero service in under a minute and choose a convenient Bay Area arrival window.,,"Our technician diagnoses first, explains options clearly, and repairs only with approval.",,"We fix not cooling, ice, leak, door, and freezer issues across Bay Area homes.",,Call now or book online for same-day or next-day Sub-Zero service.,,sub-zero,temperature-iss,https://appliancepros.netlify.app/subzero/,,,,,Enabled,Enabled,Enabled,,,Primary trust-focused RSA
SZ_Search_BayArea_ULTRA3000_Broad,Temperature Issues,Responsive search ad,ultra3000_urgency_test,Sub-Zero Temp Issue Repair,,Need Help Today? Book Now,,Emergency Slots Open Now,,Technician Arrives Same Day,,Book Service In 60 Seconds,,Local Sub-Zero Technicians,,Same-Day Slots Available,,Clear Quote After Diagnosis,,Warranty On Completed Repair,,Bay Area Home Visits,,Call Or Book Online,,No Repair Without Approval,,Fast In-Home Diagnostics,,Flexible Arrival Windows,,Trusted Appliance Pros Team,,Need fast help? Request same-day Sub-Zero service and get a confirmed arrival window.,,"Local tech visits fast, diagnoses quickly, and starts repair after your approval.",,"Urgent refrigerator, freezer, ice maker, and leak issues handled across Bay Area.",,Book online in 60 seconds or call now to secure the next open slot.,,sub-zero,temperature-iss,https://appliancepros.netlify.app/subzero/,,,,,Enabled,Enabled,Enabled,,,Urgency angle RSA test
SZ_Search_BayArea_ULTRA3000_Broad,Temperature Issues,Responsive search ad,ultra3000_price_test,Sub-Zero Temp Issue Repair,,"Upfront Pricing, No Surprises",,Diagnosis Before Any Repair,,Approve Repair Before Work,,Book Service In 60 Seconds,,Local Sub-Zero Technicians,,Same-Day Slots Available,,Clear Quote After Diagnosis,,Warranty On Completed Repair,,Bay Area Home Visits,,Call Or Book Online,,No Repair Without Approval,,Fast In-Home Diagnostics,,Flexible Arrival Windows,,Trusted Appliance Pros Team,,"Transparent process: diagnosis first, clear quote second, repair only with approval.",,No hidden charges. You get upfront pricing and warranty on completed repair work.,,Compare options after diagnosis and choose what fits your budget and urgency.,,Schedule Sub-Zero service today and get a clear quote before any repair begins.,,sub-zero,temperature-iss,https://appliancepros.netlify.app/subzero/,,,,,Enabled,Enabled,Enabled,,,Price clarity RSA test
SZ_Search_BayArea_ULTRA3000_Broad,Water Leak Repair,Responsive search ad,ultra3000_primary,Sub-Zero Water Leak Repair,,Reliable Local Repair Team,,Experienced Appliance Techs,,Sub-Zero Service You Trust,,Book Service In 60 Seconds,,Local Sub-Zero Technicians,,Same-Day Slots Available,,Clear Quote After Diagnosis,,Warranty On Completed Repair,,Bay Area Home Visits,,Call Or Book Online,,No Repair Without Approval,,Fast In-Home Diagnostics,,Flexible Arrival Windows,,Trusted Appliance Pros Team,,Book Sub-Zero service in under a minute and choose a convenient Bay Area arrival window.,,"Our technician diagnoses first, explains options clearly, and repairs only with approval.",,"We fix not cooling, ice, leak, door, and freezer issues across Bay Area homes.",,Call now or book online for same-day or next-day Sub-Zero service.,,sub-zero,water-leak-repa,https://appliancepros.netlify.app/subzero/,,,,,Enabled,Enabled,Enabled,,,Primary trust-focused RSA
SZ_Search_BayArea_ULTRA3000_Broad,Water Leak Repair,Responsive search ad,ultra3000_urgency_test,Sub-Zero Water Leak Repair,,Need Help Today? Book Now,,Emergency Slots Open Now,,Technician Arrives Same Day,,Book Service In 60 Seconds,,Local Sub-Zero Technicians,,Same-Day Slots Available,,Clear Quote After Diagnosis,,Warranty On Completed Repair,,Bay Area Home Visits,,Call Or Book Online,,No Repair Without Approval,,Fast In-Home Diagnostics,,Flexible Arrival Windows,,Trusted Appliance Pros Team,,Need fast help? Request same-day Sub-Zero service and get a confirmed arrival window.,,"Local tech visits fast, diagnoses quickly, and starts repair after your approval.",,"Urgent refrigerator, freezer, ice maker, and leak issues handled across Bay Area.",,Book online in 60 seconds or call now to secure the next open slot.,,sub-zero,water-leak-repa,https://appliancepros.netlify.app/subzero/,,,,,Enabled,Enabled,Enabled,,,Urgency angle RSA test
SZ_Search_BayArea_ULTRA3000_Broad,Water Leak Repair,Responsive search ad,ultra3000_price_test,Sub-Zero Water Leak Repair,,"Upfront Pricing, No Surprises",,Diagnosis Before Any Repair,,Approve Repair Before Work,,Book Service In 60 Seconds,,Local Sub-Zero Technicians,,Same-Day Slots Available,,Clear Quote After Diagnosis,,Warranty On Completed Repair,,Bay Area Home Visits,,Call Or Book Online,,No Repair Without Approval,,Fast In-Home Diagnostics,,Flexible Arrival Windows,,Trusted Appliance Pros Team,,"Transparent process: diagnosis first, clear quote second, repair only with approval.",,No hidden charges. You get upfront pricing and warranty on completed repair work.,,Compare options after diagnosis and choose what fits your budget and urgency.,,Schedule Sub-Zero service today and get a clear quote before any repair begins.,,sub-zero,water-leak-repa,https://appliancepros.netlify.app/subzero/,,,,,Enabled,Enabled,Enabled,,,Price clarity RSA test
SZ_Search_BayArea_ULTRA3000_Broad,Wine Cooler Repair,Responsive search ad,ultra3000_primary,Sub-Zero Wine Cooler Repair,,Reliable Local Repair Team,,Experienced Appliance Techs,,Sub-Zero Service You Trust,,Book Service In 60 Seconds,,Local Sub-Zero Technicians,,Same-Day Slots Available,,Clear Quote After Diagnosis,,Warranty On Completed Repair,,Bay Area Home Visits,,Call Or Book Online,,No Repair Without Approval,,Fast In-Home Diagnostics,,Flexible Arrival Windows,,Trusted Appliance Pros Team,,Book Sub-Zero service in under a minute and choose a convenient Bay Area arrival window.,,"Our technician diagnoses first, explains options clearly, and repairs only with approval.",,"We fix not cooling, ice, leak, door, and freezer issues across Bay Area homes.",,Call now or book online for same-day or next-day Sub-Zero service.,,sub-zero,wine-cooler-rep,https://appliancepros.netlify.app/subzero/,,,,,Enabled,Enabled,Enabled,,,Primary trust-focused RSA
SZ_Search_BayArea_ULTRA3000_Broad,Wine Cooler Repair,Responsive search ad,ultra3000_urgency_test,Sub-Zero Wine Cooler Repair,,Need Help Today? Book Now,,Emergency Slots Open Now,,Technician Arrives Same Day,,Book Service In 60 Seconds,,Local Sub-Zero Technicians,,Same-Day Slots Available,,Clear Quote After Diagnosis,,Warranty On Completed Repair,,Bay Area Home Visits,,Call Or Book Online,,No Repair Without Approval,,Fast In-Home Diagnostics,,Flexible Arrival Windows,,Trusted Appliance Pros Team,,Need fast help? Request same-day Sub-Zero service and get a confirmed arrival window.,,"Local tech visits fast, diagnoses quickly, and starts repair after your approval.",,"Urgent refrigerator, freezer, ice maker, and leak issues handled across Bay Area.",,Book online in 60 seconds or call now to secure the next open slot.,,sub-zero,wine-cooler-rep,https://appliancepros.netlify.app/subzero/,,,,,Enabled,Enabled,Enabled,,,Urgency angle RSA test
SZ_Search_BayArea_ULTRA3000_Broad,Wine Cooler Repair,Responsive search ad,ultra3000_price_test,Sub-Zero Wine Cooler Repair,,"Upfront Pricing, No Surprises",,Diagnosis Before Any Repair,,Approve Repair Before Work,,Book Service In 60 Seconds,,Local Sub-Zero Technicians,,Same-Day Slots Available,,Clear Quote After Diagnosis,,Warranty On Completed Repair,,Bay Area Home Visits,,Call Or Book Online,,No Repair Without Approval,,Fast In-Home Diagnostics,,Flexible Arrival Windows,,Trusted Appliance Pros Team,,"Transparent process: diagnosis first, clear quote second, repair only with approval.",,No hidden charges. You get upfront pricing and warranty on completed repair work.,,Compare options after diagnosis and choose what fits your budget and urgency.,,Schedule Sub-Zero service today and get a clear quote before any repair begins.,,sub-zero,wine-cooler-rep,https://appliancepros.netlify.app/subzero/,,,,,Enabled,Enabled,Enabled,,,Price clarity RSA test
