Campaign,Ad Group,Ad type,Labels,Headline 1,Headline 1 position,Headline 2,Headline 2 position,Headline 3,Headline 3 position,Headline 4,Headline 4 position,Headline 5,Headline 5 position,Headline 6,Headline 6 position,Headline 7,Headline 7 position,Headline 8,Headline 8 position,Headline 9,Headline 9 position,Headline 10,Headline 10 position,Headline 11,Headline 11 position,Headline 12,Headline 12 position,Headline 13,Headline 13 position,Headline 14,Headline 14 position,Headline 15,Headline 15 position,Description 1,Description 1 position,Description 2,Description 2 position,Description 3,Description 3 position,Description 4,Description 4 position,Path 1,Path 2,Final URL,Final mobile URL,Tracking template,Final URL suffix,Custom parameters,Campaign Status,Ad Group Status,Status,Approval Status,Ad strength,Comment
SZ_Search_BayArea_Hyper_ExactPhrase_2026,Geo San Francisco Repair,Responsive search ad,hyper12000_urgency,Sub-Zero Repair San Francisco,1,San Francisco Sub-Zero Service,,"Call Now, Book in Minutes",,Fast Bay Area Response,,No Work Without Approval,,Independent Service Team,,Insured Local Technicians,,180-Day Parts Warranty,,180-Day Labor Warranty,,$99 Fee Credited,,Clear On-Site Diagnosis,,Sub-Zero Service Experts,,Book Your Service Window,,Repair Focused Results,,Get Priority Scheduling,,Same-day or next-day slots. Fast SMS confirmation for your service window.,,$99 service call is credited toward repair when you approve the work.,,"Independent, insured team. 180-day warranty on labor and installed parts.",,Book now for clear diagnosis and high-value Sub-Zero repair in Bay Area.,,san-francisco,repair,https://appliance-pros.netlify.app/subzero/,,,,,Enabled,Enabled,Enabled,,,Hyper-segmented RSA variant
SZ_Search_BayArea_Hyper_ExactPhrase_2026,Geo San Francisco Repair,Responsive search ad,hyper12000_trust,Sub-Zero Repair San Francisco,1,San Francisco Sub-Zero Service,,Independent Repair Experts,,Fast Bay Area Response,,No Work Without Approval,,Independent Service Team,,Insured Local Technicians,,180-Day Parts Warranty,,180-Day Labor Warranty,,$99 Fee Credited,,Clear On-Site Diagnosis,,Sub-Zero Service Experts,,Book Your Service Window,,Repair Focused Results,,Get Priority Scheduling,,Independent Sub-Zero repair service. Not affiliated with any manufacturer.,,Insured technicians and 180-day warranty on labor and installed parts.,,Clear diagnosis first. You approve all work before any repair starts.,,"Professional communication, clean service, and reliable follow-through.",,san-francisco,repair,https://appliance-pros.netlify.app/subzero/,,,,,Enabled,Enabled,Enabled,,,Hyper-segmented RSA variant
SZ_Search_BayArea_Hyper_ExactPhrase_2026,Geo San Francisco Repair,Responsive search ad,hyper12000_conversion,Sub-Zero Repair San Francisco,1,San Francisco Sub-Zero Service,,Focused on Real Repairs,,Fast Bay Area Response,,No Work Without Approval,,Independent Service Team,,Insured Local Technicians,,180-Day Parts Warranty,,180-Day Labor Warranty,,$99 Fee Credited,,Clear On-Site Diagnosis,,Sub-Zero Service Experts,,Book Your Service Window,,Repair Focused Results,,Get Priority Scheduling,,Book quickly online or by phone. We confirm your window fast.,,$99 diagnostic is credited when you proceed with approved repair work.,,"We focus on cooling, freezing, leak, ice, and control system failures.",,"Short, clear process designed for fast, qualified service leads.",,san-francisco,repair,https://appliance-pros.netlify.app/subzero/,,,,,Enabled,Enabled,Enabled,,,Hyper-segmented RSA variant
SZ_Search_BayArea_Hyper_ExactPhrase_2026,Geo San Jose Repair,Responsive search ad,hyper12000_urgency,Sub-Zero Repair San Jose,1,San Jose Sub-Zero Service,,"Call Now, Book in Minutes",,Fast Bay Area Response,,No Work Without Approval,,Independent Service Team,,Insured Local Technicians,,180-Day Parts Warranty,,180-Day Labor Warranty,,$99 Fee Credited,,Clear On-Site Diagnosis,,Sub-Zero Service Experts,,Book Your Service Window,,Repair Focused Results,,Get Priority Scheduling,,Same-day or next-day slots. Fast SMS confirmation for your service window.,,$99 service call is credited toward repair when you approve the work.,,"Independent, insured team. 180-day warranty on labor and installed parts.",,Book now for clear diagnosis and high-value Sub-Zero repair in Bay Area.,,san-jose,repair,https://appliance-pros.netlify.app/subzero/,,,,,Enabled,Enabled,Enabled,,,Hyper-segmented RSA variant
SZ_Search_BayArea_Hyper_ExactPhrase_2026,Geo San Jose Repair,Responsive search ad,hyper12000_trust,Sub-Zero Repair San Jose,1,San Jose Sub-Zero Service,,Independent Repair Experts,,Fast Bay Area Response,,No Work Without Approval,,Independent Service Team,,Insured Local Technicians,,180-Day Parts Warranty,,180-Day Labor Warranty,,$99 Fee Credited,,Clear On-Site Diagnosis,,Sub-Zero Service Experts,,Book Your Service Window,,Repair Focused Results,,Get Priority Scheduling,,Independent Sub-Zero repair service. Not affiliated with any manufacturer.,,Insured technicians and 180-day warranty on labor and installed parts.,,Clear diagnosis first. You approve all work before any repair starts.,,"Professional communication, clean service, and reliable follow-through.",,san-jose,repair,https://appliance-pros.netlify.app/subzero/,,,,,Enabled,Enabled,Enabled,,,Hyper-segmented RSA variant
SZ_Search_BayArea_Hyper_ExactPhrase_2026,Geo San Jose Repair,Responsive search ad,hyper12000_conversion,Sub-Zero Repair San Jose,1,San Jose Sub-Zero Service,,Focused on Real Repairs,,Fast Bay Area Response,,No Work Without Approval,,Independent Service Team,,Insured Local Technicians,,180-Day Parts Warranty,,180-Day Labor Warranty,,$99 Fee Credited,,Clear On-Site Diagnosis,,Sub-Zero Service Experts,,Book Your Service Window,,Repair Focused Results,,Get Priority Scheduling,,Book quickly online or by phone. We confirm your window fast.,,$99 diagnostic is credited when you proceed with approved repair work.,,"We focus on cooling, freezing, leak, ice, and control system failures.",,"Short, clear process designed for fast, qualified service leads.",,san-jose,repair,https://appliance-pros.netlify.app/subzero/,,,,,Enabled,Enabled,Enabled,,,Hyper-segmented RSA variant
SZ_Search_BayArea_Hyper_ExactPhrase_2026,Geo Oakland Repair,Responsive search ad,hyper12000_urgency,Sub-Zero Repair Oakland,1,Oakland Sub-Zero Service,,"Call Now, Book in Minutes",,Fast Bay Area Response,,No Work Without Approval,,Independent Service Team,,Insured Local Technicians,,180-Day Parts Warranty,,180-Day Labor Warranty,,$99 Fee Credited,,Clear On-Site Diagnosis,,Sub-Zero Service Experts,,Book Your Service Window,,Repair Focused Results,,Get Priority Scheduling,,Same-day or next-day slots. Fast SMS confirmation for your service window.,,$99 service call is credited toward repair when you approve the work.,,"Independent, insured team. 180-day warranty on labor and installed parts.",,Book now for clear diagnosis and high-value Sub-Zero repair in Bay Area.,,oakland,repair,https://appliance-pros.netlify.app/subzero/,,,,,Enabled,Enabled,Enabled,,,Hyper-segmented RSA variant
SZ_Search_BayArea_Hyper_ExactPhrase_2026,Geo Oakland Repair,Responsive search ad,hyper12000_trust,Sub-Zero Repair Oakland,1,Oakland Sub-Zero Service,,Independent Repair Experts,,Fast Bay Area Response,,No Work Without Approval,,Independent Service Team,,Insured Local Technicians,,180-Day Parts Warranty,,180-Day Labor Warranty,,$99 Fee Credited,,Clear On-Site Diagnosis,,Sub-Zero Service Experts,,Book Your Service Window,,Repair Focused Results,,Get Priority Scheduling,,Independent Sub-Zero repair service. Not affiliated with any manufacturer.,,Insured technicians and 180-day warranty on labor and installed parts.,,Clear diagnosis first. You approve all work before any repair starts.,,"Professional communication, clean service, and reliable follow-through.",,oakland,repair,https://appliance-pros.netlify.app/subzero/,,,,,Enabled,Enabled,Enabled,,,Hyper-segmented RSA variant
SZ_Search_BayArea_Hyper_ExactPhrase_2026,Geo Oakland Repair,Responsive search ad,hyper12000_conversion,Sub-Zero Repair Oakland,1,Oakland Sub-Zero Service,,Focused on Real Repairs,,Fast Bay Area Response,,No Work Without Approval,,Independent Service Team,,Insured Local Technicians,,180-Day Parts Warranty,,180-Day Labor Warranty,,$99 Fee Credited,,Clear On-Site Diagnosis,,Sub-Zero Service Experts,,Book Your Service Window,,Repair Focused Results,,Get Priority Scheduling,,Book quickly online or by phone. We confirm your window fast.,,$99 diagnostic is credited when you proceed with approved repair work.,,"We focus on cooling, freezing, leak, ice, and control system failures.",,"Short, clear process designed for fast, qualified service leads.",,oakland,repair,https://appliance-pros.netlify.app/subzero/,,,,,Enabled,Enabled,Enabled,,,Hyper-segmented RSA variant
SZ_Search_BayArea_Hyper_ExactPhrase_2026,Geo Palo Alto Repair,Responsive search ad,hyper12000_urgency,Sub-Zero Repair Palo Alto,1,Palo Alto Sub-Zero Service,,"Call Now, Book in Minutes",,Fast Bay Area Response,,No Work Without Approval,,Independent Service Team,,Insured Local Technicians,,180-Day Parts Warranty,,180-Day Labor Warranty,,$99 Fee Credited,,Clear On-Site Diagnosis,,Sub-Zero Service Experts,,Book Your Service Window,,Repair Focused Results,,Get Priority Scheduling,,Same-day or next-day slots. Fast SMS confirmation for your service window.,,$99 service call is credited toward repair when you approve the work.,,"Independent, insured team. 180-day warranty on labor and installed parts.",,Book now for clear diagnosis and high-value Sub-Zero repair in Bay Area.,,palo-alto,repair,https://appliance-pros.netlify.app/subzero/,,,,,Enabled,Enabled,Enabled,,,Hyper-segmented RSA variant
SZ_Search_BayArea_Hyper_ExactPhrase_2026,Geo Palo Alto Repair,Responsive search ad,hyper12000_trust,Sub-Zero Repair Palo Alto,1,Palo Alto Sub-Zero Service,,Independent Repair Experts,,Fast Bay Area Response,,No Work Without Approval,,Independent Service Team,,Insured Local Technicians,,180-Day Parts Warranty,,180-Day Labor Warranty,,$99 Fee Credited,,Clear On-Site Diagnosis,,Sub-Zero Service Experts,,Book Your Service Window,,Repair Focused Results,,Get Priority Scheduling,,Independent Sub-Zero repair service. Not affiliated with any manufacturer.,,Insured technicians and 180-day warranty on labor and installed parts.,,Clear diagnosis first. You approve all work before any repair starts.,,"Professional communication, clean service, and reliable follow-through.",,palo-alto,repair,https://appliance-pros.netlify.app/subzero/,,,,,Enabled,Enabled,Enabled,,,Hyper-segmented RSA variant
SZ_Search_BayArea_Hyper_ExactPhrase_2026,Geo Palo Alto Repair,Responsive search ad,hyper12000_conversion,Sub-Zero Repair Palo Alto,1,Palo Alto Sub-Zero Service,,Focused on Real Repairs,,Fast Bay Area Response,,No Work Without Approval,,Independent Service Team,,Insured Local Technicians,,180-Day Parts Warranty,,180-Day Labor Warranty,,$99 Fee Credited,,Clear On-Site Diagnosis,,Sub-Zero Service Experts,,Book Your Service Window,,Repair Focused Results,,Get Priority Scheduling,,Book quickly online or by phone. We confirm your window fast.,,$99 diagnostic is credited when you proceed with approved repair work.,,"We focus on cooling, freezing, leak, ice, and control system failures.",,"Short, clear process designed for fast, qualified service leads.",,palo-alto,repair,https://appliance-pros.netlify.app/subzero/,,,,,Enabled,Enabled,Enabled,,,Hyper-segmented RSA variant
SZ_Search_BayArea_Hyper_ExactPhrase_2026,Geo Mountain View Repair,Responsive search ad,hyper12000_urgency,Sub-Zero Repair Mountain View,1,Mountain View Sub-Zero Service,,"Call Now, Book in Minutes",,Fast Bay Area Response,,No Work Without Approval,,Independent Service Team,,Insured Local Technicians,,180-Day Parts Warranty,,180-Day Labor Warranty,,$99 Fee Credited,,Clear On-Site Diagnosis,,Sub-Zero Service Experts,,Book Your Service Window,,Repair Focused Results,,Get Priority Scheduling,,Same-day or next-day slots. Fast SMS confirmation for your service window.,,$99 service call is credited toward repair when you approve the work.,,"Independent, insured team. 180-day warranty on labor and installed parts.",,Book now for clear diagnosis and high-value Sub-Zero repair in Bay Area.,,mountain-view,repair,https://appliance-pros.netlify.app/subzero/,,,,,Enabled,Enabled,Enabled,,,Hyper-segmented RSA variant
SZ_Search_BayArea_Hyper_ExactPhrase_2026,Geo Mountain View Repair,Responsive search ad,hyper12000_trust,Sub-Zero Repair Mountain View,1,Mountain View Sub-Zero Service,,Independent Repair Experts,,Fast Bay Area Response,,No Work Without Approval,,Independent Service Team,,Insured Local Technicians,,180-Day Parts Warranty,,180-Day Labor Warranty,,$99 Fee Credited,,Clear On-Site Diagnosis,,Sub-Zero Service Experts,,Book Your Service Window,,Repair Focused Results,,Get Priority Scheduling,,Independent Sub-Zero repair service. Not affiliated with any manufacturer.,,Insured technicians and 180-day warranty on labor and installed parts.,,Clear diagnosis first. You approve all work before any repair starts.,,"Professional communication, clean service, and reliable follow-through.",,mountain-view,repair,https://appliance-pros.netlify.app/subzero/,,,,,Enabled,Enabled,Enabled,,,Hyper-segmented RSA variant
SZ_Search_BayArea_Hyper_ExactPhrase_2026,Geo Mountain View Repair,Responsive search ad,hyper12000_conversion,Sub-Zero Repair Mountain View,1,Mountain View Sub-Zero Service,,Focused on Real Repairs,,Fast Bay Area Response,,No Work Without Approval,,Independent Service Team,,Insured Local Technicians,,180-Day Parts Warranty,,180-Day Labor Warranty,,$99 Fee Credited,,Clear On-Site Diagnosis,,Sub-Zero Service Experts,,Book Your Service Window,,Repair Focused Results,,Get Priority Scheduling,,Book quickly online or by phone. We confirm your window fast.,,$99 diagnostic is credited when you proceed with approved repair work.,,"We focus on cooling, freezing, leak, ice, and control system failures.",,"Short, clear process designed for fast, qualified service leads.",,mountain-view,repair,https://appliance-pros.netlify.app/subzero/,,,,,Enabled,Enabled,Enabled,,,Hyper-segmented RSA variant
SZ_Search_BayArea_Hyper_ExactPhrase_2026,Geo Sunnyvale Repair,Responsive search ad,hyper12000_urgency,Sub-Zero Repair Sunnyvale,1,Sunnyvale Sub-Zero Service,,"Call Now, Book in Minutes",,Fast Bay Area Response,,No Work Without Approval,,Independent Service Team,,Insured Local Technicians,,180-Day Parts Warranty,,180-Day Labor Warranty,,$99 Fee Credited,,Clear On-Site Diagnosis,,Sub-Zero Service Experts,,Book Your Service Window,,Repair Focused Results,,Get Priority Scheduling,,Same-day or next-day slots. Fast SMS confirmation for your service window.,,$99 service call is credited toward repair when you approve the work.,,"Independent, insured team. 180-day warranty on labor and installed parts.",,Book now for clear diagnosis and high-value Sub-Zero repair in Bay Area.,,sunnyvale,repair,https://appliance-pros.netlify.app/subzero/,,,,,Enabled,Enabled,Enabled,,,Hyper-segmented RSA variant
SZ_Search_BayArea_Hyper_ExactPhrase_2026,Geo Sunnyvale Repair,Responsive search ad,hyper12000_trust,Sub-Zero Repair Sunnyvale,1,Sunnyvale Sub-Zero Service,,Independent Repair Experts,,Fast Bay Area Response,,No Work Without Approval,,Independent Service Team,,Insured Local Technicians,,180-Day Parts Warranty,,180-Day Labor Warranty,,$99 Fee Credited,,Clear On-Site Diagnosis,,Sub-Zero Service Experts,,Book Your Service Window,,Repair Focused Results,,Get Priority Scheduling,,Independent Sub-Zero repair service. Not affiliated with any manufacturer.,,Insured technicians and 180-day warranty on labor and installed parts.,,Clear diagnosis first. You approve all work before any repair starts.,,"Professional communication, clean service, and reliable follow-through.",,sunnyvale,repair,https://appliance-pros.netlify.app/subzero/,,,,,Enabled,Enabled,Enabled,,,Hyper-segmented RSA variant
SZ_Search_BayArea_Hyper_ExactPhrase_2026,Geo Sunnyvale Repair,Responsive search ad,hyper12000_conversion,Sub-Zero Repair Sunnyvale,1,Sunnyvale Sub-Zero Service,,Focused on Real Repairs,,Fast Bay Area Response,,No Work Without Approval,,Independent Service Team,,Insured Local Technicians,,180-Day Parts Warranty,,180-Day Labor Warranty,,$99 Fee Credited,,Clear On-Site Diagnosis,,Sub-Zero Service Experts,,Book Your Service Window,,Repair Focused Results,,Get Priority Scheduling,,Book quickly online or by phone. We confirm your window fast.,,$99 diagnostic is credited when you proceed with approved repair work.,,"We focus on cooling, freezing, leak, ice, and control system failures.",,"Short, clear process designed for fast, qualified service leads.",,sunnyvale,repair,https://appliance-pros.netlify.app/subzero/,,,,,Enabled,Enabled,Enabled,,,Hyper-segmented RSA variant
SZ_Search_BayArea_Hyper_ExactPhrase_2026,Geo San Mateo Repair,Responsive search ad,hyper12000_urgency,Sub-Zero Repair San Mateo,1,San Mateo Sub-Zero Service,,"Call Now, Book in Minutes",,Fast Bay Area Response,,No Work Without Approval,,Independent Service Team,,Insured Local Technicians,,180-Day Parts Warranty,,180-Day Labor Warranty,,$99 Fee Credited,,Clear On-Site Diagnosis,,Sub-Zero Service Experts,,Book Your Service Window,,Repair Focused Results,,Get Priority Scheduling,,Same-day or next-day slots. Fast SMS confirmation for your service window.,,$99 service call is credited toward repair when you approve the work.,,"Independent, insured team. 180-day warranty on labor and installed parts.",,Book now for clear diagnosis and high-value Sub-Zero repair in Bay Area.,,san-mateo,repair,https://appliance-pros.netlify.app/subzero/,,,,,Enabled,Enabled,Enabled,,,Hyper-segmented RSA variant
SZ_Search_BayArea_Hyper_ExactPhrase_2026,Geo San Mateo Repair,Responsive search ad,hyper12000_trust,Sub-Zero Repair San Mateo,1,San Mateo Sub-Zero Service,,Independent Repair Experts,,Fast Bay Area Response,,No Work Without Approval,,Independent Service Team,,Insured Local Technicians,,180-Day Parts Warranty,,180-Day Labor Warranty,,$99 Fee Credited,,Clear On-Site Diagnosis,,Sub-Zero Service Experts,,Book Your Service Window,,Repair Focused Results,,Get Priority Scheduling,,Independent Sub-Zero repair service. Not affiliated with any manufacturer.,,Insured technicians and 180-day warranty on labor and installed parts.,,Clear diagnosis first. You approve all work before any repair starts.,,"Professional communication, clean service, and reliable follow-through.",,san-mateo,repair,https://appliance-pros.netlify.app/subzero/,,,,,Enabled,Enabled,Enabled,,,Hyper-segmented RSA variant
SZ_Search_BayArea_Hyper_ExactPhrase_2026,Geo San Mateo Repair,Responsive search ad,hyper12000_conversion,Sub-Zero Repair San Mateo,1,San Mateo Sub-Zero Service,,Focused on Real Repairs,,Fast Bay Area Response,,No Work Without Approval,,Independent Service Team,,Insured Local Technicians,,180-Day Parts Warranty,,180-Day Labor Warranty,,$99 Fee Credited,,Clear On-Site Diagnosis,,Sub-Zero Service Experts,,Book Your Service Window,,Repair Focused Results,,Get Priority Scheduling,,Book quickly online or by phone. We confirm your window fast.,,$99 diagnostic is credited when you proceed with approved repair work.,,"We focus on cooling, freezing, leak, ice, and control system failures.",,"Short, clear process designed for fast, qualified service leads.",,san-mateo,repair,https://appliance-pros.netlify.app/subzero/,,,,,Enabled,Enabled,Enabled,,,Hyper-segmented RSA variant
SZ_Search_BayArea_Hyper_ExactPhrase_2026,Geo Redwood City Repair,Responsive search ad,hyper12000_urgency,Sub-Zero Repair Redwood City,1,Redwood City Sub-Zero Service,,"Call Now, Book in Minutes",,Fast Bay Area Response,,No Work Without Approval,,Independent Service Team,,Insured Local Technicians,,180-Day Parts Warranty,,180-Day Labor Warranty,,$99 Fee Credited,,Clear On-Site Diagnosis,,Sub-Zero Service Experts,,Book Your Service Window,,Repair Focused Results,,Get Priority Scheduling,,Same-day or next-day slots. Fast SMS confirmation for your service window.,,$99 service call is credited toward repair when you approve the work.,,"Independent, insured team. 180-day warranty on labor and installed parts.",,Book now for clear diagnosis and high-value Sub-Zero repair in Bay Area.,,redwood-city,repair,https://appliance-pros.netlify.app/subzero/,,,,,Enabled,Enabled,Enabled,,,Hyper-segmented RSA variant
SZ_Search_BayArea_Hyper_ExactPhrase_2026,Geo Redwood City Repair,Responsive search ad,hyper12000_trust,Sub-Zero Repair Redwood City,1,Redwood City Sub-Zero Service,,Independent Repair Experts,,Fast Bay Area Response,,No Work Without Approval,,Independent Service Team,,Insured Local Technicians,,180-Day Parts Warranty,,180-Day Labor Warranty,,$99 Fee Credited,,Clear On-Site Diagnosis,,Sub-Zero Service Experts,,Book Your Service Window,,Repair Focused Results,,Get Priority Scheduling,,Independent Sub-Zero repair service. Not affiliated with any manufacturer.,,Insured technicians and 180-day warranty on labor and installed parts.,,Clear diagnosis first. You approve all work before any repair starts.,,"Professional communication, clean service, and reliable follow-through.",,redwood-city,repair,https://appliance-pros.netlify.app/subzero/,,,,,Enabled,Enabled,Enabled,,,Hyper-segmented RSA variant
SZ_Search_BayArea_Hyper_ExactPhrase_2026,Geo Redwood City Repair,Responsive search ad,hyper12000_conversion,Sub-Zero Repair Redwood City,1,Redwood City Sub-Zero Service,,Focused on Real Repairs,,Fast Bay Area Response,,No Work Without Approval,,Independent Service Team,,Insured Local Technicians,,180-Day Parts Warranty,,180-Day Labor Warranty,,$99 Fee Credited,,Clear On-Site Diagnosis,,Sub-Zero Service Experts,,Book Your Service Window,,Repair Focused Results,,Get Priority Scheduling,,Book quickly online or by phone. We confirm your window fast.,,$99 diagnostic is credited when you proceed with approved repair work.,,"We focus on cooling, freezing, leak, ice, and control system failures.",,"Short, clear process designed for fast, qualified service leads.",,redwood-city,repair,https://appliance-pros.netlify.app/subzero/,,,,,Enabled,Enabled,Enabled,,,Hyper-segmented RSA variant
SZ_Search_BayArea_Hyper_ExactPhrase_2026,Geo Santa Clara Repair,Responsive search ad,hyper12000_urgency,Sub-Zero Repair Santa Clara,1,Santa Clara Sub-Zero Service,,"Call Now, Book in Minutes",,Fast Bay Area Response,,No Work Without Approval,,Independent Service Team,,Insured Local Technicians,,180-Day Parts Warranty,,180-Day Labor Warranty,,$99 Fee Credited,,Clear On-Site Diagnosis,,Sub-Zero Service Experts,,Book Your Service Window,,Repair Focused Results,,Get Priority Scheduling,,Same-day or next-day slots. Fast SMS confirmation for your service window.,,$99 service call is credited toward repair when you approve the work.,,"Independent, insured team. 180-day warranty on labor and installed parts.",,Book now for clear diagnosis and high-value Sub-Zero repair in Bay Area.,,santa-clara,repair,https://appliance-pros.netlify.app/subzero/,,,,,Enabled,Enabled,Enabled,,,Hyper-segmented RSA variant
SZ_Search_BayArea_Hyper_ExactPhrase_2026,Geo Santa Clara Repair,Responsive search ad,hyper12000_trust,Sub-Zero Repair Santa Clara,1,Santa Clara Sub-Zero Service,,Independent Repair Experts,,Fast Bay Area Response,,No Work Without Approval,,Independent Service Team,,Insured Local Technicians,,180-Day Parts Warranty,,180-Day Labor Warranty,,$99 Fee Credited,,Clear On-Site Diagnosis,,Sub-Zero Service Experts,,Book Your Service Window,,Repair Focused Results,,Get Priority Scheduling,,Independent Sub-Zero repair service. Not affiliated with any manufacturer.,,Insured technicians and 180-day warranty on labor and installed parts.,,Clear diagnosis first. You approve all work before any repair starts.,,"Professional communication, clean service, and reliable follow-through.",,santa-clara,repair,https://appliance-pros.netlify.app/subzero/,,,,,Enabled,Enabled,Enabled,,,Hyper-segmented RSA variant
SZ_Search_BayArea_Hyper_ExactPhrase_2026,Geo Santa Clara Repair,Responsive search ad,hyper12000_conversion,Sub-Zero Repair Santa Clara,1,Santa Clara Sub-Zero Service,,Focused on Real Repairs,,Fast Bay Area Response,,No Work Without Approval,,Independent Service Team,,Insured Local Technicians,,180-Day Parts Warranty,,180-Day Labor Warranty,,$99 Fee Credited,,Clear On-Site Diagnosis,,Sub-Zero Service Experts,,Book Your Service Window,,Repair Focused Results,,Get Priority Scheduling,,Book quickly online or by phone. We confirm your window fast.,,$99 diagnostic is credited when you proceed with approved repair work.,,"We focus on cooling, freezing, leak, ice, and control system failures.",,"Short, clear process designed for fast, qualified service leads.",,santa-clara,repair,https://appliance-pros.netlify.app/subzero/,,,,,Enabled,Enabled,Enabled,,,Hyper-segmented RSA variant
SZ_Search_BayArea_Hyper_ExactPhrase_2026,Geo Fremont Repair,Responsive search ad,hyper12000_urgency,Sub-Zero Repair Fremont,1,Fremont Sub-Zero Service,,"Call Now, Book in Minutes",,Fast Bay Area Response,,No Work Without Approval,,Independent Service Team,,Insured Local Technicians,,180-Day Parts Warranty,,180-Day Labor Warranty,,$99 Fee Credited,,Clear On-Site Diagnosis,,Sub-Zero Service Experts,,Book Your Service Window,,Repair Focused Results,,Get Priority Scheduling,,Same-day or next-day slots. Fast SMS confirmation for your service window.,,$99 service call is credited toward repair when you approve the work.,,"Independent, insured team. 180-day warranty on labor and installed parts.",,Book now for clear diagnosis and high-value Sub-Zero repair in Bay Area.,,fremont,repair,https://appliance-pros.netlify.app/subzero/,,,,,Enabled,Enabled,Enabled,,,Hyper-segmented RSA variant
SZ_Search_BayArea_Hyper_ExactPhrase_2026,Geo Fremont Repair,Responsive search ad,hyper12000_trust,Sub-Zero Repair Fremont,1,Fremont Sub-Zero Service,,Independent Repair Experts,,Fast Bay Area Response,,No Work Without Approval,,Independent Service Team,,Insured Local Technicians,,180-Day Parts Warranty,,180-Day Labor Warranty,,$99 Fee Credited,,Clear On-Site Diagnosis,,Sub-Zero Service Experts,,Book Your Service Window,,Repair Focused Results,,Get Priority Scheduling,,Independent Sub-Zero repair service. Not affiliated with any manufacturer.,,Insured technicians and 180-day warranty on labor and installed parts.,,Clear diagnosis first. You approve all work before any repair starts.,,"Professional communication, clean service, and reliable follow-through.",,fremont,repair,https://appliance-pros.netlify.app/subzero/,,,,,Enabled,Enabled,Enabled,,,Hyper-segmented RSA variant
SZ_Search_BayArea_Hyper_ExactPhrase_2026,Geo Fremont Repair,Responsive search ad,hyper12000_conversion,Sub-Zero Repair Fremont,1,Fremont Sub-Zero Service,,Focused on Real Repairs,,Fast Bay Area Response,,No Work Without Approval,,Independent Service Team,,Insured Local Technicians,,180-Day Parts Warranty,,180-Day Labor Warranty,,$99 Fee Credited,,Clear On-Site Diagnosis,,Sub-Zero Service Experts,,Book Your Service Window,,Repair Focused Results,,Get Priority Scheduling,,Book quickly online or by phone. We confirm your window fast.,,$99 diagnostic is credited when you proceed with approved repair work.,,"We focus on cooling, freezing, leak, ice, and control system failures.",,"Short, clear process designed for fast, qualified service leads.",,fremont,repair,https://appliance-pros.netlify.app/subzero/,,,,,Enabled,Enabled,Enabled,,,Hyper-segmented RSA variant
SZ_Search_BayArea_Hyper_ExactPhrase_2026,Wine Cooler Repair,Responsive search ad,hyper12000_urgency,Sub-Zero Wine Cooler Fix,1,Sub Zero Wine Cooler Repair,,"Call Now, Book in Minutes",,Fast Bay Area Response,,No Work Without Approval,,Independent Service Team,,Insured Local Technicians,,180-Day Parts Warranty,,180-Day Labor Warranty,,$99 Fee Credited,,Clear On-Site Diagnosis,,Sub-Zero Service Experts,,Book Your Service Window,,Repair Focused Results,,Get Priority Scheduling,,Same-day or next-day slots. Fast SMS confirmation for your service window.,,$99 service call is credited toward repair when you approve the work.,,"Independent, insured team. 180-day warranty on labor and installed parts.",,Book now for clear diagnosis and high-value Sub-Zero repair in Bay Area.,,wine-cooler,repair,https://appliance-pros.netlify.app/subzero/,,,,,Enabled,Enabled,Enabled,,,Hyper-segmented RSA variant
SZ_Search_BayArea_Hyper_ExactPhrase_2026,Wine Cooler Repair,Responsive search ad,hyper12000_trust,Sub-Zero Wine Cooler Fix,1,Sub Zero Wine Cooler Repair,,Independent Repair Experts,,Fast Bay Area Response,,No Work Without Approval,,Independent Service Team,,Insured Local Technicians,,180-Day Parts Warranty,,180-Day Labor Warranty,,$99 Fee Credited,,Clear On-Site Diagnosis,,Sub-Zero Service Experts,,Book Your Service Window,,Repair Focused Results,,Get Priority Scheduling,,Independent Sub-Zero repair service. Not affiliated with any manufacturer.,,Insured technicians and 180-day warranty on labor and installed parts.,,Clear diagnosis first. You approve all work before any repair starts.,,"Professional communication, clean service, and reliable follow-through.",,wine-cooler,repair,https://appliance-pros.netlify.app/subzero/,,,,,Enabled,Enabled,Enabled,,,Hyper-segmented RSA variant
SZ_Search_BayArea_Hyper_ExactPhrase_2026,Wine Cooler Repair,Responsive search ad,hyper12000_conversion,Sub-Zero Wine Cooler Fix,1,Sub Zero Wine Cooler Repair,,Focused on Real Repairs,,Fast Bay Area Response,,No Work Without Approval,,Independent Service Team,,Insured Local Technicians,,180-Day Parts Warranty,,180-Day Labor Warranty,,$99 Fee Credited,,Clear On-Site Diagnosis,,Sub-Zero Service Experts,,Book Your Service Window,,Repair Focused Results,,Get Priority Scheduling,,Book quickly online or by phone. We confirm your window fast.,,$99 diagnostic is credited when you proceed with approved repair work.,,"We focus on cooling, freezing, leak, ice, and control system failures.",,"Short, clear process designed for fast, qualified service leads.",,wine-cooler,repair,https://appliance-pros.netlify.app/subzero/,,,,,Enabled,Enabled,Enabled,,,Hyper-segmented RSA variant
SZ_Search_BayArea_Hyper_ExactPhrase_2026,Wine Cooler Service,Responsive search ad,hyper12000_urgency,Sub-Zero Wine Cooler Fix,1,Sub Zero Wine Cooler Service,,"Call Now, Book in Minutes",,Fast Bay Area Response,,No Work Without Approval,,Independent Service Team,,Insured Local Technicians,,180-Day Parts Warranty,,180-Day Labor Warranty,,$99 Fee Credited,,Clear On-Site Diagnosis,,Sub-Zero Service Experts,,Book Your Service Window,,Repair Focused Results,,Get Priority Scheduling,,Same-day or next-day slots. Fast SMS confirmation for your service window.,,$99 service call is credited toward repair when you approve the work.,,"Independent, insured team. 180-day warranty on labor and installed parts.",,Book now for clear diagnosis and high-value Sub-Zero repair in Bay Area.,,wine-cooler,service,https://appliance-pros.netlify.app/subzero/,,,,,Enabled,Enabled,Enabled,,,Hyper-segmented RSA variant
SZ_Search_BayArea_Hyper_ExactPhrase_2026,Wine Cooler Service,Responsive search ad,hyper12000_trust,Sub-Zero Wine Cooler Fix,1,Sub Zero Wine Cooler Service,,Independent Repair Experts,,Fast Bay Area Response,,No Work Without Approval,,Independent Service Team,,Insured Local Technicians,,180-Day Parts Warranty,,180-Day Labor Warranty,,$99 Fee Credited,,Clear On-Site Diagnosis,,Sub-Zero Service Experts,,Book Your Service Window,,Repair Focused Results,,Get Priority Scheduling,,Independent Sub-Zero repair service. Not affiliated with any manufacturer.,,Insured technicians and 180-day warranty on labor and installed parts.,,Clear diagnosis first. You approve all work before any repair starts.,,"Professional communication, clean service, and reliable follow-through.",,wine-cooler,service,https://appliance-pros.netlify.app/subzero/,,,,,Enabled,Enabled,Enabled,,,Hyper-segmented RSA variant
SZ_Search_BayArea_Hyper_ExactPhrase_2026,Wine Cooler Service,Responsive search ad,hyper12000_conversion,Sub-Zero Wine Cooler Fix,1,Sub Zero Wine Cooler Service,,Focused on Real Repairs,,Fast Bay Area Response,,No Work Without Approval,,Independent Service Team,,Insured Local Technicians,,180-Day Parts Warranty,,180-Day Labor Warranty,,$99 Fee Credited,,Clear On-Site Diagnosis,,Sub-Zero Service Experts,,Book Your Service Window,,Repair Focused Results,,Get Priority Scheduling,,Book quickly online or by phone. We confirm your window fast.,,$99 diagnostic is credited when you proceed with approved repair work.,,"We focus on cooling, freezing, leak, ice, and control system failures.",,"Short, clear process designed for fast, qualified service leads.",,wine-cooler,service,https://appliance-pros.netlify.app/subzero/,,,,,Enabled,Enabled,Enabled,,,Hyper-segmented RSA variant
SZ_Search_BayArea_Hyper_ExactPhrase_2026,Wine Cooler Not Cooling,Responsive search ad,hyper12000_urgency,Sub-Zero Not Cooling,1,Sub Zero Wine Cooler Not,,"Call Now, Book in Minutes",,Fast Bay Area Response,,No Work Without Approval,,Independent Service Team,,Insured Local Technicians,,180-Day Parts Warranty,,180-Day Labor Warranty,,$99 Fee Credited,,Clear On-Site Diagnosis,,Sub-Zero Service Experts,,Book Your Service Window,,Repair Focused Results,,Get Priority Scheduling,,Same-day or next-day slots. Fast SMS confirmation for your service window.,,$99 service call is credited toward repair when you approve the work.,,"Independent, insured team. 180-day warranty on labor and installed parts.",,Book now for clear diagnosis and high-value Sub-Zero repair in Bay Area.,,wine-cooler,not-cooling,https://appliance-pros.netlify.app/subzero/,,,,,Enabled,Enabled,Enabled,,,Hyper-segmented RSA variant
SZ_Search_BayArea_Hyper_ExactPhrase_2026,Wine Cooler Not Cooling,Responsive search ad,hyper12000_trust,Sub-Zero Not Cooling,1,Sub Zero Wine Cooler Not,,Independent Repair Experts,,Fast Bay Area Response,,No Work Without Approval,,Independent Service Team,,Insured Local Technicians,,180-Day Parts Warranty,,180-Day Labor Warranty,,$99 Fee Credited,,Clear On-Site Diagnosis,,Sub-Zero Service Experts,,Book Your Service Window,,Repair Focused Results,,Get Priority Scheduling,,Independent Sub-Zero repair service. Not affiliated with any manufacturer.,,Insured technicians and 180-day warranty on labor and installed parts.,,Clear diagnosis first. You approve all work before any repair starts.,,"Professional communication, clean service, and reliable follow-through.",,wine-cooler,not-cooling,https://appliance-pros.netlify.app/subzero/,,,,,Enabled,Enabled,Enabled,,,Hyper-segmented RSA variant
SZ_Search_BayArea_Hyper_ExactPhrase_2026,Wine Cooler Not Cooling,Responsive search ad,hyper12000_conversion,Sub-Zero Not Cooling,1,Sub Zero Wine Cooler Not,,Focused on Real Repairs,,Fast Bay Area Response,,No Work Without Approval,,Independent Service Team,,Insured Local Technicians,,180-Day Parts Warranty,,180-Day Labor Warranty,,$99 Fee Credited,,Clear On-Site Diagnosis,,Sub-Zero Service Experts,,Book Your Service Window,,Repair Focused Results,,Get Priority Scheduling,,Book quickly online or by phone. We confirm your window fast.,,$99 diagnostic is credited when you proceed with approved repair work.,,"We focus on cooling, freezing, leak, ice, and control system failures.",,"Short, clear process designed for fast, qualified service leads.",,wine-cooler,not-cooling,https://appliance-pros.netlify.app/subzero/,,,,,Enabled,Enabled,Enabled,,,Hyper-segmented RSA variant
SZ_Search_BayArea_Hyper_ExactPhrase_2026,Wine Cooler Not Working,Responsive search ad,hyper12000_urgency,Sub-Zero Not Working,1,Sub Zero Wine Cooler Not,,"Call Now, Book in Minutes",,Fast Bay Area Response,,No Work Without Approval,,Independent Service Team,,Insured Local Technicians,,180-Day Parts Warranty,,180-Day Labor Warranty,,$99 Fee Credited,,Clear On-Site Diagnosis,,Sub-Zero Service Experts,,Book Your Service Window,,Repair Focused Results,,Get Priority Scheduling,,Same-day or next-day slots. Fast SMS confirmation for your service window.,,$99 service call is credited toward repair when you approve the work.,,"Independent, insured team. 180-day warranty on labor and installed parts.",,Book now for clear diagnosis and high-value Sub-Zero repair in Bay Area.,,wine-cooler,not-working,https://appliance-pros.netlify.app/subzero/,,,,,Enabled,Enabled,Enabled,,,Hyper-segmented RSA variant
SZ_Search_BayArea_Hyper_ExactPhrase_2026,Wine Cooler Not Working,Responsive search ad,hyper12000_trust,Sub-Zero Not Working,1,Sub Zero Wine Cooler Not,,Independent Repair Experts,,Fast Bay Area Response,,No Work Without Approval,,Independent Service Team,,Insured Local Technicians,,180-Day Parts Warranty,,180-Day Labor Warranty,,$99 Fee Credited,,Clear On-Site Diagnosis,,Sub-Zero Service Experts,,Book Your Service Window,,Repair Focused Results,,Get Priority Scheduling,,Independent Sub-Zero repair service. Not affiliated with any manufacturer.,,Insured technicians and 180-day warranty on labor and installed parts.,,Clear diagnosis first. You approve all work before any repair starts.,,"Professional communication, clean service, and reliable follow-through.",,wine-cooler,not-working,https://appliance-pros.netlify.app/subzero/,,,,,Enabled,Enabled,Enabled,,,Hyper-segmented RSA variant
SZ_Search_BayArea_Hyper_ExactPhrase_2026,Wine Cooler Not Working,Responsive search ad,hyper12000_conversion,Sub-Zero Not Working,1,Sub Zero Wine Cooler Not,,Focused on Real Repairs,,Fast Bay Area Response,,No Work Without Approval,,Independent Service Team,,Insured Local Technicians,,180-Day Parts Warranty,,180-Day Labor Warranty,,$99 Fee Credited,,Clear On-Site Diagnosis,,Sub-Zero Service Experts,,Book Your Service Window,,Repair Focused Results,,Get Priority Scheduling,,Book quickly online or by phone. We confirm your window fast.,,$99 diagnostic is credited when you proceed with approved repair work.,,"We focus on cooling, freezing, leak, ice, and control system failures.",,"Short, clear process designed for fast, qualified service leads.",,wine-cooler,not-working,https://appliance-pros.netlify.app/subzero/,,,,,Enabled,Enabled,Enabled,,,Hyper-segmented RSA variant
SZ_Search_BayArea_Hyper_ExactPhrase_2026,Ice Maker Repair,Responsive search ad,hyper12000_urgency,Sub-Zero Ice Maker Repair,1,Sub Zero Ice Maker Repair,,"Call Now, Book in Minutes",,Fast Bay Area Response,,No Work Without Approval,,Independent Service Team,,Insured Local Technicians,,180-Day Parts Warranty,,180-Day Labor Warranty,,$99 Fee Credited,,Clear On-Site Diagnosis,,Sub-Zero Service Experts,,Book Your Service Window,,Repair Focused Results,,Get Priority Scheduling,,Same-day or next-day slots. Fast SMS confirmation for your service window.,,$99 service call is credited toward repair when you approve the work.,,"Independent, insured team. 180-day warranty on labor and installed parts.",,Book now for clear diagnosis and high-value Sub-Zero repair in Bay Area.,,ice-maker,repair,https://appliance-pros.netlify.app/subzero/,,,,,Enabled,Enabled,Enabled,,,Hyper-segmented RSA variant
SZ_Search_BayArea_Hyper_ExactPhrase_2026,Ice Maker Repair,Responsive search ad,hyper12000_trust,Sub-Zero Ice Maker Repair,1,Sub Zero Ice Maker Repair,,Independent Repair Experts,,Fast Bay Area Response,,No Work Without Approval,,Independent Service Team,,Insured Local Technicians,,180-Day Parts Warranty,,180-Day Labor Warranty,,$99 Fee Credited,,Clear On-Site Diagnosis,,Sub-Zero Service Experts,,Book Your Service Window,,Repair Focused Results,,Get Priority Scheduling,,Independent Sub-Zero repair service. Not affiliated with any manufacturer.,,Insured technicians and 180-day warranty on labor and installed parts.,,Clear diagnosis first. You approve all work before any repair starts.,,"Professional communication, clean service, and reliable follow-through.",,ice-maker,repair,https://appliance-pros.netlify.app/subzero/,,,,,Enabled,Enabled,Enabled,,,Hyper-segmented RSA variant
SZ_Search_BayArea_Hyper_ExactPhrase_2026,Ice Maker Repair,Responsive search ad,hyper12000_conversion,Sub-Zero Ice Maker Repair,1,Sub Zero Ice Maker Repair,,Focused on Real Repairs,,Fast Bay Area Response,,No Work Without Approval,,Independent Service Team,,Insured Local Technicians,,180-Day Parts Warranty,,180-Day Labor Warranty,,$99 Fee Credited,,Clear On-Site Diagnosis,,Sub-Zero Service Experts,,Book Your Service Window,,Repair Focused Results,,Get Priority Scheduling,,Book quickly online or by phone. We confirm your window fast.,,$99 diagnostic is credited when you proceed with approved repair work.,,"We focus on cooling, freezing, leak, ice, and control system failures.",,"Short, clear process designed for fast, qualified service leads.",,ice-maker,repair,https://appliance-pros.netlify.app/subzero/,,,,,Enabled,Enabled,Enabled,,,Hyper-segmented RSA variant
SZ_Search_BayArea_Hyper_ExactPhrase_2026,Ice Maker Service,Responsive search ad,hyper12000_urgency,Sub-Zero Ice Maker Repair,1,Sub Zero Ice Maker Service,,"Call Now, Book in Minutes",,Fast Bay Area Response,,No Work Without Approval,,Independent Service Team,,Insured Local Technicians,,180-Day Parts Warranty,,180-Day Labor Warranty,,$99 Fee Credited,,Clear On-Site Diagnosis,,Sub-Zero Service Experts,,Book Your Service Window,,Repair Focused Results,,Get Priority Scheduling,,Same-day or next-day slots. Fast SMS confirmation for your service window.,,$99 service call is credited toward repair when you approve the work.,,"Independent, insured team. 180-day warranty on labor and installed parts.",,Book now for clear diagnosis and high-value Sub-Zero repair in Bay Area.,,ice-maker,service,https://appliance-pros.netlify.app/subzero/,,,,,Enabled,Enabled,Enabled,,,Hyper-segmented RSA variant
SZ_Search_BayArea_Hyper_ExactPhrase_2026,Ice Maker Service,Responsive search ad,hyper12000_trust,Sub-Zero Ice Maker Repair,1,Sub Zero Ice Maker Service,,Independent Repair Experts,,Fast Bay Area Response,,No Work Without Approval,,Independent Service Team,,Insured Local Technicians,,180-Day Parts Warranty,,180-Day Labor Warranty,,$99 Fee Credited,,Clear On-Site Diagnosis,,Sub-Zero Service Experts,,Book Your Service Window,,Repair Focused Results,,Get Priority Scheduling,,Independent Sub-Zero repair service. Not affiliated with any manufacturer.,,Insured technicians and 180-day warranty on labor and installed parts.,,Clear diagnosis first. You approve all work before any repair starts.,,"Professional communication, clean service, and reliable follow-through.",,ice-maker,service,https://appliance-pros.netlify.app/subzero/,,,,,Enabled,Enabled,Enabled,,,Hyper-segmented RSA variant
SZ_Search_BayArea_Hyper_ExactPhrase_2026,Ice Maker Service,Responsive search ad,hyper12000_conversion,Sub-Zero Ice Maker Repair,1,Sub Zero Ice Maker Service,,Focused on Real Repairs,,Fast Bay Area Response,,No Work Without Approval,,Independent Service Team,,Insured Local Technicians,,180-Day Parts Warranty,,180-Day Labor Warranty,,$99 Fee Credited,,Clear On-Site Diagnosis,,Sub-Zero Service Experts,,Book Your Service Window,,Repair Focused Results,,Get Priority Scheduling,,Book quickly online or by phone. We confirm your window fast.,,$99 diagnostic is credited when you proceed with approved repair work.,,"We focus on cooling, freezing, leak, ice, and control system failures.",,"Short, clear process designed for fast, qualified service leads.",,ice-maker,service,https://appliance-pros.netlify.app/subzero/,,,,,Enabled,Enabled,Enabled,,,Hyper-segmented RSA variant
SZ_Search_BayArea_Hyper_ExactPhrase_2026,Ice Maker Near Me,Responsive search ad,hyper12000_urgency,Sub-Zero Repair Near Me,1,Sub Zero Ice Maker Near Me,,"Call Now, Book in Minutes",,Fast Bay Area Response,,No Work Without Approval,,Independent Service Team,,Insured Local Technicians,,180-Day Parts Warranty,,180-Day Labor Warranty,,$99 Fee Credited,,Clear On-Site Diagnosis,,Sub-Zero Service Experts,,Book Your Service Window,,Repair Focused Results,,Get Priority Scheduling,,Same-day or next-day slots. Fast SMS confirmation for your service window.,,$99 service call is credited toward repair when you approve the work.,,"Independent, insured team. 180-day warranty on labor and installed parts.",,Book now for clear diagnosis and high-value Sub-Zero repair in Bay Area.,,ice-maker,near-me,https://appliance-pros.netlify.app/subzero/,,,,,Enabled,Enabled,Enabled,,,Hyper-segmented RSA variant
SZ_Search_BayArea_Hyper_ExactPhrase_2026,Ice Maker Near Me,Responsive search ad,hyper12000_trust,Sub-Zero Repair Near Me,1,Sub Zero Ice Maker Near Me,,Independent Repair Experts,,Fast Bay Area Response,,No Work Without Approval,,Independent Service Team,,Insured Local Technicians,,180-Day Parts Warranty,,180-Day Labor Warranty,,$99 Fee Credited,,Clear On-Site Diagnosis,,Sub-Zero Service Experts,,Book Your Service Window,,Repair Focused Results,,Get Priority Scheduling,,Independent Sub-Zero repair service. Not affiliated with any manufacturer.,,Insured technicians and 180-day warranty on labor and installed parts.,,Clear diagnosis first. You approve all work before any repair starts.,,"Professional communication, clean service, and reliable follow-through.",,ice-maker,near-me,https://appliance-pros.netlify.app/subzero/,,,,,Enabled,Enabled,Enabled,,,Hyper-segmented RSA variant
SZ_Search_BayArea_Hyper_ExactPhrase_2026,Ice Maker Near Me,Responsive search ad,hyper12000_conversion,Sub-Zero Repair Near Me,1,Sub Zero Ice Maker Near Me,,Focused on Real Repairs,,Fast Bay Area Response,,No Work Without Approval,,Independent Service Team,,Insured Local Technicians,,180-Day Parts Warranty,,180-Day Labor Warranty,,$99 Fee Credited,,Clear On-Site Diagnosis,,Sub-Zero Service Experts,,Book Your Service Window,,Repair Focused Results,,Get Priority Scheduling,,Book quickly online or by phone. We confirm your window fast.,,$99 diagnostic is credited when you proceed with approved repair work.,,"We focus on cooling, freezing, leak, ice, and control system failures.",,"Short, clear process designed for fast, qualified service leads.",,ice-maker,near-me,https://appliance-pros.netlify.app/subzero/,,,,,Enabled,Enabled,Enabled,,,Hyper-segmented RSA variant
SZ_Search_BayArea_Hyper_ExactPhrase_2026,Ice Maker Technician,Responsive search ad,hyper12000_urgency,Sub-Zero Technician,1,Sub Zero Ice Maker Technician,,"Call Now, Book in Minutes",,Fast Bay Area Response,,No Work Without Approval,,Independent Service Team,,Insured Local Technicians,,180-Day Parts Warranty,,180-Day Labor Warranty,,$99 Fee Credited,,Clear On-Site Diagnosis,,Sub-Zero Service Experts,,Book Your Service Window,,Repair Focused Results,,Get Priority Scheduling,,Same-day or next-day slots. Fast SMS confirmation for your service window.,,$99 service call is credited toward repair when you approve the work.,,"Independent, insured team. 180-day warranty on labor and installed parts.",,Book now for clear diagnosis and high-value Sub-Zero repair in Bay Area.,,ice-maker,technician,https://appliance-pros.netlify.app/subzero/,,,,,Enabled,Enabled,Enabled,,,Hyper-segmented RSA variant
SZ_Search_BayArea_Hyper_ExactPhrase_2026,Ice Maker Technician,Responsive search ad,hyper12000_trust,Sub-Zero Technician,1,Sub Zero Ice Maker Technician,,Independent Repair Experts,,Fast Bay Area Response,,No Work Without Approval,,Independent Service Team,,Insured Local Technicians,,180-Day Parts Warranty,,180-Day Labor Warranty,,$99 Fee Credited,,Clear On-Site Diagnosis,,Sub-Zero Service Experts,,Book Your Service Window,,Repair Focused Results,,Get Priority Scheduling,,Independent Sub-Zero repair service. Not affiliated with any manufacturer.,,Insured technicians and 180-day warranty on labor and installed parts.,,Clear diagnosis first. You approve all work before any repair starts.,,"Professional communication, clean service, and reliable follow-through.",,ice-maker,technician,https://appliance-pros.netlify.app/subzero/,,,,,Enabled,Enabled,Enabled,,,Hyper-segmented RSA variant
SZ_Search_BayArea_Hyper_ExactPhrase_2026,Ice Maker Technician,Responsive search ad,hyper12000_conversion,Sub-Zero Technician,1,Sub Zero Ice Maker Technician,,Focused on Real Repairs,,Fast Bay Area Response,,No Work Without Approval,,Independent Service Team,,Insured Local Technicians,,180-Day Parts Warranty,,180-Day Labor Warranty,,$99 Fee Credited,,Clear On-Site Diagnosis,,Sub-Zero Service Experts,,Book Your Service Window,,Repair Focused Results,,Get Priority Scheduling,,Book quickly online or by phone. We confirm your window fast.,,$99 diagnostic is credited when you proceed with approved repair work.,,"We focus on cooling, freezing, leak, ice, and control system failures.",,"Short, clear process designed for fast, qualified service leads.",,ice-maker,technician,https://appliance-pros.netlify.app/subzero/,,,,,Enabled,Enabled,Enabled,,,Hyper-segmented RSA variant
SZ_Search_BayArea_Hyper_ExactPhrase_2026,Ice Maker Not Working,Responsive search ad,hyper12000_urgency,Sub-Zero Not Working,1,Sub Zero Ice Maker Not Working,,"Call Now, Book in Minutes",,Fast Bay Area Response,,No Work Without Approval,,Independent Service Team,,Insured Local Technicians,,180-Day Parts Warranty,,180-Day Labor Warranty,,$99 Fee Credited,,Clear On-Site Diagnosis,,Sub-Zero Service Experts,,Book Your Service Window,,Repair Focused Results,,Get Priority Scheduling,,Same-day or next-day slots. Fast SMS confirmation for your service window.,,$99 service call is credited toward repair when you approve the work.,,"Independent, insured team. 180-day warranty on labor and installed parts.",,Book now for clear diagnosis and high-value Sub-Zero repair in Bay Area.,,ice-maker,not-working,https://appliance-pros.netlify.app/subzero/,,,,,Enabled,Enabled,Enabled,,,Hyper-segmented RSA variant
SZ_Search_BayArea_Hyper_ExactPhrase_2026,Ice Maker Not Working,Responsive search ad,hyper12000_trust,Sub-Zero Not Working,1,Sub Zero Ice Maker Not Working,,Independent Repair Experts,,Fast Bay Area Response,,No Work Without Approval,,Independent Service Team,,Insured Local Technicians,,180-Day Parts Warranty,,180-Day Labor Warranty,,$99 Fee Credited,,Clear On-Site Diagnosis,,Sub-Zero Service Experts,,Book Your Service Window,,Repair Focused Results,,Get Priority Scheduling,,Independent Sub-Zero repair service. Not affiliated with any manufacturer.,,Insured technicians and 180-day warranty on labor and installed parts.,,Clear diagnosis first. You approve all work before any repair starts.,,"Professional communication, clean service, and reliable follow-through.",,ice-maker,not-working,https://appliance-pros.netlify.app/subzero/,,,,,Enabled,Enabled,Enabled,,,Hyper-segmented RSA variant
SZ_Search_BayArea_Hyper_ExactPhrase_2026,Ice Maker Not Working,Responsive search ad,hyper12000_conversion,Sub-Zero Not Working,1,Sub Zero Ice Maker Not Working,,Focused on Real Repairs,,Fast Bay Area Response,,No Work Without Approval,,Independent Service Team,,Insured Local Technicians,,180-Day Parts Warranty,,180-Day Labor Warranty,,$99 Fee Credited,,Clear On-Site Diagnosis,,Sub-Zero Service Experts,,Book Your Service Window,,Repair Focused Results,,Get Priority Scheduling,,Book quickly online or by phone. We confirm your window fast.,,$99 diagnostic is credited when you proceed with approved repair work.,,"We focus on cooling, freezing, leak, ice, and control system failures.",,"Short, clear process designed for fast, qualified service leads.",,ice-maker,not-working,https://appliance-pros.netlify.app/subzero/,,,,,Enabled,Enabled,Enabled,,,Hyper-segmented RSA variant
SZ_Search_BayArea_Hyper_ExactPhrase_2026,Ice Maker Not Making Ice,Responsive search ad,hyper12000_urgency,Sub-Zero Not Making Ice,1,Sub Zero Ice Maker Not Making,,"Call Now, Book in Minutes",,Fast Bay Area Response,,No Work Without Approval,,Independent Service Team,,Insured Local Technicians,,180-Day Parts Warranty,,180-Day Labor Warranty,,$99 Fee Credited,,Clear On-Site Diagnosis,,Sub-Zero Service Experts,,Book Your Service Window,,Repair Focused Results,,Get Priority Scheduling,,Same-day or next-day slots. Fast SMS confirmation for your service window.,,$99 service call is credited toward repair when you approve the work.,,"Independent, insured team. 180-day warranty on labor and installed parts.",,Book now for clear diagnosis and high-value Sub-Zero repair in Bay Area.,,ice-maker,no-ice,https://appliance-pros.netlify.app/subzero/,,,,,Enabled,Enabled,Enabled,,,Hyper-segmented RSA variant
SZ_Search_BayArea_Hyper_ExactPhrase_2026,Ice Maker Not Making Ice,Responsive search ad,hyper12000_trust,Sub-Zero Not Making Ice,1,Sub Zero Ice Maker Not Making,,Independent Repair Experts,,Fast Bay Area Response,,No Work Without Approval,,Independent Service Team,,Insured Local Technicians,,180-Day Parts Warranty,,180-Day Labor Warranty,,$99 Fee Credited,,Clear On-Site Diagnosis,,Sub-Zero Service Experts,,Book Your Service Window,,Repair Focused Results,,Get Priority Scheduling,,Independent Sub-Zero repair service. Not affiliated with any manufacturer.,,Insured technicians and 180-day warranty on labor and installed parts.,,Clear diagnosis first. You approve all work before any repair starts.,,"Professional communication, clean service, and reliable follow-through.",,ice-maker,no-ice,https://appliance-pros.netlify.app/subzero/,,,,,Enabled,Enabled,Enabled,,,Hyper-segmented RSA variant
SZ_Search_BayArea_Hyper_ExactPhrase_2026,Ice Maker Not Making Ice,Responsive search ad,hyper12000_conversion,Sub-Zero Not Making Ice,1,Sub Zero Ice Maker Not Making,,Focused on Real Repairs,,Fast Bay Area Response,,No Work Without Approval,,Independent Service Team,,Insured Local Technicians,,180-Day Parts Warranty,,180-Day Labor Warranty,,$99 Fee Credited,,Clear On-Site Diagnosis,,Sub-Zero Service Experts,,Book Your Service Window,,Repair Focused Results,,Get Priority Scheduling,,Book quickly online or by phone. We confirm your window fast.,,$99 diagnostic is credited when you proceed with approved repair work.,,"We focus on cooling, freezing, leak, ice, and control system failures.",,"Short, clear process designed for fast, qualified service leads.",,ice-maker,no-ice,https://appliance-pros.netlify.app/subzero/,,,,,Enabled,Enabled,Enabled,,,Hyper-segmented RSA variant
SZ_Search_BayArea_Hyper_ExactPhrase_2026,Ice Maker Leaking,Responsive search ad,hyper12000_urgency,Sub-Zero Leak Repair,1,Sub Zero Ice Maker Leaking,,"Call Now, Book in Minutes",,Fast Bay Area Response,,No Work Without Approval,,Independent Service Team,,Insured Local Technicians,,180-Day Parts Warranty,,180-Day Labor Warranty,,$99 Fee Credited,,Clear On-Site Diagnosis,,Sub-Zero Service Experts,,Book Your Service Window,,Repair Focused Results,,Get Priority Scheduling,,Same-day or next-day slots. Fast SMS confirmation for your service window.,,$99 service call is credited toward repair when you approve the work.,,"Independent, insured team. 180-day warranty on labor and installed parts.",,Book now for clear diagnosis and high-value Sub-Zero repair in Bay Area.,,ice-maker,leaking,https://appliance-pros.netlify.app/subzero/,,,,,Enabled,Enabled,Enabled,,,Hyper-segmented RSA variant
SZ_Search_BayArea_Hyper_ExactPhrase_2026,Ice Maker Leaking,Responsive search ad,hyper12000_trust,Sub-Zero Leak Repair,1,Sub Zero Ice Maker Leaking,,Independent Repair Experts,,Fast Bay Area Response,,No Work Without Approval,,Independent Service Team,,Insured Local Technicians,,180-Day Parts Warranty,,180-Day Labor Warranty,,$99 Fee Credited,,Clear On-Site Diagnosis,,Sub-Zero Service Experts,,Book Your Service Window,,Repair Focused Results,,Get Priority Scheduling,,Independent Sub-Zero repair service. Not affiliated with any manufacturer.,,Insured technicians and 180-day warranty on labor and installed parts.,,Clear diagnosis first. You approve all work before any repair starts.,,"Professional communication, clean service, and reliable follow-through.",,ice-maker,leaking,https://appliance-pros.netlify.app/subzero/,,,,,Enabled,Enabled,Enabled,,,Hyper-segmented RSA variant
SZ_Search_BayArea_Hyper_ExactPhrase_2026,Ice Maker Leaking,Responsive search ad,hyper12000_conversion,Sub-Zero Leak Repair,1,Sub Zero Ice Maker Leaking,,Focused on Real Repairs,,Fast Bay Area Response,,No Work Without Approval,,Independent Service Team,,Insured Local Technicians,,180-Day Parts Warranty,,180-Day Labor Warranty,,$99 Fee Credited,,Clear On-Site Diagnosis,,Sub-Zero Service Experts,,Book Your Service Window,,Repair Focused Results,,Get Priority Scheduling,,Book quickly online or by phone. We confirm your window fast.,,$99 diagnostic is credited when you proceed with approved repair work.,,"We focus on cooling, freezing, leak, ice, and control system failures.",,"Short, clear process designed for fast, qualified service leads.",,ice-maker,leaking,https://appliance-pros.netlify.app/subzero/,,,,,Enabled,Enabled,Enabled,,,Hyper-segmented RSA variant
SZ_Search_BayArea_Hyper_ExactPhrase_2026,Ice Dispenser Not Working,Responsive search ad,hyper12000_urgency,Sub-Zero Ice Dispenser,1,Sub Zero Ice Maker Ice,,"Call Now, Book in Minutes",,Fast Bay Area Response,,No Work Without Approval,,Independent Service Team,,Insured Local Technicians,,180-Day Parts Warranty,,180-Day Labor Warranty,,$99 Fee Credited,,Clear On-Site Diagnosis,,Sub-Zero Service Experts,,Book Your Service Window,,Repair Focused Results,,Get Priority Scheduling,,Same-day or next-day slots. Fast SMS confirmation for your service window.,,$99 service call is credited toward repair when you approve the work.,,"Independent, insured team. 180-day warranty on labor and installed parts.",,Book now for clear diagnosis and high-value Sub-Zero repair in Bay Area.,,ice-maker,dispenser,https://appliance-pros.netlify.app/subzero/,,,,,Enabled,Enabled,Enabled,,,Hyper-segmented RSA variant
SZ_Search_BayArea_Hyper_ExactPhrase_2026,Ice Dispenser Not Working,Responsive search ad,hyper12000_trust,Sub-Zero Ice Dispenser,1,Sub Zero Ice Maker Ice,,Independent Repair Experts,,Fast Bay Area Response,,No Work Without Approval,,Independent Service Team,,Insured Local Technicians,,180-Day Parts Warranty,,180-Day Labor Warranty,,$99 Fee Credited,,Clear On-Site Diagnosis,,Sub-Zero Service Experts,,Book Your Service Window,,Repair Focused Results,,Get Priority Scheduling,,Independent Sub-Zero repair service. Not affiliated with any manufacturer.,,Insured technicians and 180-day warranty on labor and installed parts.,,Clear diagnosis first. You approve all work before any repair starts.,,"Professional communication, clean service, and reliable follow-through.",,ice-maker,dispenser,https://appliance-pros.netlify.app/subzero/,,,,,Enabled,Enabled,Enabled,,,Hyper-segmented RSA variant
SZ_Search_BayArea_Hyper_ExactPhrase_2026,Ice Dispenser Not Working,Responsive search ad,hyper12000_conversion,Sub-Zero Ice Dispenser,1,Sub Zero Ice Maker Ice,,Focused on Real Repairs,,Fast Bay Area Response,,No Work Without Approval,,Independent Service Team,,Insured Local Technicians,,180-Day Parts Warranty,,180-Day Labor Warranty,,$99 Fee Credited,,Clear On-Site Diagnosis,,Sub-Zero Service Experts,,Book Your Service Window,,Repair Focused Results,,Get Priority Scheduling,,Book quickly online or by phone. We confirm your window fast.,,$99 diagnostic is credited when you proceed with approved repair work.,,"We focus on cooling, freezing, leak, ice, and control system failures.",,"Short, clear process designed for fast, qualified service leads.",,ice-maker,dispenser,https://appliance-pros.netlify.app/subzero/,,,,,Enabled,Enabled,Enabled,,,Hyper-segmented RSA variant
SZ_Search_BayArea_Hyper_ExactPhrase_2026,Freezer Repair,Responsive search ad,hyper12000_urgency,Sub-Zero Freezer Repair,1,Sub Zero Freezer Repair,,"Call Now, Book in Minutes",,Fast Bay Area Response,,No Work Without Approval,,Independent Service Team,,Insured Local Technicians,,180-Day Parts Warranty,,180-Day Labor Warranty,,$99 Fee Credited,,Clear On-Site Diagnosis,,Sub-Zero Service Experts,,Book Your Service Window,,Repair Focused Results,,Get Priority Scheduling,,Same-day or next-day slots. Fast SMS confirmation for your service window.,,$99 service call is credited toward repair when you approve the work.,,"Independent, insured team. 180-day warranty on labor and installed parts.",,Book now for clear diagnosis and high-value Sub-Zero repair in Bay Area.,,freezer,repair,https://appliance-pros.netlify.app/subzero/,,,,,Enabled,Enabled,Enabled,,,Hyper-segmented RSA variant
SZ_Search_BayArea_Hyper_ExactPhrase_2026,Freezer Repair,Responsive search ad,hyper12000_trust,Sub-Zero Freezer Repair,1,Sub Zero Freezer Repair,,Independent Repair Experts,,Fast Bay Area Response,,No Work Without Approval,,Independent Service Team,,Insured Local Technicians,,180-Day Parts Warranty,,180-Day Labor Warranty,,$99 Fee Credited,,Clear On-Site Diagnosis,,Sub-Zero Service Experts,,Book Your Service Window,,Repair Focused Results,,Get Priority Scheduling,,Independent Sub-Zero repair service. Not affiliated with any manufacturer.,,Insured technicians and 180-day warranty on labor and installed parts.,,Clear diagnosis first. You approve all work before any repair starts.,,"Professional communication, clean service, and reliable follow-through.",,freezer,repair,https://appliance-pros.netlify.app/subzero/,,,,,Enabled,Enabled,Enabled,,,Hyper-segmented RSA variant
SZ_Search_BayArea_Hyper_ExactPhrase_2026,Freezer Repair,Responsive search ad,hyper12000_conversion,Sub-Zero Freezer Repair,1,Sub Zero Freezer Repair,,Focused on Real Repairs,,Fast Bay Area Response,,No Work Without Approval,,Independent Service Team,,Insured Local Technicians,,180-Day Parts Warranty,,180-Day Labor Warranty,,$99 Fee Credited,,Clear On-Site Diagnosis,,Sub-Zero Service Experts,,Book Your Service Window,,Repair Focused Results,,Get Priority Scheduling,,Book quickly online or by phone. We confirm your window fast.,,$99 diagnostic is credited when you proceed with approved repair work.,,"We focus on cooling, freezing, leak, ice, and control system failures.",,"Short, clear process designed for fast, qualified service leads.",,freezer,repair,https://appliance-pros.netlify.app/subzero/,,,,,Enabled,Enabled,Enabled,,,Hyper-segmented RSA variant
SZ_Search_BayArea_Hyper_ExactPhrase_2026,Freezer Service,Responsive search ad,hyper12000_urgency,Sub-Zero Freezer Repair,1,Sub Zero Freezer Service,,"Call Now, Book in Minutes",,Fast Bay Area Response,,No Work Without Approval,,Independent Service Team,,Insured Local Technicians,,180-Day Parts Warranty,,180-Day Labor Warranty,,$99 Fee Credited,,Clear On-Site Diagnosis,,Sub-Zero Service Experts,,Book Your Service Window,,Repair Focused Results,,Get Priority Scheduling,,Same-day or next-day slots. Fast SMS confirmation for your service window.,,$99 service call is credited toward repair when you approve the work.,,"Independent, insured team. 180-day warranty on labor and installed parts.",,Book now for clear diagnosis and high-value Sub-Zero repair in Bay Area.,,freezer,service,https://appliance-pros.netlify.app/subzero/,,,,,Enabled,Enabled,Enabled,,,Hyper-segmented RSA variant
SZ_Search_BayArea_Hyper_ExactPhrase_2026,Freezer Service,Responsive search ad,hyper12000_trust,Sub-Zero Freezer Repair,1,Sub Zero Freezer Service,,Independent Repair Experts,,Fast Bay Area Response,,No Work Without Approval,,Independent Service Team,,Insured Local Technicians,,180-Day Parts Warranty,,180-Day Labor Warranty,,$99 Fee Credited,,Clear On-Site Diagnosis,,Sub-Zero Service Experts,,Book Your Service Window,,Repair Focused Results,,Get Priority Scheduling,,Independent Sub-Zero repair service. Not affiliated with any manufacturer.,,Insured technicians and 180-day warranty on labor and installed parts.,,Clear diagnosis first. You approve all work before any repair starts.,,"Professional communication, clean service, and reliable follow-through.",,freezer,service,https://appliance-pros.netlify.app/subzero/,,,,,Enabled,Enabled,Enabled,,,Hyper-segmented RSA variant
SZ_Search_BayArea_Hyper_ExactPhrase_2026,Freezer Service,Responsive search ad,hyper12000_conversion,Sub-Zero Freezer Repair,1,Sub Zero Freezer Service,,Focused on Real Repairs,,Fast Bay Area Response,,No Work Without Approval,,Independent Service Team,,Insured Local Technicians,,180-Day Parts Warranty,,180-Day Labor Warranty,,$99 Fee Credited,,Clear On-Site Diagnosis,,Sub-Zero Service Experts,,Book Your Service Window,,Repair Focused Results,,Get Priority Scheduling,,Book quickly online or by phone. We confirm your window fast.,,$99 diagnostic is credited when you proceed with approved repair work.,,"We focus on cooling, freezing, leak, ice, and control system failures.",,"Short, clear process designed for fast, qualified service leads.",,freezer,service,https://appliance-pros.netlify.app/subzero/,,,,,Enabled,Enabled,Enabled,,,Hyper-segmented RSA variant
SZ_Search_BayArea_Hyper_ExactPhrase_2026,Freezer Near Me,Responsive search ad,hyper12000_urgency,Sub-Zero Repair Near Me,1,Sub Zero Freezer Near Me,,"Call Now, Book in Minutes",,Fast Bay Area Response,,No Work Without Approval,,Independent Service Team,,Insured Local Technicians,,180-Day Parts Warranty,,180-Day Labor Warranty,,$99 Fee Credited,,Clear On-Site Diagnosis,,Sub-Zero Service Experts,,Book Your Service Window,,Repair Focused Results,,Get Priority Scheduling,,Same-day or next-day slots. Fast SMS confirmation for your service window.,,$99 service call is credited toward repair when you approve the work.,,"Independent, insured team. 180-day warranty on labor and installed parts.",,Book now for clear diagnosis and high-value Sub-Zero repair in Bay Area.,,freezer,near-me,https://appliance-pros.netlify.app/subzero/,,,,,Enabled,Enabled,Enabled,,,Hyper-segmented RSA variant
SZ_Search_BayArea_Hyper_ExactPhrase_2026,Freezer Near Me,Responsive search ad,hyper12000_trust,Sub-Zero Repair Near Me,1,Sub Zero Freezer Near Me,,Independent Repair Experts,,Fast Bay Area Response,,No Work Without Approval,,Independent Service Team,,Insured Local Technicians,,180-Day Parts Warranty,,180-Day Labor Warranty,,$99 Fee Credited,,Clear On-Site Diagnosis,,Sub-Zero Service Experts,,Book Your Service Window,,Repair Focused Results,,Get Priority Scheduling,,Independent Sub-Zero repair service. Not affiliated with any manufacturer.,,Insured technicians and 180-day warranty on labor and installed parts.,,Clear diagnosis first. You approve all work before any repair starts.,,"Professional communication, clean service, and reliable follow-through.",,freezer,near-me,https://appliance-pros.netlify.app/subzero/,,,,,Enabled,Enabled,Enabled,,,Hyper-segmented RSA variant
SZ_Search_BayArea_Hyper_ExactPhrase_2026,Freezer Near Me,Responsive search ad,hyper12000_conversion,Sub-Zero Repair Near Me,1,Sub Zero Freezer Near Me,,Focused on Real Repairs,,Fast Bay Area Response,,No Work Without Approval,,Independent Service Team,,Insured Local Technicians,,180-Day Parts Warranty,,180-Day Labor Warranty,,$99 Fee Credited,,Clear On-Site Diagnosis,,Sub-Zero Service Experts,,Book Your Service Window,,Repair Focused Results,,Get Priority Scheduling,,Book quickly online or by phone. We confirm your window fast.,,$99 diagnostic is credited when you proceed with approved repair work.,,"We focus on cooling, freezing, leak, ice, and control system failures.",,"Short, clear process designed for fast, qualified service leads.",,freezer,near-me,https://appliance-pros.netlify.app/subzero/,,,,,Enabled,Enabled,Enabled,,,Hyper-segmented RSA variant
SZ_Search_BayArea_Hyper_ExactPhrase_2026,Freezer Technician,Responsive search ad,hyper12000_urgency,Sub-Zero Technician,1,Sub Zero Freezer Technician,,"Call Now, Book in Minutes",,Fast Bay Area Response,,No Work Without Approval,,Independent Service Team,,Insured Local Technicians,,180-Day Parts Warranty,,180-Day Labor Warranty,,$99 Fee Credited,,Clear On-Site Diagnosis,,Sub-Zero Service Experts,,Book Your Service Window,,Repair Focused Results,,Get Priority Scheduling,,Same-day or next-day slots. Fast SMS confirmation for your service window.,,$99 service call is credited toward repair when you approve the work.,,"Independent, insured team. 180-day warranty on labor and installed parts.",,Book now for clear diagnosis and high-value Sub-Zero repair in Bay Area.,,freezer,technician,https://appliance-pros.netlify.app/subzero/,,,,,Enabled,Enabled,Enabled,,,Hyper-segmented RSA variant
SZ_Search_BayArea_Hyper_ExactPhrase_2026,Freezer Technician,Responsive search ad,hyper12000_trust,Sub-Zero Technician,1,Sub Zero Freezer Technician,,Independent Repair Experts,,Fast Bay Area Response,,No Work Without Approval,,Independent Service Team,,Insured Local Technicians,,180-Day Parts Warranty,,180-Day Labor Warranty,,$99 Fee Credited,,Clear On-Site Diagnosis,,Sub-Zero Service Experts,,Book Your Service Window,,Repair Focused Results,,Get Priority Scheduling,,Independent Sub-Zero repair service. Not affiliated with any manufacturer.,,Insured technicians and 180-day warranty on labor and installed parts.,,Clear diagnosis first. You approve all work before any repair starts.,,"Professional communication, clean service, and reliable follow-through.",,freezer,technician,https://appliance-pros.netlify.app/subzero/,,,,,Enabled,Enabled,Enabled,,,Hyper-segmented RSA variant
SZ_Search_BayArea_Hyper_ExactPhrase_2026,Freezer Technician,Responsive search ad,hyper12000_conversion,Sub-Zero Technician,1,Sub Zero Freezer Technician,,Focused on Real Repairs,,Fast Bay Area Response,,No Work Without Approval,,Independent Service Team,,Insured Local Technicians,,180-Day Parts Warranty,,180-Day Labor Warranty,,$99 Fee Credited,,Clear On-Site Diagnosis,,Sub-Zero Service Experts,,Book Your Service Window,,Repair Focused Results,,Get Priority Scheduling,,Book quickly online or by phone. We confirm your window fast.,,$99 diagnostic is credited when you proceed with approved repair work.,,"We focus on cooling, freezing, leak, ice, and control system failures.",,"Short, clear process designed for fast, qualified service leads.",,freezer,technician,https://appliance-pros.netlify.app/subzero/,,,,,Enabled,Enabled,Enabled,,,Hyper-segmented RSA variant
SZ_Search_BayArea_Hyper_ExactPhrase_2026,Freezer Not Cooling,Responsive search ad,hyper12000_urgency,Sub-Zero Not Cooling,1,Sub Zero Freezer Not Cooling,,"Call Now, Book in Minutes",,Fast Bay Area Response,,No Work Without Approval,,Independent Service Team,,Insured Local Technicians,,180-Day Parts Warranty,,180-Day Labor Warranty,,$99 Fee Credited,,Clear On-Site Diagnosis,,Sub-Zero Service Experts,,Book Your Service Window,,Repair Focused Results,,Get Priority Scheduling,,Same-day or next-day slots. Fast SMS confirmation for your service window.,,$99 service call is credited toward repair when you approve the work.,,"Independent, insured team. 180-day warranty on labor and installed parts.",,Book now for clear diagnosis and high-value Sub-Zero repair in Bay Area.,,freezer,not-cooling,https://appliance-pros.netlify.app/subzero/,,,,,Enabled,Enabled,Enabled,,,Hyper-segmented RSA variant
SZ_Search_BayArea_Hyper_ExactPhrase_2026,Freezer Not Cooling,Responsive search ad,hyper12000_trust,Sub-Zero Not Cooling,1,Sub Zero Freezer Not Cooling,,Independent Repair Experts,,Fast Bay Area Response,,No Work Without Approval,,Independent Service Team,,Insured Local Technicians,,180-Day Parts Warranty,,180-Day Labor Warranty,,$99 Fee Credited,,Clear On-Site Diagnosis,,Sub-Zero Service Experts,,Book Your Service Window,,Repair Focused Results,,Get Priority Scheduling,,Independent Sub-Zero repair service. Not affiliated with any manufacturer.,,Insured technicians and 180-day warranty on labor and installed parts.,,Clear diagnosis first. You approve all work before any repair starts.,,"Professional communication, clean service, and reliable follow-through.",,freezer,not-cooling,https://appliance-pros.netlify.app/subzero/,,,,,Enabled,Enabled,Enabled,,,Hyper-segmented RSA variant
SZ_Search_BayArea_Hyper_ExactPhrase_2026,Freezer Not Cooling,Responsive search ad,hyper12000_conversion,Sub-Zero Not Cooling,1,Sub Zero Freezer Not Cooling,,Focused on Real Repairs,,Fast Bay Area Response,,No Work Without Approval,,Independent Service Team,,Insured Local Technicians,,180-Day Parts Warranty,,180-Day Labor Warranty,,$99 Fee Credited,,Clear On-Site Diagnosis,,Sub-Zero Service Experts,,Book Your Service Window,,Repair Focused Results,,Get Priority Scheduling,,Book quickly online or by phone. We confirm your window fast.,,$99 diagnostic is credited when you proceed with approved repair work.,,"We focus on cooling, freezing, leak, ice, and control system failures.",,"Short, clear process designed for fast, qualified service leads.",,freezer,not-cooling,https://appliance-pros.netlify.app/subzero/,,,,,Enabled,Enabled,Enabled,,,Hyper-segmented RSA variant
SZ_Search_BayArea_Hyper_ExactPhrase_2026,Freezer Not Freezing,Responsive search ad,hyper12000_urgency,Sub-Zero Not Freezing,1,Sub Zero Freezer Not Freezing,,"Call Now, Book in Minutes",,Fast Bay Area Response,,No Work Without Approval,,Independent Service Team,,Insured Local Technicians,,180-Day Parts Warranty,,180-Day Labor Warranty,,$99 Fee Credited,,Clear On-Site Diagnosis,,Sub-Zero Service Experts,,Book Your Service Window,,Repair Focused Results,,Get Priority Scheduling,,Same-day or next-day slots. Fast SMS confirmation for your service window.,,$99 service call is credited toward repair when you approve the work.,,"Independent, insured team. 180-day warranty on labor and installed parts.",,Book now for clear diagnosis and high-value Sub-Zero repair in Bay Area.,,freezer,not-freezing,https://appliance-pros.netlify.app/subzero/,,,,,Enabled,Enabled,Enabled,,,Hyper-segmented RSA variant
SZ_Search_BayArea_Hyper_ExactPhrase_2026,Freezer Not Freezing,Responsive search ad,hyper12000_trust,Sub-Zero Not Freezing,1,Sub Zero Freezer Not Freezing,,Independent Repair Experts,,Fast Bay Area Response,,No Work Without Approval,,Independent Service Team,,Insured Local Technicians,,180-Day Parts Warranty,,180-Day Labor Warranty,,$99 Fee Credited,,Clear On-Site Diagnosis,,Sub-Zero Service Experts,,Book Your Service Window,,Repair Focused Results,,Get Priority Scheduling,,Independent Sub-Zero repair service. Not affiliated with any manufacturer.,,Insured technicians and 180-day warranty on labor and installed parts.,,Clear diagnosis first. You approve all work before any repair starts.,,"Professional communication, clean service, and reliable follow-through.",,freezer,not-freezing,https://appliance-pros.netlify.app/subzero/,,,,,Enabled,Enabled,Enabled,,,Hyper-segmented RSA variant
SZ_Search_BayArea_Hyper_ExactPhrase_2026,Freezer Not Freezing,Responsive search ad,hyper12000_conversion,Sub-Zero Not Freezing,1,Sub Zero Freezer Not Freezing,,Focused on Real Repairs,,Fast Bay Area Response,,No Work Without Approval,,Independent Service Team,,Insured Local Technicians,,180-Day Parts Warranty,,180-Day Labor Warranty,,$99 Fee Credited,,Clear On-Site Diagnosis,,Sub-Zero Service Experts,,Book Your Service Window,,Repair Focused Results,,Get Priority Scheduling,,Book quickly online or by phone. We confirm your window fast.,,$99 diagnostic is credited when you proceed with approved repair work.,,"We focus on cooling, freezing, leak, ice, and control system failures.",,"Short, clear process designed for fast, qualified service leads.",,freezer,not-freezing,https://appliance-pros.netlify.app/subzero/,,,,,Enabled,Enabled,Enabled,,,Hyper-segmented RSA variant
SZ_Search_BayArea_Hyper_ExactPhrase_2026,Freezer Not Working,Responsive search ad,hyper12000_urgency,Sub-Zero Not Working,1,Sub Zero Freezer Not Working,,"Call Now, Book in Minutes",,Fast Bay Area Response,,No Work Without Approval,,Independent Service Team,,Insured Local Technicians,,180-Day Parts Warranty,,180-Day Labor Warranty,,$99 Fee Credited,,Clear On-Site Diagnosis,,Sub-Zero Service Experts,,Book Your Service Window,,Repair Focused Results,,Get Priority Scheduling,,Same-day or next-day slots. Fast SMS confirmation for your service window.,,$99 service call is credited toward repair when you approve the work.,,"Independent, insured team. 180-day warranty on labor and installed parts.",,Book now for clear diagnosis and high-value Sub-Zero repair in Bay Area.,,freezer,not-working,https://appliance-pros.netlify.app/subzero/,,,,,Enabled,Enabled,Enabled,,,Hyper-segmented RSA variant
SZ_Search_BayArea_Hyper_ExactPhrase_2026,Freezer Not Working,Responsive search ad,hyper12000_trust,Sub-Zero Not Working,1,Sub Zero Freezer Not Working,,Independent Repair Experts,,Fast Bay Area Response,,No Work Without Approval,,Independent Service Team,,Insured Local Technicians,,180-Day Parts Warranty,,180-Day Labor Warranty,,$99 Fee Credited,,Clear On-Site Diagnosis,,Sub-Zero Service Experts,,Book Your Service Window,,Repair Focused Results,,Get Priority Scheduling,,Independent Sub-Zero repair service. Not affiliated with any manufacturer.,,Insured technicians and 180-day warranty on labor and installed parts.,,Clear diagnosis first. You approve all work before any repair starts.,,"Professional communication, clean service, and reliable follow-through.",,freezer,not-working,https://appliance-pros.netlify.app/subzero/,,,,,Enabled,Enabled,Enabled,,,Hyper-segmented RSA variant
SZ_Search_BayArea_Hyper_ExactPhrase_2026,Freezer Not Working,Responsive search ad,hyper12000_conversion,Sub-Zero Not Working,1,Sub Zero Freezer Not Working,,Focused on Real Repairs,,Fast Bay Area Response,,No Work Without Approval,,Independent Service Team,,Insured Local Technicians,,180-Day Parts Warranty,,180-Day Labor Warranty,,$99 Fee Credited,,Clear On-Site Diagnosis,,Sub-Zero Service Experts,,Book Your Service Window,,Repair Focused Results,,Get Priority Scheduling,,Book quickly online or by phone. We confirm your window fast.,,$99 diagnostic is credited when you proceed with approved repair work.,,"We focus on cooling, freezing, leak, ice, and control system failures.",,"Short, clear process designed for fast, qualified service leads.",,freezer,not-working,https://appliance-pros.netlify.app/subzero/,,,,,Enabled,Enabled,Enabled,,,Hyper-segmented RSA variant
SZ_Search_BayArea_Hyper_ExactPhrase_2026,Freezer Leaking,Responsive search ad,hyper12000_urgency,Sub-Zero Leak Repair,1,Sub Zero Freezer Leaking,,"Call Now, Book in Minutes",,Fast Bay Area Response,,No Work Without Approval,,Independent Service Team,,Insured Local Technicians,,180-Day Parts Warranty,,180-Day Labor Warranty,,$99 Fee Credited,,Clear On-Site Diagnosis,,Sub-Zero Service Experts,,Book Your Service Window,,Repair Focused Results,,Get Priority Scheduling,,Same-day or next-day slots. Fast SMS confirmation for your service window.,,$99 service call is credited toward repair when you approve the work.,,"Independent, insured team. 180-day warranty on labor and installed parts.",,Book now for clear diagnosis and high-value Sub-Zero repair in Bay Area.,,freezer,leaking,https://appliance-pros.netlify.app/subzero/,,,,,Enabled,Enabled,Enabled,,,Hyper-segmented RSA variant
SZ_Search_BayArea_Hyper_ExactPhrase_2026,Freezer Leaking,Responsive search ad,hyper12000_trust,Sub-Zero Leak Repair,1,Sub Zero Freezer Leaking,,Independent Repair Experts,,Fast Bay Area Response,,No Work Without Approval,,Independent Service Team,,Insured Local Technicians,,180-Day Parts Warranty,,180-Day Labor Warranty,,$99 Fee Credited,,Clear On-Site Diagnosis,,Sub-Zero Service Experts,,Book Your Service Window,,Repair Focused Results,,Get Priority Scheduling,,Independent Sub-Zero repair service. Not affiliated with any manufacturer.,,Insured technicians and 180-day warranty on labor and installed parts.,,Clear diagnosis first. You approve all work before any repair starts.,,"Professional communication, clean service, and reliable follow-through.",,freezer,leaking,https://appliance-pros.netlify.app/subzero/,,,,,Enabled,Enabled,Enabled,,,Hyper-segmented RSA variant
SZ_Search_BayArea_Hyper_ExactPhrase_2026,Freezer Leaking,Responsive search ad,hyper12000_conversion,Sub-Zero Leak Repair,1,Sub Zero Freezer Leaking,,Focused on Real Repairs,,Fast Bay Area Response,,No Work Without Approval,,Independent Service Team,,Insured Local Technicians,,180-Day Parts Warranty,,180-Day Labor Warranty,,$99 Fee Credited,,Clear On-Site Diagnosis,,Sub-Zero Service Experts,,Book Your Service Window,,Repair Focused Results,,Get Priority Scheduling,,Book quickly online or by phone. We confirm your window fast.,,$99 diagnostic is credited when you proceed with approved repair work.,,"We focus on cooling, freezing, leak, ice, and control system failures.",,"Short, clear process designed for fast, qualified service leads.",,freezer,leaking,https://appliance-pros.netlify.app/subzero/,,,,,Enabled,Enabled,Enabled,,,Hyper-segmented RSA variant
SZ_Search_BayArea_Hyper_ExactPhrase_2026,Fridge Repair,Responsive search ad,hyper12000_urgency,Sub-Zero Fridge Repair,1,Sub Zero Fridge Repair,,"Call Now, Book in Minutes",,Fast Bay Area Response,,No Work Without Approval,,Independent Service Team,,Insured Local Technicians,,180-Day Parts Warranty,,180-Day Labor Warranty,,$99 Fee Credited,,Clear On-Site Diagnosis,,Sub-Zero Service Experts,,Book Your Service Window,,Repair Focused Results,,Get Priority Scheduling,,Same-day or next-day slots. Fast SMS confirmation for your service window.,,$99 service call is credited toward repair when you approve the work.,,"Independent, insured team. 180-day warranty on labor and installed parts.",,Book now for clear diagnosis and high-value Sub-Zero repair in Bay Area.,,fridge,repair,https://appliance-pros.netlify.app/subzero/,,,,,Enabled,Enabled,Enabled,,,Hyper-segmented RSA variant
SZ_Search_BayArea_Hyper_ExactPhrase_2026,Fridge Repair,Responsive search ad,hyper12000_trust,Sub-Zero Fridge Repair,1,Sub Zero Fridge Repair,,Independent Repair Experts,,Fast Bay Area Response,,No Work Without Approval,,Independent Service Team,,Insured Local Technicians,,180-Day Parts Warranty,,180-Day Labor Warranty,,$99 Fee Credited,,Clear On-Site Diagnosis,,Sub-Zero Service Experts,,Book Your Service Window,,Repair Focused Results,,Get Priority Scheduling,,Independent Sub-Zero repair service. Not affiliated with any manufacturer.,,Insured technicians and 180-day warranty on labor and installed parts.,,Clear diagnosis first. You approve all work before any repair starts.,,"Professional communication, clean service, and reliable follow-through.",,fridge,repair,https://appliance-pros.netlify.app/subzero/,,,,,Enabled,Enabled,Enabled,,,Hyper-segmented RSA variant
SZ_Search_BayArea_Hyper_ExactPhrase_2026,Fridge Repair,Responsive search ad,hyper12000_conversion,Sub-Zero Fridge Repair,1,Sub Zero Fridge Repair,,Focused on Real Repairs,,Fast Bay Area Response,,No Work Without Approval,,Independent Service Team,,Insured Local Technicians,,180-Day Parts Warranty,,180-Day Labor Warranty,,$99 Fee Credited,,Clear On-Site Diagnosis,,Sub-Zero Service Experts,,Book Your Service Window,,Repair Focused Results,,Get Priority Scheduling,,Book quickly online or by phone. We confirm your window fast.,,$99 diagnostic is credited when you proceed with approved repair work.,,"We focus on cooling, freezing, leak, ice, and control system failures.",,"Short, clear process designed for fast, qualified service leads.",,fridge,repair,https://appliance-pros.netlify.app/subzero/,,,,,Enabled,Enabled,Enabled,,,Hyper-segmented RSA variant
SZ_Search_BayArea_Hyper_ExactPhrase_2026,Fridge Service,Responsive search ad,hyper12000_urgency,Sub-Zero Fridge Repair,1,Sub Zero Fridge Service,,"Call Now, Book in Minutes",,Fast Bay Area Response,,No Work Without Approval,,Independent Service Team,,Insured Local Technicians,,180-Day Parts Warranty,,180-Day Labor Warranty,,$99 Fee Credited,,Clear On-Site Diagnosis,,Sub-Zero Service Experts,,Book Your Service Window,,Repair Focused Results,,Get Priority Scheduling,,Same-day or next-day slots. Fast SMS confirmation for your service window.,,$99 service call is credited toward repair when you approve the work.,,"Independent, insured team. 180-day warranty on labor and installed parts.",,Book now for clear diagnosis and high-value Sub-Zero repair in Bay Area.,,fridge,service,https://appliance-pros.netlify.app/subzero/,,,,,Enabled,Enabled,Enabled,,,Hyper-segmented RSA variant
SZ_Search_BayArea_Hyper_ExactPhrase_2026,Fridge Service,Responsive search ad,hyper12000_trust,Sub-Zero Fridge Repair,1,Sub Zero Fridge Service,,Independent Repair Experts,,Fast Bay Area Response,,No Work Without Approval,,Independent Service Team,,Insured Local Technicians,,180-Day Parts Warranty,,180-Day Labor Warranty,,$99 Fee Credited,,Clear On-Site Diagnosis,,Sub-Zero Service Experts,,Book Your Service Window,,Repair Focused Results,,Get Priority Scheduling,,Independent Sub-Zero repair service. Not affiliated with any manufacturer.,,Insured technicians and 180-day warranty on labor and installed parts.,,Clear diagnosis first. You approve all work before any repair starts.,,"Professional communication, clean service, and reliable follow-through.",,fridge,service,https://appliance-pros.netlify.app/subzero/,,,,,Enabled,Enabled,Enabled,,,Hyper-segmented RSA variant
SZ_Search_BayArea_Hyper_ExactPhrase_2026,Fridge Service,Responsive search ad,hyper12000_conversion,Sub-Zero Fridge Repair,1,Sub Zero Fridge Service,,Focused on Real Repairs,,Fast Bay Area Response,,No Work Without Approval,,Independent Service Team,,Insured Local Technicians,,180-Day Parts Warranty,,180-Day Labor Warranty,,$99 Fee Credited,,Clear On-Site Diagnosis,,Sub-Zero Service Experts,,Book Your Service Window,,Repair Focused Results,,Get Priority Scheduling,,Book quickly online or by phone. We confirm your window fast.,,$99 diagnostic is credited when you proceed with approved repair work.,,"We focus on cooling, freezing, leak, ice, and control system failures.",,"Short, clear process designed for fast, qualified service leads.",,fridge,service,https://appliance-pros.netlify.app/subzero/,,,,,Enabled,Enabled,Enabled,,,Hyper-segmented RSA variant
SZ_Search_BayArea_Hyper_ExactPhrase_2026,Fridge Near Me,Responsive search ad,hyper12000_urgency,Sub-Zero Repair Near Me,1,Sub Zero Fridge Near Me,,"Call Now, Book in Minutes",,Fast Bay Area Response,,No Work Without Approval,,Independent Service Team,,Insured Local Technicians,,180-Day Parts Warranty,,180-Day Labor Warranty,,$99 Fee Credited,,Clear On-Site Diagnosis,,Sub-Zero Service Experts,,Book Your Service Window,,Repair Focused Results,,Get Priority Scheduling,,Same-day or next-day slots. Fast SMS confirmation for your service window.,,$99 service call is credited toward repair when you approve the work.,,"Independent, insured team. 180-day warranty on labor and installed parts.",,Book now for clear diagnosis and high-value Sub-Zero repair in Bay Area.,,fridge,near-me,https://appliance-pros.netlify.app/subzero/,,,,,Enabled,Enabled,Enabled,,,Hyper-segmented RSA variant
SZ_Search_BayArea_Hyper_ExactPhrase_2026,Fridge Near Me,Responsive search ad,hyper12000_trust,Sub-Zero Repair Near Me,1,Sub Zero Fridge Near Me,,Independent Repair Experts,,Fast Bay Area Response,,No Work Without Approval,,Independent Service Team,,Insured Local Technicians,,180-Day Parts Warranty,,180-Day Labor Warranty,,$99 Fee Credited,,Clear On-Site Diagnosis,,Sub-Zero Service Experts,,Book Your Service Window,,Repair Focused Results,,Get Priority Scheduling,,Independent Sub-Zero repair service. Not affiliated with any manufacturer.,,Insured technicians and 180-day warranty on labor and installed parts.,,Clear diagnosis first. You approve all work before any repair starts.,,"Professional communication, clean service, and reliable follow-through.",,fridge,near-me,https://appliance-pros.netlify.app/subzero/,,,,,Enabled,Enabled,Enabled,,,Hyper-segmented RSA variant
SZ_Search_BayArea_Hyper_ExactPhrase_2026,Fridge Near Me,Responsive search ad,hyper12000_conversion,Sub-Zero Repair Near Me,1,Sub Zero Fridge Near Me,,Focused on Real Repairs,,Fast Bay Area Response,,No Work Without Approval,,Independent Service Team,,Insured Local Technicians,,180-Day Parts Warranty,,180-Day Labor Warranty,,$99 Fee Credited,,Clear On-Site Diagnosis,,Sub-Zero Service Experts,,Book Your Service Window,,Repair Focused Results,,Get Priority Scheduling,,Book quickly online or by phone. We confirm your window fast.,,$99 diagnostic is credited when you proceed with approved repair work.,,"We focus on cooling, freezing, leak, ice, and control system failures.",,"Short, clear process designed for fast, qualified service leads.",,fridge,near-me,https://appliance-pros.netlify.app/subzero/,,,,,Enabled,Enabled,Enabled,,,Hyper-segmented RSA variant
SZ_Search_BayArea_Hyper_ExactPhrase_2026,Fridge Technician,Responsive search ad,hyper12000_urgency,Sub-Zero Technician,1,Sub Zero Fridge Technician,,"Call Now, Book in Minutes",,Fast Bay Area Response,,No Work Without Approval,,Independent Service Team,,Insured Local Technicians,,180-Day Parts Warranty,,180-Day Labor Warranty,,$99 Fee Credited,,Clear On-Site Diagnosis,,Sub-Zero Service Experts,,Book Your Service Window,,Repair Focused Results,,Get Priority Scheduling,,Same-day or next-day slots. Fast SMS confirmation for your service window.,,$99 service call is credited toward repair when you approve the work.,,"Independent, insured team. 180-day warranty on labor and installed parts.",,Book now for clear diagnosis and high-value Sub-Zero repair in Bay Area.,,fridge,technician,https://appliance-pros.netlify.app/subzero/,,,,,Enabled,Enabled,Enabled,,,Hyper-segmented RSA variant
SZ_Search_BayArea_Hyper_ExactPhrase_2026,Fridge Technician,Responsive search ad,hyper12000_trust,Sub-Zero Technician,1,Sub Zero Fridge Technician,,Independent Repair Experts,,Fast Bay Area Response,,No Work Without Approval,,Independent Service Team,,Insured Local Technicians,,180-Day Parts Warranty,,180-Day Labor Warranty,,$99 Fee Credited,,Clear On-Site Diagnosis,,Sub-Zero Service Experts,,Book Your Service Window,,Repair Focused Results,,Get Priority Scheduling,,Independent Sub-Zero repair service. Not affiliated with any manufacturer.,,Insured technicians and 180-day warranty on labor and installed parts.,,Clear diagnosis first. You approve all work before any repair starts.,,"Professional communication, clean service, and reliable follow-through.",,fridge,technician,https://appliance-pros.netlify.app/subzero/,,,,,Enabled,Enabled,Enabled,,,Hyper-segmented RSA variant
SZ_Search_BayArea_Hyper_ExactPhrase_2026,Fridge Technician,Responsive search ad,hyper12000_conversion,Sub-Zero Technician,1,Sub Zero Fridge Technician,,Focused on Real Repairs,,Fast Bay Area Response,,No Work Without Approval,,Independent Service Team,,Insured Local Technicians,,180-Day Parts Warranty,,180-Day Labor Warranty,,$99 Fee Credited,,Clear On-Site Diagnosis,,Sub-Zero Service Experts,,Book Your Service Window,,Repair Focused Results,,Get Priority Scheduling,,Book quickly online or by phone. We confirm your window fast.,,$99 diagnostic is credited when you proceed with approved repair work.,,"We focus on cooling, freezing, leak, ice, and control system failures.",,"Short, clear process designed for fast, qualified service leads.",,fridge,technician,https://appliance-pros.netlify.app/subzero/,,,,,Enabled,Enabled,Enabled,,,Hyper-segmented RSA variant
SZ_Search_BayArea_Hyper_ExactPhrase_2026,Fridge Not Cooling,Responsive search ad,hyper12000_urgency,Sub-Zero Not Cooling,1,Sub Zero Fridge Not Cooling,,"Call Now, Book in Minutes",,Fast Bay Area Response,,No Work Without Approval,,Independent Service Team,,Insured Local Technicians,,180-Day Parts Warranty,,180-Day Labor Warranty,,$99 Fee Credited,,Clear On-Site Diagnosis,,Sub-Zero Service Experts,,Book Your Service Window,,Repair Focused Results,,Get Priority Scheduling,,Same-day or next-day slots. Fast SMS confirmation for your service window.,,$99 service call is credited toward repair when you approve the work.,,"Independent, insured team. 180-day warranty on labor and installed parts.",,Book now for clear diagnosis and high-value Sub-Zero repair in Bay Area.,,fridge,not-cooling,https://appliance-pros.netlify.app/subzero/,,,,,Enabled,Enabled,Enabled,,,Hyper-segmented RSA variant
SZ_Search_BayArea_Hyper_ExactPhrase_2026,Fridge Not Cooling,Responsive search ad,hyper12000_trust,Sub-Zero Not Cooling,1,Sub Zero Fridge Not Cooling,,Independent Repair Experts,,Fast Bay Area Response,,No Work Without Approval,,Independent Service Team,,Insured Local Technicians,,180-Day Parts Warranty,,180-Day Labor Warranty,,$99 Fee Credited,,Clear On-Site Diagnosis,,Sub-Zero Service Experts,,Book Your Service Window,,Repair Focused Results,,Get Priority Scheduling,,Independent Sub-Zero repair service. Not affiliated with any manufacturer.,,Insured technicians and 180-day warranty on labor and installed parts.,,Clear diagnosis first. You approve all work before any repair starts.,,"Professional communication, clean service, and reliable follow-through.",,fridge,not-cooling,https://appliance-pros.netlify.app/subzero/,,,,,Enabled,Enabled,Enabled,,,Hyper-segmented RSA variant
SZ_Search_BayArea_Hyper_ExactPhrase_2026,Fridge Not Cooling,Responsive search ad,hyper12000_conversion,Sub-Zero Not Cooling,1,Sub Zero Fridge Not Cooling,,Focused on Real Repairs,,Fast Bay Area Response,,No Work Without Approval,,Independent Service Team,,Insured Local Technicians,,180-Day Parts Warranty,,180-Day Labor Warranty,,$99 Fee Credited,,Clear On-Site Diagnosis,,Sub-Zero Service Experts,,Book Your Service Window,,Repair Focused Results,,Get Priority Scheduling,,Book quickly online or by phone. We confirm your window fast.,,$99 diagnostic is credited when you proceed with approved repair work.,,"We focus on cooling, freezing, leak, ice, and control system failures.",,"Short, clear process designed for fast, qualified service leads.",,fridge,not-cooling,https://appliance-pros.netlify.app/subzero/,,,,,Enabled,Enabled,Enabled,,,Hyper-segmented RSA variant
SZ_Search_BayArea_Hyper_ExactPhrase_2026,Fridge Not Freezing,Responsive search ad,hyper12000_urgency,Sub-Zero Not Freezing,1,Sub Zero Fridge Not Freezing,,"Call Now, Book in Minutes",,Fast Bay Area Response,,No Work Without Approval,,Independent Service Team,,Insured Local Technicians,,180-Day Parts Warranty,,180-Day Labor Warranty,,$99 Fee Credited,,Clear On-Site Diagnosis,,Sub-Zero Service Experts,,Book Your Service Window,,Repair Focused Results,,Get Priority Scheduling,,Same-day or next-day slots. Fast SMS confirmation for your service window.,,$99 service call is credited toward repair when you approve the work.,,"Independent, insured team. 180-day warranty on labor and installed parts.",,Book now for clear diagnosis and high-value Sub-Zero repair in Bay Area.,,fridge,not-freezing,https://appliance-pros.netlify.app/subzero/,,,,,Enabled,Enabled,Enabled,,,Hyper-segmented RSA variant
SZ_Search_BayArea_Hyper_ExactPhrase_2026,Fridge Not Freezing,Responsive search ad,hyper12000_trust,Sub-Zero Not Freezing,1,Sub Zero Fridge Not Freezing,,Independent Repair Experts,,Fast Bay Area Response,,No Work Without Approval,,Independent Service Team,,Insured Local Technicians,,180-Day Parts Warranty,,180-Day Labor Warranty,,$99 Fee Credited,,Clear On-Site Diagnosis,,Sub-Zero Service Experts,,Book Your Service Window,,Repair Focused Results,,Get Priority Scheduling,,Independent Sub-Zero repair service. Not affiliated with any manufacturer.,,Insured technicians and 180-day warranty on labor and installed parts.,,Clear diagnosis first. You approve all work before any repair starts.,,"Professional communication, clean service, and reliable follow-through.",,fridge,not-freezing,https://appliance-pros.netlify.app/subzero/,,,,,Enabled,Enabled,Enabled,,,Hyper-segmented RSA variant
SZ_Search_BayArea_Hyper_ExactPhrase_2026,Fridge Not Freezing,Responsive search ad,hyper12000_conversion,Sub-Zero Not Freezing,1,Sub Zero Fridge Not Freezing,,Focused on Real Repairs,,Fast Bay Area Response,,No Work Without Approval,,Independent Service Team,,Insured Local Technicians,,180-Day Parts Warranty,,180-Day Labor Warranty,,$99 Fee Credited,,Clear On-Site Diagnosis,,Sub-Zero Service Experts,,Book Your Service Window,,Repair Focused Results,,Get Priority Scheduling,,Book quickly online or by phone. We confirm your window fast.,,$99 diagnostic is credited when you proceed with approved repair work.,,"We focus on cooling, freezing, leak, ice, and control system failures.",,"Short, clear process designed for fast, qualified service leads.",,fridge,not-freezing,https://appliance-pros.netlify.app/subzero/,,,,,Enabled,Enabled,Enabled,,,Hyper-segmented RSA variant
SZ_Search_BayArea_Hyper_ExactPhrase_2026,Fridge Not Working,Responsive search ad,hyper12000_urgency,Sub-Zero Not Working,1,Sub Zero Fridge Not Working,,"Call Now, Book in Minutes",,Fast Bay Area Response,,No Work Without Approval,,Independent Service Team,,Insured Local Technicians,,180-Day Parts Warranty,,180-Day Labor Warranty,,$99 Fee Credited,,Clear On-Site Diagnosis,,Sub-Zero Service Experts,,Book Your Service Window,,Repair Focused Results,,Get Priority Scheduling,,Same-day or next-day slots. Fast SMS confirmation for your service window.,,$99 service call is credited toward repair when you approve the work.,,"Independent, insured team. 180-day warranty on labor and installed parts.",,Book now for clear diagnosis and high-value Sub-Zero repair in Bay Area.,,fridge,not-working,https://appliance-pros.netlify.app/subzero/,,,,,Enabled,Enabled,Enabled,,,Hyper-segmented RSA variant
SZ_Search_BayArea_Hyper_ExactPhrase_2026,Fridge Not Working,Responsive search ad,hyper12000_trust,Sub-Zero Not Working,1,Sub Zero Fridge Not Working,,Independent Repair Experts,,Fast Bay Area Response,,No Work Without Approval,,Independent Service Team,,Insured Local Technicians,,180-Day Parts Warranty,,180-Day Labor Warranty,,$99 Fee Credited,,Clear On-Site Diagnosis,,Sub-Zero Service Experts,,Book Your Service Window,,Repair Focused Results,,Get Priority Scheduling,,Independent Sub-Zero repair service. Not affiliated with any manufacturer.,,Insured technicians and 180-day warranty on labor and installed parts.,,Clear diagnosis first. You approve all work before any repair starts.,,"Professional communication, clean service, and reliable follow-through.",,fridge,not-working,https://appliance-pros.netlify.app/subzero/,,,,,Enabled,Enabled,Enabled,,,Hyper-segmented RSA variant
SZ_Search_BayArea_Hyper_ExactPhrase_2026,Fridge Not Working,Responsive search ad,hyper12000_conversion,Sub-Zero Not Working,1,Sub Zero Fridge Not Working,,Focused on Real Repairs,,Fast Bay Area Response,,No Work Without Approval,,Independent Service Team,,Insured Local Technicians,,180-Day Parts Warranty,,180-Day Labor Warranty,,$99 Fee Credited,,Clear On-Site Diagnosis,,Sub-Zero Service Experts,,Book Your Service Window,,Repair Focused Results,,Get Priority Scheduling,,Book quickly online or by phone. We confirm your window fast.,,$99 diagnostic is credited when you proceed with approved repair work.,,"We focus on cooling, freezing, leak, ice, and control system failures.",,"Short, clear process designed for fast, qualified service leads.",,fridge,not-working,https://appliance-pros.netlify.app/subzero/,,,,,Enabled,Enabled,Enabled,,,Hyper-segmented RSA variant
SZ_Search_BayArea_Hyper_ExactPhrase_2026,Fridge Leaking,Responsive search ad,hyper12000_urgency,Sub-Zero Leak Repair,1,Sub Zero Fridge Leaking,,"Call Now, Book in Minutes",,Fast Bay Area Response,,No Work Without Approval,,Independent Service Team,,Insured Local Technicians,,180-Day Parts Warranty,,180-Day Labor Warranty,,$99 Fee Credited,,Clear On-Site Diagnosis,,Sub-Zero Service Experts,,Book Your Service Window,,Repair Focused Results,,Get Priority Scheduling,,Same-day or next-day slots. Fast SMS confirmation for your service window.,,$99 service call is credited toward repair when you approve the work.,,"Independent, insured team. 180-day warranty on labor and installed parts.",,Book now for clear diagnosis and high-value Sub-Zero repair in Bay Area.,,fridge,leaking,https://appliance-pros.netlify.app/subzero/,,,,,Enabled,Enabled,Enabled,,,Hyper-segmented RSA variant
SZ_Search_BayArea_Hyper_ExactPhrase_2026,Fridge Leaking,Responsive search ad,hyper12000_trust,Sub-Zero Leak Repair,1,Sub Zero Fridge Leaking,,Independent Repair Experts,,Fast Bay Area Response,,No Work Without Approval,,Independent Service Team,,Insured Local Technicians,,180-Day Parts Warranty,,180-Day Labor Warranty,,$99 Fee Credited,,Clear On-Site Diagnosis,,Sub-Zero Service Experts,,Book Your Service Window,,Repair Focused Results,,Get Priority Scheduling,,Independent Sub-Zero repair service. Not affiliated with any manufacturer.,,Insured technicians and 180-day warranty on labor and installed parts.,,Clear diagnosis first. You approve all work before any repair starts.,,"Professional communication, clean service, and reliable follow-through.",,fridge,leaking,https://appliance-pros.netlify.app/subzero/,,,,,Enabled,Enabled,Enabled,,,Hyper-segmented RSA variant
SZ_Search_BayArea_Hyper_ExactPhrase_2026,Fridge Leaking,Responsive search ad,hyper12000_conversion,Sub-Zero Leak Repair,1,Sub Zero Fridge Leaking,,Focused on Real Repairs,,Fast Bay Area Response,,No Work Without Approval,,Independent Service Team,,Insured Local Technicians,,180-Day Parts Warranty,,180-Day Labor Warranty,,$99 Fee Credited,,Clear On-Site Diagnosis,,Sub-Zero Service Experts,,Book Your Service Window,,Repair Focused Results,,Get Priority Scheduling,,Book quickly online or by phone. We confirm your window fast.,,$99 diagnostic is credited when you proceed with approved repair work.,,"We focus on cooling, freezing, leak, ice, and control system failures.",,"Short, clear process designed for fast, qualified service leads.",,fridge,leaking,https://appliance-pros.netlify.app/subzero/,,,,,Enabled,Enabled,Enabled,,,Hyper-segmented RSA variant
SZ_Search_BayArea_Hyper_ExactPhrase_2026,Fridge Warm,Responsive search ad,hyper12000_urgency,Sub-Zero Running Warm,1,Sub Zero Fridge Warm,,"Call Now, Book in Minutes",,Fast Bay Area Response,,No Work Without Approval,,Independent Service Team,,Insured Local Technicians,,180-Day Parts Warranty,,180-Day Labor Warranty,,$99 Fee Credited,,Clear On-Site Diagnosis,,Sub-Zero Service Experts,,Book Your Service Window,,Repair Focused Results,,Get Priority Scheduling,,Same-day or next-day slots. Fast SMS confirmation for your service window.,,$99 service call is credited toward repair when you approve the work.,,"Independent, insured team. 180-day warranty on labor and installed parts.",,Book now for clear diagnosis and high-value Sub-Zero repair in Bay Area.,,fridge,warm,https://appliance-pros.netlify.app/subzero/,,,,,Enabled,Enabled,Enabled,,,Hyper-segmented RSA variant
SZ_Search_BayArea_Hyper_ExactPhrase_2026,Fridge Warm,Responsive search ad,hyper12000_trust,Sub-Zero Running Warm,1,Sub Zero Fridge Warm,,Independent Repair Experts,,Fast Bay Area Response,,No Work Without Approval,,Independent Service Team,,Insured Local Technicians,,180-Day Parts Warranty,,180-Day Labor Warranty,,$99 Fee Credited,,Clear On-Site Diagnosis,,Sub-Zero Service Experts,,Book Your Service Window,,Repair Focused Results,,Get Priority Scheduling,,Independent Sub-Zero repair service. Not affiliated with any manufacturer.,,Insured technicians and 180-day warranty on labor and installed parts.,,Clear diagnosis first. You approve all work before any repair starts.,,"Professional communication, clean service, and reliable follow-through.",,fridge,warm,https://appliance-pros.netlify.app/subzero/,,,,,Enabled,Enabled,Enabled,,,Hyper-segmented RSA variant
SZ_Search_BayArea_Hyper_ExactPhrase_2026,Fridge Warm,Responsive search ad,hyper12000_conversion,Sub-Zero Running Warm,1,Sub Zero Fridge Warm,,Focused on Real Repairs,,Fast Bay Area Response,,No Work Without Approval,,Independent Service Team,,Insured Local Technicians,,180-Day Parts Warranty,,180-Day Labor Warranty,,$99 Fee Credited,,Clear On-Site Diagnosis,,Sub-Zero Service Experts,,Book Your Service Window,,Repair Focused Results,,Get Priority Scheduling,,Book quickly online or by phone. We confirm your window fast.,,$99 diagnostic is credited when you proceed with approved repair work.,,"We focus on cooling, freezing, leak, ice, and control system failures.",,"Short, clear process designed for fast, qualified service leads.",,fridge,warm,https://appliance-pros.netlify.app/subzero/,,,,,Enabled,Enabled,Enabled,,,Hyper-segmented RSA variant
SZ_Search_BayArea_Hyper_ExactPhrase_2026,Refrigerator Repair,Responsive search ad,hyper12000_urgency,Sub-Zero Refrigerator Fix,1,Sub Zero Refrigerator Repair,,"Call Now, Book in Minutes",,Fast Bay Area Response,,No Work Without Approval,,Independent Service Team,,Insured Local Technicians,,180-Day Parts Warranty,,180-Day Labor Warranty,,$99 Fee Credited,,Clear On-Site Diagnosis,,Sub-Zero Service Experts,,Book Your Service Window,,Repair Focused Results,,Get Priority Scheduling,,Same-day or next-day slots. Fast SMS confirmation for your service window.,,$99 service call is credited toward repair when you approve the work.,,"Independent, insured team. 180-day warranty on labor and installed parts.",,Book now for clear diagnosis and high-value Sub-Zero repair in Bay Area.,,refrigerator,repair,https://appliance-pros.netlify.app/subzero/,,,,,Enabled,Enabled,Enabled,,,Hyper-segmented RSA variant
SZ_Search_BayArea_Hyper_ExactPhrase_2026,Refrigerator Repair,Responsive search ad,hyper12000_trust,Sub-Zero Refrigerator Fix,1,Sub Zero Refrigerator Repair,,Independent Repair Experts,,Fast Bay Area Response,,No Work Without Approval,,Independent Service Team,,Insured Local Technicians,,180-Day Parts Warranty,,180-Day Labor Warranty,,$99 Fee Credited,,Clear On-Site Diagnosis,,Sub-Zero Service Experts,,Book Your Service Window,,Repair Focused Results,,Get Priority Scheduling,,Independent Sub-Zero repair service. Not affiliated with any manufacturer.,,Insured technicians and 180-day warranty on labor and installed parts.,,Clear diagnosis first. You approve all work before any repair starts.,,"Professional communication, clean service, and reliable follow-through.",,refrigerator,repair,https://appliance-pros.netlify.app/subzero/,,,,,Enabled,Enabled,Enabled,,,Hyper-segmented RSA variant
SZ_Search_BayArea_Hyper_ExactPhrase_2026,Refrigerator Repair,Responsive search ad,hyper12000_conversion,Sub-Zero Refrigerator Fix,1,Sub Zero Refrigerator Repair,,Focused on Real Repairs,,Fast Bay Area Response,,No Work Without Approval,,Independent Service Team,,Insured Local Technicians,,180-Day Parts Warranty,,180-Day Labor Warranty,,$99 Fee Credited,,Clear On-Site Diagnosis,,Sub-Zero Service Experts,,Book Your Service Window,,Repair Focused Results,,Get Priority Scheduling,,Book quickly online or by phone. We confirm your window fast.,,$99 diagnostic is credited when you proceed with approved repair work.,,"We focus on cooling, freezing, leak, ice, and control system failures.",,"Short, clear process designed for fast, qualified service leads.",,refrigerator,repair,https://appliance-pros.netlify.app/subzero/,,,,,Enabled,Enabled,Enabled,,,Hyper-segmented RSA variant
SZ_Search_BayArea_Hyper_ExactPhrase_2026,Refrigerator Service,Responsive search ad,hyper12000_urgency,Sub-Zero Refrigerator Care,1,Sub Zero Refrigerator Service,,"Call Now, Book in Minutes",,Fast Bay Area Response,,No Work Without Approval,,Independent Service Team,,Insured Local Technicians,,180-Day Parts Warranty,,180-Day Labor Warranty,,$99 Fee Credited,,Clear On-Site Diagnosis,,Sub-Zero Service Experts,,Book Your Service Window,,Repair Focused Results,,Get Priority Scheduling,,Same-day or next-day slots. Fast SMS confirmation for your service window.,,$99 service call is credited toward repair when you approve the work.,,"Independent, insured team. 180-day warranty on labor and installed parts.",,Book now for clear diagnosis and high-value Sub-Zero repair in Bay Area.,,refrigerator,service,https://appliance-pros.netlify.app/subzero/,,,,,Enabled,Enabled,Enabled,,,Hyper-segmented RSA variant
SZ_Search_BayArea_Hyper_ExactPhrase_2026,Refrigerator Service,Responsive search ad,hyper12000_trust,Sub-Zero Refrigerator Care,1,Sub Zero Refrigerator Service,,Independent Repair Experts,,Fast Bay Area Response,,No Work Without Approval,,Independent Service Team,,Insured Local Technicians,,180-Day Parts Warranty,,180-Day Labor Warranty,,$99 Fee Credited,,Clear On-Site Diagnosis,,Sub-Zero Service Experts,,Book Your Service Window,,Repair Focused Results,,Get Priority Scheduling,,Independent Sub-Zero repair service. Not affiliated with any manufacturer.,,Insured technicians and 180-day warranty on labor and installed parts.,,Clear diagnosis first. You approve all work before any repair starts.,,"Professional communication, clean service, and reliable follow-through.",,refrigerator,service,https://appliance-pros.netlify.app/subzero/,,,,,Enabled,Enabled,Enabled,,,Hyper-segmented RSA variant
SZ_Search_BayArea_Hyper_ExactPhrase_2026,Refrigerator Service,Responsive search ad,hyper12000_conversion,Sub-Zero Refrigerator Care,1,Sub Zero Refrigerator Service,,Focused on Real Repairs,,Fast Bay Area Response,,No Work Without Approval,,Independent Service Team,,Insured Local Technicians,,180-Day Parts Warranty,,180-Day Labor Warranty,,$99 Fee Credited,,Clear On-Site Diagnosis,,Sub-Zero Service Experts,,Book Your Service Window,,Repair Focused Results,,Get Priority Scheduling,,Book quickly online or by phone. We confirm your window fast.,,$99 diagnostic is credited when you proceed with approved repair work.,,"We focus on cooling, freezing, leak, ice, and control system failures.",,"Short, clear process designed for fast, qualified service leads.",,refrigerator,service,https://appliance-pros.netlify.app/subzero/,,,,,Enabled,Enabled,Enabled,,,Hyper-segmented RSA variant
SZ_Search_BayArea_Hyper_ExactPhrase_2026,Refrigerator Near Me,Responsive search ad,hyper12000_urgency,Sub-Zero Repair Near Me,1,Sub Zero Refrigerator Near Me,,"Call Now, Book in Minutes",,Fast Bay Area Response,,No Work Without Approval,,Independent Service Team,,Insured Local Technicians,,180-Day Parts Warranty,,180-Day Labor Warranty,,$99 Fee Credited,,Clear On-Site Diagnosis,,Sub-Zero Service Experts,,Book Your Service Window,,Repair Focused Results,,Get Priority Scheduling,,Same-day or next-day slots. Fast SMS confirmation for your service window.,,$99 service call is credited toward repair when you approve the work.,,"Independent, insured team. 180-day warranty on labor and installed parts.",,Book now for clear diagnosis and high-value Sub-Zero repair in Bay Area.,,refrigerator,near-me,https://appliance-pros.netlify.app/subzero/,,,,,Enabled,Enabled,Enabled,,,Hyper-segmented RSA variant
SZ_Search_BayArea_Hyper_ExactPhrase_2026,Refrigerator Near Me,Responsive search ad,hyper12000_trust,Sub-Zero Repair Near Me,1,Sub Zero Refrigerator Near Me,,Independent Repair Experts,,Fast Bay Area Response,,No Work Without Approval,,Independent Service Team,,Insured Local Technicians,,180-Day Parts Warranty,,180-Day Labor Warranty,,$99 Fee Credited,,Clear On-Site Diagnosis,,Sub-Zero Service Experts,,Book Your Service Window,,Repair Focused Results,,Get Priority Scheduling,,Independent Sub-Zero repair service. Not affiliated with any manufacturer.,,Insured technicians and 180-day warranty on labor and installed parts.,,Clear diagnosis first. You approve all work before any repair starts.,,"Professional communication, clean service, and reliable follow-through.",,refrigerator,near-me,https://appliance-pros.netlify.app/subzero/,,,,,Enabled,Enabled,Enabled,,,Hyper-segmented RSA variant
SZ_Search_BayArea_Hyper_ExactPhrase_2026,Refrigerator Near Me,Responsive search ad,hyper12000_conversion,Sub-Zero Repair Near Me,1,Sub Zero Refrigerator Near Me,,Focused on Real Repairs,,Fast Bay Area Response,,No Work Without Approval,,Independent Service Team,,Insured Local Technicians,,180-Day Parts Warranty,,180-Day Labor Warranty,,$99 Fee Credited,,Clear On-Site Diagnosis,,Sub-Zero Service Experts,,Book Your Service Window,,Repair Focused Results,,Get Priority Scheduling,,Book quickly online or by phone. We confirm your window fast.,,$99 diagnostic is credited when you proceed with approved repair work.,,"We focus on cooling, freezing, leak, ice, and control system failures.",,"Short, clear process designed for fast, qualified service leads.",,refrigerator,near-me,https://appliance-pros.netlify.app/subzero/,,,,,Enabled,Enabled,Enabled,,,Hyper-segmented RSA variant
SZ_Search_BayArea_Hyper_ExactPhrase_2026,Refrigerator Same Day,Responsive search ad,hyper12000_urgency,Same-Day Sub-Zero Repair,1,Sub Zero Refrigerator Same Day,,"Call Now, Book in Minutes",,Fast Bay Area Response,,No Work Without Approval,,Independent Service Team,,Insured Local Technicians,,180-Day Parts Warranty,,180-Day Labor Warranty,,$99 Fee Credited,,Clear On-Site Diagnosis,,Sub-Zero Service Experts,,Book Your Service Window,,Repair Focused Results,,Get Priority Scheduling,,Same-day or next-day slots. Fast SMS confirmation for your service window.,,$99 service call is credited toward repair when you approve the work.,,"Independent, insured team. 180-day warranty on labor and installed parts.",,Book now for clear diagnosis and high-value Sub-Zero repair in Bay Area.,,refrigerator,same-day,https://appliance-pros.netlify.app/subzero/,,,,,Enabled,Enabled,Enabled,,,Hyper-segmented RSA variant
SZ_Search_BayArea_Hyper_ExactPhrase_2026,Refrigerator Same Day,Responsive search ad,hyper12000_trust,Same-Day Sub-Zero Repair,1,Sub Zero Refrigerator Same Day,,Independent Repair Experts,,Fast Bay Area Response,,No Work Without Approval,,Independent Service Team,,Insured Local Technicians,,180-Day Parts Warranty,,180-Day Labor Warranty,,$99 Fee Credited,,Clear On-Site Diagnosis,,Sub-Zero Service Experts,,Book Your Service Window,,Repair Focused Results,,Get Priority Scheduling,,Independent Sub-Zero repair service. Not affiliated with any manufacturer.,,Insured technicians and 180-day warranty on labor and installed parts.,,Clear diagnosis first. You approve all work before any repair starts.,,"Professional communication, clean service, and reliable follow-through.",,refrigerator,same-day,https://appliance-pros.netlify.app/subzero/,,,,,Enabled,Enabled,Enabled,,,Hyper-segmented RSA variant
SZ_Search_BayArea_Hyper_ExactPhrase_2026,Refrigerator Same Day,Responsive search ad,hyper12000_conversion,Same-Day Sub-Zero Repair,1,Sub Zero Refrigerator Same Day,,Focused on Real Repairs,,Fast Bay Area Response,,No Work Without Approval,,Independent Service Team,,Insured Local Technicians,,180-Day Parts Warranty,,180-Day Labor Warranty,,$99 Fee Credited,,Clear On-Site Diagnosis,,Sub-Zero Service Experts,,Book Your Service Window,,Repair Focused Results,,Get Priority Scheduling,,Book quickly online or by phone. We confirm your window fast.,,$99 diagnostic is credited when you proceed with approved repair work.,,"We focus on cooling, freezing, leak, ice, and control system failures.",,"Short, clear process designed for fast, qualified service leads.",,refrigerator,same-day,https://appliance-pros.netlify.app/subzero/,,,,,Enabled,Enabled,Enabled,,,Hyper-segmented RSA variant
SZ_Search_BayArea_Hyper_ExactPhrase_2026,Refrigerator Technician,Responsive search ad,hyper12000_urgency,Sub-Zero Technician,1,Sub Zero Refrigerator,,"Call Now, Book in Minutes",,Fast Bay Area Response,,No Work Without Approval,,Independent Service Team,,Insured Local Technicians,,180-Day Parts Warranty,,180-Day Labor Warranty,,$99 Fee Credited,,Clear On-Site Diagnosis,,Sub-Zero Service Experts,,Book Your Service Window,,Repair Focused Results,,Get Priority Scheduling,,Same-day or next-day slots. Fast SMS confirmation for your service window.,,$99 service call is credited toward repair when you approve the work.,,"Independent, insured team. 180-day warranty on labor and installed parts.",,Book now for clear diagnosis and high-value Sub-Zero repair in Bay Area.,,refrigerator,technician,https://appliance-pros.netlify.app/subzero/,,,,,Enabled,Enabled,Enabled,,,Hyper-segmented RSA variant
SZ_Search_BayArea_Hyper_ExactPhrase_2026,Refrigerator Technician,Responsive search ad,hyper12000_trust,Sub-Zero Technician,1,Sub Zero Refrigerator,,Independent Repair Experts,,Fast Bay Area Response,,No Work Without Approval,,Independent Service Team,,Insured Local Technicians,,180-Day Parts Warranty,,180-Day Labor Warranty,,$99 Fee Credited,,Clear On-Site Diagnosis,,Sub-Zero Service Experts,,Book Your Service Window,,Repair Focused Results,,Get Priority Scheduling,,Independent Sub-Zero repair service. Not affiliated with any manufacturer.,,Insured technicians and 180-day warranty on labor and installed parts.,,Clear diagnosis first. You approve all work before any repair starts.,,"Professional communication, clean service, and reliable follow-through.",,refrigerator,technician,https://appliance-pros.netlify.app/subzero/,,,,,Enabled,Enabled,Enabled,,,Hyper-segmented RSA variant
SZ_Search_BayArea_Hyper_ExactPhrase_2026,Refrigerator Technician,Responsive search ad,hyper12000_conversion,Sub-Zero Technician,1,Sub Zero Refrigerator,,Focused on Real Repairs,,Fast Bay Area Response,,No Work Without Approval,,Independent Service Team,,Insured Local Technicians,,180-Day Parts Warranty,,180-Day Labor Warranty,,$99 Fee Credited,,Clear On-Site Diagnosis,,Sub-Zero Service Experts,,Book Your Service Window,,Repair Focused Results,,Get Priority Scheduling,,Book quickly online or by phone. We confirm your window fast.,,$99 diagnostic is credited when you proceed with approved repair work.,,"We focus on cooling, freezing, leak, ice, and control system failures.",,"Short, clear process designed for fast, qualified service leads.",,refrigerator,technician,https://appliance-pros.netlify.app/subzero/,,,,,Enabled,Enabled,Enabled,,,Hyper-segmented RSA variant
SZ_Search_BayArea_Hyper_ExactPhrase_2026,Refrigerator Not Cooling,Responsive search ad,hyper12000_urgency,Sub-Zero Not Cooling,1,Sub Zero Refrigerator Not,,"Call Now, Book in Minutes",,Fast Bay Area Response,,No Work Without Approval,,Independent Service Team,,Insured Local Technicians,,180-Day Parts Warranty,,180-Day Labor Warranty,,$99 Fee Credited,,Clear On-Site Diagnosis,,Sub-Zero Service Experts,,Book Your Service Window,,Repair Focused Results,,Get Priority Scheduling,,Same-day or next-day slots. Fast SMS confirmation for your service window.,,$99 service call is credited toward repair when you approve the work.,,"Independent, insured team. 180-day warranty on labor and installed parts.",,Book now for clear diagnosis and high-value Sub-Zero repair in Bay Area.,,refrigerator,not-cooling,https://appliance-pros.netlify.app/subzero/,,,,,Enabled,Enabled,Enabled,,,Hyper-segmented RSA variant
SZ_Search_BayArea_Hyper_ExactPhrase_2026,Refrigerator Not Cooling,Responsive search ad,hyper12000_trust,Sub-Zero Not Cooling,1,Sub Zero Refrigerator Not,,Independent Repair Experts,,Fast Bay Area Response,,No Work Without Approval,,Independent Service Team,,Insured Local Technicians,,180-Day Parts Warranty,,180-Day Labor Warranty,,$99 Fee Credited,,Clear On-Site Diagnosis,,Sub-Zero Service Experts,,Book Your Service Window,,Repair Focused Results,,Get Priority Scheduling,,Independent Sub-Zero repair service. Not affiliated with any manufacturer.,,Insured technicians and 180-day warranty on labor and installed parts.,,Clear diagnosis first. You approve all work before any repair starts.,,"Professional communication, clean service, and reliable follow-through.",,refrigerator,not-cooling,https://appliance-pros.netlify.app/subzero/,,,,,Enabled,Enabled,Enabled,,,Hyper-segmented RSA variant
SZ_Search_BayArea_Hyper_ExactPhrase_2026,Refrigerator Not Cooling,Responsive search ad,hyper12000_conversion,Sub-Zero Not Cooling,1,Sub Zero Refrigerator Not,,Focused on Real Repairs,,Fast Bay Area Response,,No Work Without Approval,,Independent Service Team,,Insured Local Technicians,,180-Day Parts Warranty,,180-Day Labor Warranty,,$99 Fee Credited,,Clear On-Site Diagnosis,,Sub-Zero Service Experts,,Book Your Service Window,,Repair Focused Results,,Get Priority Scheduling,,Book quickly online or by phone. We confirm your window fast.,,$99 diagnostic is credited when you proceed with approved repair work.,,"We focus on cooling, freezing, leak, ice, and control system failures.",,"Short, clear process designed for fast, qualified service leads.",,refrigerator,not-cooling,https://appliance-pros.netlify.app/subzero/,,,,,Enabled,Enabled,Enabled,,,Hyper-segmented RSA variant
SZ_Search_BayArea_Hyper_ExactPhrase_2026,Refrigerator Not Freezing,Responsive search ad,hyper12000_urgency,Sub-Zero Not Freezing,1,Sub Zero Refrigerator Not,,"Call Now, Book in Minutes",,Fast Bay Area Response,,No Work Without Approval,,Independent Service Team,,Insured Local Technicians,,180-Day Parts Warranty,,180-Day Labor Warranty,,$99 Fee Credited,,Clear On-Site Diagnosis,,Sub-Zero Service Experts,,Book Your Service Window,,Repair Focused Results,,Get Priority Scheduling,,Same-day or next-day slots. Fast SMS confirmation for your service window.,,$99 service call is credited toward repair when you approve the work.,,"Independent, insured team. 180-day warranty on labor and installed parts.",,Book now for clear diagnosis and high-value Sub-Zero repair in Bay Area.,,refrigerator,not-freezing,https://appliance-pros.netlify.app/subzero/,,,,,Enabled,Enabled,Enabled,,,Hyper-segmented RSA variant
SZ_Search_BayArea_Hyper_ExactPhrase_2026,Refrigerator Not Freezing,Responsive search ad,hyper12000_trust,Sub-Zero Not Freezing,1,Sub Zero Refrigerator Not,,Independent Repair Experts,,Fast Bay Area Response,,No Work Without Approval,,Independent Service Team,,Insured Local Technicians,,180-Day Parts Warranty,,180-Day Labor Warranty,,$99 Fee Credited,,Clear On-Site Diagnosis,,Sub-Zero Service Experts,,Book Your Service Window,,Repair Focused Results,,Get Priority Scheduling,,Independent Sub-Zero repair service. Not affiliated with any manufacturer.,,Insured technicians and 180-day warranty on labor and installed parts.,,Clear diagnosis first. You approve all work before any repair starts.,,"Professional communication, clean service, and reliable follow-through.",,refrigerator,not-freezing,https://appliance-pros.netlify.app/subzero/,,,,,Enabled,Enabled,Enabled,,,Hyper-segmented RSA variant
SZ_Search_BayArea_Hyper_ExactPhrase_2026,Refrigerator Not Freezing,Responsive search ad,hyper12000_conversion,Sub-Zero Not Freezing,1,Sub Zero Refrigerator Not,,Focused on Real Repairs,,Fast Bay Area Response,,No Work Without Approval,,Independent Service Team,,Insured Local Technicians,,180-Day Parts Warranty,,180-Day Labor Warranty,,$99 Fee Credited,,Clear On-Site Diagnosis,,Sub-Zero Service Experts,,Book Your Service Window,,Repair Focused Results,,Get Priority Scheduling,,Book quickly online or by phone. We confirm your window fast.,,$99 diagnostic is credited when you proceed with approved repair work.,,"We focus on cooling, freezing, leak, ice, and control system failures.",,"Short, clear process designed for fast, qualified service leads.",,refrigerator,not-freezing,https://appliance-pros.netlify.app/subzero/,,,,,Enabled,Enabled,Enabled,,,Hyper-segmented RSA variant
SZ_Search_BayArea_Hyper_ExactPhrase_2026,Refrigerator Not Working,Responsive search ad,hyper12000_urgency,Sub-Zero Not Working,1,Sub Zero Refrigerator Not,,"Call Now, Book in Minutes",,Fast Bay Area Response,,No Work Without Approval,,Independent Service Team,,Insured Local Technicians,,180-Day Parts Warranty,,180-Day Labor Warranty,,$99 Fee Credited,,Clear On-Site Diagnosis,,Sub-Zero Service Experts,,Book Your Service Window,,Repair Focused Results,,Get Priority Scheduling,,Same-day or next-day slots. Fast SMS confirmation for your service window.,,$99 service call is credited toward repair when you approve the work.,,"Independent, insured team. 180-day warranty on labor and installed parts.",,Book now for clear diagnosis and high-value Sub-Zero repair in Bay Area.,,refrigerator,not-working,https://appliance-pros.netlify.app/subzero/,,,,,Enabled,Enabled,Enabled,,,Hyper-segmented RSA variant
SZ_Search_BayArea_Hyper_ExactPhrase_2026,Refrigerator Not Working,Responsive search ad,hyper12000_trust,Sub-Zero Not Working,1,Sub Zero Refrigerator Not,,Independent Repair Experts,,Fast Bay Area Response,,No Work Without Approval,,Independent Service Team,,Insured Local Technicians,,180-Day Parts Warranty,,180-Day Labor Warranty,,$99 Fee Credited,,Clear On-Site Diagnosis,,Sub-Zero Service Experts,,Book Your Service Window,,Repair Focused Results,,Get Priority Scheduling,,Independent Sub-Zero repair service. Not affiliated with any manufacturer.,,Insured technicians and 180-day warranty on labor and installed parts.,,Clear diagnosis first. You approve all work before any repair starts.,,"Professional communication, clean service, and reliable follow-through.",,refrigerator,not-working,https://appliance-pros.netlify.app/subzero/,,,,,Enabled,Enabled,Enabled,,,Hyper-segmented RSA variant
SZ_Search_BayArea_Hyper_ExactPhrase_2026,Refrigerator Not Working,Responsive search ad,hyper12000_conversion,Sub-Zero Not Working,1,Sub Zero Refrigerator Not,,Focused on Real Repairs,,Fast Bay Area Response,,No Work Without Approval,,Independent Service Team,,Insured Local Technicians,,180-Day Parts Warranty,,180-Day Labor Warranty,,$99 Fee Credited,,Clear On-Site Diagnosis,,Sub-Zero Service Experts,,Book Your Service Window,,Repair Focused Results,,Get Priority Scheduling,,Book quickly online or by phone. We confirm your window fast.,,$99 diagnostic is credited when you proceed with approved repair work.,,"We focus on cooling, freezing, leak, ice, and control system failures.",,"Short, clear process designed for fast, qualified service leads.",,refrigerator,not-working,https://appliance-pros.netlify.app/subzero/,,,,,Enabled,Enabled,Enabled,,,Hyper-segmented RSA variant
SZ_Search_BayArea_Hyper_ExactPhrase_2026,Refrigerator Leaking,Responsive search ad,hyper12000_urgency,Sub-Zero Leak Repair,1,Sub Zero Refrigerator Leaking,,"Call Now, Book in Minutes",,Fast Bay Area Response,,No Work Without Approval,,Independent Service Team,,Insured Local Technicians,,180-Day Parts Warranty,,180-Day Labor Warranty,,$99 Fee Credited,,Clear On-Site Diagnosis,,Sub-Zero Service Experts,,Book Your Service Window,,Repair Focused Results,,Get Priority Scheduling,,Same-day or next-day slots. Fast SMS confirmation for your service window.,,$99 service call is credited toward repair when you approve the work.,,"Independent, insured team. 180-day warranty on labor and installed parts.",,Book now for clear diagnosis and high-value Sub-Zero repair in Bay Area.,,refrigerator,leaking,https://appliance-pros.netlify.app/subzero/,,,,,Enabled,Enabled,Enabled,,,Hyper-segmented RSA variant
SZ_Search_BayArea_Hyper_ExactPhrase_2026,Refrigerator Leaking,Responsive search ad,hyper12000_trust,Sub-Zero Leak Repair,1,Sub Zero Refrigerator Leaking,,Independent Repair Experts,,Fast Bay Area Response,,No Work Without Approval,,Independent Service Team,,Insured Local Technicians,,180-Day Parts Warranty,,180-Day Labor Warranty,,$99 Fee Credited,,Clear On-Site Diagnosis,,Sub-Zero Service Experts,,Book Your Service Window,,Repair Focused Results,,Get Priority Scheduling,,Independent Sub-Zero repair service. Not affiliated with any manufacturer.,,Insured technicians and 180-day warranty on labor and installed parts.,,Clear diagnosis first. You approve all work before any repair starts.,,"Professional communication, clean service, and reliable follow-through.",,refrigerator,leaking,https://appliance-pros.netlify.app/subzero/,,,,,Enabled,Enabled,Enabled,,,Hyper-segmented RSA variant
SZ_Search_BayArea_Hyper_ExactPhrase_2026,Refrigerator Leaking,Responsive search ad,hyper12000_conversion,Sub-Zero Leak Repair,1,Sub Zero Refrigerator Leaking,,Focused on Real Repairs,,Fast Bay Area Response,,No Work Without Approval,,Independent Service Team,,Insured Local Technicians,,180-Day Parts Warranty,,180-Day Labor Warranty,,$99 Fee Credited,,Clear On-Site Diagnosis,,Sub-Zero Service Experts,,Book Your Service Window,,Repair Focused Results,,Get Priority Scheduling,,Book quickly online or by phone. We confirm your window fast.,,$99 diagnostic is credited when you proceed with approved repair work.,,"We focus on cooling, freezing, leak, ice, and control system failures.",,"Short, clear process designed for fast, qualified service leads.",,refrigerator,leaking,https://appliance-pros.netlify.app/subzero/,,,,,Enabled,Enabled,Enabled,,,Hyper-segmented RSA variant
SZ_Search_BayArea_Hyper_ExactPhrase_2026,Refrigerator Warm,Responsive search ad,hyper12000_urgency,Sub-Zero Running Warm,1,Sub Zero Refrigerator Warm,,"Call Now, Book in Minutes",,Fast Bay Area Response,,No Work Without Approval,,Independent Service Team,,Insured Local Technicians,,180-Day Parts Warranty,,180-Day Labor Warranty,,$99 Fee Credited,,Clear On-Site Diagnosis,,Sub-Zero Service Experts,,Book Your Service Window,,Repair Focused Results,,Get Priority Scheduling,,Same-day or next-day slots. Fast SMS confirmation for your service window.,,$99 service call is credited toward repair when you approve the work.,,"Independent, insured team. 180-day warranty on labor and installed parts.",,Book now for clear diagnosis and high-value Sub-Zero repair in Bay Area.,,refrigerator,warm,https://appliance-pros.netlify.app/subzero/,,,,,Enabled,Enabled,Enabled,,,Hyper-segmented RSA variant
SZ_Search_BayArea_Hyper_ExactPhrase_2026,Refrigerator Warm,Responsive search ad,hyper12000_trust,Sub-Zero Running Warm,1,Sub Zero Refrigerator Warm,,Independent Repair Experts,,Fast Bay Area Response,,No Work Without Approval,,Independent Service Team,,Insured Local Technicians,,180-Day Parts Warranty,,180-Day Labor Warranty,,$99 Fee Credited,,Clear On-Site Diagnosis,,Sub-Zero Service Experts,,Book Your Service Window,,Repair Focused Results,,Get Priority Scheduling,,Independent Sub-Zero repair service. Not affiliated with any manufacturer.,,Insured technicians and 180-day warranty on labor and installed parts.,,Clear diagnosis first. You approve all work before any repair starts.,,"Professional communication, clean service, and reliable follow-through.",,refrigerator,warm,https://appliance-pros.netlify.app/subzero/,,,,,Enabled,Enabled,Enabled,,,Hyper-segmented RSA variant
SZ_Search_BayArea_Hyper_ExactPhrase_2026,Refrigerator Warm,Responsive search ad,hyper12000_conversion,Sub-Zero Running Warm,1,Sub Zero Refrigerator Warm,,Focused on Real Repairs,,Fast Bay Area Response,,No Work Without Approval,,Independent Service Team,,Insured Local Technicians,,180-Day Parts Warranty,,180-Day Labor Warranty,,$99 Fee Credited,,Clear On-Site Diagnosis,,Sub-Zero Service Experts,,Book Your Service Window,,Repair Focused Results,,Get Priority Scheduling,,Book quickly online or by phone. We confirm your window fast.,,$99 diagnostic is credited when you proceed with approved repair work.,,"We focus on cooling, freezing, leak, ice, and control system failures.",,"Short, clear process designed for fast, qualified service leads.",,refrigerator,warm,https://appliance-pros.netlify.app/subzero/,,,,,Enabled,Enabled,Enabled,,,Hyper-segmented RSA variant
SZ_Search_BayArea_Hyper_ExactPhrase_2026,Refrigerator Error Code,Responsive search ad,hyper12000_urgency,Sub-Zero Error Code Help,1,Sub Zero Refrigerator Error,,"Call Now, Book in Minutes",,Fast Bay Area Response,,No Work Without Approval,,Independent Service Team,,Insured Local Technicians,,180-Day Parts Warranty,,180-Day Labor Warranty,,$99 Fee Credited,,Clear On-Site Diagnosis,,Sub-Zero Service Experts,,Book Your Service Window,,Repair Focused Results,,Get Priority Scheduling,,Same-day or next-day slots. Fast SMS confirmation for your service window.,,$99 service call is credited toward repair when you approve the work.,,"Independent, insured team. 180-day warranty on labor and installed parts.",,Book now for clear diagnosis and high-value Sub-Zero repair in Bay Area.,,refrigerator,error-code,https://appliance-pros.netlify.app/subzero/,,,,,Enabled,Enabled,Enabled,,,Hyper-segmented RSA variant
SZ_Search_BayArea_Hyper_ExactPhrase_2026,Refrigerator Error Code,Responsive search ad,hyper12000_trust,Sub-Zero Error Code Help,1,Sub Zero Refrigerator Error,,Independent Repair Experts,,Fast Bay Area Response,,No Work Without Approval,,Independent Service Team,,Insured Local Technicians,,180-Day Parts Warranty,,180-Day Labor Warranty,,$99 Fee Credited,,Clear On-Site Diagnosis,,Sub-Zero Service Experts,,Book Your Service Window,,Repair Focused Results,,Get Priority Scheduling,,Independent Sub-Zero repair service. Not affiliated with any manufacturer.,,Insured technicians and 180-day warranty on labor and installed parts.,,Clear diagnosis first. You approve all work before any repair starts.,,"Professional communication, clean service, and reliable follow-through.",,refrigerator,error-code,https://appliance-pros.netlify.app/subzero/,,,,,Enabled,Enabled,Enabled,,,Hyper-segmented RSA variant
SZ_Search_BayArea_Hyper_ExactPhrase_2026,Refrigerator Error Code,Responsive search ad,hyper12000_conversion,Sub-Zero Error Code Help,1,Sub Zero Refrigerator Error,,Focused on Real Repairs,,Fast Bay Area Response,,No Work Without Approval,,Independent Service Team,,Insured Local Technicians,,180-Day Parts Warranty,,180-Day Labor Warranty,,$99 Fee Credited,,Clear On-Site Diagnosis,,Sub-Zero Service Experts,,Book Your Service Window,,Repair Focused Results,,Get Priority Scheduling,,Book quickly online or by phone. We confirm your window fast.,,$99 diagnostic is credited when you proceed with approved repair work.,,"We focus on cooling, freezing, leak, ice, and control system failures.",,"Short, clear process designed for fast, qualified service leads.",,refrigerator,error-code,https://appliance-pros.netlify.app/subzero/,,,,,Enabled,Enabled,Enabled,,,Hyper-segmented RSA variant
SZ_Search_BayArea_Hyper_ExactPhrase_2026,Core Brand Repair,Responsive search ad,hyper12000_urgency,Sub-Zero Repair Service,1,Sub Zero Repair Repair,,"Call Now, Book in Minutes",,Fast Bay Area Response,,No Work Without Approval,,Independent Service Team,,Insured Local Technicians,,180-Day Parts Warranty,,180-Day Labor Warranty,,$99 Fee Credited,,Clear On-Site Diagnosis,,Sub-Zero Service Experts,,Book Your Service Window,,Repair Focused Results,,Get Priority Scheduling,,Same-day or next-day slots. Fast SMS confirmation for your service window.,,$99 service call is credited toward repair when you approve the work.,,"Independent, insured team. 180-day warranty on labor and installed parts.",,Book now for clear diagnosis and high-value Sub-Zero repair in Bay Area.,,sub-zero,repair,https://appliance-pros.netlify.app/subzero/,,,,,Enabled,Enabled,Enabled,,,Hyper-segmented RSA variant
SZ_Search_BayArea_Hyper_ExactPhrase_2026,Core Brand Repair,Responsive search ad,hyper12000_trust,Sub-Zero Repair Service,1,Sub Zero Repair Repair,,Independent Repair Experts,,Fast Bay Area Response,,No Work Without Approval,,Independent Service Team,,Insured Local Technicians,,180-Day Parts Warranty,,180-Day Labor Warranty,,$99 Fee Credited,,Clear On-Site Diagnosis,,Sub-Zero Service Experts,,Book Your Service Window,,Repair Focused Results,,Get Priority Scheduling,,Independent Sub-Zero repair service. Not affiliated with any manufacturer.,,Insured technicians and 180-day warranty on labor and installed parts.,,Clear diagnosis first. You approve all work before any repair starts.,,"Professional communication, clean service, and reliable follow-through.",,sub-zero,repair,https://appliance-pros.netlify.app/subzero/,,,,,Enabled,Enabled,Enabled,,,Hyper-segmented RSA variant
SZ_Search_BayArea_Hyper_ExactPhrase_2026,Core Brand Repair,Responsive search ad,hyper12000_conversion,Sub-Zero Repair Service,1,Sub Zero Repair Repair,,Focused on Real Repairs,,Fast Bay Area Response,,No Work Without Approval,,Independent Service Team,,Insured Local Technicians,,180-Day Parts Warranty,,180-Day Labor Warranty,,$99 Fee Credited,,Clear On-Site Diagnosis,,Sub-Zero Service Experts,,Book Your Service Window,,Repair Focused Results,,Get Priority Scheduling,,Book quickly online or by phone. We confirm your window fast.,,$99 diagnostic is credited when you proceed with approved repair work.,,"We focus on cooling, freezing, leak, ice, and control system failures.",,"Short, clear process designed for fast, qualified service leads.",,sub-zero,repair,https://appliance-pros.netlify.app/subzero/,,,,,Enabled,Enabled,Enabled,,,Hyper-segmented RSA variant
SZ_Search_BayArea_Hyper_ExactPhrase_2026,Core Brand Service,Responsive search ad,hyper12000_urgency,Sub-Zero Service Experts,1,Sub Zero Repair Service,,"Call Now, Book in Minutes",,Fast Bay Area Response,,No Work Without Approval,,Independent Service Team,,Insured Local Technicians,,180-Day Parts Warranty,,180-Day Labor Warranty,,$99 Fee Credited,,Clear On-Site Diagnosis,,Sub-Zero Service Experts,,Book Your Service Window,,Repair Focused Results,,Get Priority Scheduling,,Same-day or next-day slots. Fast SMS confirmation for your service window.,,$99 service call is credited toward repair when you approve the work.,,"Independent, insured team. 180-day warranty on labor and installed parts.",,Book now for clear diagnosis and high-value Sub-Zero repair in Bay Area.,,sub-zero,service,https://appliance-pros.netlify.app/subzero/,,,,,Enabled,Enabled,Enabled,,,Hyper-segmented RSA variant
SZ_Search_BayArea_Hyper_ExactPhrase_2026,Core Brand Service,Responsive search ad,hyper12000_trust,Sub-Zero Service Experts,1,Sub Zero Repair Service,,Independent Repair Experts,,Fast Bay Area Response,,No Work Without Approval,,Independent Service Team,,Insured Local Technicians,,180-Day Parts Warranty,,180-Day Labor Warranty,,$99 Fee Credited,,Clear On-Site Diagnosis,,Sub-Zero Service Experts,,Book Your Service Window,,Repair Focused Results,,Get Priority Scheduling,,Independent Sub-Zero repair service. Not affiliated with any manufacturer.,,Insured technicians and 180-day warranty on labor and installed parts.,,Clear diagnosis first. You approve all work before any repair starts.,,"Professional communication, clean service, and reliable follow-through.",,sub-zero,service,https://appliance-pros.netlify.app/subzero/,,,,,Enabled,Enabled,Enabled,,,Hyper-segmented RSA variant
SZ_Search_BayArea_Hyper_ExactPhrase_2026,Core Brand Service,Responsive search ad,hyper12000_conversion,Sub-Zero Service Experts,1,Sub Zero Repair Service,,Focused on Real Repairs,,Fast Bay Area Response,,No Work Without Approval,,Independent Service Team,,Insured Local Technicians,,180-Day Parts Warranty,,180-Day Labor Warranty,,$99 Fee Credited,,Clear On-Site Diagnosis,,Sub-Zero Service Experts,,Book Your Service Window,,Repair Focused Results,,Get Priority Scheduling,,Book quickly online or by phone. We confirm your window fast.,,$99 diagnostic is credited when you proceed with approved repair work.,,"We focus on cooling, freezing, leak, ice, and control system failures.",,"Short, clear process designed for fast, qualified service leads.",,sub-zero,service,https://appliance-pros.netlify.app/subzero/,,,,,Enabled,Enabled,Enabled,,,Hyper-segmented RSA variant
SZ_Search_BayArea_Hyper_ExactPhrase_2026,Core Near Me,Responsive search ad,hyper12000_urgency,Sub-Zero Repair Near Me,1,Sub Zero Repair Near Me,,"Call Now, Book in Minutes",,Fast Bay Area Response,,No Work Without Approval,,Independent Service Team,,Insured Local Technicians,,180-Day Parts Warranty,,180-Day Labor Warranty,,$99 Fee Credited,,Clear On-Site Diagnosis,,Sub-Zero Service Experts,,Book Your Service Window,,Repair Focused Results,,Get Priority Scheduling,,Same-day or next-day slots. Fast SMS confirmation for your service window.,,$99 service call is credited toward repair when you approve the work.,,"Independent, insured team. 180-day warranty on labor and installed parts.",,Book now for clear diagnosis and high-value Sub-Zero repair in Bay Area.,,sub-zero,near-me,https://appliance-pros.netlify.app/subzero/,,,,,Enabled,Enabled,Enabled,,,Hyper-segmented RSA variant
SZ_Search_BayArea_Hyper_ExactPhrase_2026,Core Near Me,Responsive search ad,hyper12000_trust,Sub-Zero Repair Near Me,1,Sub Zero Repair Near Me,,Independent Repair Experts,,Fast Bay Area Response,,No Work Without Approval,,Independent Service Team,,Insured Local Technicians,,180-Day Parts Warranty,,180-Day Labor Warranty,,$99 Fee Credited,,Clear On-Site Diagnosis,,Sub-Zero Service Experts,,Book Your Service Window,,Repair Focused Results,,Get Priority Scheduling,,Independent Sub-Zero repair service. Not affiliated with any manufacturer.,,Insured technicians and 180-day warranty on labor and installed parts.,,Clear diagnosis first. You approve all work before any repair starts.,,"Professional communication, clean service, and reliable follow-through.",,sub-zero,near-me,https://appliance-pros.netlify.app/subzero/,,,,,Enabled,Enabled,Enabled,,,Hyper-segmented RSA variant
SZ_Search_BayArea_Hyper_ExactPhrase_2026,Core Near Me,Responsive search ad,hyper12000_conversion,Sub-Zero Repair Near Me,1,Sub Zero Repair Near Me,,Focused on Real Repairs,,Fast Bay Area Response,,No Work Without Approval,,Independent Service Team,,Insured Local Technicians,,180-Day Parts Warranty,,180-Day Labor Warranty,,$99 Fee Credited,,Clear On-Site Diagnosis,,Sub-Zero Service Experts,,Book Your Service Window,,Repair Focused Results,,Get Priority Scheduling,,Book quickly online or by phone. We confirm your window fast.,,$99 diagnostic is credited when you proceed with approved repair work.,,"We focus on cooling, freezing, leak, ice, and control system failures.",,"Short, clear process designed for fast, qualified service leads.",,sub-zero,near-me,https://appliance-pros.netlify.app/subzero/,,,,,Enabled,Enabled,Enabled,,,Hyper-segmented RSA variant
SZ_Search_BayArea_Hyper_ExactPhrase_2026,Core Same Day,Responsive search ad,hyper12000_urgency,Same-Day Sub-Zero Repair,1,Sub Zero Repair Same Day,,"Call Now, Book in Minutes",,Fast Bay Area Response,,No Work Without Approval,,Independent Service Team,,Insured Local Technicians,,180-Day Parts Warranty,,180-Day Labor Warranty,,$99 Fee Credited,,Clear On-Site Diagnosis,,Sub-Zero Service Experts,,Book Your Service Window,,Repair Focused Results,,Get Priority Scheduling,,Same-day or next-day slots. Fast SMS confirmation for your service window.,,$99 service call is credited toward repair when you approve the work.,,"Independent, insured team. 180-day warranty on labor and installed parts.",,Book now for clear diagnosis and high-value Sub-Zero repair in Bay Area.,,sub-zero,same-day,https://appliance-pros.netlify.app/subzero/,,,,,Enabled,Enabled,Enabled,,,Hyper-segmented RSA variant
SZ_Search_BayArea_Hyper_ExactPhrase_2026,Core Same Day,Responsive search ad,hyper12000_trust,Same-Day Sub-Zero Repair,1,Sub Zero Repair Same Day,,Independent Repair Experts,,Fast Bay Area Response,,No Work Without Approval,,Independent Service Team,,Insured Local Technicians,,180-Day Parts Warranty,,180-Day Labor Warranty,,$99 Fee Credited,,Clear On-Site Diagnosis,,Sub-Zero Service Experts,,Book Your Service Window,,Repair Focused Results,,Get Priority Scheduling,,Independent Sub-Zero repair service. Not affiliated with any manufacturer.,,Insured technicians and 180-day warranty on labor and installed parts.,,Clear diagnosis first. You approve all work before any repair starts.,,"Professional communication, clean service, and reliable follow-through.",,sub-zero,same-day,https://appliance-pros.netlify.app/subzero/,,,,,Enabled,Enabled,Enabled,,,Hyper-segmented RSA variant
SZ_Search_BayArea_Hyper_ExactPhrase_2026,Core Same Day,Responsive search ad,hyper12000_conversion,Same-Day Sub-Zero Repair,1,Sub Zero Repair Same Day,,Focused on Real Repairs,,Fast Bay Area Response,,No Work Without Approval,,Independent Service Team,,Insured Local Technicians,,180-Day Parts Warranty,,180-Day Labor Warranty,,$99 Fee Credited,,Clear On-Site Diagnosis,,Sub-Zero Service Experts,,Book Your Service Window,,Repair Focused Results,,Get Priority Scheduling,,Book quickly online or by phone. We confirm your window fast.,,$99 diagnostic is credited when you proceed with approved repair work.,,"We focus on cooling, freezing, leak, ice, and control system failures.",,"Short, clear process designed for fast, qualified service leads.",,sub-zero,same-day,https://appliance-pros.netlify.app/subzero/,,,,,Enabled,Enabled,Enabled,,,Hyper-segmented RSA variant
SZ_Search_BayArea_Hyper_ExactPhrase_2026,Core Emergency,Responsive search ad,hyper12000_urgency,Emergency Sub-Zero Repair,1,Sub Zero Repair Emergency,,"Call Now, Book in Minutes",,Fast Bay Area Response,,No Work Without Approval,,Independent Service Team,,Insured Local Technicians,,180-Day Parts Warranty,,180-Day Labor Warranty,,$99 Fee Credited,,Clear On-Site Diagnosis,,Sub-Zero Service Experts,,Book Your Service Window,,Repair Focused Results,,Get Priority Scheduling,,Same-day or next-day slots. Fast SMS confirmation for your service window.,,$99 service call is credited toward repair when you approve the work.,,"Independent, insured team. 180-day warranty on labor and installed parts.",,Book now for clear diagnosis and high-value Sub-Zero repair in Bay Area.,,sub-zero,emergency,https://appliance-pros.netlify.app/subzero/,,,,,Enabled,Enabled,Enabled,,,Hyper-segmented RSA variant
SZ_Search_BayArea_Hyper_ExactPhrase_2026,Core Emergency,Responsive search ad,hyper12000_trust,Emergency Sub-Zero Repair,1,Sub Zero Repair Emergency,,Independent Repair Experts,,Fast Bay Area Response,,No Work Without Approval,,Independent Service Team,,Insured Local Technicians,,180-Day Parts Warranty,,180-Day Labor Warranty,,$99 Fee Credited,,Clear On-Site Diagnosis,,Sub-Zero Service Experts,,Book Your Service Window,,Repair Focused Results,,Get Priority Scheduling,,Independent Sub-Zero repair service. Not affiliated with any manufacturer.,,Insured technicians and 180-day warranty on labor and installed parts.,,Clear diagnosis first. You approve all work before any repair starts.,,"Professional communication, clean service, and reliable follow-through.",,sub-zero,emergency,https://appliance-pros.netlify.app/subzero/,,,,,Enabled,Enabled,Enabled,,,Hyper-segmented RSA variant
SZ_Search_BayArea_Hyper_ExactPhrase_2026,Core Emergency,Responsive search ad,hyper12000_conversion,Emergency Sub-Zero Repair,1,Sub Zero Repair Emergency,,Focused on Real Repairs,,Fast Bay Area Response,,No Work Without Approval,,Independent Service Team,,Insured Local Technicians,,180-Day Parts Warranty,,180-Day Labor Warranty,,$99 Fee Credited,,Clear On-Site Diagnosis,,Sub-Zero Service Experts,,Book Your Service Window,,Repair Focused Results,,Get Priority Scheduling,,Book quickly online or by phone. We confirm your window fast.,,$99 diagnostic is credited when you proceed with approved repair work.,,"We focus on cooling, freezing, leak, ice, and control system failures.",,"Short, clear process designed for fast, qualified service leads.",,sub-zero,emergency,https://appliance-pros.netlify.app/subzero/,,,,,Enabled,Enabled,Enabled,,,Hyper-segmented RSA variant
SZ_Search_BayArea_Hyper_ExactPhrase_2026,Core Technician,Responsive search ad,hyper12000_urgency,Sub-Zero Technician,1,Sub Zero Repair Technician,,"Call Now, Book in Minutes",,Fast Bay Area Response,,No Work Without Approval,,Independent Service Team,,Insured Local Technicians,,180-Day Parts Warranty,,180-Day Labor Warranty,,$99 Fee Credited,,Clear On-Site Diagnosis,,Sub-Zero Service Experts,,Book Your Service Window,,Repair Focused Results,,Get Priority Scheduling,,Same-day or next-day slots. Fast SMS confirmation for your service window.,,$99 service call is credited toward repair when you approve the work.,,"Independent, insured team. 180-day warranty on labor and installed parts.",,Book now for clear diagnosis and high-value Sub-Zero repair in Bay Area.,,sub-zero,technician,https://appliance-pros.netlify.app/subzero/,,,,,Enabled,Enabled,Enabled,,,Hyper-segmented RSA variant
SZ_Search_BayArea_Hyper_ExactPhrase_2026,Core Technician,Responsive search ad,hyper12000_trust,Sub-Zero Technician,1,Sub Zero Repair Technician,,Independent Repair Experts,,Fast Bay Area Response,,No Work Without Approval,,Independent Service Team,,Insured Local Technicians,,180-Day Parts Warranty,,180-Day Labor Warranty,,$99 Fee Credited,,Clear On-Site Diagnosis,,Sub-Zero Service Experts,,Book Your Service Window,,Repair Focused Results,,Get Priority Scheduling,,Independent Sub-Zero repair service. Not affiliated with any manufacturer.,,Insured technicians and 180-day warranty on labor and installed parts.,,Clear diagnosis first. You approve all work before any repair starts.,,"Professional communication, clean service, and reliable follow-through.",,sub-zero,technician,https://appliance-pros.netlify.app/subzero/,,,,,Enabled,Enabled,Enabled,,,Hyper-segmented RSA variant
SZ_Search_BayArea_Hyper_ExactPhrase_2026,Core Technician,Responsive search ad,hyper12000_conversion,Sub-Zero Technician,1,Sub Zero Repair Technician,,Focused on Real Repairs,,Fast Bay Area Response,,No Work Without Approval,,Independent Service Team,,Insured Local Technicians,,180-Day Parts Warranty,,180-Day Labor Warranty,,$99 Fee Credited,,Clear On-Site Diagnosis,,Sub-Zero Service Experts,,Book Your Service Window,,Repair Focused Results,,Get Priority Scheduling,,Book quickly online or by phone. We confirm your window fast.,,$99 diagnostic is credited when you proceed with approved repair work.,,"We focus on cooling, freezing, leak, ice, and control system failures.",,"Short, clear process designed for fast, qualified service leads.",,sub-zero,technician,https://appliance-pros.netlify.app/subzero/,,,,,Enabled,Enabled,Enabled,,,Hyper-segmented RSA variant
SZ_Search_BayArea_Hyper_ExactPhrase_2026,Core Repairman,Responsive search ad,hyper12000_urgency,Sub-Zero Repairman,1,Sub Zero Repair Repairman,,"Call Now, Book in Minutes",,Fast Bay Area Response,,No Work Without Approval,,Independent Service Team,,Insured Local Technicians,,180-Day Parts Warranty,,180-Day Labor Warranty,,$99 Fee Credited,,Clear On-Site Diagnosis,,Sub-Zero Service Experts,,Book Your Service Window,,Repair Focused Results,,Get Priority Scheduling,,Same-day or next-day slots. Fast SMS confirmation for your service window.,,$99 service call is credited toward repair when you approve the work.,,"Independent, insured team. 180-day warranty on labor and installed parts.",,Book now for clear diagnosis and high-value Sub-Zero repair in Bay Area.,,sub-zero,repairman,https://appliance-pros.netlify.app/subzero/,,,,,Enabled,Enabled,Enabled,,,Hyper-segmented RSA variant
SZ_Search_BayArea_Hyper_ExactPhrase_2026,Core Repairman,Responsive search ad,hyper12000_trust,Sub-Zero Repairman,1,Sub Zero Repair Repairman,,Independent Repair Experts,,Fast Bay Area Response,,No Work Without Approval,,Independent Service Team,,Insured Local Technicians,,180-Day Parts Warranty,,180-Day Labor Warranty,,$99 Fee Credited,,Clear On-Site Diagnosis,,Sub-Zero Service Experts,,Book Your Service Window,,Repair Focused Results,,Get Priority Scheduling,,Independent Sub-Zero repair service. Not affiliated with any manufacturer.,,Insured technicians and 180-day warranty on labor and installed parts.,,Clear diagnosis first. You approve all work before any repair starts.,,"Professional communication, clean service, and reliable follow-through.",,sub-zero,repairman,https://appliance-pros.netlify.app/subzero/,,,,,Enabled,Enabled,Enabled,,,Hyper-segmented RSA variant
SZ_Search_BayArea_Hyper_ExactPhrase_2026,Core Repairman,Responsive search ad,hyper12000_conversion,Sub-Zero Repairman,1,Sub Zero Repair Repairman,,Focused on Real Repairs,,Fast Bay Area Response,,No Work Without Approval,,Independent Service Team,,Insured Local Technicians,,180-Day Parts Warranty,,180-Day Labor Warranty,,$99 Fee Credited,,Clear On-Site Diagnosis,,Sub-Zero Service Experts,,Book Your Service Window,,Repair Focused Results,,Get Priority Scheduling,,Book quickly online or by phone. We confirm your window fast.,,$99 diagnostic is credited when you proceed with approved repair work.,,"We focus on cooling, freezing, leak, ice, and control system failures.",,"Short, clear process designed for fast, qualified service leads.",,sub-zero,repairman,https://appliance-pros.netlify.app/subzero/,,,,,Enabled,Enabled,Enabled,,,Hyper-segmented RSA variant
SZ_Search_BayArea_Hyper_ExactPhrase_2026,Core Mechanic,Responsive search ad,hyper12000_urgency,Sub-Zero Mechanic,1,Sub Zero Repair Mechanic,,"Call Now, Book in Minutes",,Fast Bay Area Response,,No Work Without Approval,,Independent Service Team,,Insured Local Technicians,,180-Day Parts Warranty,,180-Day Labor Warranty,,$99 Fee Credited,,Clear On-Site Diagnosis,,Sub-Zero Service Experts,,Book Your Service Window,,Repair Focused Results,,Get Priority Scheduling,,Same-day or next-day slots. Fast SMS confirmation for your service window.,,$99 service call is credited toward repair when you approve the work.,,"Independent, insured team. 180-day warranty on labor and installed parts.",,Book now for clear diagnosis and high-value Sub-Zero repair in Bay Area.,,sub-zero,mechanic,https://appliance-pros.netlify.app/subzero/,,,,,Enabled,Enabled,Enabled,,,Hyper-segmented RSA variant
SZ_Search_BayArea_Hyper_ExactPhrase_2026,Core Mechanic,Responsive search ad,hyper12000_trust,Sub-Zero Mechanic,1,Sub Zero Repair Mechanic,,Independent Repair Experts,,Fast Bay Area Response,,No Work Without Approval,,Independent Service Team,,Insured Local Technicians,,180-Day Parts Warranty,,180-Day Labor Warranty,,$99 Fee Credited,,Clear On-Site Diagnosis,,Sub-Zero Service Experts,,Book Your Service Window,,Repair Focused Results,,Get Priority Scheduling,,Independent Sub-Zero repair service. Not affiliated with any manufacturer.,,Insured technicians and 180-day warranty on labor and installed parts.,,Clear diagnosis first. You approve all work before any repair starts.,,"Professional communication, clean service, and reliable follow-through.",,sub-zero,mechanic,https://appliance-pros.netlify.app/subzero/,,,,,Enabled,Enabled,Enabled,,,Hyper-segmented RSA variant
SZ_Search_BayArea_Hyper_ExactPhrase_2026,Core Mechanic,Responsive search ad,hyper12000_conversion,Sub-Zero Mechanic,1,Sub Zero Repair Mechanic,,Focused on Real Repairs,,Fast Bay Area Response,,No Work Without Approval,,Independent Service Team,,Insured Local Technicians,,180-Day Parts Warranty,,180-Day Labor Warranty,,$99 Fee Credited,,Clear On-Site Diagnosis,,Sub-Zero Service Experts,,Book Your Service Window,,Repair Focused Results,,Get Priority Scheduling,,Book quickly online or by phone. We confirm your window fast.,,$99 diagnostic is credited when you proceed with approved repair work.,,"We focus on cooling, freezing, leak, ice, and control system failures.",,"Short, clear process designed for fast, qualified service leads.",,sub-zero,mechanic,https://appliance-pros.netlify.app/subzero/,,,,,Enabled,Enabled,Enabled,,,Hyper-segmented RSA variant
SZ_Search_BayArea_Hyper_ExactPhrase_2026,Core Specialist,Responsive search ad,hyper12000_urgency,Sub-Zero Specialist,1,Sub Zero Repair Specialist,,"Call Now, Book in Minutes",,Fast Bay Area Response,,No Work Without Approval,,Independent Service Team,,Insured Local Technicians,,180-Day Parts Warranty,,180-Day Labor Warranty,,$99 Fee Credited,,Clear On-Site Diagnosis,,Sub-Zero Service Experts,,Book Your Service Window,,Repair Focused Results,,Get Priority Scheduling,,Same-day or next-day slots. Fast SMS confirmation for your service window.,,$99 service call is credited toward repair when you approve the work.,,"Independent, insured team. 180-day warranty on labor and installed parts.",,Book now for clear diagnosis and high-value Sub-Zero repair in Bay Area.,,sub-zero,specialist,https://appliance-pros.netlify.app/subzero/,,,,,Enabled,Enabled,Enabled,,,Hyper-segmented RSA variant
SZ_Search_BayArea_Hyper_ExactPhrase_2026,Core Specialist,Responsive search ad,hyper12000_trust,Sub-Zero Specialist,1,Sub Zero Repair Specialist,,Independent Repair Experts,,Fast Bay Area Response,,No Work Without Approval,,Independent Service Team,,Insured Local Technicians,,180-Day Parts Warranty,,180-Day Labor Warranty,,$99 Fee Credited,,Clear On-Site Diagnosis,,Sub-Zero Service Experts,,Book Your Service Window,,Repair Focused Results,,Get Priority Scheduling,,Independent Sub-Zero repair service. Not affiliated with any manufacturer.,,Insured technicians and 180-day warranty on labor and installed parts.,,Clear diagnosis first. You approve all work before any repair starts.,,"Professional communication, clean service, and reliable follow-through.",,sub-zero,specialist,https://appliance-pros.netlify.app/subzero/,,,,,Enabled,Enabled,Enabled,,,Hyper-segmented RSA variant
SZ_Search_BayArea_Hyper_ExactPhrase_2026,Core Specialist,Responsive search ad,hyper12000_conversion,Sub-Zero Specialist,1,Sub Zero Repair Specialist,,Focused on Real Repairs,,Fast Bay Area Response,,No Work Without Approval,,Independent Service Team,,Insured Local Technicians,,180-Day Parts Warranty,,180-Day Labor Warranty,,$99 Fee Credited,,Clear On-Site Diagnosis,,Sub-Zero Service Experts,,Book Your Service Window,,Repair Focused Results,,Get Priority Scheduling,,Book quickly online or by phone. We confirm your window fast.,,$99 diagnostic is credited when you proceed with approved repair work.,,"We focus on cooling, freezing, leak, ice, and control system failures.",,"Short, clear process designed for fast, qualified service leads.",,sub-zero,specialist,https://appliance-pros.netlify.app/subzero/,,,,,Enabled,Enabled,Enabled,,,Hyper-segmented RSA variant
SZ_Search_BayArea_Hyper_ExactPhrase_2026,Core Not Cooling,Responsive search ad,hyper12000_urgency,Sub-Zero Not Cooling,1,Sub Zero Repair Not Cooling,,"Call Now, Book in Minutes",,Fast Bay Area Response,,No Work Without Approval,,Independent Service Team,,Insured Local Technicians,,180-Day Parts Warranty,,180-Day Labor Warranty,,$99 Fee Credited,,Clear On-Site Diagnosis,,Sub-Zero Service Experts,,Book Your Service Window,,Repair Focused Results,,Get Priority Scheduling,,Same-day or next-day slots. Fast SMS confirmation for your service window.,,$99 service call is credited toward repair when you approve the work.,,"Independent, insured team. 180-day warranty on labor and installed parts.",,Book now for clear diagnosis and high-value Sub-Zero repair in Bay Area.,,sub-zero,not-cooling,https://appliance-pros.netlify.app/subzero/,,,,,Enabled,Enabled,Enabled,,,Hyper-segmented RSA variant
SZ_Search_BayArea_Hyper_ExactPhrase_2026,Core Not Cooling,Responsive search ad,hyper12000_trust,Sub-Zero Not Cooling,1,Sub Zero Repair Not Cooling,,Independent Repair Experts,,Fast Bay Area Response,,No Work Without Approval,,Independent Service Team,,Insured Local Technicians,,180-Day Parts Warranty,,180-Day Labor Warranty,,$99 Fee Credited,,Clear On-Site Diagnosis,,Sub-Zero Service Experts,,Book Your Service Window,,Repair Focused Results,,Get Priority Scheduling,,Independent Sub-Zero repair service. Not affiliated with any manufacturer.,,Insured technicians and 180-day warranty on labor and installed parts.,,Clear diagnosis first. You approve all work before any repair starts.,,"Professional communication, clean service, and reliable follow-through.",,sub-zero,not-cooling,https://appliance-pros.netlify.app/subzero/,,,,,Enabled,Enabled,Enabled,,,Hyper-segmented RSA variant
SZ_Search_BayArea_Hyper_ExactPhrase_2026,Core Not Cooling,Responsive search ad,hyper12000_conversion,Sub-Zero Not Cooling,1,Sub Zero Repair Not Cooling,,Focused on Real Repairs,,Fast Bay Area Response,,No Work Without Approval,,Independent Service Team,,Insured Local Technicians,,180-Day Parts Warranty,,180-Day Labor Warranty,,$99 Fee Credited,,Clear On-Site Diagnosis,,Sub-Zero Service Experts,,Book Your Service Window,,Repair Focused Results,,Get Priority Scheduling,,Book quickly online or by phone. We confirm your window fast.,,$99 diagnostic is credited when you proceed with approved repair work.,,"We focus on cooling, freezing, leak, ice, and control system failures.",,"Short, clear process designed for fast, qualified service leads.",,sub-zero,not-cooling,https://appliance-pros.netlify.app/subzero/,,,,,Enabled,Enabled,Enabled,,,Hyper-segmented RSA variant
SZ_Search_BayArea_Hyper_ExactPhrase_2026,Core Not Freezing,Responsive search ad,hyper12000_urgency,Sub-Zero Not Freezing,1,Sub Zero Repair Not Freezing,,"Call Now, Book in Minutes",,Fast Bay Area Response,,No Work Without Approval,,Independent Service Team,,Insured Local Technicians,,180-Day Parts Warranty,,180-Day Labor Warranty,,$99 Fee Credited,,Clear On-Site Diagnosis,,Sub-Zero Service Experts,,Book Your Service Window,,Repair Focused Results,,Get Priority Scheduling,,Same-day or next-day slots. Fast SMS confirmation for your service window.,,$99 service call is credited toward repair when you approve the work.,,"Independent, insured team. 180-day warranty on labor and installed parts.",,Book now for clear diagnosis and high-value Sub-Zero repair in Bay Area.,,sub-zero,not-freezing,https://appliance-pros.netlify.app/subzero/,,,,,Enabled,Enabled,Enabled,,,Hyper-segmented RSA variant
SZ_Search_BayArea_Hyper_ExactPhrase_2026,Core Not Freezing,Responsive search ad,hyper12000_trust,Sub-Zero Not Freezing,1,Sub Zero Repair Not Freezing,,Independent Repair Experts,,Fast Bay Area Response,,No Work Without Approval,,Independent Service Team,,Insured Local Technicians,,180-Day Parts Warranty,,180-Day Labor Warranty,,$99 Fee Credited,,Clear On-Site Diagnosis,,Sub-Zero Service Experts,,Book Your Service Window,,Repair Focused Results,,Get Priority Scheduling,,Independent Sub-Zero repair service. Not affiliated with any manufacturer.,,Insured technicians and 180-day warranty on labor and installed parts.,,Clear diagnosis first. You approve all work before any repair starts.,,"Professional communication, clean service, and reliable follow-through.",,sub-zero,not-freezing,https://appliance-pros.netlify.app/subzero/,,,,,Enabled,Enabled,Enabled,,,Hyper-segmented RSA variant
SZ_Search_BayArea_Hyper_ExactPhrase_2026,Core Not Freezing,Responsive search ad,hyper12000_conversion,Sub-Zero Not Freezing,1,Sub Zero Repair Not Freezing,,Focused on Real Repairs,,Fast Bay Area Response,,No Work Without Approval,,Independent Service Team,,Insured Local Technicians,,180-Day Parts Warranty,,180-Day Labor Warranty,,$99 Fee Credited,,Clear On-Site Diagnosis,,Sub-Zero Service Experts,,Book Your Service Window,,Repair Focused Results,,Get Priority Scheduling,,Book quickly online or by phone. We confirm your window fast.,,$99 diagnostic is credited when you proceed with approved repair work.,,"We focus on cooling, freezing, leak, ice, and control system failures.",,"Short, clear process designed for fast, qualified service leads.",,sub-zero,not-freezing,https://appliance-pros.netlify.app/subzero/,,,,,Enabled,Enabled,Enabled,,,Hyper-segmented RSA variant
SZ_Search_BayArea_Hyper_ExactPhrase_2026,Core Not Working,Responsive search ad,hyper12000_urgency,Sub-Zero Not Working,1,Sub Zero Repair Not Working,,"Call Now, Book in Minutes",,Fast Bay Area Response,,No Work Without Approval,,Independent Service Team,,Insured Local Technicians,,180-Day Parts Warranty,,180-Day Labor Warranty,,$99 Fee Credited,,Clear On-Site Diagnosis,,Sub-Zero Service Experts,,Book Your Service Window,,Repair Focused Results,,Get Priority Scheduling,,Same-day or next-day slots. Fast SMS confirmation for your service window.,,$99 service call is credited toward repair when you approve the work.,,"Independent, insured team. 180-day warranty on labor and installed parts.",,Book now for clear diagnosis and high-value Sub-Zero repair in Bay Area.,,sub-zero,not-working,https://appliance-pros.netlify.app/subzero/,,,,,Enabled,Enabled,Enabled,,,Hyper-segmented RSA variant
SZ_Search_BayArea_Hyper_ExactPhrase_2026,Core Not Working,Responsive search ad,hyper12000_trust,Sub-Zero Not Working,1,Sub Zero Repair Not Working,,Independent Repair Experts,,Fast Bay Area Response,,No Work Without Approval,,Independent Service Team,,Insured Local Technicians,,180-Day Parts Warranty,,180-Day Labor Warranty,,$99 Fee Credited,,Clear On-Site Diagnosis,,Sub-Zero Service Experts,,Book Your Service Window,,Repair Focused Results,,Get Priority Scheduling,,Independent Sub-Zero repair service. Not affiliated with any manufacturer.,,Insured technicians and 180-day warranty on labor and installed parts.,,Clear diagnosis first. You approve all work before any repair starts.,,"Professional communication, clean service, and reliable follow-through.",,sub-zero,not-working,https://appliance-pros.netlify.app/subzero/,,,,,Enabled,Enabled,Enabled,,,Hyper-segmented RSA variant
SZ_Search_BayArea_Hyper_ExactPhrase_2026,Core Not Working,Responsive search ad,hyper12000_conversion,Sub-Zero Not Working,1,Sub Zero Repair Not Working,,Focused on Real Repairs,,Fast Bay Area Response,,No Work Without Approval,,Independent Service Team,,Insured Local Technicians,,180-Day Parts Warranty,,180-Day Labor Warranty,,$99 Fee Credited,,Clear On-Site Diagnosis,,Sub-Zero Service Experts,,Book Your Service Window,,Repair Focused Results,,Get Priority Scheduling,,Book quickly online or by phone. We confirm your window fast.,,$99 diagnostic is credited when you proceed with approved repair work.,,"We focus on cooling, freezing, leak, ice, and control system failures.",,"Short, clear process designed for fast, qualified service leads.",,sub-zero,not-working,https://appliance-pros.netlify.app/subzero/,,,,,Enabled,Enabled,Enabled,,,Hyper-segmented RSA variant
SZ_Search_BayArea_Hyper_ExactPhrase_2026,Core Leaking,Responsive search ad,hyper12000_urgency,Sub-Zero Leak Repair,1,Sub Zero Repair Leaking,,"Call Now, Book in Minutes",,Fast Bay Area Response,,No Work Without Approval,,Independent Service Team,,Insured Local Technicians,,180-Day Parts Warranty,,180-Day Labor Warranty,,$99 Fee Credited,,Clear On-Site Diagnosis,,Sub-Zero Service Experts,,Book Your Service Window,,Repair Focused Results,,Get Priority Scheduling,,Same-day or next-day slots. Fast SMS confirmation for your service window.,,$99 service call is credited toward repair when you approve the work.,,"Independent, insured team. 180-day warranty on labor and installed parts.",,Book now for clear diagnosis and high-value Sub-Zero repair in Bay Area.,,sub-zero,leaking,https://appliance-pros.netlify.app/subzero/,,,,,Enabled,Enabled,Enabled,,,Hyper-segmented RSA variant
SZ_Search_BayArea_Hyper_ExactPhrase_2026,Core Leaking,Responsive search ad,hyper12000_trust,Sub-Zero Leak Repair,1,Sub Zero Repair Leaking,,Independent Repair Experts,,Fast Bay Area Response,,No Work Without Approval,,Independent Service Team,,Insured Local Technicians,,180-Day Parts Warranty,,180-Day Labor Warranty,,$99 Fee Credited,,Clear On-Site Diagnosis,,Sub-Zero Service Experts,,Book Your Service Window,,Repair Focused Results,,Get Priority Scheduling,,Independent Sub-Zero repair service. Not affiliated with any manufacturer.,,Insured technicians and 180-day warranty on labor and installed parts.,,Clear diagnosis first. You approve all work before any repair starts.,,"Professional communication, clean service, and reliable follow-through.",,sub-zero,leaking,https://appliance-pros.netlify.app/subzero/,,,,,Enabled,Enabled,Enabled,,,Hyper-segmented RSA variant
SZ_Search_BayArea_Hyper_ExactPhrase_2026,Core Leaking,Responsive search ad,hyper12000_conversion,Sub-Zero Leak Repair,1,Sub Zero Repair Leaking,,Focused on Real Repairs,,Fast Bay Area Response,,No Work Without Approval,,Independent Service Team,,Insured Local Technicians,,180-Day Parts Warranty,,180-Day Labor Warranty,,$99 Fee Credited,,Clear On-Site Diagnosis,,Sub-Zero Service Experts,,Book Your Service Window,,Repair Focused Results,,Get Priority Scheduling,,Book quickly online or by phone. We confirm your window fast.,,$99 diagnostic is credited when you proceed with approved repair work.,,"We focus on cooling, freezing, leak, ice, and control system failures.",,"Short, clear process designed for fast, qualified service leads.",,sub-zero,leaking,https://appliance-pros.netlify.app/subzero/,,,,,Enabled,Enabled,Enabled,,,Hyper-segmented RSA variant
SZ_Search_BayArea_Hyper_ExactPhrase_2026,Core Warm,Responsive search ad,hyper12000_urgency,Sub-Zero Running Warm,1,Sub Zero Repair Warm,,"Call Now, Book in Minutes",,Fast Bay Area Response,,No Work Without Approval,,Independent Service Team,,Insured Local Technicians,,180-Day Parts Warranty,,180-Day Labor Warranty,,$99 Fee Credited,,Clear On-Site Diagnosis,,Sub-Zero Service Experts,,Book Your Service Window,,Repair Focused Results,,Get Priority Scheduling,,Same-day or next-day slots. Fast SMS confirmation for your service window.,,$99 service call is credited toward repair when you approve the work.,,"Independent, insured team. 180-day warranty on labor and installed parts.",,Book now for clear diagnosis and high-value Sub-Zero repair in Bay Area.,,sub-zero,warm,https://appliance-pros.netlify.app/subzero/,,,,,Enabled,Enabled,Enabled,,,Hyper-segmented RSA variant
SZ_Search_BayArea_Hyper_ExactPhrase_2026,Core Warm,Responsive search ad,hyper12000_trust,Sub-Zero Running Warm,1,Sub Zero Repair Warm,,Independent Repair Experts,,Fast Bay Area Response,,No Work Without Approval,,Independent Service Team,,Insured Local Technicians,,180-Day Parts Warranty,,180-Day Labor Warranty,,$99 Fee Credited,,Clear On-Site Diagnosis,,Sub-Zero Service Experts,,Book Your Service Window,,Repair Focused Results,,Get Priority Scheduling,,Independent Sub-Zero repair service. Not affiliated with any manufacturer.,,Insured technicians and 180-day warranty on labor and installed parts.,,Clear diagnosis first. You approve all work before any repair starts.,,"Professional communication, clean service, and reliable follow-through.",,sub-zero,warm,https://appliance-pros.netlify.app/subzero/,,,,,Enabled,Enabled,Enabled,,,Hyper-segmented RSA variant
SZ_Search_BayArea_Hyper_ExactPhrase_2026,Core Warm,Responsive search ad,hyper12000_conversion,Sub-Zero Running Warm,1,Sub Zero Repair Warm,,Focused on Real Repairs,,Fast Bay Area Response,,No Work Without Approval,,Independent Service Team,,Insured Local Technicians,,180-Day Parts Warranty,,180-Day Labor Warranty,,$99 Fee Credited,,Clear On-Site Diagnosis,,Sub-Zero Service Experts,,Book Your Service Window,,Repair Focused Results,,Get Priority Scheduling,,Book quickly online or by phone. We confirm your window fast.,,$99 diagnostic is credited when you proceed with approved repair work.,,"We focus on cooling, freezing, leak, ice, and control system failures.",,"Short, clear process designed for fast, qualified service leads.",,sub-zero,warm,https://appliance-pros.netlify.app/subzero/,,,,,Enabled,Enabled,Enabled,,,Hyper-segmented RSA variant
SZ_Search_BayArea_Hyper_ExactPhrase_2026,Core Beeping Noise,Responsive search ad,hyper12000_urgency,Sub-Zero Noise Repair,1,Sub Zero Repair Noise Issue,,"Call Now, Book in Minutes",,Fast Bay Area Response,,No Work Without Approval,,Independent Service Team,,Insured Local Technicians,,180-Day Parts Warranty,,180-Day Labor Warranty,,$99 Fee Credited,,Clear On-Site Diagnosis,,Sub-Zero Service Experts,,Book Your Service Window,,Repair Focused Results,,Get Priority Scheduling,,Same-day or next-day slots. Fast SMS confirmation for your service window.,,$99 service call is credited toward repair when you approve the work.,,"Independent, insured team. 180-day warranty on labor and installed parts.",,Book now for clear diagnosis and high-value Sub-Zero repair in Bay Area.,,sub-zero,noise,https://appliance-pros.netlify.app/subzero/,,,,,Enabled,Enabled,Enabled,,,Hyper-segmented RSA variant
SZ_Search_BayArea_Hyper_ExactPhrase_2026,Core Beeping Noise,Responsive search ad,hyper12000_trust,Sub-Zero Noise Repair,1,Sub Zero Repair Noise Issue,,Independent Repair Experts,,Fast Bay Area Response,,No Work Without Approval,,Independent Service Team,,Insured Local Technicians,,180-Day Parts Warranty,,180-Day Labor Warranty,,$99 Fee Credited,,Clear On-Site Diagnosis,,Sub-Zero Service Experts,,Book Your Service Window,,Repair Focused Results,,Get Priority Scheduling,,Independent Sub-Zero repair service. Not affiliated with any manufacturer.,,Insured technicians and 180-day warranty on labor and installed parts.,,Clear diagnosis first. You approve all work before any repair starts.,,"Professional communication, clean service, and reliable follow-through.",,sub-zero,noise,https://appliance-pros.netlify.app/subzero/,,,,,Enabled,Enabled,Enabled,,,Hyper-segmented RSA variant
SZ_Search_BayArea_Hyper_ExactPhrase_2026,Core Beeping Noise,Responsive search ad,hyper12000_conversion,Sub-Zero Noise Repair,1,Sub Zero Repair Noise Issue,,Focused on Real Repairs,,Fast Bay Area Response,,No Work Without Approval,,Independent Service Team,,Insured Local Technicians,,180-Day Parts Warranty,,180-Day Labor Warranty,,$99 Fee Credited,,Clear On-Site Diagnosis,,Sub-Zero Service Experts,,Book Your Service Window,,Repair Focused Results,,Get Priority Scheduling,,Book quickly online or by phone. We confirm your window fast.,,$99 diagnostic is credited when you proceed with approved repair work.,,"We focus on cooling, freezing, leak, ice, and control system failures.",,"Short, clear process designed for fast, qualified service leads.",,sub-zero,noise,https://appliance-pros.netlify.app/subzero/,,,,,Enabled,Enabled,Enabled,,,Hyper-segmented RSA variant
SZ_Search_BayArea_Hyper_ExactPhrase_2026,Core Error Code,Responsive search ad,hyper12000_urgency,Sub-Zero Error Code Help,1,Sub Zero Repair Error Code,,"Call Now, Book in Minutes",,Fast Bay Area Response,,No Work Without Approval,,Independent Service Team,,Insured Local Technicians,,180-Day Parts Warranty,,180-Day Labor Warranty,,$99 Fee Credited,,Clear On-Site Diagnosis,,Sub-Zero Service Experts,,Book Your Service Window,,Repair Focused Results,,Get Priority Scheduling,,Same-day or next-day slots. Fast SMS confirmation for your service window.,,$99 service call is credited toward repair when you approve the work.,,"Independent, insured team. 180-day warranty on labor and installed parts.",,Book now for clear diagnosis and high-value Sub-Zero repair in Bay Area.,,sub-zero,error-code,https://appliance-pros.netlify.app/subzero/,,,,,Enabled,Enabled,Enabled,,,Hyper-segmented RSA variant
SZ_Search_BayArea_Hyper_ExactPhrase_2026,Core Error Code,Responsive search ad,hyper12000_trust,Sub-Zero Error Code Help,1,Sub Zero Repair Error Code,,Independent Repair Experts,,Fast Bay Area Response,,No Work Without Approval,,Independent Service Team,,Insured Local Technicians,,180-Day Parts Warranty,,180-Day Labor Warranty,,$99 Fee Credited,,Clear On-Site Diagnosis,,Sub-Zero Service Experts,,Book Your Service Window,,Repair Focused Results,,Get Priority Scheduling,,Independent Sub-Zero repair service. Not affiliated with any manufacturer.,,Insured technicians and 180-day warranty on labor and installed parts.,,Clear diagnosis first. You approve all work before any repair starts.,,"Professional communication, clean service, and reliable follow-through.",,sub-zero,error-code,https://appliance-pros.netlify.app/subzero/,,,,,Enabled,Enabled,Enabled,,,Hyper-segmented RSA variant
SZ_Search_BayArea_Hyper_ExactPhrase_2026,Core Error Code,Responsive search ad,hyper12000_conversion,Sub-Zero Error Code Help,1,Sub Zero Repair Error Code,,Focused on Real Repairs,,Fast Bay Area Response,,No Work Without Approval,,Independent Service Team,,Insured Local Technicians,,180-Day Parts Warranty,,180-Day Labor Warranty,,$99 Fee Credited,,Clear On-Site Diagnosis,,Sub-Zero Service Experts,,Book Your Service Window,,Repair Focused Results,,Get Priority Scheduling,,Book quickly online or by phone. We confirm your window fast.,,$99 diagnostic is credited when you proceed with approved repair work.,,"We focus on cooling, freezing, leak, ice, and control system failures.",,"Short, clear process designed for fast, qualified service leads.",,sub-zero,error-code,https://appliance-pros.netlify.app/subzero/,,,,,Enabled,Enabled,Enabled,,,Hyper-segmented RSA variant
