Campaign,Keyword,Criterion Type,Type,Comment
SZ_Search_BayArea_Hyper_ExactPhrase_2026,24 sub zero fridge,Exact,Campaign negative,Expanded negative control
SZ_Search_BayArea_Hyper_ExactPhrase_2026,24 sub zero refrigerator,Exact,Campaign negative,Expanded negative control
SZ_Search_BayArea_Hyper_ExactPhrase_2026,24 sub zero refrigerator freezer,Exact,Campaign negative,Expanded negative control
SZ_Search_BayArea_Hyper_ExactPhrase_2026,24 sub zero wine refrigerator,Exact,Campaign negative,Expanded negative control
SZ_Search_BayArea_Hyper_ExactPhrase_2026,30 in sub zero fridge,Exact,Campaign negative,Expanded negative control
SZ_Search_BayArea_Hyper_ExactPhrase_2026,30 inch sub zero,Exact,Campaign negative,Expanded negative control
SZ_Search_BayArea_Hyper_ExactPhrase_2026,30 inch sub zero refrigerator,Exact,Campaign negative,Expanded negative control
SZ_Search_BayArea_Hyper_ExactPhrase_2026,30 sub zero fridge,Exact,Campaign negative,Expanded negative control
SZ_Search_BayArea_Hyper_ExactPhrase_2026,36 built in sub zero refrigerator,Exact,Campaign negative,Expanded negative control
SZ_Search_BayArea_Hyper_ExactPhrase_2026,36 inch built in refrigerator sub zero,Exact,Campaign negative,Expanded negative control
SZ_Search_BayArea_Hyper_ExactPhrase_2026,36 inch sub zero fridge,Exact,Campaign negative,Expanded negative control
SZ_Search_BayArea_Hyper_ExactPhrase_2026,36 inch sub zero refrigerator,Exact,Campaign negative,Expanded negative control
SZ_Search_BayArea_Hyper_ExactPhrase_2026,36 sub zero,Exact,Campaign negative,Expanded negative control
SZ_Search_BayArea_Hyper_ExactPhrase_2026,36 sub zero refrigerator,Exact,Campaign negative,Expanded negative control
SZ_Search_BayArea_Hyper_ExactPhrase_2026,36 sub zero refrigerator for sale,Exact,Campaign negative,Expanded negative control
SZ_Search_BayArea_Hyper_ExactPhrase_2026,36 sub zero refrigerator freezer,Exact,Campaign negative,Expanded negative control
SZ_Search_BayArea_Hyper_ExactPhrase_2026,36 wide sub zero refrigerator,Exact,Campaign negative,Expanded negative control
SZ_Search_BayArea_Hyper_ExactPhrase_2026,40 ec sub zero,Exact,Campaign negative,Expanded negative control
SZ_Search_BayArea_Hyper_ExactPhrase_2026,42 built in sub zero refrigerator,Exact,Campaign negative,Expanded negative control
SZ_Search_BayArea_Hyper_ExactPhrase_2026,42 french door sub zero,Exact,Campaign negative,Expanded negative control
SZ_Search_BayArea_Hyper_ExactPhrase_2026,42 in sub zero refrigerator,Exact,Campaign negative,Expanded negative control
SZ_Search_BayArea_Hyper_ExactPhrase_2026,42 inch built in refrigerator sub zero,Exact,Campaign negative,Expanded negative control
SZ_Search_BayArea_Hyper_ExactPhrase_2026,42 inch ge monogram refrigerator,Exact,Campaign negative,Expanded negative control
SZ_Search_BayArea_Hyper_ExactPhrase_2026,42 inch monogram refrigerator,Exact,Campaign negative,Expanded negative control
SZ_Search_BayArea_Hyper_ExactPhrase_2026,42 inch sub zero,Exact,Campaign negative,Expanded negative control
SZ_Search_BayArea_Hyper_ExactPhrase_2026,42 inch sub zero fridge,Exact,Campaign negative,Expanded negative control
SZ_Search_BayArea_Hyper_ExactPhrase_2026,42 inch sub zero refrigerator,Exact,Campaign negative,Expanded negative control
SZ_Search_BayArea_Hyper_ExactPhrase_2026,42 inch sub zero with water dispenser,Exact,Campaign negative,Expanded negative control
SZ_Search_BayArea_Hyper_ExactPhrase_2026,42 refrigerator sub zero,Exact,Campaign negative,Expanded negative control
SZ_Search_BayArea_Hyper_ExactPhrase_2026,42 sub zero,Exact,Campaign negative,Expanded negative control
SZ_Search_BayArea_Hyper_ExactPhrase_2026,42 sub zero french door,Exact,Campaign negative,Expanded negative control
SZ_Search_BayArea_Hyper_ExactPhrase_2026,42 sub zero french door refrigerator,Exact,Campaign negative,Expanded negative control
SZ_Search_BayArea_Hyper_ExactPhrase_2026,42 sub zero refrigerator,Exact,Campaign negative,Expanded negative control
SZ_Search_BayArea_Hyper_ExactPhrase_2026,48 built in refrigerator sub zero,Exact,Campaign negative,Expanded negative control
SZ_Search_BayArea_Hyper_ExactPhrase_2026,48 in sub zero refrigerator,Exact,Campaign negative,Expanded negative control
SZ_Search_BayArea_Hyper_ExactPhrase_2026,48 inch 60 inch 48 inch sub zero fridge,Exact,Campaign negative,Expanded negative control
SZ_Search_BayArea_Hyper_ExactPhrase_2026,48 inch monogram refrigerator,Exact,Campaign negative,Expanded negative control
SZ_Search_BayArea_Hyper_ExactPhrase_2026,48 inch sub zero,Exact,Campaign negative,Expanded negative control
SZ_Search_BayArea_Hyper_ExactPhrase_2026,48 inch sub zero fridge,Exact,Campaign negative,Expanded negative control
SZ_Search_BayArea_Hyper_ExactPhrase_2026,48 inch sub zero refrigerator,Exact,Campaign negative,Expanded negative control
SZ_Search_BayArea_Hyper_ExactPhrase_2026,48 inch sub zero refrigerator for sale,Exact,Campaign negative,Expanded negative control
SZ_Search_BayArea_Hyper_ExactPhrase_2026,48 inch thermador range,Exact,Campaign negative,Expanded negative control
SZ_Search_BayArea_Hyper_ExactPhrase_2026,48 refrigerator sub zero,Exact,Campaign negative,Expanded negative control
SZ_Search_BayArea_Hyper_ExactPhrase_2026,48 sub zero,Exact,Campaign negative,Expanded negative control
SZ_Search_BayArea_Hyper_ExactPhrase_2026,48 sub zero french door,Exact,Campaign negative,Expanded negative control
SZ_Search_BayArea_Hyper_ExactPhrase_2026,48 sub zero refrigerator,Exact,Campaign negative,Expanded negative control
SZ_Search_BayArea_Hyper_ExactPhrase_2026,48 sub zero refrigerator specs,Exact,Campaign negative,Expanded negative control
SZ_Search_BayArea_Hyper_ExactPhrase_2026,48 sub zero refrigerators,Exact,Campaign negative,Expanded negative control
SZ_Search_BayArea_Hyper_ExactPhrase_2026,48 sub zero side by side,Exact,Campaign negative,Expanded negative control
SZ_Search_BayArea_Hyper_ExactPhrase_2026,48 sub zero side by side refrigerator,Exact,Campaign negative,Expanded negative control
SZ_Search_BayArea_Hyper_ExactPhrase_2026,50 ec sub zero,Exact,Campaign negative,Expanded negative control
SZ_Search_BayArea_Hyper_ExactPhrase_2026,50s fridge,Phrase,Campaign negative,Expanded negative control
SZ_Search_BayArea_Hyper_ExactPhrase_2026,550 sub zero,Exact,Campaign negative,Expanded negative control
SZ_Search_BayArea_Hyper_ExactPhrase_2026,561 sub zero,Exact,Campaign negative,Expanded negative control
SZ_Search_BayArea_Hyper_ExactPhrase_2026,60s fridge,Phrase,Campaign negative,Expanded negative control
SZ_Search_BayArea_Hyper_ExactPhrase_2026,632 s sub zero,Exact,Campaign negative,Expanded negative control
SZ_Search_BayArea_Hyper_ExactPhrase_2026,642 s sub zero,Exact,Campaign negative,Expanded negative control
SZ_Search_BayArea_Hyper_ExactPhrase_2026,650 sub zero,Exact,Campaign negative,Expanded negative control
SZ_Search_BayArea_Hyper_ExactPhrase_2026,70s fridge,Phrase,Campaign negative,Expanded negative control
SZ_Search_BayArea_Hyper_ExactPhrase_2026,72 inch sub zero refrigerator,Exact,Campaign negative,Expanded negative control
SZ_Search_BayArea_Hyper_ExactPhrase_2026,736tc sub zero,Exact,Campaign negative,Expanded negative control
SZ_Search_BayArea_Hyper_ExactPhrase_2026,ac,Broad,Campaign negative,Expanded negative control
SZ_Search_BayArea_Hyper_ExactPhrase_2026,accessories,Broad,Campaign negative,Expanded negative control
SZ_Search_BayArea_Hyper_ExactPhrase_2026,adding freon to sub zero refrigerator,Exact,Campaign negative,Expanded negative control
SZ_Search_BayArea_Hyper_ExactPhrase_2026,adjustment,Broad,Campaign negative,Expanded negative control
SZ_Search_BayArea_Hyper_ExactPhrase_2026,advertising magnet,Phrase,Campaign negative,Expanded negative control
SZ_Search_BayArea_Hyper_ExactPhrase_2026,aftermarket,Broad,Campaign negative,Expanded negative control
SZ_Search_BayArea_Hyper_ExactPhrase_2026,ai fridge,Phrase,Campaign negative,Expanded negative control
SZ_Search_BayArea_Hyper_ExactPhrase_2026,air filter,Phrase,Campaign negative,Expanded negative control
SZ_Search_BayArea_Hyper_ExactPhrase_2026,air force fridge,Phrase,Campaign negative,Expanded negative control
SZ_Search_BayArea_Hyper_ExactPhrase_2026,air purification cartridge sub zero,Exact,Campaign negative,Expanded negative control
SZ_Search_BayArea_Hyper_ExactPhrase_2026,albuquerque,Broad,Campaign negative,Expanded negative control
SZ_Search_BayArea_Hyper_ExactPhrase_2026,alexa cooler,Phrase,Campaign negative,Expanded negative control
SZ_Search_BayArea_Hyper_ExactPhrase_2026,alexa fridge,Phrase,Campaign negative,Expanded negative control
SZ_Search_BayArea_Hyper_ExactPhrase_2026,aluminum fridge,Phrase,Campaign negative,Expanded negative control
SZ_Search_BayArea_Hyper_ExactPhrase_2026,amana,Broad,Campaign negative,Expanded negative control
SZ_Search_BayArea_Hyper_ExactPhrase_2026,amazon,Broad,Campaign negative,Expanded negative control
SZ_Search_BayArea_Hyper_ExactPhrase_2026,annual maintenance,Phrase,Campaign negative,Expanded negative control
SZ_Search_BayArea_Hyper_ExactPhrase_2026,answers,Broad,Campaign negative,Expanded negative control
SZ_Search_BayArea_Hyper_ExactPhrase_2026,antique fridge,Phrase,Campaign negative,Expanded negative control
SZ_Search_BayArea_Hyper_ExactPhrase_2026,app,Broad,Campaign negative,Expanded negative control
SZ_Search_BayArea_Hyper_ExactPhrase_2026,app controlled fridge,Phrase,Campaign negative,Expanded negative control
SZ_Search_BayArea_Hyper_ExactPhrase_2026,app fridge,Phrase,Campaign negative,Expanded negative control
SZ_Search_BayArea_Hyper_ExactPhrase_2026,appliance sub zero,Exact,Campaign negative,Expanded negative control
SZ_Search_BayArea_Hyper_ExactPhrase_2026,aquarium cooler,Phrase,Campaign negative,Expanded negative control
SZ_Search_BayArea_Hyper_ExactPhrase_2026,are sub zero fridges worth it,Exact,Campaign negative,Expanded negative control
SZ_Search_BayArea_Hyper_ExactPhrase_2026,are sub zero refrigerators noisy,Exact,Campaign negative,Expanded negative control
SZ_Search_BayArea_Hyper_ExactPhrase_2026,are sub zero refrigerators worth it,Exact,Campaign negative,Expanded negative control
SZ_Search_BayArea_Hyper_ExactPhrase_2026,army cooler,Phrase,Campaign negative,Expanded negative control
SZ_Search_BayArea_Hyper_ExactPhrase_2026,art fridge,Phrase,Campaign negative,Expanded negative control
SZ_Search_BayArea_Hyper_ExactPhrase_2026,art magnet,Phrase,Campaign negative,Expanded negative control
SZ_Search_BayArea_Hyper_ExactPhrase_2026,artistic fridge,Phrase,Campaign negative,Expanded negative control
SZ_Search_BayArea_Hyper_ExactPhrase_2026,atlanta,Broad,Campaign negative,Expanded negative control
SZ_Search_BayArea_Hyper_ExactPhrase_2026,attic fridge,Phrase,Campaign negative,Expanded negative control
SZ_Search_BayArea_Hyper_ExactPhrase_2026,auction,Broad,Campaign negative,Expanded negative control
SZ_Search_BayArea_Hyper_ExactPhrase_2026,authorized,Broad,Campaign negative,Expanded negative control
SZ_Search_BayArea_Hyper_ExactPhrase_2026,automatic fridge,Phrase,Campaign negative,Expanded negative control
SZ_Search_BayArea_Hyper_ExactPhrase_2026,bakery cooler,Phrase,Campaign negative,Expanded negative control
SZ_Search_BayArea_Hyper_ExactPhrase_2026,banquet fridge,Phrase,Campaign negative,Expanded negative control
SZ_Search_BayArea_Hyper_ExactPhrase_2026,bar cooler,Phrase,Campaign negative,Expanded negative control
SZ_Search_BayArea_Hyper_ExactPhrase_2026,bar fridge,Phrase,Campaign negative,Expanded negative control
SZ_Search_BayArea_Hyper_ExactPhrase_2026,barbie fridge,Phrase,Campaign negative,Expanded negative control
SZ_Search_BayArea_Hyper_ExactPhrase_2026,base cooler,Phrase,Campaign negative,Expanded negative control
SZ_Search_BayArea_Hyper_ExactPhrase_2026,basement fridge,Phrase,Campaign negative,Expanded negative control
SZ_Search_BayArea_Hyper_ExactPhrase_2026,beer chiller,Phrase,Campaign negative,Expanded negative control
SZ_Search_BayArea_Hyper_ExactPhrase_2026,beer cooler,Phrase,Campaign negative,Expanded negative control
SZ_Search_BayArea_Hyper_ExactPhrase_2026,bellevue,Broad,Campaign negative,Expanded negative control
SZ_Search_BayArea_Hyper_ExactPhrase_2026,best,Broad,Campaign negative,Expanded negative control
SZ_Search_BayArea_Hyper_ExactPhrase_2026,best buy,Phrase,Campaign negative,Expanded negative control
SZ_Search_BayArea_Hyper_ExactPhrase_2026,best fridge,Phrase,Campaign negative,Expanded negative control
SZ_Search_BayArea_Hyper_ExactPhrase_2026,beverage center sub zero,Exact,Campaign negative,Expanded negative control
SZ_Search_BayArea_Hyper_ExactPhrase_2026,beverage drawers sub zero,Exact,Campaign negative,Expanded negative control
SZ_Search_BayArea_Hyper_ExactPhrase_2026,beverage fridge,Phrase,Campaign negative,Expanded negative control
SZ_Search_BayArea_Hyper_ExactPhrase_2026,bi 42 sub zero,Exact,Campaign negative,Expanded negative control
SZ_Search_BayArea_Hyper_ExactPhrase_2026,bi 42sd s th,Exact,Campaign negative,Expanded negative control
SZ_Search_BayArea_Hyper_ExactPhrase_2026,bi 42ufdid o,Exact,Campaign negative,Expanded negative control
SZ_Search_BayArea_Hyper_ExactPhrase_2026,bi36 sub zero,Exact,Campaign negative,Expanded negative control
SZ_Search_BayArea_Hyper_ExactPhrase_2026,bio fridge,Phrase,Campaign negative,Expanded negative control
SZ_Search_BayArea_Hyper_ExactPhrase_2026,biology fridge,Phrase,Campaign negative,Expanded negative control
SZ_Search_BayArea_Hyper_ExactPhrase_2026,black fridge,Phrase,Campaign negative,Expanded negative control
SZ_Search_BayArea_Hyper_ExactPhrase_2026,blast chiller,Phrase,Campaign negative,Expanded negative control
SZ_Search_BayArea_Hyper_ExactPhrase_2026,blue fridge,Phrase,Campaign negative,Expanded negative control
SZ_Search_BayArea_Hyper_ExactPhrase_2026,blueprint,Broad,Campaign negative,Expanded negative control
SZ_Search_BayArea_Hyper_ExactPhrase_2026,bluetooth fridge,Phrase,Campaign negative,Expanded negative control
SZ_Search_BayArea_Hyper_ExactPhrase_2026,boat fridge,Phrase,Campaign negative,Expanded negative control
SZ_Search_BayArea_Hyper_ExactPhrase_2026,boca,Broad,Campaign negative,Expanded negative control
SZ_Search_BayArea_Hyper_ExactPhrase_2026,body fridge,Phrase,Campaign negative,Expanded negative control
SZ_Search_BayArea_Hyper_ExactPhrase_2026,bond,Broad,Campaign negative,Expanded negative control
SZ_Search_BayArea_Hyper_ExactPhrase_2026,bosch,Broad,Campaign negative,Expanded negative control
SZ_Search_BayArea_Hyper_ExactPhrase_2026,bosch filter,Phrase,Campaign negative,Expanded negative control
SZ_Search_BayArea_Hyper_ExactPhrase_2026,boston,Broad,Campaign negative,Expanded negative control
SZ_Search_BayArea_Hyper_ExactPhrase_2026,brand new,Broad,Campaign negative,Expanded negative control
SZ_Search_BayArea_Hyper_ExactPhrase_2026,branded cooler,Phrase,Campaign negative,Expanded negative control
SZ_Search_BayArea_Hyper_ExactPhrase_2026,brazil,Broad,Campaign negative,Expanded negative control
SZ_Search_BayArea_Hyper_ExactPhrase_2026,broiler,Broad,Campaign negative,Expanded negative control
SZ_Search_BayArea_Hyper_ExactPhrase_2026,broken fridge,Phrase,Campaign negative,Expanded negative control
SZ_Search_BayArea_Hyper_ExactPhrase_2026,brooklyn,Broad,Campaign negative,Expanded negative control
SZ_Search_BayArea_Hyper_ExactPhrase_2026,budget,Broad,Campaign negative,Expanded negative control
SZ_Search_BayArea_Hyper_ExactPhrase_2026,built in fridge sub zero,Exact,Campaign negative,Expanded negative control
SZ_Search_BayArea_Hyper_ExactPhrase_2026,built in sub zero,Exact,Campaign negative,Expanded negative control
SZ_Search_BayArea_Hyper_ExactPhrase_2026,built in sub zero fridge,Exact,Campaign negative,Expanded negative control
SZ_Search_BayArea_Hyper_ExactPhrase_2026,built in sub zero refrigerator,Exact,Campaign negative,Expanded negative control
SZ_Search_BayArea_Hyper_ExactPhrase_2026,butcher fridge,Phrase,Campaign negative,Expanded negative control
SZ_Search_BayArea_Hyper_ExactPhrase_2026,button repair,Phrase,Campaign negative,Expanded negative control
SZ_Search_BayArea_Hyper_ExactPhrase_2026,buy,Broad,Campaign negative,Expanded negative control
SZ_Search_BayArea_Hyper_ExactPhrase_2026,buy filter,Phrase,Campaign negative,Expanded negative control
SZ_Search_BayArea_Hyper_ExactPhrase_2026,buy freezer,Phrase,Campaign negative,Expanded negative control
SZ_Search_BayArea_Hyper_ExactPhrase_2026,buy ice machine,Phrase,Campaign negative,Expanded negative control
SZ_Search_BayArea_Hyper_ExactPhrase_2026,buy online,Broad,Campaign negative,Expanded negative control
SZ_Search_BayArea_Hyper_ExactPhrase_2026,buy part,Phrase,Campaign negative,Expanded negative control
SZ_Search_BayArea_Hyper_ExactPhrase_2026,buy refrigerator,Phrase,Campaign negative,Expanded negative control
SZ_Search_BayArea_Hyper_ExactPhrase_2026,bypass,Broad,Campaign negative,Expanded negative control
SZ_Search_BayArea_Hyper_ExactPhrase_2026,cabin fridge,Phrase,Campaign negative,Expanded negative control
SZ_Search_BayArea_Hyper_ExactPhrase_2026,cadaver cooler,Phrase,Campaign negative,Expanded negative control
SZ_Search_BayArea_Hyper_ExactPhrase_2026,cafe equipment,Phrase,Campaign negative,Expanded negative control
SZ_Search_BayArea_Hyper_ExactPhrase_2026,cafe fridge,Phrase,Campaign negative,Expanded negative control
SZ_Search_BayArea_Hyper_ExactPhrase_2026,cafeteria,Phrase,Campaign negative,Expanded negative control
SZ_Search_BayArea_Hyper_ExactPhrase_2026,calibrate,Broad,Campaign negative,Expanded negative control
SZ_Search_BayArea_Hyper_ExactPhrase_2026,calibration,Broad,Campaign negative,Expanded negative control
SZ_Search_BayArea_Hyper_ExactPhrase_2026,call center,Phrase,Campaign negative,Expanded negative control
SZ_Search_BayArea_Hyper_ExactPhrase_2026,call sub zero,Exact,Campaign negative,Expanded negative control
SZ_Search_BayArea_Hyper_ExactPhrase_2026,call support fridge,Phrase,Campaign negative,Expanded negative control
SZ_Search_BayArea_Hyper_ExactPhrase_2026,camping cooler,Phrase,Campaign negative,Expanded negative control
SZ_Search_BayArea_Hyper_ExactPhrase_2026,camping fridge,Phrase,Campaign negative,Expanded negative control
SZ_Search_BayArea_Hyper_ExactPhrase_2026,canada,Broad,Campaign negative,Expanded negative control
SZ_Search_BayArea_Hyper_ExactPhrase_2026,capacitor,Broad,Campaign negative,Expanded negative control
SZ_Search_BayArea_Hyper_ExactPhrase_2026,car fridge,Phrase,Campaign negative,Expanded negative control
SZ_Search_BayArea_Hyper_ExactPhrase_2026,carbon filter,Phrase,Campaign negative,Expanded negative control
SZ_Search_BayArea_Hyper_ExactPhrase_2026,career,Broad,Campaign negative,Expanded negative control
SZ_Search_BayArea_Hyper_ExactPhrase_2026,catalog,Broad,Campaign negative,Expanded negative control
SZ_Search_BayArea_Hyper_ExactPhrase_2026,catering,Broad,Campaign negative,Expanded negative control
SZ_Search_BayArea_Hyper_ExactPhrase_2026,catering fridge,Phrase,Campaign negative,Expanded negative control
SZ_Search_BayArea_Hyper_ExactPhrase_2026,certificate,Broad,Campaign negative,Expanded negative control
SZ_Search_BayArea_Hyper_ExactPhrase_2026,certification,Broad,Campaign negative,Expanded negative control
SZ_Search_BayArea_Hyper_ExactPhrase_2026,change,Broad,Campaign negative,Expanded negative control
SZ_Search_BayArea_Hyper_ExactPhrase_2026,changing light bulb in sub zero refrigerator,Exact,Campaign negative,Expanded negative control
SZ_Search_BayArea_Hyper_ExactPhrase_2026,changing sub zero water filter,Exact,Campaign negative,Expanded negative control
SZ_Search_BayArea_Hyper_ExactPhrase_2026,changing water filter on sub zero fridge,Exact,Campaign negative,Expanded negative control
SZ_Search_BayArea_Hyper_ExactPhrase_2026,charity fridge,Phrase,Campaign negative,Expanded negative control
SZ_Search_BayArea_Hyper_ExactPhrase_2026,cheap,Broad,Campaign negative,Expanded negative control
SZ_Search_BayArea_Hyper_ExactPhrase_2026,cheapest,Broad,Campaign negative,Expanded negative control
SZ_Search_BayArea_Hyper_ExactPhrase_2026,cheese fridge,Phrase,Campaign negative,Expanded negative control
SZ_Search_BayArea_Hyper_ExactPhrase_2026,chicago,Broad,Campaign negative,Expanded negative control
SZ_Search_BayArea_Hyper_ExactPhrase_2026,children fridge,Phrase,Campaign negative,Expanded negative control
SZ_Search_BayArea_Hyper_ExactPhrase_2026,chiller,Phrase,Campaign negative,Expanded negative control
SZ_Search_BayArea_Hyper_ExactPhrase_2026,church fridge,Phrase,Campaign negative,Expanded negative control
SZ_Search_BayArea_Hyper_ExactPhrase_2026,cincinnati,Broad,Campaign negative,Expanded negative control
SZ_Search_BayArea_Hyper_ExactPhrase_2026,circuit board,Phrase,Campaign negative,Expanded negative control
SZ_Search_BayArea_Hyper_ExactPhrase_2026,cl3650,Exact,Campaign negative,Expanded negative control
SZ_Search_BayArea_Hyper_ExactPhrase_2026,cl3650f o l,Exact,Campaign negative,Expanded negative control
SZ_Search_BayArea_Hyper_ExactPhrase_2026,cl3650u o,Exact,Campaign negative,Expanded negative control
SZ_Search_BayArea_Hyper_ExactPhrase_2026,cl3650u o l,Exact,Campaign negative,Expanded negative control
SZ_Search_BayArea_Hyper_ExactPhrase_2026,cl3650u o r,Exact,Campaign negative,Expanded negative control
SZ_Search_BayArea_Hyper_ExactPhrase_2026,cl3650u s p r,Exact,Campaign negative,Expanded negative control
SZ_Search_BayArea_Hyper_ExactPhrase_2026,cl3650ufd o,Exact,Campaign negative,Expanded negative control
SZ_Search_BayArea_Hyper_ExactPhrase_2026,cl3650ufdid o,Exact,Campaign negative,Expanded negative control
SZ_Search_BayArea_Hyper_ExactPhrase_2026,cl3650ufdidsp,Exact,Campaign negative,Expanded negative control
SZ_Search_BayArea_Hyper_ExactPhrase_2026,cl3650uid o l,Exact,Campaign negative,Expanded negative control
SZ_Search_BayArea_Hyper_ExactPhrase_2026,cl3650uidspr,Exact,Campaign negative,Expanded negative control
SZ_Search_BayArea_Hyper_ExactPhrase_2026,cl4250s o,Exact,Campaign negative,Expanded negative control
SZ_Search_BayArea_Hyper_ExactPhrase_2026,cl4250sd o,Exact,Campaign negative,Expanded negative control
SZ_Search_BayArea_Hyper_ExactPhrase_2026,cl4250sid o,Exact,Campaign negative,Expanded negative control
SZ_Search_BayArea_Hyper_ExactPhrase_2026,cl4250sst,Exact,Campaign negative,Expanded negative control
SZ_Search_BayArea_Hyper_ExactPhrase_2026,cl4250ufdid o,Exact,Campaign negative,Expanded negative control
SZ_Search_BayArea_Hyper_ExactPhrase_2026,cl4250ufdid o panel specs,Exact,Campaign negative,Expanded negative control
SZ_Search_BayArea_Hyper_ExactPhrase_2026,cl4250ufdid o sub zero,Exact,Campaign negative,Expanded negative control
SZ_Search_BayArea_Hyper_ExactPhrase_2026,cl4850s o,Exact,Campaign negative,Expanded negative control
SZ_Search_BayArea_Hyper_ExactPhrase_2026,cl4850s o sub zero,Exact,Campaign negative,Expanded negative control
SZ_Search_BayArea_Hyper_ExactPhrase_2026,cl4850sid o,Exact,Campaign negative,Expanded negative control
SZ_Search_BayArea_Hyper_ExactPhrase_2026,cl4850so,Exact,Campaign negative,Expanded negative control
SZ_Search_BayArea_Hyper_ExactPhrase_2026,cl4850ufd o,Exact,Campaign negative,Expanded negative control
SZ_Search_BayArea_Hyper_ExactPhrase_2026,cl4850ufd s t,Exact,Campaign negative,Expanded negative control
SZ_Search_BayArea_Hyper_ExactPhrase_2026,cl4850ufdid 0,Exact,Campaign negative,Expanded negative control
SZ_Search_BayArea_Hyper_ExactPhrase_2026,cl4850ufdid o,Exact,Campaign negative,Expanded negative control
SZ_Search_BayArea_Hyper_ExactPhrase_2026,cl4850ufdidsp,Exact,Campaign negative,Expanded negative control
SZ_Search_BayArea_Hyper_ExactPhrase_2026,cl4850ufdsp,Exact,Campaign negative,Expanded negative control
SZ_Search_BayArea_Hyper_ExactPhrase_2026,claim,Broad,Campaign negative,Expanded negative control
SZ_Search_BayArea_Hyper_ExactPhrase_2026,claim fridge,Phrase,Campaign negative,Expanded negative control
SZ_Search_BayArea_Hyper_ExactPhrase_2026,claims,Broad,Campaign negative,Expanded negative control
SZ_Search_BayArea_Hyper_ExactPhrase_2026,class,Broad,Campaign negative,Expanded negative control
SZ_Search_BayArea_Hyper_ExactPhrase_2026,class action,Phrase,Campaign negative,Expanded negative control
SZ_Search_BayArea_Hyper_ExactPhrase_2026,classic fridge,Phrase,Campaign negative,Expanded negative control
SZ_Search_BayArea_Hyper_ExactPhrase_2026,classic sub zero,Exact,Campaign negative,Expanded negative control
SZ_Search_BayArea_Hyper_ExactPhrase_2026,clean,Broad,Campaign negative,Expanded negative control
SZ_Search_BayArea_Hyper_ExactPhrase_2026,clean wolf range top,Exact,Campaign negative,Expanded negative control
SZ_Search_BayArea_Hyper_ExactPhrase_2026,clean wolf stove top,Exact,Campaign negative,Expanded negative control
SZ_Search_BayArea_Hyper_ExactPhrase_2026,cleaner,Broad,Campaign negative,Expanded negative control
SZ_Search_BayArea_Hyper_ExactPhrase_2026,cleaning,Broad,Campaign negative,Expanded negative control
SZ_Search_BayArea_Hyper_ExactPhrase_2026,client,Broad,Campaign negative,Expanded negative control
SZ_Search_BayArea_Hyper_ExactPhrase_2026,clinic fridge,Phrase,Campaign negative,Expanded negative control
SZ_Search_BayArea_Hyper_ExactPhrase_2026,closer,Broad,Campaign negative,Expanded negative control
SZ_Search_BayArea_Hyper_ExactPhrase_2026,code,Broad,Campaign negative,Expanded negative control
SZ_Search_BayArea_Hyper_ExactPhrase_2026,coffee,Broad,Campaign negative,Expanded negative control
SZ_Search_BayArea_Hyper_ExactPhrase_2026,coffee maker repair,Phrase,Campaign negative,Expanded negative control
SZ_Search_BayArea_Hyper_ExactPhrase_2026,coffee vending,Phrase,Campaign negative,Expanded negative control
SZ_Search_BayArea_Hyper_ExactPhrase_2026,coil cleaning,Phrase,Campaign negative,Expanded negative control
SZ_Search_BayArea_Hyper_ExactPhrase_2026,cold chamber,Phrase,Campaign negative,Expanded negative control
SZ_Search_BayArea_Hyper_ExactPhrase_2026,cold room,Phrase,Campaign negative,Expanded negative control
SZ_Search_BayArea_Hyper_ExactPhrase_2026,cold storage,Phrase,Campaign negative,Expanded negative control
SZ_Search_BayArea_Hyper_ExactPhrase_2026,cold warehouse,Phrase,Campaign negative,Expanded negative control
SZ_Search_BayArea_Hyper_ExactPhrase_2026,coleman cooler,Phrase,Campaign negative,Expanded negative control
SZ_Search_BayArea_Hyper_ExactPhrase_2026,collectible fridge,Phrase,Campaign negative,Expanded negative control
SZ_Search_BayArea_Hyper_ExactPhrase_2026,collection,Broad,Campaign negative,Expanded negative control
SZ_Search_BayArea_Hyper_ExactPhrase_2026,collection magnet,Phrase,Campaign negative,Expanded negative control
SZ_Search_BayArea_Hyper_ExactPhrase_2026,college,Broad,Campaign negative,Expanded negative control
SZ_Search_BayArea_Hyper_ExactPhrase_2026,college fridge,Phrase,Campaign negative,Expanded negative control
SZ_Search_BayArea_Hyper_ExactPhrase_2026,colorful fridge,Phrase,Campaign negative,Expanded negative control
SZ_Search_BayArea_Hyper_ExactPhrase_2026,com,Broad,Campaign negative,Expanded negative control
SZ_Search_BayArea_Hyper_ExactPhrase_2026,commercial kitchen,Phrase,Campaign negative,Expanded negative control
SZ_Search_BayArea_Hyper_ExactPhrase_2026,commercial sub zero,Exact,Campaign negative,Expanded negative control
SZ_Search_BayArea_Hyper_ExactPhrase_2026,compare,Broad,Campaign negative,Expanded negative control
SZ_Search_BayArea_Hyper_ExactPhrase_2026,complaints,Broad,Campaign negative,Expanded negative control
SZ_Search_BayArea_Hyper_ExactPhrase_2026,compressor for sale,Phrase,Campaign negative,Expanded negative control
SZ_Search_BayArea_Hyper_ExactPhrase_2026,compressor for sub zero refrigerator,Exact,Campaign negative,Expanded negative control
SZ_Search_BayArea_Hyper_ExactPhrase_2026,compressor price,Phrase,Campaign negative,Expanded negative control
SZ_Search_BayArea_Hyper_ExactPhrase_2026,computer fridge,Phrase,Campaign negative,Expanded negative control
SZ_Search_BayArea_Hyper_ExactPhrase_2026,condenser,Broad,Campaign negative,Expanded negative control
SZ_Search_BayArea_Hyper_ExactPhrase_2026,condenser cleaning,Phrase,Campaign negative,Expanded negative control
SZ_Search_BayArea_Hyper_ExactPhrase_2026,congelador sub zero,Exact,Campaign negative,Expanded negative control
SZ_Search_BayArea_Hyper_ExactPhrase_2026,connect sub zero to wifi,Exact,Campaign negative,Expanded negative control
SZ_Search_BayArea_Hyper_ExactPhrase_2026,connected fridge,Phrase,Campaign negative,Expanded negative control
SZ_Search_BayArea_Hyper_ExactPhrase_2026,contact,Broad,Campaign negative,Expanded negative control
SZ_Search_BayArea_Hyper_ExactPhrase_2026,contact sub zero,Exact,Campaign negative,Expanded negative control
SZ_Search_BayArea_Hyper_ExactPhrase_2026,container fridge,Phrase,Campaign negative,Expanded negative control
SZ_Search_BayArea_Hyper_ExactPhrase_2026,contractor,Broad,Campaign negative,Expanded negative control
SZ_Search_BayArea_Hyper_ExactPhrase_2026,control board,Phrase,Campaign negative,Expanded negative control
SZ_Search_BayArea_Hyper_ExactPhrase_2026,cooler bag,Phrase,Campaign negative,Expanded negative control
SZ_Search_BayArea_Hyper_ExactPhrase_2026,cooler dispenser,Phrase,Campaign negative,Expanded negative control
SZ_Search_BayArea_Hyper_ExactPhrase_2026,copper fridge,Phrase,Campaign negative,Expanded negative control
SZ_Search_BayArea_Hyper_ExactPhrase_2026,corporate,Broad,Campaign negative,Expanded negative control
SZ_Search_BayArea_Hyper_ExactPhrase_2026,corporate fridge,Phrase,Campaign negative,Expanded negative control
SZ_Search_BayArea_Hyper_ExactPhrase_2026,cost,Broad,Campaign negative,Expanded negative control
SZ_Search_BayArea_Hyper_ExactPhrase_2026,cost of a sub zero refrigerator,Exact,Campaign negative,Expanded negative control
SZ_Search_BayArea_Hyper_ExactPhrase_2026,cost of new sub zero refrigerator,Exact,Campaign negative,Expanded negative control
SZ_Search_BayArea_Hyper_ExactPhrase_2026,cost of sub zero fridge,Exact,Campaign negative,Expanded negative control
SZ_Search_BayArea_Hyper_ExactPhrase_2026,cost of sub zero pro 48 refrigerator,Exact,Campaign negative,Expanded negative control
SZ_Search_BayArea_Hyper_ExactPhrase_2026,cost of sub zero refrigerator,Exact,Campaign negative,Expanded negative control
SZ_Search_BayArea_Hyper_ExactPhrase_2026,cost of sub zero refrigerator freezer,Exact,Campaign negative,Expanded negative control
SZ_Search_BayArea_Hyper_ExactPhrase_2026,cost sub zero refrigerator,Exact,Campaign negative,Expanded negative control
SZ_Search_BayArea_Hyper_ExactPhrase_2026,costco,Broad,Campaign negative,Expanded negative control
SZ_Search_BayArea_Hyper_ExactPhrase_2026,cottage fridge,Phrase,Campaign negative,Expanded negative control
SZ_Search_BayArea_Hyper_ExactPhrase_2026,country fridge,Phrase,Campaign negative,Expanded negative control
SZ_Search_BayArea_Hyper_ExactPhrase_2026,coupon,Broad,Campaign negative,Expanded negative control
SZ_Search_BayArea_Hyper_ExactPhrase_2026,course,Broad,Campaign negative,Expanded negative control
SZ_Search_BayArea_Hyper_ExactPhrase_2026,cove,Broad,Campaign negative,Expanded negative control
SZ_Search_BayArea_Hyper_ExactPhrase_2026,cove sub zero,Exact,Campaign negative,Expanded negative control
SZ_Search_BayArea_Hyper_ExactPhrase_2026,cove sub zero wolf,Exact,Campaign negative,Expanded negative control
SZ_Search_BayArea_Hyper_ExactPhrase_2026,cove wolf sub zero,Exact,Campaign negative,Expanded negative control
SZ_Search_BayArea_Hyper_ExactPhrase_2026,craft magnet,Phrase,Campaign negative,Expanded negative control
SZ_Search_BayArea_Hyper_ExactPhrase_2026,craigslist,Broad,Campaign negative,Expanded negative control
SZ_Search_BayArea_Hyper_ExactPhrase_2026,craigslist fridge,Phrase,Campaign negative,Expanded negative control
SZ_Search_BayArea_Hyper_ExactPhrase_2026,cream,Broad,Campaign negative,Expanded negative control
SZ_Search_BayArea_Hyper_ExactPhrase_2026,cryogenic,Broad,Campaign negative,Expanded negative control
SZ_Search_BayArea_Hyper_ExactPhrase_2026,cuanto cuesta un refrigerador sub zero,Exact,Campaign negative,Expanded negative control
SZ_Search_BayArea_Hyper_ExactPhrase_2026,custom fridge magnet,Phrase,Campaign negative,Expanded negative control
SZ_Search_BayArea_Hyper_ExactPhrase_2026,custom fridge sticker,Phrase,Campaign negative,Expanded negative control
SZ_Search_BayArea_Hyper_ExactPhrase_2026,custom panels for sub zero refrigerator,Exact,Campaign negative,Expanded negative control
SZ_Search_BayArea_Hyper_ExactPhrase_2026,custom sub zero,Exact,Campaign negative,Expanded negative control
SZ_Search_BayArea_Hyper_ExactPhrase_2026,custom wrap fridge,Phrase,Campaign negative,Expanded negative control
SZ_Search_BayArea_Hyper_ExactPhrase_2026,customer,Broad,Campaign negative,Expanded negative control
SZ_Search_BayArea_Hyper_ExactPhrase_2026,customer service,Phrase,Campaign negative,Expanded negative control
SZ_Search_BayArea_Hyper_ExactPhrase_2026,dairy fridge,Phrase,Campaign negative,Expanded negative control
SZ_Search_BayArea_Hyper_ExactPhrase_2026,dallas,Broad,Campaign negative,Expanded negative control
SZ_Search_BayArea_Hyper_ExactPhrase_2026,dead fridge,Phrase,Campaign negative,Expanded negative control
SZ_Search_BayArea_Hyper_ExactPhrase_2026,deal,Broad,Campaign negative,Expanded negative control
SZ_Search_BayArea_Hyper_ExactPhrase_2026,dealer,Broad,Campaign negative,Expanded negative control
SZ_Search_BayArea_Hyper_ExactPhrase_2026,dealers,Broad,Campaign negative,Expanded negative control
SZ_Search_BayArea_Hyper_ExactPhrase_2026,deals,Broad,Campaign negative,Expanded negative control
SZ_Search_BayArea_Hyper_ExactPhrase_2026,debt,Broad,Campaign negative,Expanded negative control
SZ_Search_BayArea_Hyper_ExactPhrase_2026,dec1850fi l,Exact,Campaign negative,Expanded negative control
SZ_Search_BayArea_Hyper_ExactPhrase_2026,dec3050r r,Exact,Campaign negative,Expanded negative control
SZ_Search_BayArea_Hyper_ExactPhrase_2026,dec3650fi l,Exact,Campaign negative,Expanded negative control
SZ_Search_BayArea_Hyper_ExactPhrase_2026,dec3650fi r,Exact,Campaign negative,Expanded negative control
SZ_Search_BayArea_Hyper_ExactPhrase_2026,dec3650r r,Exact,Campaign negative,Expanded negative control
SZ_Search_BayArea_Hyper_ExactPhrase_2026,dec3650rid l,Exact,Campaign negative,Expanded negative control
SZ_Search_BayArea_Hyper_ExactPhrase_2026,dec3650rid r,Exact,Campaign negative,Expanded negative control
SZ_Search_BayArea_Hyper_ExactPhrase_2026,decorative fridge sticker,Phrase,Campaign negative,Expanded negative control
SZ_Search_BayArea_Hyper_ExactPhrase_2026,decorative magnet,Phrase,Campaign negative,Expanded negative control
SZ_Search_BayArea_Hyper_ExactPhrase_2026,defrost sub zero freezer,Exact,Campaign negative,Expanded negative control
SZ_Search_BayArea_Hyper_ExactPhrase_2026,defrosting sub zero freezer,Exact,Campaign negative,Expanded negative control
SZ_Search_BayArea_Hyper_ExactPhrase_2026,deli cooler,Phrase,Campaign negative,Expanded negative control
SZ_Search_BayArea_Hyper_ExactPhrase_2026,delivery,Broad,Campaign negative,Expanded negative control
SZ_Search_BayArea_Hyper_ExactPhrase_2026,delivery fridge,Phrase,Campaign negative,Expanded negative control
SZ_Search_BayArea_Hyper_ExactPhrase_2026,denver,Broad,Campaign negative,Expanded negative control
SZ_Search_BayArea_Hyper_ExactPhrase_2026,depth,Broad,Campaign negative,Expanded negative control
SZ_Search_BayArea_Hyper_ExactPhrase_2026,descale,Broad,Campaign negative,Expanded negative control
SZ_Search_BayArea_Hyper_ExactPhrase_2026,descaling,Broad,Campaign negative,Expanded negative control
SZ_Search_BayArea_Hyper_ExactPhrase_2026,designer,Broad,Campaign negative,Expanded negative control
SZ_Search_BayArea_Hyper_ExactPhrase_2026,designer fridge,Phrase,Campaign negative,Expanded negative control
SZ_Search_BayArea_Hyper_ExactPhrase_2026,det3650ci r,Exact,Campaign negative,Expanded negative control
SZ_Search_BayArea_Hyper_ExactPhrase_2026,det3650ciid l,Exact,Campaign negative,Expanded negative control
SZ_Search_BayArea_Hyper_ExactPhrase_2026,det3650ciid r,Exact,Campaign negative,Expanded negative control
SZ_Search_BayArea_Hyper_ExactPhrase_2026,det3650ciid sub zero,Exact,Campaign negative,Expanded negative control
SZ_Search_BayArea_Hyper_ExactPhrase_2026,det3650cir,Exact,Campaign negative,Expanded negative control
SZ_Search_BayArea_Hyper_ExactPhrase_2026,deu2450bg,Broad,Campaign negative,Expanded negative control
SZ_Search_BayArea_Hyper_ExactPhrase_2026,deu2450bg,Exact,Campaign negative,Expanded negative control
SZ_Search_BayArea_Hyper_ExactPhrase_2026,deu2450bg ada l,Exact,Campaign negative,Expanded negative control
SZ_Search_BayArea_Hyper_ExactPhrase_2026,deu2450bg l,Exact,Campaign negative,Expanded negative control
SZ_Search_BayArea_Hyper_ExactPhrase_2026,deu2450bg r,Exact,Campaign negative,Expanded negative control
SZ_Search_BayArea_Hyper_ExactPhrase_2026,deu2450bgl,Exact,Campaign negative,Expanded negative control
SZ_Search_BayArea_Hyper_ExactPhrase_2026,deu2450r,Exact,Campaign negative,Expanded negative control
SZ_Search_BayArea_Hyper_ExactPhrase_2026,deu2450r ada,Exact,Campaign negative,Expanded negative control
SZ_Search_BayArea_Hyper_ExactPhrase_2026,deu2450r l,Exact,Campaign negative,Expanded negative control
SZ_Search_BayArea_Hyper_ExactPhrase_2026,deu2450r r,Exact,Campaign negative,Expanded negative control
SZ_Search_BayArea_Hyper_ExactPhrase_2026,deu2450ro,Exact,Campaign negative,Expanded negative control
SZ_Search_BayArea_Hyper_ExactPhrase_2026,deu2450ro r,Exact,Campaign negative,Expanded negative control
SZ_Search_BayArea_Hyper_ExactPhrase_2026,diagnostic,Broad,Campaign negative,Expanded negative control
SZ_Search_BayArea_Hyper_ExactPhrase_2026,diagram,Broad,Campaign negative,Expanded negative control
SZ_Search_BayArea_Hyper_ExactPhrase_2026,diamond fridge,Phrase,Campaign negative,Expanded negative control
SZ_Search_BayArea_Hyper_ExactPhrase_2026,digital cooler,Phrase,Campaign negative,Expanded negative control
SZ_Search_BayArea_Hyper_ExactPhrase_2026,directions,Broad,Campaign negative,Expanded negative control
SZ_Search_BayArea_Hyper_ExactPhrase_2026,disassemble fridge,Phrase,Campaign negative,Expanded negative control
SZ_Search_BayArea_Hyper_ExactPhrase_2026,discount,Broad,Campaign negative,Expanded negative control
SZ_Search_BayArea_Hyper_ExactPhrase_2026,dishwasher,Broad,Campaign negative,Expanded negative control
SZ_Search_BayArea_Hyper_ExactPhrase_2026,dishwasher repair,Phrase,Campaign negative,Expanded negative control
SZ_Search_BayArea_Hyper_ExactPhrase_2026,dismantle fridge,Phrase,Campaign negative,Expanded negative control
SZ_Search_BayArea_Hyper_ExactPhrase_2026,display fridge,Phrase,Campaign negative,Expanded negative control
SZ_Search_BayArea_Hyper_ExactPhrase_2026,disposal,Broad,Campaign negative,Expanded negative control
SZ_Search_BayArea_Hyper_ExactPhrase_2026,disposal fridge,Phrase,Campaign negative,Expanded negative control
SZ_Search_BayArea_Hyper_ExactPhrase_2026,distributor,Broad,Campaign negative,Expanded negative control
SZ_Search_BayArea_Hyper_ExactPhrase_2026,diy,Broad,Campaign negative,Expanded negative control
SZ_Search_BayArea_Hyper_ExactPhrase_2026,diy magnet,Phrase,Campaign negative,Expanded negative control
SZ_Search_BayArea_Hyper_ExactPhrase_2026,do it yourself,Phrase,Campaign negative,Expanded negative control
SZ_Search_BayArea_Hyper_ExactPhrase_2026,do sub zero refrigerators have ice makers,Exact,Campaign negative,Expanded negative control
SZ_Search_BayArea_Hyper_ExactPhrase_2026,doctor fridge,Phrase,Campaign negative,Expanded negative control
SZ_Search_BayArea_Hyper_ExactPhrase_2026,doll fridge,Phrase,Campaign negative,Expanded negative control
SZ_Search_BayArea_Hyper_ExactPhrase_2026,donation,Broad,Campaign negative,Expanded negative control
SZ_Search_BayArea_Hyper_ExactPhrase_2026,donation fridge,Phrase,Campaign negative,Expanded negative control
SZ_Search_BayArea_Hyper_ExactPhrase_2026,door,Broad,Campaign negative,Expanded negative control
SZ_Search_BayArea_Hyper_ExactPhrase_2026,door adjustment,Phrase,Campaign negative,Expanded negative control
SZ_Search_BayArea_Hyper_ExactPhrase_2026,door gasket,Phrase,Campaign negative,Expanded negative control
SZ_Search_BayArea_Hyper_ExactPhrase_2026,door handle,Phrase,Campaign negative,Expanded negative control
SZ_Search_BayArea_Hyper_ExactPhrase_2026,door hinge,Phrase,Campaign negative,Expanded negative control
SZ_Search_BayArea_Hyper_ExactPhrase_2026,door repair,Phrase,Campaign negative,Expanded negative control
SZ_Search_BayArea_Hyper_ExactPhrase_2026,door seal,Phrase,Campaign negative,Expanded negative control
SZ_Search_BayArea_Hyper_ExactPhrase_2026,door switch,Phrase,Campaign negative,Expanded negative control
SZ_Search_BayArea_Hyper_ExactPhrase_2026,dorm fridge,Phrase,Campaign negative,Expanded negative control
SZ_Search_BayArea_Hyper_ExactPhrase_2026,download,Broad,Campaign negative,Expanded negative control
SZ_Search_BayArea_Hyper_ExactPhrase_2026,download manual,Phrase,Campaign negative,Expanded negative control
SZ_Search_BayArea_Hyper_ExactPhrase_2026,dump,Broad,Campaign negative,Expanded negative control
SZ_Search_BayArea_Hyper_ExactPhrase_2026,dump fridge,Phrase,Campaign negative,Expanded negative control
SZ_Search_BayArea_Hyper_ExactPhrase_2026,ebay,Broad,Campaign negative,Expanded negative control
SZ_Search_BayArea_Hyper_ExactPhrase_2026,ec 50 sub zero,Exact,Campaign negative,Expanded negative control
SZ_Search_BayArea_Hyper_ExactPhrase_2026,electrolux,Broad,Campaign negative,Expanded negative control
SZ_Search_BayArea_Hyper_ExactPhrase_2026,electronic fridge,Phrase,Campaign negative,Expanded negative control
SZ_Search_BayArea_Hyper_ExactPhrase_2026,entertainment fridge,Phrase,Campaign negative,Expanded negative control
SZ_Search_BayArea_Hyper_ExactPhrase_2026,error,Broad,Campaign negative,Expanded negative control
SZ_Search_BayArea_Hyper_ExactPhrase_2026,evaporator cost,Phrase,Campaign negative,Expanded negative control
SZ_Search_BayArea_Hyper_ExactPhrase_2026,event fridge,Phrase,Campaign negative,Expanded negative control
SZ_Search_BayArea_Hyper_ExactPhrase_2026,exchange fridge,Phrase,Campaign negative,Expanded negative control
SZ_Search_BayArea_Hyper_ExactPhrase_2026,exploded,Broad,Campaign negative,Expanded negative control
SZ_Search_BayArea_Hyper_ExactPhrase_2026,extended warranty fridge,Phrase,Campaign negative,Expanded negative control
SZ_Search_BayArea_Hyper_ExactPhrase_2026,exxcel,Broad,Campaign negative,Expanded negative control
SZ_Search_BayArea_Hyper_ExactPhrase_2026,facebook,Broad,Campaign negative,Expanded negative control
SZ_Search_BayArea_Hyper_ExactPhrase_2026,factory,Broad,Campaign negative,Expanded negative control
SZ_Search_BayArea_Hyper_ExactPhrase_2026,fake fridge,Phrase,Campaign negative,Expanded negative control
SZ_Search_BayArea_Hyper_ExactPhrase_2026,fancy fridge,Phrase,Campaign negative,Expanded negative control
SZ_Search_BayArea_Hyper_ExactPhrase_2026,faq fridge,Phrase,Campaign negative,Expanded negative control
SZ_Search_BayArea_Hyper_ExactPhrase_2026,farmhouse fridge,Phrase,Campaign negative,Expanded negative control
SZ_Search_BayArea_Hyper_ExactPhrase_2026,fashion fridge,Phrase,Campaign negative,Expanded negative control
SZ_Search_BayArea_Hyper_ExactPhrase_2026,feet,Broad,Campaign negative,Expanded negative control
SZ_Search_BayArea_Hyper_ExactPhrase_2026,ferguson sub zero,Exact,Campaign negative,Expanded negative control
SZ_Search_BayArea_Hyper_ExactPhrase_2026,filter,Broad,Campaign negative,Expanded negative control
SZ_Search_BayArea_Hyper_ExactPhrase_2026,filter for sub zero refrigerator,Exact,Campaign negative,Expanded negative control
SZ_Search_BayArea_Hyper_ExactPhrase_2026,filter shop,Phrase,Campaign negative,Expanded negative control
SZ_Search_BayArea_Hyper_ExactPhrase_2026,filters,Broad,Campaign negative,Expanded negative control
SZ_Search_BayArea_Hyper_ExactPhrase_2026,fish fridge,Phrase,Campaign negative,Expanded negative control
SZ_Search_BayArea_Hyper_ExactPhrase_2026,fishing cooler,Phrase,Campaign negative,Expanded negative control
SZ_Search_BayArea_Hyper_ExactPhrase_2026,fitness,Broad,Campaign negative,Expanded negative control
SZ_Search_BayArea_Hyper_ExactPhrase_2026,flashing wrench on sub zero fridge,Exact,Campaign negative,Expanded negative control
SZ_Search_BayArea_Hyper_ExactPhrase_2026,floral fridge,Phrase,Campaign negative,Expanded negative control
SZ_Search_BayArea_Hyper_ExactPhrase_2026,flower fridge,Phrase,Campaign negative,Expanded negative control
SZ_Search_BayArea_Hyper_ExactPhrase_2026,for sale,Phrase,Campaign negative,Expanded negative control
SZ_Search_BayArea_Hyper_ExactPhrase_2026,forge sub zero,Exact,Campaign negative,Expanded negative control
SZ_Search_BayArea_Hyper_ExactPhrase_2026,forum,Broad,Campaign negative,Expanded negative control
SZ_Search_BayArea_Hyper_ExactPhrase_2026,free,Broad,Campaign negative,Expanded negative control
SZ_Search_BayArea_Hyper_ExactPhrase_2026,free delivery fridge,Phrase,Campaign negative,Expanded negative control
SZ_Search_BayArea_Hyper_ExactPhrase_2026,free fridge,Phrase,Campaign negative,Expanded negative control
SZ_Search_BayArea_Hyper_ExactPhrase_2026,free manual,Phrase,Campaign negative,Expanded negative control
SZ_Search_BayArea_Hyper_ExactPhrase_2026,free pickup fridge,Phrase,Campaign negative,Expanded negative control
SZ_Search_BayArea_Hyper_ExactPhrase_2026,free shipping,Phrase,Campaign negative,Expanded negative control
SZ_Search_BayArea_Hyper_ExactPhrase_2026,free support,Phrase,Campaign negative,Expanded negative control
SZ_Search_BayArea_Hyper_ExactPhrase_2026,freezer storage,Phrase,Campaign negative,Expanded negative control
SZ_Search_BayArea_Hyper_ExactPhrase_2026,french door sub zero fridge,Exact,Campaign negative,Expanded negative control
SZ_Search_BayArea_Hyper_ExactPhrase_2026,french door sub zero refrigerator,Exact,Campaign negative,Expanded negative control
SZ_Search_BayArea_Hyper_ExactPhrase_2026,fridge art,Phrase,Campaign negative,Expanded negative control
SZ_Search_BayArea_Hyper_ExactPhrase_2026,fridge cover,Phrase,Campaign negative,Expanded negative control
SZ_Search_BayArea_Hyper_ExactPhrase_2026,fridge decal,Phrase,Campaign negative,Expanded negative control
SZ_Search_BayArea_Hyper_ExactPhrase_2026,fridge magnet,Phrase,Campaign negative,Expanded negative control
SZ_Search_BayArea_Hyper_ExactPhrase_2026,fridge mural,Phrase,Campaign negative,Expanded negative control
SZ_Search_BayArea_Hyper_ExactPhrase_2026,fridge protector,Phrase,Campaign negative,Expanded negative control
SZ_Search_BayArea_Hyper_ExactPhrase_2026,fridge skin,Phrase,Campaign negative,Expanded negative control
SZ_Search_BayArea_Hyper_ExactPhrase_2026,fridge stickers,Phrase,Campaign negative,Expanded negative control
SZ_Search_BayArea_Hyper_ExactPhrase_2026,fridge sub zero,Exact,Campaign negative,Expanded negative control
SZ_Search_BayArea_Hyper_ExactPhrase_2026,fridge sub zero prices,Exact,Campaign negative,Expanded negative control
SZ_Search_BayArea_Hyper_ExactPhrase_2026,fridge vinyl sticker,Phrase,Campaign negative,Expanded negative control
SZ_Search_BayArea_Hyper_ExactPhrase_2026,fridge wallpaper,Phrase,Campaign negative,Expanded negative control
SZ_Search_BayArea_Hyper_ExactPhrase_2026,fridge with camera,Phrase,Campaign negative,Expanded negative control
SZ_Search_BayArea_Hyper_ExactPhrase_2026,fridge with screen,Phrase,Campaign negative,Expanded negative control
SZ_Search_BayArea_Hyper_ExactPhrase_2026,fridge with speaker,Phrase,Campaign negative,Expanded negative control
SZ_Search_BayArea_Hyper_ExactPhrase_2026,frigidaire,Broad,Campaign negative,Expanded negative control
SZ_Search_BayArea_Hyper_ExactPhrase_2026,frost in sub zero freezer,Exact,Campaign negative,Expanded negative control
SZ_Search_BayArea_Hyper_ExactPhrase_2026,funeral cooler,Phrase,Campaign negative,Expanded negative control
SZ_Search_BayArea_Hyper_ExactPhrase_2026,funny fridge,Phrase,Campaign negative,Expanded negative control
SZ_Search_BayArea_Hyper_ExactPhrase_2026,funny fridge sticker,Phrase,Campaign negative,Expanded negative control
SZ_Search_BayArea_Hyper_ExactPhrase_2026,funny magnet,Phrase,Campaign negative,Expanded negative control
SZ_Search_BayArea_Hyper_ExactPhrase_2026,fuse,Broad,Campaign negative,Expanded negative control
SZ_Search_BayArea_Hyper_ExactPhrase_2026,futuristic fridge,Phrase,Campaign negative,Expanded negative control
SZ_Search_BayArea_Hyper_ExactPhrase_2026,gag fridge,Phrase,Campaign negative,Expanded negative control
SZ_Search_BayArea_Hyper_ExactPhrase_2026,gamer fridge,Phrase,Campaign negative,Expanded negative control
SZ_Search_BayArea_Hyper_ExactPhrase_2026,gaming fridge,Phrase,Campaign negative,Expanded negative control
SZ_Search_BayArea_Hyper_ExactPhrase_2026,garage fridge,Phrase,Campaign negative,Expanded negative control
SZ_Search_BayArea_Hyper_ExactPhrase_2026,garbage fridge,Phrase,Campaign negative,Expanded negative control
SZ_Search_BayArea_Hyper_ExactPhrase_2026,gasket,Broad,Campaign negative,Expanded negative control
SZ_Search_BayArea_Hyper_ExactPhrase_2026,ge,Broad,Campaign negative,Expanded negative control
SZ_Search_BayArea_Hyper_ExactPhrase_2026,ge 42 inch monogram refrigerator,Exact,Campaign negative,Expanded negative control
SZ_Search_BayArea_Hyper_ExactPhrase_2026,ge monogram 27 inch double oven,Exact,Campaign negative,Expanded negative control
SZ_Search_BayArea_Hyper_ExactPhrase_2026,ge monogram 27 inch double wall oven,Exact,Campaign negative,Expanded negative control
SZ_Search_BayArea_Hyper_ExactPhrase_2026,ge monogram 27 inch wall oven,Exact,Campaign negative,Expanded negative control
SZ_Search_BayArea_Hyper_ExactPhrase_2026,ge monogram 30 inch double wall oven,Exact,Campaign negative,Expanded negative control
SZ_Search_BayArea_Hyper_ExactPhrase_2026,ge monogram 30 inch wall oven,Exact,Campaign negative,Expanded negative control
SZ_Search_BayArea_Hyper_ExactPhrase_2026,ge monogram 42 inch built in refrigerator,Exact,Campaign negative,Expanded negative control
SZ_Search_BayArea_Hyper_ExactPhrase_2026,ge monogram 42 inch refrigerator,Exact,Campaign negative,Expanded negative control
SZ_Search_BayArea_Hyper_ExactPhrase_2026,ge monogram 42 inch side by side refrigerator,Exact,Campaign negative,Expanded negative control
SZ_Search_BayArea_Hyper_ExactPhrase_2026,ge monogram 48 inch refrigerator,Exact,Campaign negative,Expanded negative control
SZ_Search_BayArea_Hyper_ExactPhrase_2026,ge monogram 48 inch side by side built in refrigerator,Exact,Campaign negative,Expanded negative control
SZ_Search_BayArea_Hyper_ExactPhrase_2026,ge monogram double oven 27 inch,Exact,Campaign negative,Expanded negative control
SZ_Search_BayArea_Hyper_ExactPhrase_2026,ge monogram refrigerator 36 inch,Exact,Campaign negative,Expanded negative control
SZ_Search_BayArea_Hyper_ExactPhrase_2026,ge monogram refrigerator 42 inch,Exact,Campaign negative,Expanded negative control
SZ_Search_BayArea_Hyper_ExactPhrase_2026,ge monogram refrigerator 42 inch price,Exact,Campaign negative,Expanded negative control
SZ_Search_BayArea_Hyper_ExactPhrase_2026,ge monogram refrigerator 48 inch,Exact,Campaign negative,Expanded negative control
SZ_Search_BayArea_Hyper_ExactPhrase_2026,ge monogram sub zero refrigerator,Exact,Campaign negative,Expanded negative control
SZ_Search_BayArea_Hyper_ExactPhrase_2026,ge parts,Phrase,Campaign negative,Expanded negative control
SZ_Search_BayArea_Hyper_ExactPhrase_2026,ge sub zero refrigerator,Exact,Campaign negative,Expanded negative control
SZ_Search_BayArea_Hyper_ExactPhrase_2026,generic,Broad,Campaign negative,Expanded negative control
SZ_Search_BayArea_Hyper_ExactPhrase_2026,giveaway fridge,Phrase,Campaign negative,Expanded negative control
SZ_Search_BayArea_Hyper_ExactPhrase_2026,gold fridge,Phrase,Campaign negative,Expanded negative control
SZ_Search_BayArea_Hyper_ExactPhrase_2026,google cooler,Phrase,Campaign negative,Expanded negative control
SZ_Search_BayArea_Hyper_ExactPhrase_2026,google fridge,Phrase,Campaign negative,Expanded negative control
SZ_Search_BayArea_Hyper_ExactPhrase_2026,government fridge,Phrase,Campaign negative,Expanded negative control
SZ_Search_BayArea_Hyper_ExactPhrase_2026,graffiti fridge,Phrase,Campaign negative,Expanded negative control
SZ_Search_BayArea_Hyper_ExactPhrase_2026,green fridge,Phrase,Campaign negative,Expanded negative control
SZ_Search_BayArea_Hyper_ExactPhrase_2026,griddle,Broad,Campaign negative,Expanded negative control
SZ_Search_BayArea_Hyper_ExactPhrase_2026,grocery cooler,Phrase,Campaign negative,Expanded negative control
SZ_Search_BayArea_Hyper_ExactPhrase_2026,groupon sub zero,Exact,Campaign negative,Expanded negative control
SZ_Search_BayArea_Hyper_ExactPhrase_2026,guide,Broad,Campaign negative,Expanded negative control
SZ_Search_BayArea_Hyper_ExactPhrase_2026,h2 lo sub zero,Exact,Campaign negative,Expanded negative control
SZ_Search_BayArea_Hyper_ExactPhrase_2026,handle,Broad,Campaign negative,Expanded negative control
SZ_Search_BayArea_Hyper_ExactPhrase_2026,handle replacement,Phrase,Campaign negative,Expanded negative control
SZ_Search_BayArea_Hyper_ExactPhrase_2026,haul away fridge,Phrase,Campaign negative,Expanded negative control
SZ_Search_BayArea_Hyper_ExactPhrase_2026,help fridge,Phrase,Campaign negative,Expanded negative control
SZ_Search_BayArea_Hyper_ExactPhrase_2026,hinge,Broad,Campaign negative,Expanded negative control
SZ_Search_BayArea_Hyper_ExactPhrase_2026,hiring,Broad,Campaign negative,Expanded negative control
SZ_Search_BayArea_Hyper_ExactPhrase_2026,home depot,Phrase,Campaign negative,Expanded negative control
SZ_Search_BayArea_Hyper_ExactPhrase_2026,homeless fridge,Phrase,Campaign negative,Expanded negative control
SZ_Search_BayArea_Hyper_ExactPhrase_2026,honolulu,Broad,Campaign negative,Expanded negative control
SZ_Search_BayArea_Hyper_ExactPhrase_2026,hood,Broad,Campaign negative,Expanded negative control
SZ_Search_BayArea_Hyper_ExactPhrase_2026,hospital fridge,Phrase,Campaign negative,Expanded negative control
SZ_Search_BayArea_Hyper_ExactPhrase_2026,hotel cooler,Phrase,Campaign negative,Expanded negative control
SZ_Search_BayArea_Hyper_ExactPhrase_2026,hotel fridge,Phrase,Campaign negative,Expanded negative control
SZ_Search_BayArea_Hyper_ExactPhrase_2026,hotline fridge,Phrase,Campaign negative,Expanded negative control
SZ_Search_BayArea_Hyper_ExactPhrase_2026,hotpoint,Broad,Campaign negative,Expanded negative control
SZ_Search_BayArea_Hyper_ExactPhrase_2026,houston,Broad,Campaign negative,Expanded negative control
SZ_Search_BayArea_Hyper_ExactPhrase_2026,how,Broad,Campaign negative,Expanded negative control
SZ_Search_BayArea_Hyper_ExactPhrase_2026,how to,Phrase,Campaign negative,Expanded negative control
SZ_Search_BayArea_Hyper_ExactPhrase_2026,how to fix,Phrase,Campaign negative,Expanded negative control
SZ_Search_BayArea_Hyper_ExactPhrase_2026,how to fridge repair,Phrase,Campaign negative,Expanded negative control
SZ_Search_BayArea_Hyper_ExactPhrase_2026,hunting cooler,Phrase,Campaign negative,Expanded negative control
SZ_Search_BayArea_Hyper_ExactPhrase_2026,hvac,Broad,Campaign negative,Expanded negative control
SZ_Search_BayArea_Hyper_ExactPhrase_2026,ic 24fi lh,Exact,Campaign negative,Expanded negative control
SZ_Search_BayArea_Hyper_ExactPhrase_2026,ic 24fi rh,Exact,Campaign negative,Expanded negative control
SZ_Search_BayArea_Hyper_ExactPhrase_2026,ice bin,Phrase,Campaign negative,Expanded negative control
SZ_Search_BayArea_Hyper_ExactPhrase_2026,ice chest,Phrase,Campaign negative,Expanded negative control
SZ_Search_BayArea_Hyper_ExactPhrase_2026,ice machine,Phrase,Campaign negative,Expanded negative control
SZ_Search_BayArea_Hyper_ExactPhrase_2026,ice machine repair,Phrase,Campaign negative,Expanded negative control
SZ_Search_BayArea_Hyper_ExactPhrase_2026,ice maker filter,Phrase,Campaign negative,Expanded negative control
SZ_Search_BayArea_Hyper_ExactPhrase_2026,ice maker sub zero,Exact,Campaign negative,Expanded negative control
SZ_Search_BayArea_Hyper_ExactPhrase_2026,ice storage,Phrase,Campaign negative,Expanded negative control
SZ_Search_BayArea_Hyper_ExactPhrase_2026,id 24f,Exact,Campaign negative,Expanded negative control
SZ_Search_BayArea_Hyper_ExactPhrase_2026,id 27r,Exact,Campaign negative,Expanded negative control
SZ_Search_BayArea_Hyper_ExactPhrase_2026,id 36r,Exact,Campaign negative,Expanded negative control
SZ_Search_BayArea_Hyper_ExactPhrase_2026,ikea,Broad,Campaign negative,Expanded negative control
SZ_Search_BayArea_Hyper_ExactPhrase_2026,imbd04 012,Exact,Campaign negative,Expanded negative control
SZ_Search_BayArea_Hyper_ExactPhrase_2026,inc,Broad,Campaign negative,Expanded negative control
SZ_Search_BayArea_Hyper_ExactPhrase_2026,indianapolis,Broad,Campaign negative,Expanded negative control
SZ_Search_BayArea_Hyper_ExactPhrase_2026,industrial refrigerator,Phrase,Campaign negative,Expanded negative control
SZ_Search_BayArea_Hyper_ExactPhrase_2026,install,Broad,Campaign negative,Expanded negative control
SZ_Search_BayArea_Hyper_ExactPhrase_2026,installation,Broad,Campaign negative,Expanded negative control
SZ_Search_BayArea_Hyper_ExactPhrase_2026,installer,Broad,Campaign negative,Expanded negative control
SZ_Search_BayArea_Hyper_ExactPhrase_2026,installers,Broad,Campaign negative,Expanded negative control
SZ_Search_BayArea_Hyper_ExactPhrase_2026,installing sub zero fridge,Exact,Campaign negative,Expanded negative control
SZ_Search_BayArea_Hyper_ExactPhrase_2026,instructions,Broad,Campaign negative,Expanded negative control
SZ_Search_BayArea_Hyper_ExactPhrase_2026,insulated bag,Phrase,Campaign negative,Expanded negative control
SZ_Search_BayArea_Hyper_ExactPhrase_2026,insurance fridge,Phrase,Campaign negative,Expanded negative control
SZ_Search_BayArea_Hyper_ExactPhrase_2026,integrated sub zero fridge,Exact,Campaign negative,Expanded negative control
SZ_Search_BayArea_Hyper_ExactPhrase_2026,interactive fridge,Phrase,Campaign negative,Expanded negative control
SZ_Search_BayArea_Hyper_ExactPhrase_2026,interior light,Phrase,Campaign negative,Expanded negative control
SZ_Search_BayArea_Hyper_ExactPhrase_2026,internet fridge,Phrase,Campaign negative,Expanded negative control
SZ_Search_BayArea_Hyper_ExactPhrase_2026,internship,Broad,Campaign negative,Expanded negative control
SZ_Search_BayArea_Hyper_ExactPhrase_2026,iron repair,Phrase,Campaign negative,Expanded negative control
SZ_Search_BayArea_Hyper_ExactPhrase_2026,is a sub zero fridge worth it,Exact,Campaign negative,Expanded negative control
SZ_Search_BayArea_Hyper_ExactPhrase_2026,is sub zero fridge worth it,Exact,Campaign negative,Expanded negative control
SZ_Search_BayArea_Hyper_ExactPhrase_2026,is sub zero refrigerator worth it,Exact,Campaign negative,Expanded negative control
SZ_Search_BayArea_Hyper_ExactPhrase_2026,it 36ci,Exact,Campaign negative,Expanded negative control
SZ_Search_BayArea_Hyper_ExactPhrase_2026,it 36ci rh,Exact,Campaign negative,Expanded negative control
SZ_Search_BayArea_Hyper_ExactPhrase_2026,it 36ciid rh,Exact,Campaign negative,Expanded negative control
SZ_Search_BayArea_Hyper_ExactPhrase_2026,jersey,Broad,Campaign negative,Expanded negative control
SZ_Search_BayArea_Hyper_ExactPhrase_2026,job,Broad,Campaign negative,Expanded negative control
SZ_Search_BayArea_Hyper_ExactPhrase_2026,jobs,Broad,Campaign negative,Expanded negative control
SZ_Search_BayArea_Hyper_ExactPhrase_2026,joke fridge,Phrase,Campaign negative,Expanded negative control
SZ_Search_BayArea_Hyper_ExactPhrase_2026,juice cooler,Phrase,Campaign negative,Expanded negative control
SZ_Search_BayArea_Hyper_ExactPhrase_2026,junk fridge,Phrase,Campaign negative,Expanded negative control
SZ_Search_BayArea_Hyper_ExactPhrase_2026,junkyard fridge,Phrase,Campaign negative,Expanded negative control
SZ_Search_BayArea_Hyper_ExactPhrase_2026,keg cooler,Phrase,Campaign negative,Expanded negative control
SZ_Search_BayArea_Hyper_ExactPhrase_2026,kenmore,Broad,Campaign negative,Expanded negative control
SZ_Search_BayArea_Hyper_ExactPhrase_2026,kettle repair,Phrase,Campaign negative,Expanded negative control
SZ_Search_BayArea_Hyper_ExactPhrase_2026,kids fridge,Phrase,Campaign negative,Expanded negative control
SZ_Search_BayArea_Hyper_ExactPhrase_2026,kitchenaid,Broad,Campaign negative,Expanded negative control
SZ_Search_BayArea_Hyper_ExactPhrase_2026,kitchenaid sub zero refrigerator,Exact,Campaign negative,Expanded negative control
SZ_Search_BayArea_Hyper_ExactPhrase_2026,ky,Broad,Campaign negative,Expanded negative control
SZ_Search_BayArea_Hyper_ExactPhrase_2026,lab cooler,Phrase,Campaign negative,Expanded negative control
SZ_Search_BayArea_Hyper_ExactPhrase_2026,lab refrigerator,Phrase,Campaign negative,Expanded negative control
SZ_Search_BayArea_Hyper_ExactPhrase_2026,lake,Broad,Campaign negative,Expanded negative control
SZ_Search_BayArea_Hyper_ExactPhrase_2026,landfill fridge,Phrase,Campaign negative,Expanded negative control
SZ_Search_BayArea_Hyper_ExactPhrase_2026,large sub zero fridge,Exact,Campaign negative,Expanded negative control
SZ_Search_BayArea_Hyper_ExactPhrase_2026,lawsuit,Broad,Campaign negative,Expanded negative control
SZ_Search_BayArea_Hyper_ExactPhrase_2026,lead time for sub zero refrigerator,Exact,Campaign negative,Expanded negative control
SZ_Search_BayArea_Hyper_ExactPhrase_2026,learn fridge repair,Phrase,Campaign negative,Expanded negative control
SZ_Search_BayArea_Hyper_ExactPhrase_2026,lease fridge,Phrase,Campaign negative,Expanded negative control
SZ_Search_BayArea_Hyper_ExactPhrase_2026,led fridge,Phrase,Campaign negative,Expanded negative control
SZ_Search_BayArea_Hyper_ExactPhrase_2026,led light,Phrase,Campaign negative,Expanded negative control
SZ_Search_BayArea_Hyper_ExactPhrase_2026,lg,Broad,Campaign negative,Expanded negative control
SZ_Search_BayArea_Hyper_ExactPhrase_2026,lg filter,Phrase,Campaign negative,Expanded negative control
SZ_Search_BayArea_Hyper_ExactPhrase_2026,lg smart fridge,Phrase,Campaign negative,Expanded negative control
SZ_Search_BayArea_Hyper_ExactPhrase_2026,license,Broad,Campaign negative,Expanded negative control
SZ_Search_BayArea_Hyper_ExactPhrase_2026,lifespan,Broad,Campaign negative,Expanded negative control
SZ_Search_BayArea_Hyper_ExactPhrase_2026,light bulb,Phrase,Campaign negative,Expanded negative control
SZ_Search_BayArea_Hyper_ExactPhrase_2026,light bulb for sub zero refrigerator,Exact,Campaign negative,Expanded negative control
SZ_Search_BayArea_Hyper_ExactPhrase_2026,liquid nitrogen,Broad,Campaign negative,Expanded negative control
SZ_Search_BayArea_Hyper_ExactPhrase_2026,list,Broad,Campaign negative,Expanded negative control
SZ_Search_BayArea_Hyper_ExactPhrase_2026,llc,Broad,Campaign negative,Expanded negative control
SZ_Search_BayArea_Hyper_ExactPhrase_2026,location,Broad,Campaign negative,Expanded negative control
SZ_Search_BayArea_Hyper_ExactPhrase_2026,locked,Broad,Campaign negative,Expanded negative control
SZ_Search_BayArea_Hyper_ExactPhrase_2026,login,Broad,Campaign negative,Expanded negative control
SZ_Search_BayArea_Hyper_ExactPhrase_2026,long term fridge rental,Phrase,Campaign negative,Expanded negative control
SZ_Search_BayArea_Hyper_ExactPhrase_2026,loose handle on sub zero custom panel,Exact,Campaign negative,Expanded negative control
SZ_Search_BayArea_Hyper_ExactPhrase_2026,louisville,Broad,Campaign negative,Expanded negative control
SZ_Search_BayArea_Hyper_ExactPhrase_2026,low cost,Broad,Campaign negative,Expanded negative control
SZ_Search_BayArea_Hyper_ExactPhrase_2026,lowes,Broad,Campaign negative,Expanded negative control
SZ_Search_BayArea_Hyper_ExactPhrase_2026,lunch box cooler,Phrase,Campaign negative,Expanded negative control
SZ_Search_BayArea_Hyper_ExactPhrase_2026,lunch cooler,Phrase,Campaign negative,Expanded negative control
SZ_Search_BayArea_Hyper_ExactPhrase_2026,luxury fridge,Phrase,Campaign negative,Expanded negative control
SZ_Search_BayArea_Hyper_ExactPhrase_2026,made,Broad,Campaign negative,Expanded negative control
SZ_Search_BayArea_Hyper_ExactPhrase_2026,magnetic board,Phrase,Campaign negative,Expanded negative control
SZ_Search_BayArea_Hyper_ExactPhrase_2026,make,Broad,Campaign negative,Expanded negative control
SZ_Search_BayArea_Hyper_ExactPhrase_2026,manual,Broad,Campaign negative,Expanded negative control
SZ_Search_BayArea_Hyper_ExactPhrase_2026,manuals,Broad,Campaign negative,Expanded negative control
SZ_Search_BayArea_Hyper_ExactPhrase_2026,manufacturer,Broad,Campaign negative,Expanded negative control
SZ_Search_BayArea_Hyper_ExactPhrase_2026,marketing fridge magnet,Phrase,Campaign negative,Expanded negative control
SZ_Search_BayArea_Hyper_ExactPhrase_2026,marketplace,Broad,Campaign negative,Expanded negative control
SZ_Search_BayArea_Hyper_ExactPhrase_2026,marketplace fridge,Phrase,Campaign negative,Expanded negative control
SZ_Search_BayArea_Hyper_ExactPhrase_2026,massachusetts,Broad,Campaign negative,Expanded negative control
SZ_Search_BayArea_Hyper_ExactPhrase_2026,maytag,Broad,Campaign negative,Expanded negative control
SZ_Search_BayArea_Hyper_ExactPhrase_2026,meat cooler,Phrase,Campaign negative,Expanded negative control
SZ_Search_BayArea_Hyper_ExactPhrase_2026,medical fridge,Phrase,Campaign negative,Expanded negative control
SZ_Search_BayArea_Hyper_ExactPhrase_2026,medidas refrigerador sub zero,Exact,Campaign negative,Expanded negative control
SZ_Search_BayArea_Hyper_ExactPhrase_2026,meme fridge,Phrase,Campaign negative,Expanded negative control
SZ_Search_BayArea_Hyper_ExactPhrase_2026,message,Broad,Campaign negative,Expanded negative control
SZ_Search_BayArea_Hyper_ExactPhrase_2026,metal scrap fridge,Phrase,Campaign negative,Expanded negative control
SZ_Search_BayArea_Hyper_ExactPhrase_2026,miami,Broad,Campaign negative,Expanded negative control
SZ_Search_BayArea_Hyper_ExactPhrase_2026,microsoft fridge,Phrase,Campaign negative,Expanded negative control
SZ_Search_BayArea_Hyper_ExactPhrase_2026,microwave,Broad,Campaign negative,Expanded negative control
SZ_Search_BayArea_Hyper_ExactPhrase_2026,microwave repair,Phrase,Campaign negative,Expanded negative control
SZ_Search_BayArea_Hyper_ExactPhrase_2026,miele,Broad,Campaign negative,Expanded negative control
SZ_Search_BayArea_Hyper_ExactPhrase_2026,miele sub zero refrigerator,Exact,Campaign negative,Expanded negative control
SZ_Search_BayArea_Hyper_ExactPhrase_2026,military fridge,Phrase,Campaign negative,Expanded negative control
SZ_Search_BayArea_Hyper_ExactPhrase_2026,milk cooler,Phrase,Campaign negative,Expanded negative control
SZ_Search_BayArea_Hyper_ExactPhrase_2026,milwaukee,Broad,Campaign negative,Expanded negative control
SZ_Search_BayArea_Hyper_ExactPhrase_2026,mini bar,Phrase,Campaign negative,Expanded negative control
SZ_Search_BayArea_Hyper_ExactPhrase_2026,mini fridge,Phrase,Campaign negative,Expanded negative control
SZ_Search_BayArea_Hyper_ExactPhrase_2026,mini magnet,Phrase,Campaign negative,Expanded negative control
SZ_Search_BayArea_Hyper_ExactPhrase_2026,mini sub zero,Exact,Campaign negative,Expanded negative control
SZ_Search_BayArea_Hyper_ExactPhrase_2026,mini sub zero fridge,Exact,Campaign negative,Expanded negative control
SZ_Search_BayArea_Hyper_ExactPhrase_2026,miniature fridge,Phrase,Campaign negative,Expanded negative control
SZ_Search_BayArea_Hyper_ExactPhrase_2026,mixer,Broad,Campaign negative,Expanded negative control
SZ_Search_BayArea_Hyper_ExactPhrase_2026,mode,Broad,Campaign negative,Expanded negative control
SZ_Search_BayArea_Hyper_ExactPhrase_2026,model fridge,Phrase,Campaign negative,Expanded negative control
SZ_Search_BayArea_Hyper_ExactPhrase_2026,monogram,Broad,Campaign negative,Expanded negative control
SZ_Search_BayArea_Hyper_ExactPhrase_2026,monogram 42 inch refrigerator,Exact,Campaign negative,Expanded negative control
SZ_Search_BayArea_Hyper_ExactPhrase_2026,monogram 48 inch refrigerator,Exact,Campaign negative,Expanded negative control
SZ_Search_BayArea_Hyper_ExactPhrase_2026,monogram refrigerator 36 inch,Exact,Campaign negative,Expanded negative control
SZ_Search_BayArea_Hyper_ExactPhrase_2026,morgue refrigerator,Phrase,Campaign negative,Expanded negative control
SZ_Search_BayArea_Hyper_ExactPhrase_2026,mortuary fridge,Phrase,Campaign negative,Expanded negative control
SZ_Search_BayArea_Hyper_ExactPhrase_2026,motel cooler,Phrase,Campaign negative,Expanded negative control
SZ_Search_BayArea_Hyper_ExactPhrase_2026,motel fridge,Phrase,Campaign negative,Expanded negative control
SZ_Search_BayArea_Hyper_ExactPhrase_2026,moving,Broad,Campaign negative,Expanded negative control
SZ_Search_BayArea_Hyper_ExactPhrase_2026,moving a sub zero fridge,Exact,Campaign negative,Expanded negative control
SZ_Search_BayArea_Hyper_ExactPhrase_2026,moving sub zero fridge,Exact,Campaign negative,Expanded negative control
SZ_Search_BayArea_Hyper_ExactPhrase_2026,music fridge,Phrase,Campaign negative,Expanded negative control
SZ_Search_BayArea_Hyper_ExactPhrase_2026,navy fridge,Phrase,Campaign negative,Expanded negative control
SZ_Search_BayArea_Hyper_ExactPhrase_2026,nearest shop,Phrase,Campaign negative,Expanded negative control
SZ_Search_BayArea_Hyper_ExactPhrase_2026,new,Broad,Campaign negative,Expanded negative control
SZ_Search_BayArea_Hyper_ExactPhrase_2026,new freezer,Phrase,Campaign negative,Expanded negative control
SZ_Search_BayArea_Hyper_ExactPhrase_2026,new refrigerator,Phrase,Campaign negative,Expanded negative control
SZ_Search_BayArea_Hyper_ExactPhrase_2026,new sub zero fridge,Exact,Campaign negative,Expanded negative control
SZ_Search_BayArea_Hyper_ExactPhrase_2026,next day delivery fridge,Phrase,Campaign negative,Expanded negative control
SZ_Search_BayArea_Hyper_ExactPhrase_2026,nintendo fridge,Phrase,Campaign negative,Expanded negative control
SZ_Search_BayArea_Hyper_ExactPhrase_2026,novelty magnet,Phrase,Campaign negative,Expanded negative control
SZ_Search_BayArea_Hyper_ExactPhrase_2026,nurse fridge,Phrase,Campaign negative,Expanded negative control
SZ_Search_BayArea_Hyper_ExactPhrase_2026,ny,Broad,Campaign negative,Expanded negative control
SZ_Search_BayArea_Hyper_ExactPhrase_2026,nyc,Broad,Campaign negative,Expanded negative control
SZ_Search_BayArea_Hyper_ExactPhrase_2026,offers,Broad,Campaign negative,Expanded negative control
SZ_Search_BayArea_Hyper_ExactPhrase_2026,office cooler,Phrase,Campaign negative,Expanded negative control
SZ_Search_BayArea_Hyper_ExactPhrase_2026,office fridge,Phrase,Campaign negative,Expanded negative control
SZ_Search_BayArea_Hyper_ExactPhrase_2026,office fridge rental,Phrase,Campaign negative,Expanded negative control
SZ_Search_BayArea_Hyper_ExactPhrase_2026,official,Broad,Campaign negative,Expanded negative control
SZ_Search_BayArea_Hyper_ExactPhrase_2026,official service,Phrase,Campaign negative,Expanded negative control
SZ_Search_BayArea_Hyper_ExactPhrase_2026,oilfield,Broad,Campaign negative,Expanded negative control
SZ_Search_BayArea_Hyper_ExactPhrase_2026,oklahoma,Broad,Campaign negative,Expanded negative control
SZ_Search_BayArea_Hyper_ExactPhrase_2026,old fridge,Phrase,Campaign negative,Expanded negative control
SZ_Search_BayArea_Hyper_ExactPhrase_2026,online chat,Phrase,Campaign negative,Expanded negative control
SZ_Search_BayArea_Hyper_ExactPhrase_2026,online course,Phrase,Campaign negative,Expanded negative control
SZ_Search_BayArea_Hyper_ExactPhrase_2026,order,Broad,Campaign negative,Expanded negative control
SZ_Search_BayArea_Hyper_ExactPhrase_2026,outlet,Broad,Campaign negative,Expanded negative control
SZ_Search_BayArea_Hyper_ExactPhrase_2026,oven repair,Exact,Campaign negative,Expanded negative control
SZ_Search_BayArea_Hyper_ExactPhrase_2026,owner manual,Phrase,Campaign negative,Expanded negative control
SZ_Search_BayArea_Hyper_ExactPhrase_2026,owns,Broad,Campaign negative,Expanded negative control
SZ_Search_BayArea_Hyper_ExactPhrase_2026,package,Broad,Campaign negative,Expanded negative control
SZ_Search_BayArea_Hyper_ExactPhrase_2026,painted fridge,Phrase,Campaign negative,Expanded negative control
SZ_Search_BayArea_Hyper_ExactPhrase_2026,panel ready refrigerator sub zero,Exact,Campaign negative,Expanded negative control
SZ_Search_BayArea_Hyper_ExactPhrase_2026,panel ready sub zero refrigerator,Exact,Campaign negative,Expanded negative control
SZ_Search_BayArea_Hyper_ExactPhrase_2026,part,Broad,Campaign negative,Expanded negative control
SZ_Search_BayArea_Hyper_ExactPhrase_2026,parts,Broad,Campaign negative,Expanded negative control
SZ_Search_BayArea_Hyper_ExactPhrase_2026,parts fridge,Phrase,Campaign negative,Expanded negative control
SZ_Search_BayArea_Hyper_ExactPhrase_2026,parts store,Phrase,Campaign negative,Expanded negative control
SZ_Search_BayArea_Hyper_ExactPhrase_2026,pastry fridge,Phrase,Campaign negative,Expanded negative control
SZ_Search_BayArea_Hyper_ExactPhrase_2026,patient fridge,Phrase,Campaign negative,Expanded negative control
SZ_Search_BayArea_Hyper_ExactPhrase_2026,pdf,Broad,Campaign negative,Expanded negative control
SZ_Search_BayArea_Hyper_ExactPhrase_2026,pdf manual,Phrase,Campaign negative,Expanded negative control
SZ_Search_BayArea_Hyper_ExactPhrase_2026,pdf repair guide,Phrase,Campaign negative,Expanded negative control
SZ_Search_BayArea_Hyper_ExactPhrase_2026,personalized magnet,Phrase,Campaign negative,Expanded negative control
SZ_Search_BayArea_Hyper_ExactPhrase_2026,pet refrigerator,Phrase,Campaign negative,Expanded negative control
SZ_Search_BayArea_Hyper_ExactPhrase_2026,pharmaceutical fridge,Phrase,Campaign negative,Expanded negative control
SZ_Search_BayArea_Hyper_ExactPhrase_2026,pharmacy fridge,Phrase,Campaign negative,Expanded negative control
SZ_Search_BayArea_Hyper_ExactPhrase_2026,phoenix sub zero,Exact,Campaign negative,Expanded negative control
SZ_Search_BayArea_Hyper_ExactPhrase_2026,phone,Broad,Campaign negative,Expanded negative control
SZ_Search_BayArea_Hyper_ExactPhrase_2026,phone number,Phrase,Campaign negative,Expanded negative control
SZ_Search_BayArea_Hyper_ExactPhrase_2026,photo magnet,Phrase,Campaign negative,Expanded negative control
SZ_Search_BayArea_Hyper_ExactPhrase_2026,picnic basket cooler,Phrase,Campaign negative,Expanded negative control
SZ_Search_BayArea_Hyper_ExactPhrase_2026,picnic cooler,Phrase,Campaign negative,Expanded negative control
SZ_Search_BayArea_Hyper_ExactPhrase_2026,pink fridge,Phrase,Campaign negative,Expanded negative control
SZ_Search_BayArea_Hyper_ExactPhrase_2026,plan,Broad,Campaign negative,Expanded negative control
SZ_Search_BayArea_Hyper_ExactPhrase_2026,plans,Broad,Campaign negative,Expanded negative control
SZ_Search_BayArea_Hyper_ExactPhrase_2026,plastic fridge,Phrase,Campaign negative,Expanded negative control
SZ_Search_BayArea_Hyper_ExactPhrase_2026,playstation fridge,Phrase,Campaign negative,Expanded negative control
SZ_Search_BayArea_Hyper_ExactPhrase_2026,portable fridge,Phrase,Campaign negative,Expanded negative control
SZ_Search_BayArea_Hyper_ExactPhrase_2026,portable ice chest,Phrase,Campaign negative,Expanded negative control
SZ_Search_BayArea_Hyper_ExactPhrase_2026,poultry fridge,Phrase,Campaign negative,Expanded negative control
SZ_Search_BayArea_Hyper_ExactPhrase_2026,prank fridge,Phrase,Campaign negative,Expanded negative control
SZ_Search_BayArea_Hyper_ExactPhrase_2026,pre owned sub zero refrigerator,Exact,Campaign negative,Expanded negative control
SZ_Search_BayArea_Hyper_ExactPhrase_2026,precio refrigerador sub zero,Exact,Campaign negative,Expanded negative control
SZ_Search_BayArea_Hyper_ExactPhrase_2026,preventive maintenance,Phrase,Campaign negative,Expanded negative control
SZ_Search_BayArea_Hyper_ExactPhrase_2026,price,Broad,Campaign negative,Expanded negative control
SZ_Search_BayArea_Hyper_ExactPhrase_2026,price list,Phrase,Campaign negative,Expanded negative control
SZ_Search_BayArea_Hyper_ExactPhrase_2026,price of sub zero refrigerator,Exact,Campaign negative,Expanded negative control
SZ_Search_BayArea_Hyper_ExactPhrase_2026,price of sub zero refrigerator freezer,Exact,Campaign negative,Expanded negative control
SZ_Search_BayArea_Hyper_ExactPhrase_2026,price sub zero 48 inch refrigerator,Exact,Campaign negative,Expanded negative control
SZ_Search_BayArea_Hyper_ExactPhrase_2026,price sub zero refrigerator,Exact,Campaign negative,Expanded negative control
SZ_Search_BayArea_Hyper_ExactPhrase_2026,prices,Broad,Campaign negative,Expanded negative control
SZ_Search_BayArea_Hyper_ExactPhrase_2026,prices on sub zero refrigerators,Exact,Campaign negative,Expanded negative control
SZ_Search_BayArea_Hyper_ExactPhrase_2026,printed wrap fridge,Phrase,Campaign negative,Expanded negative control
SZ_Search_BayArea_Hyper_ExactPhrase_2026,pro3650g rh,Exact,Campaign negative,Expanded negative control
SZ_Search_BayArea_Hyper_ExactPhrase_2026,pro48 sub zero,Exact,Campaign negative,Expanded negative control
SZ_Search_BayArea_Hyper_ExactPhrase_2026,pro4850,Exact,Campaign negative,Expanded negative control
SZ_Search_BayArea_Hyper_ExactPhrase_2026,pro4850g,Exact,Campaign negative,Expanded negative control
SZ_Search_BayArea_Hyper_ExactPhrase_2026,pro4850g sub zero,Exact,Campaign negative,Expanded negative control
SZ_Search_BayArea_Hyper_ExactPhrase_2026,processor,Broad,Campaign negative,Expanded negative control
SZ_Search_BayArea_Hyper_ExactPhrase_2026,promo,Broad,Campaign negative,Expanded negative control
SZ_Search_BayArea_Hyper_ExactPhrase_2026,promo code,Phrase,Campaign negative,Expanded negative control
SZ_Search_BayArea_Hyper_ExactPhrase_2026,promotional cooler,Phrase,Campaign negative,Expanded negative control
SZ_Search_BayArea_Hyper_ExactPhrase_2026,promotions,Broad,Campaign negative,Expanded negative control
SZ_Search_BayArea_Hyper_ExactPhrase_2026,provider,Broad,Campaign negative,Expanded negative control
SZ_Search_BayArea_Hyper_ExactPhrase_2026,ps5 fridge,Phrase,Campaign negative,Expanded negative control
SZ_Search_BayArea_Hyper_ExactPhrase_2026,pub fridge,Phrase,Campaign negative,Expanded negative control
SZ_Search_BayArea_Hyper_ExactPhrase_2026,pure air sub zero,Exact,Campaign negative,Expanded negative control
SZ_Search_BayArea_Hyper_ExactPhrase_2026,que hacer cuando el refrigerador no enfria por dentro,Exact,Campaign negative,Expanded negative control
SZ_Search_BayArea_Hyper_ExactPhrase_2026,rainbow fridge,Phrase,Campaign negative,Expanded negative control
SZ_Search_BayArea_Hyper_ExactPhrase_2026,rating,Broad,Campaign negative,Expanded negative control
SZ_Search_BayArea_Hyper_ExactPhrase_2026,raton,Broad,Campaign negative,Expanded negative control
SZ_Search_BayArea_Hyper_ExactPhrase_2026,rebate,Broad,Campaign negative,Expanded negative control
SZ_Search_BayArea_Hyper_ExactPhrase_2026,rebates,Broad,Campaign negative,Expanded negative control
SZ_Search_BayArea_Hyper_ExactPhrase_2026,recall,Broad,Campaign negative,Expanded negative control
SZ_Search_BayArea_Hyper_ExactPhrase_2026,recharge sub zero refrigerator,Exact,Campaign negative,Expanded negative control
SZ_Search_BayArea_Hyper_ExactPhrase_2026,recycle,Broad,Campaign negative,Expanded negative control
SZ_Search_BayArea_Hyper_ExactPhrase_2026,recycle center fridge,Phrase,Campaign negative,Expanded negative control
SZ_Search_BayArea_Hyper_ExactPhrase_2026,recycle fridge,Phrase,Campaign negative,Expanded negative control
SZ_Search_BayArea_Hyper_ExactPhrase_2026,recycling center,Phrase,Campaign negative,Expanded negative control
SZ_Search_BayArea_Hyper_ExactPhrase_2026,red fridge,Phrase,Campaign negative,Expanded negative control
SZ_Search_BayArea_Hyper_ExactPhrase_2026,reddit,Broad,Campaign negative,Expanded negative control
SZ_Search_BayArea_Hyper_ExactPhrase_2026,reefer container,Phrase,Campaign negative,Expanded negative control
SZ_Search_BayArea_Hyper_ExactPhrase_2026,reefer truck,Phrase,Campaign negative,Expanded negative control
SZ_Search_BayArea_Hyper_ExactPhrase_2026,refri sub zero,Exact,Campaign negative,Expanded negative control
SZ_Search_BayArea_Hyper_ExactPhrase_2026,refrigerador marca sub zero,Exact,Campaign negative,Expanded negative control
SZ_Search_BayArea_Hyper_ExactPhrase_2026,refrigerador sub zero,Exact,Campaign negative,Expanded negative control
SZ_Search_BayArea_Hyper_ExactPhrase_2026,refrigerador sub zero precio,Exact,Campaign negative,Expanded negative control
SZ_Search_BayArea_Hyper_ExactPhrase_2026,refrigerador wolf,Exact,Campaign negative,Expanded negative control
SZ_Search_BayArea_Hyper_ExactPhrase_2026,refrigeradores sub zero,Exact,Campaign negative,Expanded negative control
SZ_Search_BayArea_Hyper_ExactPhrase_2026,refrigerated counter,Phrase,Campaign negative,Expanded negative control
SZ_Search_BayArea_Hyper_ExactPhrase_2026,refrigerated van,Phrase,Campaign negative,Expanded negative control
SZ_Search_BayArea_Hyper_ExactPhrase_2026,refrigerator diagram,Phrase,Campaign negative,Expanded negative control
SZ_Search_BayArea_Hyper_ExactPhrase_2026,refrigerator drawers sub zero,Exact,Campaign negative,Expanded negative control
SZ_Search_BayArea_Hyper_ExactPhrase_2026,refrigerator schematic,Phrase,Campaign negative,Expanded negative control
SZ_Search_BayArea_Hyper_ExactPhrase_2026,refrigerator sub zero,Exact,Campaign negative,Expanded negative control
SZ_Search_BayArea_Hyper_ExactPhrase_2026,refrigerator training,Phrase,Campaign negative,Expanded negative control
SZ_Search_BayArea_Hyper_ExactPhrase_2026,refrigerator wrap,Phrase,Campaign negative,Expanded negative control
SZ_Search_BayArea_Hyper_ExactPhrase_2026,refund fridge,Phrase,Campaign negative,Expanded negative control
SZ_Search_BayArea_Hyper_ExactPhrase_2026,refurbished,Broad,Campaign negative,Expanded negative control
SZ_Search_BayArea_Hyper_ExactPhrase_2026,refurbished sub zero,Exact,Campaign negative,Expanded negative control
SZ_Search_BayArea_Hyper_ExactPhrase_2026,refurbished sub zero fridge,Exact,Campaign negative,Expanded negative control
SZ_Search_BayArea_Hyper_ExactPhrase_2026,refurbished sub zero refrigerator,Exact,Campaign negative,Expanded negative control
SZ_Search_BayArea_Hyper_ExactPhrase_2026,register,Broad,Campaign negative,Expanded negative control
SZ_Search_BayArea_Hyper_ExactPhrase_2026,registration,Broad,Campaign negative,Expanded negative control
SZ_Search_BayArea_Hyper_ExactPhrase_2026,relay,Broad,Campaign negative,Expanded negative control
SZ_Search_BayArea_Hyper_ExactPhrase_2026,reliable,Broad,Campaign negative,Expanded negative control
SZ_Search_BayArea_Hyper_ExactPhrase_2026,remote,Broad,Campaign negative,Expanded negative control
SZ_Search_BayArea_Hyper_ExactPhrase_2026,removal,Broad,Campaign negative,Expanded negative control
SZ_Search_BayArea_Hyper_ExactPhrase_2026,removing sub zero refrigerator,Exact,Campaign negative,Expanded negative control
SZ_Search_BayArea_Hyper_ExactPhrase_2026,rent bar fridge,Phrase,Campaign negative,Expanded negative control
SZ_Search_BayArea_Hyper_ExactPhrase_2026,rent beer cooler,Phrase,Campaign negative,Expanded negative control
SZ_Search_BayArea_Hyper_ExactPhrase_2026,rent commercial fridge,Phrase,Campaign negative,Expanded negative control
SZ_Search_BayArea_Hyper_ExactPhrase_2026,rent display fridge,Phrase,Campaign negative,Expanded negative control
SZ_Search_BayArea_Hyper_ExactPhrase_2026,rent freezer,Phrase,Campaign negative,Expanded negative control
SZ_Search_BayArea_Hyper_ExactPhrase_2026,rent fridge,Phrase,Campaign negative,Expanded negative control
SZ_Search_BayArea_Hyper_ExactPhrase_2026,rent ice machine,Phrase,Campaign negative,Expanded negative control
SZ_Search_BayArea_Hyper_ExactPhrase_2026,rent wine cooler,Phrase,Campaign negative,Expanded negative control
SZ_Search_BayArea_Hyper_ExactPhrase_2026,rental,Broad,Campaign negative,Expanded negative control
SZ_Search_BayArea_Hyper_ExactPhrase_2026,rental fridge,Phrase,Campaign negative,Expanded negative control
SZ_Search_BayArea_Hyper_ExactPhrase_2026,repair class,Phrase,Campaign negative,Expanded negative control
SZ_Search_BayArea_Hyper_ExactPhrase_2026,repair course,Phrase,Campaign negative,Expanded negative control
SZ_Search_BayArea_Hyper_ExactPhrase_2026,repair kit,Phrase,Campaign negative,Expanded negative control
SZ_Search_BayArea_Hyper_ExactPhrase_2026,repair manual download,Phrase,Campaign negative,Expanded negative control
SZ_Search_BayArea_Hyper_ExactPhrase_2026,repair school,Phrase,Campaign negative,Expanded negative control
SZ_Search_BayArea_Hyper_ExactPhrase_2026,repair training,Phrase,Campaign negative,Expanded negative control
SZ_Search_BayArea_Hyper_ExactPhrase_2026,repair yourself,Phrase,Campaign negative,Expanded negative control
SZ_Search_BayArea_Hyper_ExactPhrase_2026,replace,Broad,Campaign negative,Expanded negative control
SZ_Search_BayArea_Hyper_ExactPhrase_2026,replacement,Broad,Campaign negative,Expanded negative control
SZ_Search_BayArea_Hyper_ExactPhrase_2026,replacement filter,Phrase,Campaign negative,Expanded negative control
SZ_Search_BayArea_Hyper_ExactPhrase_2026,replacement part,Phrase,Campaign negative,Expanded negative control
SZ_Search_BayArea_Hyper_ExactPhrase_2026,replacing,Broad,Campaign negative,Expanded negative control
SZ_Search_BayArea_Hyper_ExactPhrase_2026,reptile fridge,Phrase,Campaign negative,Expanded negative control
SZ_Search_BayArea_Hyper_ExactPhrase_2026,reset,Broad,Campaign negative,Expanded negative control
SZ_Search_BayArea_Hyper_ExactPhrase_2026,reset button,Phrase,Campaign negative,Expanded negative control
SZ_Search_BayArea_Hyper_ExactPhrase_2026,restaurant equipment,Phrase,Campaign negative,Expanded negative control
SZ_Search_BayArea_Hyper_ExactPhrase_2026,restaurant fridge,Phrase,Campaign negative,Expanded negative control
SZ_Search_BayArea_Hyper_ExactPhrase_2026,retailer,Broad,Campaign negative,Expanded negative control
SZ_Search_BayArea_Hyper_ExactPhrase_2026,retailers,Broad,Campaign negative,Expanded negative control
SZ_Search_BayArea_Hyper_ExactPhrase_2026,retro fridge,Phrase,Campaign negative,Expanded negative control
SZ_Search_BayArea_Hyper_ExactPhrase_2026,return fridge,Phrase,Campaign negative,Expanded negative control
SZ_Search_BayArea_Hyper_ExactPhrase_2026,reveal sub zero,Exact,Campaign negative,Expanded negative control
SZ_Search_BayArea_Hyper_ExactPhrase_2026,reveal sub zero wolf,Exact,Campaign negative,Expanded negative control
SZ_Search_BayArea_Hyper_ExactPhrase_2026,review,Broad,Campaign negative,Expanded negative control
SZ_Search_BayArea_Hyper_ExactPhrase_2026,reviews,Broad,Campaign negative,Expanded negative control
SZ_Search_BayArea_Hyper_ExactPhrase_2026,riggs,Broad,Campaign negative,Expanded negative control
SZ_Search_BayArea_Hyper_ExactPhrase_2026,robotic fridge,Phrase,Campaign negative,Expanded negative control
SZ_Search_BayArea_Hyper_ExactPhrase_2026,rustic fridge,Phrase,Campaign negative,Expanded negative control
SZ_Search_BayArea_Hyper_ExactPhrase_2026,rv fridge,Phrase,Campaign negative,Expanded negative control
SZ_Search_BayArea_Hyper_ExactPhrase_2026,sacramento,Broad,Campaign negative,Expanded negative control
SZ_Search_BayArea_Hyper_ExactPhrase_2026,salary,Broad,Campaign negative,Expanded negative control
SZ_Search_BayArea_Hyper_ExactPhrase_2026,sale,Broad,Campaign negative,Expanded negative control
SZ_Search_BayArea_Hyper_ExactPhrase_2026,sales,Broad,Campaign negative,Expanded negative control
SZ_Search_BayArea_Hyper_ExactPhrase_2026,salt,Broad,Campaign negative,Expanded negative control
SZ_Search_BayArea_Hyper_ExactPhrase_2026,same day delivery fridge,Phrase,Campaign negative,Expanded negative control
SZ_Search_BayArea_Hyper_ExactPhrase_2026,samsung,Broad,Campaign negative,Expanded negative control
SZ_Search_BayArea_Hyper_ExactPhrase_2026,samsung smart fridge,Phrase,Campaign negative,Expanded negative control
SZ_Search_BayArea_Hyper_ExactPhrase_2026,schematic,Broad,Campaign negative,Expanded negative control
SZ_Search_BayArea_Hyper_ExactPhrase_2026,school,Broad,Campaign negative,Expanded negative control
SZ_Search_BayArea_Hyper_ExactPhrase_2026,school fridge,Phrase,Campaign negative,Expanded negative control
SZ_Search_BayArea_Hyper_ExactPhrase_2026,science fridge,Phrase,Campaign negative,Expanded negative control
SZ_Search_BayArea_Hyper_ExactPhrase_2026,scientific equipment,Phrase,Campaign negative,Expanded negative control
SZ_Search_BayArea_Hyper_ExactPhrase_2026,scottsdale,Broad,Campaign negative,Expanded negative control
SZ_Search_BayArea_Hyper_ExactPhrase_2026,scrap,Broad,Campaign negative,Expanded negative control
SZ_Search_BayArea_Hyper_ExactPhrase_2026,scrap fridge,Phrase,Campaign negative,Expanded negative control
SZ_Search_BayArea_Hyper_ExactPhrase_2026,scrap yard fridge,Phrase,Campaign negative,Expanded negative control
SZ_Search_BayArea_Hyper_ExactPhrase_2026,scratches on wolf range,Exact,Campaign negative,Expanded negative control
SZ_Search_BayArea_Hyper_ExactPhrase_2026,seafood fridge,Phrase,Campaign negative,Expanded negative control
SZ_Search_BayArea_Hyper_ExactPhrase_2026,seal,Broad,Campaign negative,Expanded negative control
SZ_Search_BayArea_Hyper_ExactPhrase_2026,sears,Broad,Campaign negative,Expanded negative control
SZ_Search_BayArea_Hyper_ExactPhrase_2026,seattle,Broad,Campaign negative,Expanded negative control
SZ_Search_BayArea_Hyper_ExactPhrase_2026,second hand,Phrase,Campaign negative,Expanded negative control
SZ_Search_BayArea_Hyper_ExactPhrase_2026,second hand fridge,Phrase,Campaign negative,Expanded negative control
SZ_Search_BayArea_Hyper_ExactPhrase_2026,second hand sub zero fridge freezer,Exact,Campaign negative,Expanded negative control
SZ_Search_BayArea_Hyper_ExactPhrase_2026,secondhand fridge,Phrase,Campaign negative,Expanded negative control
SZ_Search_BayArea_Hyper_ExactPhrase_2026,self repair fridge,Phrase,Campaign negative,Expanded negative control
SZ_Search_BayArea_Hyper_ExactPhrase_2026,sell fridge,Phrase,Campaign negative,Expanded negative control
SZ_Search_BayArea_Hyper_ExactPhrase_2026,sensor,Broad,Campaign negative,Expanded negative control
SZ_Search_BayArea_Hyper_ExactPhrase_2026,service central sub zero,Exact,Campaign negative,Expanded negative control
SZ_Search_BayArea_Hyper_ExactPhrase_2026,service manual,Phrase,Campaign negative,Expanded negative control
SZ_Search_BayArea_Hyper_ExactPhrase_2026,service phone number,Phrase,Campaign negative,Expanded negative control
SZ_Search_BayArea_Hyper_ExactPhrase_2026,servicio sub zero,Exact,Campaign negative,Expanded negative control
SZ_Search_BayArea_Hyper_ExactPhrase_2026,settings,Broad,Campaign negative,Expanded negative control
SZ_Search_BayArea_Hyper_ExactPhrase_2026,sewing,Broad,Campaign negative,Expanded negative control
SZ_Search_BayArea_Hyper_ExactPhrase_2026,shabby fridge,Phrase,Campaign negative,Expanded negative control
SZ_Search_BayArea_Hyper_ExactPhrase_2026,shed fridge,Phrase,Campaign negative,Expanded negative control
SZ_Search_BayArea_Hyper_ExactPhrase_2026,sheep,Broad,Campaign negative,Expanded negative control
SZ_Search_BayArea_Hyper_ExactPhrase_2026,shipping,Broad,Campaign negative,Expanded negative control
SZ_Search_BayArea_Hyper_ExactPhrase_2026,shipping fridge,Phrase,Campaign negative,Expanded negative control
SZ_Search_BayArea_Hyper_ExactPhrase_2026,shock freezer,Phrase,Campaign negative,Expanded negative control
SZ_Search_BayArea_Hyper_ExactPhrase_2026,shop,Broad,Campaign negative,Expanded negative control
SZ_Search_BayArea_Hyper_ExactPhrase_2026,shop sub zero,Exact,Campaign negative,Expanded negative control
SZ_Search_BayArea_Hyper_ExactPhrase_2026,shop sub zero fridge,Exact,Campaign negative,Expanded negative control
SZ_Search_BayArea_Hyper_ExactPhrase_2026,short term fridge rental,Phrase,Campaign negative,Expanded negative control
SZ_Search_BayArea_Hyper_ExactPhrase_2026,showcase refrigerator,Phrase,Campaign negative,Expanded negative control
SZ_Search_BayArea_Hyper_ExactPhrase_2026,showroom,Broad,Campaign negative,Expanded negative control
SZ_Search_BayArea_Hyper_ExactPhrase_2026,showrooms,Broad,Campaign negative,Expanded negative control
SZ_Search_BayArea_Hyper_ExactPhrase_2026,side by side sub zero fridge,Exact,Campaign negative,Expanded negative control
SZ_Search_BayArea_Hyper_ExactPhrase_2026,silver fridge,Phrase,Campaign negative,Expanded negative control
SZ_Search_BayArea_Hyper_ExactPhrase_2026,sizes of sub zero refrigerators,Exact,Campaign negative,Expanded negative control
SZ_Search_BayArea_Hyper_ExactPhrase_2026,small fridge,Phrase,Campaign negative,Expanded negative control
SZ_Search_BayArea_Hyper_ExactPhrase_2026,small sub zero fridge,Exact,Campaign negative,Expanded negative control
SZ_Search_BayArea_Hyper_ExactPhrase_2026,smallest sub zero refrigerator,Exact,Campaign negative,Expanded negative control
SZ_Search_BayArea_Hyper_ExactPhrase_2026,smart cooler,Phrase,Campaign negative,Expanded negative control
SZ_Search_BayArea_Hyper_ExactPhrase_2026,smart fridge,Phrase,Campaign negative,Expanded negative control
SZ_Search_BayArea_Hyper_ExactPhrase_2026,smells,Broad,Campaign negative,Expanded negative control
SZ_Search_BayArea_Hyper_ExactPhrase_2026,smoothie fridge,Phrase,Campaign negative,Expanded negative control
SZ_Search_BayArea_Hyper_ExactPhrase_2026,soda fountain,Phrase,Campaign negative,Expanded negative control
SZ_Search_BayArea_Hyper_ExactPhrase_2026,soda machine,Phrase,Campaign negative,Expanded negative control
SZ_Search_BayArea_Hyper_ExactPhrase_2026,souvenir magnet,Phrase,Campaign negative,Expanded negative control
SZ_Search_BayArea_Hyper_ExactPhrase_2026,spare part buy,Phrase,Campaign negative,Expanded negative control
SZ_Search_BayArea_Hyper_ExactPhrase_2026,spare parts,Broad,Campaign negative,Expanded negative control
SZ_Search_BayArea_Hyper_ExactPhrase_2026,sports cooler,Phrase,Campaign negative,Expanded negative control
SZ_Search_BayArea_Hyper_ExactPhrase_2026,spotify fridge,Phrase,Campaign negative,Expanded negative control
SZ_Search_BayArea_Hyper_ExactPhrase_2026,stacked,Broad,Campaign negative,Expanded negative control
SZ_Search_BayArea_Hyper_ExactPhrase_2026,stadium fridge,Phrase,Campaign negative,Expanded negative control
SZ_Search_BayArea_Hyper_ExactPhrase_2026,stainless,Broad,Campaign negative,Expanded negative control
SZ_Search_BayArea_Hyper_ExactPhrase_2026,steel fridge,Phrase,Campaign negative,Expanded negative control
SZ_Search_BayArea_Hyper_ExactPhrase_2026,step,Broad,Campaign negative,Expanded negative control
SZ_Search_BayArea_Hyper_ExactPhrase_2026,store,Broad,Campaign negative,Expanded negative control
SZ_Search_BayArea_Hyper_ExactPhrase_2026,store locator,Phrase,Campaign negative,Expanded negative control
SZ_Search_BayArea_Hyper_ExactPhrase_2026,strong magnet,Phrase,Campaign negative,Expanded negative control
SZ_Search_BayArea_Hyper_ExactPhrase_2026,student,Broad,Campaign negative,Expanded negative control
SZ_Search_BayArea_Hyper_ExactPhrase_2026,study guide,Broad,Campaign negative,Expanded negative control
SZ_Search_BayArea_Hyper_ExactPhrase_2026,sub 0 fridge,Exact,Campaign negative,Expanded negative control
SZ_Search_BayArea_Hyper_ExactPhrase_2026,sub 0 refrigerator,Exact,Campaign negative,Expanded negative control
SZ_Search_BayArea_Hyper_ExactPhrase_2026,sub wolf,Exact,Campaign negative,Expanded negative control
SZ_Search_BayArea_Hyper_ExactPhrase_2026,sub wolf appliances,Exact,Campaign negative,Expanded negative control
SZ_Search_BayArea_Hyper_ExactPhrase_2026,sub zero,Exact,Campaign negative,Expanded negative control
SZ_Search_BayArea_Hyper_ExactPhrase_2026,sub zero 15,Exact,Campaign negative,Expanded negative control
SZ_Search_BayArea_Hyper_ExactPhrase_2026,sub zero 15 beverage center,Exact,Campaign negative,Expanded negative control
SZ_Search_BayArea_Hyper_ExactPhrase_2026,sub zero 18 wine column,Exact,Campaign negative,Expanded negative control
SZ_Search_BayArea_Hyper_ExactPhrase_2026,sub zero 201r,Exact,Campaign negative,Expanded negative control
SZ_Search_BayArea_Hyper_ExactPhrase_2026,sub zero 24 beverage center,Exact,Campaign negative,Expanded negative control
SZ_Search_BayArea_Hyper_ExactPhrase_2026,sub zero 24 designer undercounter refrigerator,Exact,Campaign negative,Expanded negative control
SZ_Search_BayArea_Hyper_ExactPhrase_2026,sub zero 24 fridge,Exact,Campaign negative,Expanded negative control
SZ_Search_BayArea_Hyper_ExactPhrase_2026,sub zero 24 inch fridge,Exact,Campaign negative,Expanded negative control
SZ_Search_BayArea_Hyper_ExactPhrase_2026,sub zero 24 inch refrigerator,Exact,Campaign negative,Expanded negative control
SZ_Search_BayArea_Hyper_ExactPhrase_2026,sub zero 24 refrigerator drawers,Exact,Campaign negative,Expanded negative control
SZ_Search_BayArea_Hyper_ExactPhrase_2026,sub zero 24 refrigerator freezer drawers,Exact,Campaign negative,Expanded negative control
SZ_Search_BayArea_Hyper_ExactPhrase_2026,sub zero 24 undercounter,Exact,Campaign negative,Expanded negative control
SZ_Search_BayArea_Hyper_ExactPhrase_2026,sub zero 24 undercounter beverage center,Exact,Campaign negative,Expanded negative control
SZ_Search_BayArea_Hyper_ExactPhrase_2026,sub zero 24 undercounter beverage center panel ready,Exact,Campaign negative,Expanded negative control
SZ_Search_BayArea_Hyper_ExactPhrase_2026,sub zero 24 undercounter refrigerator,Exact,Campaign negative,Expanded negative control
SZ_Search_BayArea_Hyper_ExactPhrase_2026,sub zero 24 undercounter refrigerator drawers,Exact,Campaign negative,Expanded negative control
SZ_Search_BayArea_Hyper_ExactPhrase_2026,sub zero 24 wine column,Exact,Campaign negative,Expanded negative control
SZ_Search_BayArea_Hyper_ExactPhrase_2026,sub zero 24 wine fridge,Exact,Campaign negative,Expanded negative control
SZ_Search_BayArea_Hyper_ExactPhrase_2026,sub zero 24 wine fridge panel ready,Exact,Campaign negative,Expanded negative control
SZ_Search_BayArea_Hyper_ExactPhrase_2026,sub zero 249r,Exact,Campaign negative,Expanded negative control
SZ_Search_BayArea_Hyper_ExactPhrase_2026,sub zero 249rp,Exact,Campaign negative,Expanded negative control
SZ_Search_BayArea_Hyper_ExactPhrase_2026,sub zero 27 inch refrigerator,Exact,Campaign negative,Expanded negative control
SZ_Search_BayArea_Hyper_ExactPhrase_2026,sub zero 27 refrigerator,Exact,Campaign negative,Expanded negative control
SZ_Search_BayArea_Hyper_ExactPhrase_2026,sub zero 30,Exact,Campaign negative,Expanded negative control
SZ_Search_BayArea_Hyper_ExactPhrase_2026,sub zero 30 column fridge,Exact,Campaign negative,Expanded negative control
SZ_Search_BayArea_Hyper_ExactPhrase_2026,sub zero 30 column refrigerator,Exact,Campaign negative,Expanded negative control
SZ_Search_BayArea_Hyper_ExactPhrase_2026,sub zero 30 fridge,Exact,Campaign negative,Expanded negative control
SZ_Search_BayArea_Hyper_ExactPhrase_2026,sub zero 30 inch built in refrigerator,Exact,Campaign negative,Expanded negative control
SZ_Search_BayArea_Hyper_ExactPhrase_2026,sub zero 30 inch fridge,Exact,Campaign negative,Expanded negative control
SZ_Search_BayArea_Hyper_ExactPhrase_2026,sub zero 30 inch refrigerator,Exact,Campaign negative,Expanded negative control
SZ_Search_BayArea_Hyper_ExactPhrase_2026,sub zero 30 inch refrigerator panel ready,Exact,Campaign negative,Expanded negative control
SZ_Search_BayArea_Hyper_ExactPhrase_2026,sub zero 30 integrated refrigerator,Exact,Campaign negative,Expanded negative control
SZ_Search_BayArea_Hyper_ExactPhrase_2026,sub zero 30 panel ready refrigerator,Exact,Campaign negative,Expanded negative control
SZ_Search_BayArea_Hyper_ExactPhrase_2026,sub zero 3211rfd,Exact,Campaign negative,Expanded negative control
SZ_Search_BayArea_Hyper_ExactPhrase_2026,sub zero 350,Exact,Campaign negative,Expanded negative control
SZ_Search_BayArea_Hyper_ExactPhrase_2026,sub zero 36,Exact,Campaign negative,Expanded negative control
SZ_Search_BayArea_Hyper_ExactPhrase_2026,sub zero 36 bottom freezer,Exact,Campaign negative,Expanded negative control
SZ_Search_BayArea_Hyper_ExactPhrase_2026,sub zero 36 built in bottom freezer refrigerator,Exact,Campaign negative,Expanded negative control
SZ_Search_BayArea_Hyper_ExactPhrase_2026,sub zero 36 built in refrigerator,Exact,Campaign negative,Expanded negative control
SZ_Search_BayArea_Hyper_ExactPhrase_2026,sub zero 36 classic french door refrigerator freezer,Exact,Campaign negative,Expanded negative control
SZ_Search_BayArea_Hyper_ExactPhrase_2026,sub zero 36 classic over and under refrigerator freezer,Exact,Campaign negative,Expanded negative control
SZ_Search_BayArea_Hyper_ExactPhrase_2026,sub zero 36 column refrigerator,Exact,Campaign negative,Expanded negative control
SZ_Search_BayArea_Hyper_ExactPhrase_2026,sub zero 36 designer column refrigerator,Exact,Campaign negative,Expanded negative control
SZ_Search_BayArea_Hyper_ExactPhrase_2026,sub zero 36 designer column refrigerator panel ready,Exact,Campaign negative,Expanded negative control
SZ_Search_BayArea_Hyper_ExactPhrase_2026,sub zero 36 french door,Exact,Campaign negative,Expanded negative control
SZ_Search_BayArea_Hyper_ExactPhrase_2026,sub zero 36 french door panel ready,Exact,Campaign negative,Expanded negative control
SZ_Search_BayArea_Hyper_ExactPhrase_2026,sub zero 36 fridge,Exact,Campaign negative,Expanded negative control
SZ_Search_BayArea_Hyper_ExactPhrase_2026,sub zero 36 glass door refrigerator,Exact,Campaign negative,Expanded negative control
SZ_Search_BayArea_Hyper_ExactPhrase_2026,sub zero 36 in refrigerator,Exact,Campaign negative,Expanded negative control
SZ_Search_BayArea_Hyper_ExactPhrase_2026,sub zero 36 inch,Exact,Campaign negative,Expanded negative control
SZ_Search_BayArea_Hyper_ExactPhrase_2026,sub zero 36 inch fridge,Exact,Campaign negative,Expanded negative control
SZ_Search_BayArea_Hyper_ExactPhrase_2026,sub zero 36 inch fridge price,Exact,Campaign negative,Expanded negative control
SZ_Search_BayArea_Hyper_ExactPhrase_2026,sub zero 36 inch refrigerator,Exact,Campaign negative,Expanded negative control
SZ_Search_BayArea_Hyper_ExactPhrase_2026,sub zero 36 inch refrigerator freezer,Exact,Campaign negative,Expanded negative control
SZ_Search_BayArea_Hyper_ExactPhrase_2026,sub zero 36 inch refrigerator panel ready,Exact,Campaign negative,Expanded negative control
SZ_Search_BayArea_Hyper_ExactPhrase_2026,sub zero 36 inch side by side,Exact,Campaign negative,Expanded negative control
SZ_Search_BayArea_Hyper_ExactPhrase_2026,sub zero 36 over under,Exact,Campaign negative,Expanded negative control
SZ_Search_BayArea_Hyper_ExactPhrase_2026,sub zero 36 panel ready fridge,Exact,Campaign negative,Expanded negative control
SZ_Search_BayArea_Hyper_ExactPhrase_2026,sub zero 36 pro,Exact,Campaign negative,Expanded negative control
SZ_Search_BayArea_Hyper_ExactPhrase_2026,sub zero 36 refrigerator,Exact,Campaign negative,Expanded negative control
SZ_Search_BayArea_Hyper_ExactPhrase_2026,sub zero 36 refrigerator column,Exact,Campaign negative,Expanded negative control
SZ_Search_BayArea_Hyper_ExactPhrase_2026,sub zero 36 refrigerator only,Exact,Campaign negative,Expanded negative control
SZ_Search_BayArea_Hyper_ExactPhrase_2026,sub zero 36 refrigerator price,Exact,Campaign negative,Expanded negative control
SZ_Search_BayArea_Hyper_ExactPhrase_2026,sub zero 36 side by side,Exact,Campaign negative,Expanded negative control
SZ_Search_BayArea_Hyper_ExactPhrase_2026,sub zero 36 side by side refrigerator,Exact,Campaign negative,Expanded negative control
SZ_Search_BayArea_Hyper_ExactPhrase_2026,sub zero 40,Exact,Campaign negative,Expanded negative control
SZ_Search_BayArea_Hyper_ExactPhrase_2026,sub zero 40 ec,Exact,Campaign negative,Expanded negative control
SZ_Search_BayArea_Hyper_ExactPhrase_2026,sub zero 42,Exact,Campaign negative,Expanded negative control
SZ_Search_BayArea_Hyper_ExactPhrase_2026,sub zero 42 built in french door refrigerator,Exact,Campaign negative,Expanded negative control
SZ_Search_BayArea_Hyper_ExactPhrase_2026,sub zero 42 built in refrigerator,Exact,Campaign negative,Expanded negative control
SZ_Search_BayArea_Hyper_ExactPhrase_2026,sub zero 42 classic french door refrigerator freezer,Exact,Campaign negative,Expanded negative control
SZ_Search_BayArea_Hyper_ExactPhrase_2026,sub zero 42 french door,Exact,Campaign negative,Expanded negative control
SZ_Search_BayArea_Hyper_ExactPhrase_2026,sub zero 42 french door panel ready,Exact,Campaign negative,Expanded negative control
SZ_Search_BayArea_Hyper_ExactPhrase_2026,sub zero 42 french door refrigerator,Exact,Campaign negative,Expanded negative control
SZ_Search_BayArea_Hyper_ExactPhrase_2026,sub zero 42 fridge,Exact,Campaign negative,Expanded negative control
SZ_Search_BayArea_Hyper_ExactPhrase_2026,sub zero 42 inch,Exact,Campaign negative,Expanded negative control
SZ_Search_BayArea_Hyper_ExactPhrase_2026,sub zero 42 inch built in refrigerator,Exact,Campaign negative,Expanded negative control
SZ_Search_BayArea_Hyper_ExactPhrase_2026,sub zero 42 inch built in refrigerator with water dispenser,Exact,Campaign negative,Expanded negative control
SZ_Search_BayArea_Hyper_ExactPhrase_2026,sub zero 42 inch french door,Exact,Campaign negative,Expanded negative control
SZ_Search_BayArea_Hyper_ExactPhrase_2026,sub zero 42 inch french door refrigerator,Exact,Campaign negative,Expanded negative control
SZ_Search_BayArea_Hyper_ExactPhrase_2026,sub zero 42 inch french door refrigerator specs,Exact,Campaign negative,Expanded negative control
SZ_Search_BayArea_Hyper_ExactPhrase_2026,sub zero 42 inch fridge,Exact,Campaign negative,Expanded negative control
SZ_Search_BayArea_Hyper_ExactPhrase_2026,sub zero 42 inch refrigerator,Exact,Campaign negative,Expanded negative control
SZ_Search_BayArea_Hyper_ExactPhrase_2026,sub zero 42 inch refrigerator dimensions,Exact,Campaign negative,Expanded negative control
SZ_Search_BayArea_Hyper_ExactPhrase_2026,sub zero 42 inch refrigerator prices,Exact,Campaign negative,Expanded negative control
SZ_Search_BayArea_Hyper_ExactPhrase_2026,sub zero 42 refrigerator,Exact,Campaign negative,Expanded negative control
SZ_Search_BayArea_Hyper_ExactPhrase_2026,sub zero 42 refrigerator panel ready,Exact,Campaign negative,Expanded negative control
SZ_Search_BayArea_Hyper_ExactPhrase_2026,sub zero 42 refrigerators,Exact,Campaign negative,Expanded negative control
SZ_Search_BayArea_Hyper_ExactPhrase_2026,sub zero 42 side by side,Exact,Campaign negative,Expanded negative control
SZ_Search_BayArea_Hyper_ExactPhrase_2026,sub zero 42 side by side panel ready,Exact,Campaign negative,Expanded negative control
SZ_Search_BayArea_Hyper_ExactPhrase_2026,sub zero 42 side by side refrigerator,Exact,Campaign negative,Expanded negative control
SZ_Search_BayArea_Hyper_ExactPhrase_2026,sub zero 4200740,Exact,Campaign negative,Expanded negative control
SZ_Search_BayArea_Hyper_ExactPhrase_2026,sub zero 4204490,Exact,Campaign negative,Expanded negative control
SZ_Search_BayArea_Hyper_ExactPhrase_2026,sub zero 4204490 water filter,Exact,Campaign negative,Expanded negative control
SZ_Search_BayArea_Hyper_ExactPhrase_2026,sub zero 424 wine cooler,Exact,Campaign negative,Expanded negative control
SZ_Search_BayArea_Hyper_ExactPhrase_2026,sub zero 4290510,Exact,Campaign negative,Expanded negative control
SZ_Search_BayArea_Hyper_ExactPhrase_2026,sub zero 48,Exact,Campaign negative,Expanded negative control
SZ_Search_BayArea_Hyper_ExactPhrase_2026,sub zero 48 built in refrigerator,Exact,Campaign negative,Expanded negative control
SZ_Search_BayArea_Hyper_ExactPhrase_2026,sub zero 48 built in side by side refrigerator,Exact,Campaign negative,Expanded negative control
SZ_Search_BayArea_Hyper_ExactPhrase_2026,sub zero 48 classic side by side refrigerator freezer,Exact,Campaign negative,Expanded negative control
SZ_Search_BayArea_Hyper_ExactPhrase_2026,sub zero 48 french door,Exact,Campaign negative,Expanded negative control
SZ_Search_BayArea_Hyper_ExactPhrase_2026,sub zero 48 french door panel ready,Exact,Campaign negative,Expanded negative control
SZ_Search_BayArea_Hyper_ExactPhrase_2026,sub zero 48 fridge,Exact,Campaign negative,Expanded negative control
SZ_Search_BayArea_Hyper_ExactPhrase_2026,sub zero 48 fridge freezer,Exact,Campaign negative,Expanded negative control
SZ_Search_BayArea_Hyper_ExactPhrase_2026,sub zero 48 inch built in refrigerator,Exact,Campaign negative,Expanded negative control
SZ_Search_BayArea_Hyper_ExactPhrase_2026,sub zero 48 inch french door,Exact,Campaign negative,Expanded negative control
SZ_Search_BayArea_Hyper_ExactPhrase_2026,sub zero 48 inch french door refrigerator,Exact,Campaign negative,Expanded negative control
SZ_Search_BayArea_Hyper_ExactPhrase_2026,sub zero 48 inch fridge,Exact,Campaign negative,Expanded negative control
SZ_Search_BayArea_Hyper_ExactPhrase_2026,sub zero 48 inch pro refrigerator,Exact,Campaign negative,Expanded negative control
SZ_Search_BayArea_Hyper_ExactPhrase_2026,sub zero 48 inch refrigerator,Exact,Campaign negative,Expanded negative control
SZ_Search_BayArea_Hyper_ExactPhrase_2026,sub zero 48 inch refrigerator with water dispenser,Exact,Campaign negative,Expanded negative control
SZ_Search_BayArea_Hyper_ExactPhrase_2026,sub zero 48 inch side by side refrigerator,Exact,Campaign negative,Expanded negative control
SZ_Search_BayArea_Hyper_ExactPhrase_2026,sub zero 48 pro,Exact,Campaign negative,Expanded negative control
SZ_Search_BayArea_Hyper_ExactPhrase_2026,sub zero 48 pro refrigerator freezer with glass door,Exact,Campaign negative,Expanded negative control
SZ_Search_BayArea_Hyper_ExactPhrase_2026,sub zero 48 refrigerator,Exact,Campaign negative,Expanded negative control
SZ_Search_BayArea_Hyper_ExactPhrase_2026,sub zero 48 refrigerator panel ready,Exact,Campaign negative,Expanded negative control
SZ_Search_BayArea_Hyper_ExactPhrase_2026,sub zero 48 refrigerator price,Exact,Campaign negative,Expanded negative control
SZ_Search_BayArea_Hyper_ExactPhrase_2026,sub zero 48 side by side,Exact,Campaign negative,Expanded negative control
SZ_Search_BayArea_Hyper_ExactPhrase_2026,sub zero 48 side by side panel ready,Exact,Campaign negative,Expanded negative control
SZ_Search_BayArea_Hyper_ExactPhrase_2026,sub zero 48 side by side refrigerator,Exact,Campaign negative,Expanded negative control
SZ_Search_BayArea_Hyper_ExactPhrase_2026,sub zero 511,Exact,Campaign negative,Expanded negative control
SZ_Search_BayArea_Hyper_ExactPhrase_2026,sub zero 532,Exact,Campaign negative,Expanded negative control
SZ_Search_BayArea_Hyper_ExactPhrase_2026,sub zero 532 compressor,Exact,Campaign negative,Expanded negative control
SZ_Search_BayArea_Hyper_ExactPhrase_2026,sub zero 532 dimensions,Exact,Campaign negative,Expanded negative control
SZ_Search_BayArea_Hyper_ExactPhrase_2026,sub zero 532 ice maker troubleshooting,Exact,Campaign negative,Expanded negative control
SZ_Search_BayArea_Hyper_ExactPhrase_2026,sub zero 532 price,Exact,Campaign negative,Expanded negative control
SZ_Search_BayArea_Hyper_ExactPhrase_2026,sub zero 532 refrigerator door gasket,Exact,Campaign negative,Expanded negative control
SZ_Search_BayArea_Hyper_ExactPhrase_2026,sub zero 550,Exact,Campaign negative,Expanded negative control
SZ_Search_BayArea_Hyper_ExactPhrase_2026,sub zero 550 defrost timer,Exact,Campaign negative,Expanded negative control
SZ_Search_BayArea_Hyper_ExactPhrase_2026,sub zero 550 ice maker,Exact,Campaign negative,Expanded negative control
SZ_Search_BayArea_Hyper_ExactPhrase_2026,sub zero 550 refrigerator troubleshooting,Exact,Campaign negative,Expanded negative control
SZ_Search_BayArea_Hyper_ExactPhrase_2026,sub zero 550 troubleshooting,Exact,Campaign negative,Expanded negative control
SZ_Search_BayArea_Hyper_ExactPhrase_2026,sub zero 561 dimensions,Exact,Campaign negative,Expanded negative control
SZ_Search_BayArea_Hyper_ExactPhrase_2026,sub zero 561 door gasket,Exact,Campaign negative,Expanded negative control
SZ_Search_BayArea_Hyper_ExactPhrase_2026,sub zero 561 f,Exact,Campaign negative,Expanded negative control
SZ_Search_BayArea_Hyper_ExactPhrase_2026,sub zero 561 price,Exact,Campaign negative,Expanded negative control
SZ_Search_BayArea_Hyper_ExactPhrase_2026,sub zero 561 refrigerator,Exact,Campaign negative,Expanded negative control
SZ_Search_BayArea_Hyper_ExactPhrase_2026,sub zero 561 refrigerator door gasket,Exact,Campaign negative,Expanded negative control
SZ_Search_BayArea_Hyper_ExactPhrase_2026,sub zero 561 s,Exact,Campaign negative,Expanded negative control
SZ_Search_BayArea_Hyper_ExactPhrase_2026,sub zero 561 specs,Exact,Campaign negative,Expanded negative control
SZ_Search_BayArea_Hyper_ExactPhrase_2026,sub zero 590 door gasket,Exact,Campaign negative,Expanded negative control
SZ_Search_BayArea_Hyper_ExactPhrase_2026,sub zero 60,Exact,Campaign negative,Expanded negative control
SZ_Search_BayArea_Hyper_ExactPhrase_2026,sub zero 60 inch refrigerator,Exact,Campaign negative,Expanded negative control
SZ_Search_BayArea_Hyper_ExactPhrase_2026,sub zero 60 refrigerator,Exact,Campaign negative,Expanded negative control
SZ_Search_BayArea_Hyper_ExactPhrase_2026,sub zero 600 series ice maker troubleshooting,Exact,Campaign negative,Expanded negative control
SZ_Search_BayArea_Hyper_ExactPhrase_2026,sub zero 600 series troubleshooting,Exact,Campaign negative,Expanded negative control
SZ_Search_BayArea_Hyper_ExactPhrase_2026,sub zero 601f,Exact,Campaign negative,Expanded negative control
SZ_Search_BayArea_Hyper_ExactPhrase_2026,sub zero 601f freezer,Exact,Campaign negative,Expanded negative control
SZ_Search_BayArea_Hyper_ExactPhrase_2026,sub zero 601f ice maker troubleshooting,Exact,Campaign negative,Expanded negative control
SZ_Search_BayArea_Hyper_ExactPhrase_2026,sub zero 601f s,Exact,Campaign negative,Expanded negative control
SZ_Search_BayArea_Hyper_ExactPhrase_2026,sub zero 601f troubleshooting,Exact,Campaign negative,Expanded negative control
SZ_Search_BayArea_Hyper_ExactPhrase_2026,sub zero 601r,Exact,Campaign negative,Expanded negative control
SZ_Search_BayArea_Hyper_ExactPhrase_2026,sub zero 601r door gasket,Exact,Campaign negative,Expanded negative control
SZ_Search_BayArea_Hyper_ExactPhrase_2026,sub zero 601r light bulb,Exact,Campaign negative,Expanded negative control
SZ_Search_BayArea_Hyper_ExactPhrase_2026,sub zero 601r price,Exact,Campaign negative,Expanded negative control
SZ_Search_BayArea_Hyper_ExactPhrase_2026,sub zero 601r specs,Exact,Campaign negative,Expanded negative control
SZ_Search_BayArea_Hyper_ExactPhrase_2026,sub zero 611,Exact,Campaign negative,Expanded negative control
SZ_Search_BayArea_Hyper_ExactPhrase_2026,sub zero 611 refrigerator troubleshooting,Exact,Campaign negative,Expanded negative control
SZ_Search_BayArea_Hyper_ExactPhrase_2026,sub zero 632 dimensions,Exact,Campaign negative,Expanded negative control
SZ_Search_BayArea_Hyper_ExactPhrase_2026,sub zero 632 door gasket,Exact,Campaign negative,Expanded negative control
SZ_Search_BayArea_Hyper_ExactPhrase_2026,sub zero 632 door gasket part number,Exact,Campaign negative,Expanded negative control
SZ_Search_BayArea_Hyper_ExactPhrase_2026,sub zero 632 door seal,Exact,Campaign negative,Expanded negative control
SZ_Search_BayArea_Hyper_ExactPhrase_2026,sub zero 632 gasket,Exact,Campaign negative,Expanded negative control
SZ_Search_BayArea_Hyper_ExactPhrase_2026,sub zero 632 ice bucket slide rail,Exact,Campaign negative,Expanded negative control
SZ_Search_BayArea_Hyper_ExactPhrase_2026,sub zero 632 ice maker,Exact,Campaign negative,Expanded negative control
SZ_Search_BayArea_Hyper_ExactPhrase_2026,sub zero 632 ice maker drawer install,Exact,Campaign negative,Expanded negative control
SZ_Search_BayArea_Hyper_ExactPhrase_2026,sub zero 632 ice maker troubleshooting,Exact,Campaign negative,Expanded negative control
SZ_Search_BayArea_Hyper_ExactPhrase_2026,sub zero 632 refrigerator,Exact,Campaign negative,Expanded negative control
SZ_Search_BayArea_Hyper_ExactPhrase_2026,sub zero 632 refrigerator door gasket,Exact,Campaign negative,Expanded negative control
SZ_Search_BayArea_Hyper_ExactPhrase_2026,sub zero 632 s,Exact,Campaign negative,Expanded negative control
SZ_Search_BayArea_Hyper_ExactPhrase_2026,sub zero 632 water filter,Exact,Campaign negative,Expanded negative control
SZ_Search_BayArea_Hyper_ExactPhrase_2026,sub zero 642,Exact,Campaign negative,Expanded negative control
SZ_Search_BayArea_Hyper_ExactPhrase_2026,sub zero 642 door gasket,Exact,Campaign negative,Expanded negative control
SZ_Search_BayArea_Hyper_ExactPhrase_2026,sub zero 642 door gasket part number,Exact,Campaign negative,Expanded negative control
SZ_Search_BayArea_Hyper_ExactPhrase_2026,sub zero 642 ice maker,Exact,Campaign negative,Expanded negative control
SZ_Search_BayArea_Hyper_ExactPhrase_2026,sub zero 642 ice maker troubleshooting,Exact,Campaign negative,Expanded negative control
SZ_Search_BayArea_Hyper_ExactPhrase_2026,sub zero 648prog,Exact,Campaign negative,Expanded negative control
SZ_Search_BayArea_Hyper_ExactPhrase_2026,sub zero 650,Exact,Campaign negative,Expanded negative control
SZ_Search_BayArea_Hyper_ExactPhrase_2026,sub zero 650 0,Exact,Campaign negative,Expanded negative control
SZ_Search_BayArea_Hyper_ExactPhrase_2026,sub zero 650 control board,Exact,Campaign negative,Expanded negative control
SZ_Search_BayArea_Hyper_ExactPhrase_2026,sub zero 650 door gasket,Exact,Campaign negative,Expanded negative control
SZ_Search_BayArea_Hyper_ExactPhrase_2026,sub zero 650 freezer door gasket,Exact,Campaign negative,Expanded negative control
SZ_Search_BayArea_Hyper_ExactPhrase_2026,sub zero 650 freezer gasket,Exact,Campaign negative,Expanded negative control
SZ_Search_BayArea_Hyper_ExactPhrase_2026,sub zero 650 ice maker,Exact,Campaign negative,Expanded negative control
SZ_Search_BayArea_Hyper_ExactPhrase_2026,sub zero 650 light bulb,Exact,Campaign negative,Expanded negative control
SZ_Search_BayArea_Hyper_ExactPhrase_2026,sub zero 650 price,Exact,Campaign negative,Expanded negative control
SZ_Search_BayArea_Hyper_ExactPhrase_2026,sub zero 650 refrigerator,Exact,Campaign negative,Expanded negative control
SZ_Search_BayArea_Hyper_ExactPhrase_2026,sub zero 650 s2,Exact,Campaign negative,Expanded negative control
SZ_Search_BayArea_Hyper_ExactPhrase_2026,sub zero 650 specs,Exact,Campaign negative,Expanded negative control
SZ_Search_BayArea_Hyper_ExactPhrase_2026,sub zero 650s,Exact,Campaign negative,Expanded negative control
SZ_Search_BayArea_Hyper_ExactPhrase_2026,sub zero 680,Exact,Campaign negative,Expanded negative control
SZ_Search_BayArea_Hyper_ExactPhrase_2026,sub zero 680 ice maker troubleshooting,Exact,Campaign negative,Expanded negative control
SZ_Search_BayArea_Hyper_ExactPhrase_2026,sub zero 685 price,Exact,Campaign negative,Expanded negative control
SZ_Search_BayArea_Hyper_ExactPhrase_2026,sub zero 685 s,Exact,Campaign negative,Expanded negative control
SZ_Search_BayArea_Hyper_ExactPhrase_2026,sub zero 685 water filter,Exact,Campaign negative,Expanded negative control
SZ_Search_BayArea_Hyper_ExactPhrase_2026,sub zero 690,Exact,Campaign negative,Expanded negative control
SZ_Search_BayArea_Hyper_ExactPhrase_2026,sub zero 690 price,Exact,Campaign negative,Expanded negative control
SZ_Search_BayArea_Hyper_ExactPhrase_2026,sub zero 690 refrigerator,Exact,Campaign negative,Expanded negative control
SZ_Search_BayArea_Hyper_ExactPhrase_2026,sub zero 695,Exact,Campaign negative,Expanded negative control
SZ_Search_BayArea_Hyper_ExactPhrase_2026,sub zero 695 price,Exact,Campaign negative,Expanded negative control
SZ_Search_BayArea_Hyper_ExactPhrase_2026,sub zero 695 water filter,Exact,Campaign negative,Expanded negative control
SZ_Search_BayArea_Hyper_ExactPhrase_2026,sub zero 700 series,Exact,Campaign negative,Expanded negative control
SZ_Search_BayArea_Hyper_ExactPhrase_2026,sub zero 700 series drawers,Exact,Campaign negative,Expanded negative control
SZ_Search_BayArea_Hyper_ExactPhrase_2026,sub zero 700 tr,Exact,Campaign negative,Expanded negative control
SZ_Search_BayArea_Hyper_ExactPhrase_2026,sub zero 7006999,Exact,Campaign negative,Expanded negative control
SZ_Search_BayArea_Hyper_ExactPhrase_2026,sub zero 7007067,Exact,Campaign negative,Expanded negative control
SZ_Search_BayArea_Hyper_ExactPhrase_2026,sub zero 700bf freezer drawers,Exact,Campaign negative,Expanded negative control
SZ_Search_BayArea_Hyper_ExactPhrase_2026,sub zero 700br,Exact,Campaign negative,Expanded negative control
SZ_Search_BayArea_Hyper_ExactPhrase_2026,sub zero 700br specs,Exact,Campaign negative,Expanded negative control
SZ_Search_BayArea_Hyper_ExactPhrase_2026,sub zero 700tc for sale,Exact,Campaign negative,Expanded negative control
SZ_Search_BayArea_Hyper_ExactPhrase_2026,sub zero 700tc price,Exact,Campaign negative,Expanded negative control
SZ_Search_BayArea_Hyper_ExactPhrase_2026,sub zero 700tci,Exact,Campaign negative,Expanded negative control
SZ_Search_BayArea_Hyper_ExactPhrase_2026,sub zero 700tf,Exact,Campaign negative,Expanded negative control
SZ_Search_BayArea_Hyper_ExactPhrase_2026,sub zero 7012333,Exact,Campaign negative,Expanded negative control
SZ_Search_BayArea_Hyper_ExactPhrase_2026,sub zero 7023628,Exact,Campaign negative,Expanded negative control
SZ_Search_BayArea_Hyper_ExactPhrase_2026,sub zero 7023812,Exact,Campaign negative,Expanded negative control
SZ_Search_BayArea_Hyper_ExactPhrase_2026,sub zero 7042798,Exact,Campaign negative,Expanded negative control
SZ_Search_BayArea_Hyper_ExactPhrase_2026,sub zero 72 inch refrigerator,Exact,Campaign negative,Expanded negative control
SZ_Search_BayArea_Hyper_ExactPhrase_2026,sub zero 736 tc,Exact,Campaign negative,Expanded negative control
SZ_Search_BayArea_Hyper_ExactPhrase_2026,sub zero 736tc,Exact,Campaign negative,Expanded negative control
SZ_Search_BayArea_Hyper_ExactPhrase_2026,sub zero 736tci,Exact,Campaign negative,Expanded negative control
SZ_Search_BayArea_Hyper_ExactPhrase_2026,sub zero 736tci 3,Exact,Campaign negative,Expanded negative control
SZ_Search_BayArea_Hyper_ExactPhrase_2026,sub zero a c recharge,Exact,Campaign negative,Expanded negative control
SZ_Search_BayArea_Hyper_ExactPhrase_2026,sub zero accessories,Exact,Campaign negative,Expanded negative control
SZ_Search_BayArea_Hyper_ExactPhrase_2026,sub zero air conditioning,Exact,Campaign negative,Expanded negative control
SZ_Search_BayArea_Hyper_ExactPhrase_2026,sub zero air filter,Exact,Campaign negative,Expanded negative control
SZ_Search_BayArea_Hyper_ExactPhrase_2026,sub zero air filter indicator,Exact,Campaign negative,Expanded negative control
SZ_Search_BayArea_Hyper_ExactPhrase_2026,sub zero air filters,Exact,Campaign negative,Expanded negative control
SZ_Search_BayArea_Hyper_ExactPhrase_2026,sub zero air purification,Exact,Campaign negative,Expanded negative control
SZ_Search_BayArea_Hyper_ExactPhrase_2026,sub zero air purification cartridge,Exact,Campaign negative,Expanded negative control
SZ_Search_BayArea_Hyper_ExactPhrase_2026,sub zero air purification cartridge 7007067,Exact,Campaign negative,Expanded negative control
SZ_Search_BayArea_Hyper_ExactPhrase_2026,sub zero air purification cartridge 7042798,Exact,Campaign negative,Expanded negative control
SZ_Search_BayArea_Hyper_ExactPhrase_2026,sub zero air purification system,Exact,Campaign negative,Expanded negative control
SZ_Search_BayArea_Hyper_ExactPhrase_2026,sub zero air purifier,Exact,Campaign negative,Expanded negative control
SZ_Search_BayArea_Hyper_ExactPhrase_2026,sub zero air purifier filter,Exact,Campaign negative,Expanded negative control
SZ_Search_BayArea_Hyper_ExactPhrase_2026,sub zero alarm symbols,Exact,Campaign negative,Expanded negative control
SZ_Search_BayArea_Hyper_ExactPhrase_2026,sub zero all refrigerator 36,Exact,Campaign negative,Expanded negative control
SZ_Search_BayArea_Hyper_ExactPhrase_2026,sub zero and wolf,Exact,Campaign negative,Expanded negative control
SZ_Search_BayArea_Hyper_ExactPhrase_2026,sub zero and wolf appliances,Exact,Campaign negative,Expanded negative control
SZ_Search_BayArea_Hyper_ExactPhrase_2026,sub zero appliance,Exact,Campaign negative,Expanded negative control
SZ_Search_BayArea_Hyper_ExactPhrase_2026,sub zero appliance care,Exact,Campaign negative,Expanded negative control
SZ_Search_BayArea_Hyper_ExactPhrase_2026,sub zero appliance handles,Exact,Campaign negative,Expanded negative control
SZ_Search_BayArea_Hyper_ExactPhrase_2026,sub zero appliance pulls,Exact,Campaign negative,Expanded negative control
SZ_Search_BayArea_Hyper_ExactPhrase_2026,sub zero appliances near me,Exact,Campaign negative,Expanded negative control
SZ_Search_BayArea_Hyper_ExactPhrase_2026,sub zero appliances usa,Exact,Campaign negative,Expanded negative control
SZ_Search_BayArea_Hyper_ExactPhrase_2026,sub zero arizona,Exact,Campaign negative,Expanded negative control
SZ_Search_BayArea_Hyper_ExactPhrase_2026,sub zero bar refrigerator,Exact,Campaign negative,Expanded negative control
SZ_Search_BayArea_Hyper_ExactPhrase_2026,sub zero bath,Exact,Campaign negative,Expanded negative control
SZ_Search_BayArea_Hyper_ExactPhrase_2026,sub zero beer fridge,Exact,Campaign negative,Expanded negative control
SZ_Search_BayArea_Hyper_ExactPhrase_2026,sub zero beverage center,Exact,Campaign negative,Expanded negative control
SZ_Search_BayArea_Hyper_ExactPhrase_2026,sub zero beverage center 24,Exact,Campaign negative,Expanded negative control
SZ_Search_BayArea_Hyper_ExactPhrase_2026,sub zero beverage centre,Exact,Campaign negative,Expanded negative control
SZ_Search_BayArea_Hyper_ExactPhrase_2026,sub zero beverage cooler,Exact,Campaign negative,Expanded negative control
SZ_Search_BayArea_Hyper_ExactPhrase_2026,sub zero beverage drawers,Exact,Campaign negative,Expanded negative control
SZ_Search_BayArea_Hyper_ExactPhrase_2026,sub zero beverage fridge,Exact,Campaign negative,Expanded negative control
SZ_Search_BayArea_Hyper_ExactPhrase_2026,sub zero bi,Exact,Campaign negative,Expanded negative control
SZ_Search_BayArea_Hyper_ExactPhrase_2026,sub zero bi 30u,Exact,Campaign negative,Expanded negative control
SZ_Search_BayArea_Hyper_ExactPhrase_2026,sub zero bi 30u o,Exact,Campaign negative,Expanded negative control
SZ_Search_BayArea_Hyper_ExactPhrase_2026,sub zero bi 36f o,Exact,Campaign negative,Expanded negative control
SZ_Search_BayArea_Hyper_ExactPhrase_2026,sub zero bi 36u o,Exact,Campaign negative,Expanded negative control
SZ_Search_BayArea_Hyper_ExactPhrase_2026,sub zero bi 36u o rh,Exact,Campaign negative,Expanded negative control
SZ_Search_BayArea_Hyper_ExactPhrase_2026,sub zero bi 36ufd,Exact,Campaign negative,Expanded negative control
SZ_Search_BayArea_Hyper_ExactPhrase_2026,sub zero bi 42s,Exact,Campaign negative,Expanded negative control
SZ_Search_BayArea_Hyper_ExactPhrase_2026,sub zero bi 42sd,Exact,Campaign negative,Expanded negative control
SZ_Search_BayArea_Hyper_ExactPhrase_2026,sub zero bi 42sd s th,Exact,Campaign negative,Expanded negative control
SZ_Search_BayArea_Hyper_ExactPhrase_2026,sub zero bi 42sid,Exact,Campaign negative,Expanded negative control
SZ_Search_BayArea_Hyper_ExactPhrase_2026,sub zero bi 42ufdid s ph,Exact,Campaign negative,Expanded negative control
SZ_Search_BayArea_Hyper_ExactPhrase_2026,sub zero bi 48 light bulb,Exact,Campaign negative,Expanded negative control
SZ_Search_BayArea_Hyper_ExactPhrase_2026,sub zero bi 48s o,Exact,Campaign negative,Expanded negative control
SZ_Search_BayArea_Hyper_ExactPhrase_2026,sub zero bi 48s s ph,Exact,Campaign negative,Expanded negative control
SZ_Search_BayArea_Hyper_ExactPhrase_2026,sub zero bi 48sd o,Exact,Campaign negative,Expanded negative control
SZ_Search_BayArea_Hyper_ExactPhrase_2026,sub zero bi 48sd s th,Exact,Campaign negative,Expanded negative control
SZ_Search_BayArea_Hyper_ExactPhrase_2026,sub zero bi 48sid,Exact,Campaign negative,Expanded negative control
SZ_Search_BayArea_Hyper_ExactPhrase_2026,sub zero bi 48sid s ph,Exact,Campaign negative,Expanded negative control
SZ_Search_BayArea_Hyper_ExactPhrase_2026,sub zero bi 48sid s th,Exact,Campaign negative,Expanded negative control
SZ_Search_BayArea_Hyper_ExactPhrase_2026,sub zero bi36ufd,Exact,Campaign negative,Expanded negative control
SZ_Search_BayArea_Hyper_ExactPhrase_2026,sub zero bi42s,Exact,Campaign negative,Expanded negative control
SZ_Search_BayArea_Hyper_ExactPhrase_2026,sub zero boise,Exact,Campaign negative,Expanded negative control
SZ_Search_BayArea_Hyper_ExactPhrase_2026,sub zero bottom freezer,Exact,Campaign negative,Expanded negative control
SZ_Search_BayArea_Hyper_ExactPhrase_2026,sub zero bottom freezer refrigerator,Exact,Campaign negative,Expanded negative control
SZ_Search_BayArea_Hyper_ExactPhrase_2026,sub zero br700,Exact,Campaign negative,Expanded negative control
SZ_Search_BayArea_Hyper_ExactPhrase_2026,sub zero brand,Exact,Campaign negative,Expanded negative control
SZ_Search_BayArea_Hyper_ExactPhrase_2026,sub zero brand refrigerator,Exact,Campaign negative,Expanded negative control
SZ_Search_BayArea_Hyper_ExactPhrase_2026,sub zero brand refrigerators,Exact,Campaign negative,Expanded negative control
SZ_Search_BayArea_Hyper_ExactPhrase_2026,sub zero built in,Exact,Campaign negative,Expanded negative control
SZ_Search_BayArea_Hyper_ExactPhrase_2026,sub zero built in fridge,Exact,Campaign negative,Expanded negative control
SZ_Search_BayArea_Hyper_ExactPhrase_2026,sub zero built in refrigerator,Exact,Campaign negative,Expanded negative control
SZ_Search_BayArea_Hyper_ExactPhrase_2026,sub zero built in refrigerator 36,Exact,Campaign negative,Expanded negative control
SZ_Search_BayArea_Hyper_ExactPhrase_2026,sub zero built in refrigerator 42,Exact,Campaign negative,Expanded negative control
SZ_Search_BayArea_Hyper_ExactPhrase_2026,sub zero built in refrigerator 48,Exact,Campaign negative,Expanded negative control
SZ_Search_BayArea_Hyper_ExactPhrase_2026,sub zero built in refrigerators,Exact,Campaign negative,Expanded negative control
SZ_Search_BayArea_Hyper_ExactPhrase_2026,sub zero butter shelf,Exact,Campaign negative,Expanded negative control
SZ_Search_BayArea_Hyper_ExactPhrase_2026,sub zero cabinet fridge,Exact,Campaign negative,Expanded negative control
SZ_Search_BayArea_Hyper_ExactPhrase_2026,sub zero cabinet refrigerator,Exact,Campaign negative,Expanded negative control
SZ_Search_BayArea_Hyper_ExactPhrase_2026,sub zero care,Exact,Campaign negative,Expanded negative control
SZ_Search_BayArea_Hyper_ExactPhrase_2026,sub zero care plus,Exact,Campaign negative,Expanded negative control
SZ_Search_BayArea_Hyper_ExactPhrase_2026,sub zero cartridge,Exact,Campaign negative,Expanded negative control
SZ_Search_BayArea_Hyper_ExactPhrase_2026,sub zero certification,Exact,Campaign negative,Expanded negative control
SZ_Search_BayArea_Hyper_ExactPhrase_2026,sub zero certified installer,Exact,Campaign negative,Expanded negative control
SZ_Search_BayArea_Hyper_ExactPhrase_2026,sub zero certified repair,Exact,Campaign negative,Expanded negative control
SZ_Search_BayArea_Hyper_ExactPhrase_2026,sub zero cl3650u o,Exact,Campaign negative,Expanded negative control
SZ_Search_BayArea_Hyper_ExactPhrase_2026,sub zero cl3650ufd o,Exact,Campaign negative,Expanded negative control
SZ_Search_BayArea_Hyper_ExactPhrase_2026,sub zero cl3650ufd s,Exact,Campaign negative,Expanded negative control
SZ_Search_BayArea_Hyper_ExactPhrase_2026,sub zero cl3650ufdid o,Exact,Campaign negative,Expanded negative control
SZ_Search_BayArea_Hyper_ExactPhrase_2026,sub zero cl3650ufdid s,Exact,Campaign negative,Expanded negative control
SZ_Search_BayArea_Hyper_ExactPhrase_2026,sub zero cl4250sid o,Exact,Campaign negative,Expanded negative control
SZ_Search_BayArea_Hyper_ExactPhrase_2026,sub zero cl4250ufd o,Exact,Campaign negative,Expanded negative control
SZ_Search_BayArea_Hyper_ExactPhrase_2026,sub zero cl4250ufdid o,Exact,Campaign negative,Expanded negative control
SZ_Search_BayArea_Hyper_ExactPhrase_2026,sub zero cl4250ufdid s,Exact,Campaign negative,Expanded negative control
SZ_Search_BayArea_Hyper_ExactPhrase_2026,sub zero cl4250ufdid s p,Exact,Campaign negative,Expanded negative control
SZ_Search_BayArea_Hyper_ExactPhrase_2026,sub zero cl4850,Exact,Campaign negative,Expanded negative control
SZ_Search_BayArea_Hyper_ExactPhrase_2026,sub zero cl4850s o,Exact,Campaign negative,Expanded negative control
SZ_Search_BayArea_Hyper_ExactPhrase_2026,sub zero cl4850s s,Exact,Campaign negative,Expanded negative control
SZ_Search_BayArea_Hyper_ExactPhrase_2026,sub zero cl4850s s p,Exact,Campaign negative,Expanded negative control
SZ_Search_BayArea_Hyper_ExactPhrase_2026,sub zero cl4850sd s p,Exact,Campaign negative,Expanded negative control
SZ_Search_BayArea_Hyper_ExactPhrase_2026,sub zero cl4850sid,Exact,Campaign negative,Expanded negative control
SZ_Search_BayArea_Hyper_ExactPhrase_2026,sub zero cl4850sid o,Exact,Campaign negative,Expanded negative control
SZ_Search_BayArea_Hyper_ExactPhrase_2026,sub zero cl4850sid s p,Exact,Campaign negative,Expanded negative control
SZ_Search_BayArea_Hyper_ExactPhrase_2026,sub zero cl4850ufdid,Exact,Campaign negative,Expanded negative control
SZ_Search_BayArea_Hyper_ExactPhrase_2026,sub zero cl4850ufdid o,Exact,Campaign negative,Expanded negative control
SZ_Search_BayArea_Hyper_ExactPhrase_2026,sub zero cl4850ufdid s p,Exact,Campaign negative,Expanded negative control
SZ_Search_BayArea_Hyper_ExactPhrase_2026,sub zero classic 42,Exact,Campaign negative,Expanded negative control
SZ_Search_BayArea_Hyper_ExactPhrase_2026,sub zero classic 48,Exact,Campaign negative,Expanded negative control
SZ_Search_BayArea_Hyper_ExactPhrase_2026,sub zero classic refrigerator,Exact,Campaign negative,Expanded negative control
SZ_Search_BayArea_Hyper_ExactPhrase_2026,sub zero classic series refrigerator,Exact,Campaign negative,Expanded negative control
SZ_Search_BayArea_Hyper_ExactPhrase_2026,sub zero classic side by side,Exact,Campaign negative,Expanded negative control
SZ_Search_BayArea_Hyper_ExactPhrase_2026,sub zero column,Exact,Campaign negative,Expanded negative control
SZ_Search_BayArea_Hyper_ExactPhrase_2026,sub zero column freezer,Exact,Campaign negative,Expanded negative control
SZ_Search_BayArea_Hyper_ExactPhrase_2026,sub zero column freezer 36,Exact,Campaign negative,Expanded negative control
SZ_Search_BayArea_Hyper_ExactPhrase_2026,sub zero column fridge,Exact,Campaign negative,Expanded negative control
SZ_Search_BayArea_Hyper_ExactPhrase_2026,sub zero column refrigerator,Exact,Campaign negative,Expanded negative control
SZ_Search_BayArea_Hyper_ExactPhrase_2026,sub zero column refrigerator 30 inch,Exact,Campaign negative,Expanded negative control
SZ_Search_BayArea_Hyper_ExactPhrase_2026,sub zero column refrigerator and freezer,Exact,Campaign negative,Expanded negative control
SZ_Search_BayArea_Hyper_ExactPhrase_2026,sub zero column refrigerators,Exact,Campaign negative,Expanded negative control
SZ_Search_BayArea_Hyper_ExactPhrase_2026,sub zero columns,Exact,Campaign negative,Expanded negative control
SZ_Search_BayArea_Hyper_ExactPhrase_2026,sub zero com,Exact,Campaign negative,Expanded negative control
SZ_Search_BayArea_Hyper_ExactPhrase_2026,sub zero com specs,Exact,Campaign negative,Expanded negative control
SZ_Search_BayArea_Hyper_ExactPhrase_2026,sub zero commercial fridge,Exact,Campaign negative,Expanded negative control
SZ_Search_BayArea_Hyper_ExactPhrase_2026,sub zero compact refrigerators,Exact,Campaign negative,Expanded negative control
SZ_Search_BayArea_Hyper_ExactPhrase_2026,sub zero company,Exact,Campaign negative,Expanded negative control
SZ_Search_BayArea_Hyper_ExactPhrase_2026,sub zero company headquarters,Exact,Campaign negative,Expanded negative control
SZ_Search_BayArea_Hyper_ExactPhrase_2026,sub zero compressor,Exact,Campaign negative,Expanded negative control
SZ_Search_BayArea_Hyper_ExactPhrase_2026,sub zero compressor price,Exact,Campaign negative,Expanded negative control
SZ_Search_BayArea_Hyper_ExactPhrase_2026,sub zero compressor replacement cost,Exact,Campaign negative,Expanded negative control
SZ_Search_BayArea_Hyper_ExactPhrase_2026,sub zero contact,Exact,Campaign negative,Expanded negative control
SZ_Search_BayArea_Hyper_ExactPhrase_2026,sub zero contact number,Exact,Campaign negative,Expanded negative control
SZ_Search_BayArea_Hyper_ExactPhrase_2026,sub zero contact us,Exact,Campaign negative,Expanded negative control
SZ_Search_BayArea_Hyper_ExactPhrase_2026,sub zero control board,Exact,Campaign negative,Expanded negative control
SZ_Search_BayArea_Hyper_ExactPhrase_2026,sub zero control panel blank,Exact,Campaign negative,Expanded negative control
SZ_Search_BayArea_Hyper_ExactPhrase_2026,sub zero control panel symbols,Exact,Campaign negative,Expanded negative control
SZ_Search_BayArea_Hyper_ExactPhrase_2026,sub zero cooktop,Exact,Campaign negative,Expanded negative control
SZ_Search_BayArea_Hyper_ExactPhrase_2026,sub zero coolers,Exact,Campaign negative,Expanded negative control
SZ_Search_BayArea_Hyper_ExactPhrase_2026,sub zero corp,Exact,Campaign negative,Expanded negative control
SZ_Search_BayArea_Hyper_ExactPhrase_2026,sub zero corporation,Exact,Campaign negative,Expanded negative control
SZ_Search_BayArea_Hyper_ExactPhrase_2026,sub zero costa mesa,Exact,Campaign negative,Expanded negative control
SZ_Search_BayArea_Hyper_ExactPhrase_2026,sub zero costs,Exact,Campaign negative,Expanded negative control
SZ_Search_BayArea_Hyper_ExactPhrase_2026,sub zero cove,Exact,Campaign negative,Expanded negative control
SZ_Search_BayArea_Hyper_ExactPhrase_2026,sub zero cove wolf,Exact,Campaign negative,Expanded negative control
SZ_Search_BayArea_Hyper_ExactPhrase_2026,sub zero crisper drawer disassembly,Exact,Campaign negative,Expanded negative control
SZ_Search_BayArea_Hyper_ExactPhrase_2026,sub zero custom fridge,Exact,Campaign negative,Expanded negative control
SZ_Search_BayArea_Hyper_ExactPhrase_2026,sub zero custom panels cost,Exact,Campaign negative,Expanded negative control
SZ_Search_BayArea_Hyper_ExactPhrase_2026,sub zero dairy compartment,Exact,Campaign negative,Expanded negative control
SZ_Search_BayArea_Hyper_ExactPhrase_2026,sub zero dairy storage component,Exact,Campaign negative,Expanded negative control
SZ_Search_BayArea_Hyper_ExactPhrase_2026,sub zero dec1850fi,Exact,Campaign negative,Expanded negative control
SZ_Search_BayArea_Hyper_ExactPhrase_2026,sub zero dec1850fi l,Exact,Campaign negative,Expanded negative control
SZ_Search_BayArea_Hyper_ExactPhrase_2026,sub zero dec2450fi,Exact,Campaign negative,Expanded negative control
SZ_Search_BayArea_Hyper_ExactPhrase_2026,sub zero dec2450fi l,Exact,Campaign negative,Expanded negative control
SZ_Search_BayArea_Hyper_ExactPhrase_2026,sub zero dec2450r,Exact,Campaign negative,Expanded negative control
SZ_Search_BayArea_Hyper_ExactPhrase_2026,sub zero dec3050fi l,Exact,Campaign negative,Expanded negative control
SZ_Search_BayArea_Hyper_ExactPhrase_2026,sub zero dec3050r,Exact,Campaign negative,Expanded negative control
SZ_Search_BayArea_Hyper_ExactPhrase_2026,sub zero dec3050r r,Exact,Campaign negative,Expanded negative control
SZ_Search_BayArea_Hyper_ExactPhrase_2026,sub zero dec3050rid,Exact,Campaign negative,Expanded negative control
SZ_Search_BayArea_Hyper_ExactPhrase_2026,sub zero dec3050rid r,Exact,Campaign negative,Expanded negative control
SZ_Search_BayArea_Hyper_ExactPhrase_2026,sub zero dec3650r r,Exact,Campaign negative,Expanded negative control
SZ_Search_BayArea_Hyper_ExactPhrase_2026,sub zero dec3650rid,Exact,Campaign negative,Expanded negative control
SZ_Search_BayArea_Hyper_ExactPhrase_2026,sub zero dec3650rid r,Exact,Campaign negative,Expanded negative control
SZ_Search_BayArea_Hyper_ExactPhrase_2026,sub zero defrost thermostat,Exact,Campaign negative,Expanded negative control
SZ_Search_BayArea_Hyper_ExactPhrase_2026,sub zero defrost timer,Exact,Campaign negative,Expanded negative control
SZ_Search_BayArea_Hyper_ExactPhrase_2026,sub zero designer,Exact,Campaign negative,Expanded negative control
SZ_Search_BayArea_Hyper_ExactPhrase_2026,sub zero designer 36 refrigerator,Exact,Campaign negative,Expanded negative control
SZ_Search_BayArea_Hyper_ExactPhrase_2026,sub zero designer refrigerator,Exact,Campaign negative,Expanded negative control
SZ_Search_BayArea_Hyper_ExactPhrase_2026,sub zero designer series,Exact,Campaign negative,Expanded negative control
SZ_Search_BayArea_Hyper_ExactPhrase_2026,sub zero designer series 36,Exact,Campaign negative,Expanded negative control
SZ_Search_BayArea_Hyper_ExactPhrase_2026,sub zero designer series refrigerator,Exact,Campaign negative,Expanded negative control
SZ_Search_BayArea_Hyper_ExactPhrase_2026,sub zero det3050ci,Exact,Campaign negative,Expanded negative control
SZ_Search_BayArea_Hyper_ExactPhrase_2026,sub zero det3650ci,Exact,Campaign negative,Expanded negative control
SZ_Search_BayArea_Hyper_ExactPhrase_2026,sub zero det3650ci l,Exact,Campaign negative,Expanded negative control
SZ_Search_BayArea_Hyper_ExactPhrase_2026,sub zero det3650ciid,Exact,Campaign negative,Expanded negative control
SZ_Search_BayArea_Hyper_ExactPhrase_2026,sub zero det3650ciid l,Exact,Campaign negative,Expanded negative control
SZ_Search_BayArea_Hyper_ExactPhrase_2026,sub zero det3650ciid r,Exact,Campaign negative,Expanded negative control
SZ_Search_BayArea_Hyper_ExactPhrase_2026,sub zero det3650ciidr,Exact,Campaign negative,Expanded negative control
SZ_Search_BayArea_Hyper_ExactPhrase_2026,sub zero deu2450bg,Exact,Campaign negative,Expanded negative control
SZ_Search_BayArea_Hyper_ExactPhrase_2026,sub zero deu2450bg l,Exact,Campaign negative,Expanded negative control
SZ_Search_BayArea_Hyper_ExactPhrase_2026,sub zero deu2450bg r,Exact,Campaign negative,Expanded negative control
SZ_Search_BayArea_Hyper_ExactPhrase_2026,sub zero deu2450bgr,Exact,Campaign negative,Expanded negative control
SZ_Search_BayArea_Hyper_ExactPhrase_2026,sub zero deu2450ci,Exact,Campaign negative,Expanded negative control
SZ_Search_BayArea_Hyper_ExactPhrase_2026,sub zero deu2450r,Exact,Campaign negative,Expanded negative control
SZ_Search_BayArea_Hyper_ExactPhrase_2026,sub zero deu2450r ada,Exact,Campaign negative,Expanded negative control
SZ_Search_BayArea_Hyper_ExactPhrase_2026,sub zero deu2450ro,Exact,Campaign negative,Expanded negative control
SZ_Search_BayArea_Hyper_ExactPhrase_2026,sub zero deu2450w,Exact,Campaign negative,Expanded negative control
SZ_Search_BayArea_Hyper_ExactPhrase_2026,sub zero deu2450wr,Exact,Campaign negative,Expanded negative control
SZ_Search_BayArea_Hyper_ExactPhrase_2026,sub zero device,Exact,Campaign negative,Expanded negative control
SZ_Search_BayArea_Hyper_ExactPhrase_2026,sub zero discounts,Exact,Campaign negative,Expanded negative control
SZ_Search_BayArea_Hyper_ExactPhrase_2026,sub zero distributor,Exact,Campaign negative,Expanded negative control
SZ_Search_BayArea_Hyper_ExactPhrase_2026,sub zero distributor near me,Exact,Campaign negative,Expanded negative control
SZ_Search_BayArea_Hyper_ExactPhrase_2026,sub zero door gasket,Exact,Campaign negative,Expanded negative control
SZ_Search_BayArea_Hyper_ExactPhrase_2026,sub zero door handle set screw,Exact,Campaign negative,Expanded negative control
SZ_Search_BayArea_Hyper_ExactPhrase_2026,sub zero door seal,Exact,Campaign negative,Expanded negative control
SZ_Search_BayArea_Hyper_ExactPhrase_2026,sub zero double door fridge,Exact,Campaign negative,Expanded negative control
SZ_Search_BayArea_Hyper_ExactPhrase_2026,sub zero double door refrigerator,Exact,Campaign negative,Expanded negative control
SZ_Search_BayArea_Hyper_ExactPhrase_2026,sub zero drain tube,Exact,Campaign negative,Expanded negative control
SZ_Search_BayArea_Hyper_ExactPhrase_2026,sub zero drain tube clogged,Exact,Campaign negative,Expanded negative control
SZ_Search_BayArea_Hyper_ExactPhrase_2026,sub zero drain tube replacement,Exact,Campaign negative,Expanded negative control
SZ_Search_BayArea_Hyper_ExactPhrase_2026,sub zero drawer,Exact,Campaign negative,Expanded negative control
SZ_Search_BayArea_Hyper_ExactPhrase_2026,sub zero drawer freezer,Exact,Campaign negative,Expanded negative control
SZ_Search_BayArea_Hyper_ExactPhrase_2026,sub zero drawers,Exact,Campaign negative,Expanded negative control
SZ_Search_BayArea_Hyper_ExactPhrase_2026,sub zero drink fridge,Exact,Campaign negative,Expanded negative control
SZ_Search_BayArea_Hyper_ExactPhrase_2026,sub zero drip tray overflowing,Exact,Campaign negative,Expanded negative control
SZ_Search_BayArea_Hyper_ExactPhrase_2026,sub zero dual refrigeration 650,Exact,Campaign negative,Expanded negative control
SZ_Search_BayArea_Hyper_ExactPhrase_2026,sub zero ec,Exact,Campaign negative,Expanded negative control
SZ_Search_BayArea_Hyper_ExactPhrase_2026,sub zero ec 24,Exact,Campaign negative,Expanded negative control
SZ_Search_BayArea_Hyper_ExactPhrase_2026,sub zero ec 40,Exact,Campaign negative,Expanded negative control
SZ_Search_BayArea_Hyper_ExactPhrase_2026,sub zero ec24,Exact,Campaign negative,Expanded negative control
SZ_Search_BayArea_Hyper_ExactPhrase_2026,sub zero email,Exact,Campaign negative,Expanded negative control
SZ_Search_BayArea_Hyper_ExactPhrase_2026,sub zero encinitas,Exact,Campaign negative,Expanded negative control
SZ_Search_BayArea_Hyper_ExactPhrase_2026,sub zero escondido,Exact,Campaign negative,Expanded negative control
SZ_Search_BayArea_Hyper_ExactPhrase_2026,sub zero evaporator fan motor,Exact,Campaign negative,Expanded negative control
SZ_Search_BayArea_Hyper_ExactPhrase_2026,sub zero factory,Exact,Campaign negative,Expanded negative control
SZ_Search_BayArea_Hyper_ExactPhrase_2026,sub zero fan,Exact,Campaign negative,Expanded negative control
SZ_Search_BayArea_Hyper_ExactPhrase_2026,sub zero fan motor,Exact,Campaign negative,Expanded negative control
SZ_Search_BayArea_Hyper_ExactPhrase_2026,sub zero fan switch,Exact,Campaign negative,Expanded negative control
SZ_Search_BayArea_Hyper_ExactPhrase_2026,sub zero filter,Exact,Campaign negative,Expanded negative control
SZ_Search_BayArea_Hyper_ExactPhrase_2026,sub zero filters,Exact,Campaign negative,Expanded negative control
SZ_Search_BayArea_Hyper_ExactPhrase_2026,sub zero flashing wrench,Exact,Campaign negative,Expanded negative control
SZ_Search_BayArea_Hyper_ExactPhrase_2026,sub zero flush install,Exact,Campaign negative,Expanded negative control
SZ_Search_BayArea_Hyper_ExactPhrase_2026,sub zero food preservation,Exact,Campaign negative,Expanded negative control
SZ_Search_BayArea_Hyper_ExactPhrase_2026,sub zero freestanding fridge,Exact,Campaign negative,Expanded negative control
SZ_Search_BayArea_Hyper_ExactPhrase_2026,sub zero freezer,Exact,Campaign negative,Expanded negative control
SZ_Search_BayArea_Hyper_ExactPhrase_2026,sub zero freezer co,Exact,Campaign negative,Expanded negative control
SZ_Search_BayArea_Hyper_ExactPhrase_2026,sub zero freezer column,Exact,Campaign negative,Expanded negative control
SZ_Search_BayArea_Hyper_ExactPhrase_2026,sub zero freezer compressor,Exact,Campaign negative,Expanded negative control
SZ_Search_BayArea_Hyper_ExactPhrase_2026,sub zero freezer defrost,Exact,Campaign negative,Expanded negative control
SZ_Search_BayArea_Hyper_ExactPhrase_2026,sub zero freezer door hard to open,Exact,Campaign negative,Expanded negative control
SZ_Search_BayArea_Hyper_ExactPhrase_2026,sub zero freezer door shelf,Exact,Campaign negative,Expanded negative control
SZ_Search_BayArea_Hyper_ExactPhrase_2026,sub zero freezer door stuck,Exact,Campaign negative,Expanded negative control
SZ_Search_BayArea_Hyper_ExactPhrase_2026,sub zero freezer drain clogged,Exact,Campaign negative,Expanded negative control
SZ_Search_BayArea_Hyper_ExactPhrase_2026,sub zero freezer drawer,Exact,Campaign negative,Expanded negative control
SZ_Search_BayArea_Hyper_ExactPhrase_2026,sub zero freezer drawer gasket,Exact,Campaign negative,Expanded negative control
SZ_Search_BayArea_Hyper_ExactPhrase_2026,sub zero freezer drawer stuck,Exact,Campaign negative,Expanded negative control
SZ_Search_BayArea_Hyper_ExactPhrase_2026,sub zero freezer drawers,Exact,Campaign negative,Expanded negative control
SZ_Search_BayArea_Hyper_ExactPhrase_2026,sub zero freezer drawers with ice maker,Exact,Campaign negative,Expanded negative control
SZ_Search_BayArea_Hyper_ExactPhrase_2026,sub zero freezer for sale,Exact,Campaign negative,Expanded negative control
SZ_Search_BayArea_Hyper_ExactPhrase_2026,sub zero freezer gasket,Exact,Campaign negative,Expanded negative control
SZ_Search_BayArea_Hyper_ExactPhrase_2026,sub zero freezer gasket replacement,Exact,Campaign negative,Expanded negative control
SZ_Search_BayArea_Hyper_ExactPhrase_2026,sub zero freezer ice build up,Exact,Campaign negative,Expanded negative control
SZ_Search_BayArea_Hyper_ExactPhrase_2026,sub zero freezer ice maker,Exact,Campaign negative,Expanded negative control
SZ_Search_BayArea_Hyper_ExactPhrase_2026,sub zero freezer ice maker troubleshooting,Exact,Campaign negative,Expanded negative control
SZ_Search_BayArea_Hyper_ExactPhrase_2026,sub zero freezer setting,Exact,Campaign negative,Expanded negative control
SZ_Search_BayArea_Hyper_ExactPhrase_2026,sub zero freezer temperature,Exact,Campaign negative,Expanded negative control
SZ_Search_BayArea_Hyper_ExactPhrase_2026,sub zero freezer temperature fluctuates,Exact,Campaign negative,Expanded negative control
SZ_Search_BayArea_Hyper_ExactPhrase_2026,sub zero freezer temperature rising,Exact,Campaign negative,Expanded negative control
SZ_Search_BayArea_Hyper_ExactPhrase_2026,sub zero freezer temperature setting,Exact,Campaign negative,Expanded negative control
SZ_Search_BayArea_Hyper_ExactPhrase_2026,sub zero freezer troubleshooting,Exact,Campaign negative,Expanded negative control
SZ_Search_BayArea_Hyper_ExactPhrase_2026,sub zero freezer water filter,Exact,Campaign negative,Expanded negative control
SZ_Search_BayArea_Hyper_ExactPhrase_2026,sub zero freezerless refrigerator,Exact,Campaign negative,Expanded negative control
SZ_Search_BayArea_Hyper_ExactPhrase_2026,sub zero freezers,Exact,Campaign negative,Expanded negative control
SZ_Search_BayArea_Hyper_ExactPhrase_2026,sub zero french door,Exact,Campaign negative,Expanded negative control
SZ_Search_BayArea_Hyper_ExactPhrase_2026,sub zero french door 42,Exact,Campaign negative,Expanded negative control
SZ_Search_BayArea_Hyper_ExactPhrase_2026,sub zero french door 48,Exact,Campaign negative,Expanded negative control
SZ_Search_BayArea_Hyper_ExactPhrase_2026,sub zero french door fridge,Exact,Campaign negative,Expanded negative control
SZ_Search_BayArea_Hyper_ExactPhrase_2026,sub zero french door refrigerator,Exact,Campaign negative,Expanded negative control
SZ_Search_BayArea_Hyper_ExactPhrase_2026,sub zero french door refrigerator 36,Exact,Campaign negative,Expanded negative control
SZ_Search_BayArea_Hyper_ExactPhrase_2026,sub zero french door refrigerator 42,Exact,Campaign negative,Expanded negative control
SZ_Search_BayArea_Hyper_ExactPhrase_2026,sub zero fridge 30 inch,Exact,Campaign negative,Expanded negative control
SZ_Search_BayArea_Hyper_ExactPhrase_2026,sub zero fridge 36,Exact,Campaign negative,Expanded negative control
SZ_Search_BayArea_Hyper_ExactPhrase_2026,sub zero fridge 36 inch,Exact,Campaign negative,Expanded negative control
SZ_Search_BayArea_Hyper_ExactPhrase_2026,sub zero fridge 48,Exact,Campaign negative,Expanded negative control
SZ_Search_BayArea_Hyper_ExactPhrase_2026,sub zero fridge 501r,Exact,Campaign negative,Expanded negative control
SZ_Search_BayArea_Hyper_ExactPhrase_2026,sub zero fridge 60 inch,Exact,Campaign negative,Expanded negative control
SZ_Search_BayArea_Hyper_ExactPhrase_2026,sub zero fridge accessories,Exact,Campaign negative,Expanded negative control
SZ_Search_BayArea_Hyper_ExactPhrase_2026,sub zero fridge air filter,Exact,Campaign negative,Expanded negative control
SZ_Search_BayArea_Hyper_ExactPhrase_2026,sub zero fridge alarm,Exact,Campaign negative,Expanded negative control
SZ_Search_BayArea_Hyper_ExactPhrase_2026,sub zero fridge and freezer,Exact,Campaign negative,Expanded negative control
SZ_Search_BayArea_Hyper_ExactPhrase_2026,sub zero fridge and freezer combo,Exact,Campaign negative,Expanded negative control
SZ_Search_BayArea_Hyper_ExactPhrase_2026,sub zero fridge built in,Exact,Campaign negative,Expanded negative control
SZ_Search_BayArea_Hyper_ExactPhrase_2026,sub zero fridge cabinet front,Exact,Campaign negative,Expanded negative control
SZ_Search_BayArea_Hyper_ExactPhrase_2026,sub zero fridge cost,Exact,Campaign negative,Expanded negative control
SZ_Search_BayArea_Hyper_ExactPhrase_2026,sub zero fridge dimensions,Exact,Campaign negative,Expanded negative control
SZ_Search_BayArea_Hyper_ExactPhrase_2026,sub zero fridge door handles,Exact,Campaign negative,Expanded negative control
SZ_Search_BayArea_Hyper_ExactPhrase_2026,sub zero fridge door hard to open,Exact,Campaign negative,Expanded negative control
SZ_Search_BayArea_Hyper_ExactPhrase_2026,sub zero fridge door seal,Exact,Campaign negative,Expanded negative control
SZ_Search_BayArea_Hyper_ExactPhrase_2026,sub zero fridge drawers,Exact,Campaign negative,Expanded negative control
SZ_Search_BayArea_Hyper_ExactPhrase_2026,sub zero fridge filter,Exact,Campaign negative,Expanded negative control
SZ_Search_BayArea_Hyper_ExactPhrase_2026,sub zero fridge for sale,Exact,Campaign negative,Expanded negative control
SZ_Search_BayArea_Hyper_ExactPhrase_2026,sub zero fridge freezer,Exact,Campaign negative,Expanded negative control
SZ_Search_BayArea_Hyper_ExactPhrase_2026,sub zero fridge freezer and wine cooler,Exact,Campaign negative,Expanded negative control
SZ_Search_BayArea_Hyper_ExactPhrase_2026,sub zero fridge freezer combo,Exact,Campaign negative,Expanded negative control
SZ_Search_BayArea_Hyper_ExactPhrase_2026,sub zero fridge glass door,Exact,Campaign negative,Expanded negative control
SZ_Search_BayArea_Hyper_ExactPhrase_2026,sub zero fridge handle loose,Exact,Campaign negative,Expanded negative control
SZ_Search_BayArea_Hyper_ExactPhrase_2026,sub zero fridge hard to open,Exact,Campaign negative,Expanded negative control
SZ_Search_BayArea_Hyper_ExactPhrase_2026,sub zero fridge height,Exact,Campaign negative,Expanded negative control
SZ_Search_BayArea_Hyper_ExactPhrase_2026,sub zero fridge ice build up,Exact,Campaign negative,Expanded negative control
SZ_Search_BayArea_Hyper_ExactPhrase_2026,sub zero fridge install,Exact,Campaign negative,Expanded negative control
SZ_Search_BayArea_Hyper_ExactPhrase_2026,sub zero fridge interior,Exact,Campaign negative,Expanded negative control
SZ_Search_BayArea_Hyper_ExactPhrase_2026,sub zero fridge light bulb,Exact,Campaign negative,Expanded negative control
SZ_Search_BayArea_Hyper_ExactPhrase_2026,sub zero fridge lo c,Exact,Campaign negative,Expanded negative control
SZ_Search_BayArea_Hyper_ExactPhrase_2026,sub zero fridge manufacturer,Exact,Campaign negative,Expanded negative control
SZ_Search_BayArea_Hyper_ExactPhrase_2026,sub zero fridge measurements,Exact,Campaign negative,Expanded negative control
SZ_Search_BayArea_Hyper_ExactPhrase_2026,sub zero fridge models,Exact,Campaign negative,Expanded negative control
SZ_Search_BayArea_Hyper_ExactPhrase_2026,sub zero fridge near me,Exact,Campaign negative,Expanded negative control
SZ_Search_BayArea_Hyper_ExactPhrase_2026,sub zero fridge panel ready,Exact,Campaign negative,Expanded negative control
SZ_Search_BayArea_Hyper_ExactPhrase_2026,sub zero fridge price,Exact,Campaign negative,Expanded negative control
SZ_Search_BayArea_Hyper_ExactPhrase_2026,sub zero fridge sale,Exact,Campaign negative,Expanded negative control
SZ_Search_BayArea_Hyper_ExactPhrase_2026,sub zero fridge servicing,Exact,Campaign negative,Expanded negative control
SZ_Search_BayArea_Hyper_ExactPhrase_2026,sub zero fridge sizes,Exact,Campaign negative,Expanded negative control
SZ_Search_BayArea_Hyper_ExactPhrase_2026,sub zero fridge temperature,Exact,Campaign negative,Expanded negative control
SZ_Search_BayArea_Hyper_ExactPhrase_2026,sub zero fridge troubleshooting,Exact,Campaign negative,Expanded negative control
SZ_Search_BayArea_Hyper_ExactPhrase_2026,sub zero fridge usa,Exact,Campaign negative,Expanded negative control
SZ_Search_BayArea_Hyper_ExactPhrase_2026,sub zero fridge water filter,Exact,Campaign negative,Expanded negative control
SZ_Search_BayArea_Hyper_ExactPhrase_2026,sub zero fridge weight,Exact,Campaign negative,Expanded negative control
SZ_Search_BayArea_Hyper_ExactPhrase_2026,sub zero fridge white,Exact,Campaign negative,Expanded negative control
SZ_Search_BayArea_Hyper_ExactPhrase_2026,sub zero fridge width,Exact,Campaign negative,Expanded negative control
SZ_Search_BayArea_Hyper_ExactPhrase_2026,sub zero fridge wine,Exact,Campaign negative,Expanded negative control
SZ_Search_BayArea_Hyper_ExactPhrase_2026,sub zero fridge with water dispenser,Exact,Campaign negative,Expanded negative control
SZ_Search_BayArea_Hyper_ExactPhrase_2026,sub zero fridges,Exact,Campaign negative,Expanded negative control
SZ_Search_BayArea_Hyper_ExactPhrase_2026,sub zero frig,Exact,Campaign negative,Expanded negative control
SZ_Search_BayArea_Hyper_ExactPhrase_2026,sub zero frigidaire,Exact,Campaign negative,Expanded negative control
SZ_Search_BayArea_Hyper_ExactPhrase_2026,sub zero gasket,Exact,Campaign negative,Expanded negative control
SZ_Search_BayArea_Hyper_ExactPhrase_2026,sub zero glass door,Exact,Campaign negative,Expanded negative control
SZ_Search_BayArea_Hyper_ExactPhrase_2026,sub zero glass door fridge,Exact,Campaign negative,Expanded negative control
SZ_Search_BayArea_Hyper_ExactPhrase_2026,sub zero glass door refrigerator,Exact,Campaign negative,Expanded negative control
SZ_Search_BayArea_Hyper_ExactPhrase_2026,sub zero glass door refrigerator 36,Exact,Campaign negative,Expanded negative control
SZ_Search_BayArea_Hyper_ExactPhrase_2026,sub zero glass refrigerator,Exact,Campaign negative,Expanded negative control
SZ_Search_BayArea_Hyper_ExactPhrase_2026,sub zero goodyear az,Exact,Campaign negative,Expanded negative control
SZ_Search_BayArea_Hyper_ExactPhrase_2026,sub zero group,Exact,Campaign negative,Expanded negative control
SZ_Search_BayArea_Hyper_ExactPhrase_2026,sub zero group west,Exact,Campaign negative,Expanded negative control
SZ_Search_BayArea_Hyper_ExactPhrase_2026,sub zero h2 lo,Exact,Campaign negative,Expanded negative control
SZ_Search_BayArea_Hyper_ExactPhrase_2026,sub zero handle,Exact,Campaign negative,Expanded negative control
SZ_Search_BayArea_Hyper_ExactPhrase_2026,sub zero handle loose,Exact,Campaign negative,Expanded negative control
SZ_Search_BayArea_Hyper_ExactPhrase_2026,sub zero handles,Exact,Campaign negative,Expanded negative control
SZ_Search_BayArea_Hyper_ExactPhrase_2026,sub zero handles for refrigerator,Exact,Campaign negative,Expanded negative control
SZ_Search_BayArea_Hyper_ExactPhrase_2026,sub zero headquarters,Exact,Campaign negative,Expanded negative control
SZ_Search_BayArea_Hyper_ExactPhrase_2026,sub zero help,Exact,Campaign negative,Expanded negative control
SZ_Search_BayArea_Hyper_ExactPhrase_2026,sub zero home appliances,Exact,Campaign negative,Expanded negative control
SZ_Search_BayArea_Hyper_ExactPhrase_2026,sub zero home depot,Exact,Campaign negative,Expanded negative control
SZ_Search_BayArea_Hyper_ExactPhrase_2026,sub zero hq,Exact,Campaign negative,Expanded negative control
SZ_Search_BayArea_Hyper_ExactPhrase_2026,sub zero ic 27r,Exact,Campaign negative,Expanded negative control
SZ_Search_BayArea_Hyper_ExactPhrase_2026,sub zero ic 30r,Exact,Campaign negative,Expanded negative control
SZ_Search_BayArea_Hyper_ExactPhrase_2026,sub zero ic 30r rh,Exact,Campaign negative,Expanded negative control
SZ_Search_BayArea_Hyper_ExactPhrase_2026,sub zero ic 30rid,Exact,Campaign negative,Expanded negative control
SZ_Search_BayArea_Hyper_ExactPhrase_2026,sub zero ic 36rid,Exact,Campaign negative,Expanded negative control
SZ_Search_BayArea_Hyper_ExactPhrase_2026,sub zero ice bin,Exact,Campaign negative,Expanded negative control
SZ_Search_BayArea_Hyper_ExactPhrase_2026,sub zero ice buildup in refrigerator,Exact,Campaign negative,Expanded negative control
SZ_Search_BayArea_Hyper_ExactPhrase_2026,sub zero ice machine,Exact,Campaign negative,Expanded negative control
SZ_Search_BayArea_Hyper_ExactPhrase_2026,sub zero ice maker,Exact,Campaign negative,Expanded negative control
SZ_Search_BayArea_Hyper_ExactPhrase_2026,sub zero ice maker fill tube frozen,Exact,Campaign negative,Expanded negative control
SZ_Search_BayArea_Hyper_ExactPhrase_2026,sub zero ice maker filter,Exact,Campaign negative,Expanded negative control
SZ_Search_BayArea_Hyper_ExactPhrase_2026,sub zero ice maker filter 7012333,Exact,Campaign negative,Expanded negative control
SZ_Search_BayArea_Hyper_ExactPhrase_2026,sub zero ice maker price,Exact,Campaign negative,Expanded negative control
SZ_Search_BayArea_Hyper_ExactPhrase_2026,sub zero ice maker stuck,Exact,Campaign negative,Expanded negative control
SZ_Search_BayArea_Hyper_ExactPhrase_2026,sub zero ice maker troubleshooting,Exact,Campaign negative,Expanded negative control
SZ_Search_BayArea_Hyper_ExactPhrase_2026,sub zero ice maker turn on,Exact,Campaign negative,Expanded negative control
SZ_Search_BayArea_Hyper_ExactPhrase_2026,sub zero ice maker uc15ip,Exact,Campaign negative,Expanded negative control
SZ_Search_BayArea_Hyper_ExactPhrase_2026,sub zero ice maker water filter,Exact,Campaign negative,Expanded negative control
SZ_Search_BayArea_Hyper_ExactPhrase_2026,sub zero icemaker,Exact,Campaign negative,Expanded negative control
SZ_Search_BayArea_Hyper_ExactPhrase_2026,sub zero id 24f,Exact,Campaign negative,Expanded negative control
SZ_Search_BayArea_Hyper_ExactPhrase_2026,sub zero id 24r,Exact,Campaign negative,Expanded negative control
SZ_Search_BayArea_Hyper_ExactPhrase_2026,sub zero id 24r specs,Exact,Campaign negative,Expanded negative control
SZ_Search_BayArea_Hyper_ExactPhrase_2026,sub zero id 24ro,Exact,Campaign negative,Expanded negative control
SZ_Search_BayArea_Hyper_ExactPhrase_2026,sub zero id 27r,Exact,Campaign negative,Expanded negative control
SZ_Search_BayArea_Hyper_ExactPhrase_2026,sub zero id 30ci,Exact,Campaign negative,Expanded negative control
SZ_Search_BayArea_Hyper_ExactPhrase_2026,sub zero id 36r,Exact,Campaign negative,Expanded negative control
SZ_Search_BayArea_Hyper_ExactPhrase_2026,sub zero id24r,Exact,Campaign negative,Expanded negative control
SZ_Search_BayArea_Hyper_ExactPhrase_2026,sub zero id27r,Exact,Campaign negative,Expanded negative control
SZ_Search_BayArea_Hyper_ExactPhrase_2026,sub zero id30ci,Exact,Campaign negative,Expanded negative control
SZ_Search_BayArea_Hyper_ExactPhrase_2026,sub zero id36ci,Exact,Campaign negative,Expanded negative control
SZ_Search_BayArea_Hyper_ExactPhrase_2026,sub zero ideal temperature settings,Exact,Campaign negative,Expanded negative control
SZ_Search_BayArea_Hyper_ExactPhrase_2026,sub zero indiana,Exact,Campaign negative,Expanded negative control
SZ_Search_BayArea_Hyper_ExactPhrase_2026,sub zero indicator lights,Exact,Campaign negative,Expanded negative control
SZ_Search_BayArea_Hyper_ExactPhrase_2026,sub zero induction range,Exact,Campaign negative,Expanded negative control
SZ_Search_BayArea_Hyper_ExactPhrase_2026,sub zero industrial refrigeration,Exact,Campaign negative,Expanded negative control
SZ_Search_BayArea_Hyper_ExactPhrase_2026,sub zero install,Exact,Campaign negative,Expanded negative control
SZ_Search_BayArea_Hyper_ExactPhrase_2026,sub zero integrated fridge,Exact,Campaign negative,Expanded negative control
SZ_Search_BayArea_Hyper_ExactPhrase_2026,sub zero integrated refrigerator,Exact,Campaign negative,Expanded negative control
SZ_Search_BayArea_Hyper_ExactPhrase_2026,sub zero it 30rid,Exact,Campaign negative,Expanded negative control
SZ_Search_BayArea_Hyper_ExactPhrase_2026,sub zero it 36,Exact,Campaign negative,Expanded negative control
SZ_Search_BayArea_Hyper_ExactPhrase_2026,sub zero it 36ci,Exact,Campaign negative,Expanded negative control
SZ_Search_BayArea_Hyper_ExactPhrase_2026,sub zero it 36ci rh,Exact,Campaign negative,Expanded negative control
SZ_Search_BayArea_Hyper_ExactPhrase_2026,sub zero iw 18,Exact,Campaign negative,Expanded negative control
SZ_Search_BayArea_Hyper_ExactPhrase_2026,sub zero iw 30,Exact,Campaign negative,Expanded negative control
SZ_Search_BayArea_Hyper_ExactPhrase_2026,sub zero kitchen,Exact,Campaign negative,Expanded negative control
SZ_Search_BayArea_Hyper_ExactPhrase_2026,sub zero kitchen appliance,Exact,Campaign negative,Expanded negative control
SZ_Search_BayArea_Hyper_ExactPhrase_2026,sub zero kitchen appliances,Exact,Campaign negative,Expanded negative control
SZ_Search_BayArea_Hyper_ExactPhrase_2026,sub zero legacy model,Exact,Campaign negative,Expanded negative control
SZ_Search_BayArea_Hyper_ExactPhrase_2026,sub zero light bulb 40 watt,Exact,Campaign negative,Expanded negative control
SZ_Search_BayArea_Hyper_ExactPhrase_2026,sub zero light bulbs,Exact,Campaign negative,Expanded negative control
SZ_Search_BayArea_Hyper_ExactPhrase_2026,sub zero light switch,Exact,Campaign negative,Expanded negative control
SZ_Search_BayArea_Hyper_ExactPhrase_2026,sub zero light switch 7014646,Exact,Campaign negative,Expanded negative control
SZ_Search_BayArea_Hyper_ExactPhrase_2026,sub zero light terminator,Exact,Campaign negative,Expanded negative control
SZ_Search_BayArea_Hyper_ExactPhrase_2026,sub zero lights,Exact,Campaign negative,Expanded negative control
SZ_Search_BayArea_Hyper_ExactPhrase_2026,sub zero lo c,Exact,Campaign negative,Expanded negative control
SZ_Search_BayArea_Hyper_ExactPhrase_2026,sub zero locator,Exact,Campaign negative,Expanded negative control
SZ_Search_BayArea_Hyper_ExactPhrase_2026,sub zero los angeles,Exact,Campaign negative,Expanded negative control
SZ_Search_BayArea_Hyper_ExactPhrase_2026,sub zero loud,Exact,Campaign negative,Expanded negative control
SZ_Search_BayArea_Hyper_ExactPhrase_2026,sub zero loyalty program,Exact,Campaign negative,Expanded negative control
SZ_Search_BayArea_Hyper_ExactPhrase_2026,sub zero madison,Exact,Campaign negative,Expanded negative control
SZ_Search_BayArea_Hyper_ExactPhrase_2026,sub zero manufacturing,Exact,Campaign negative,Expanded negative control
SZ_Search_BayArea_Hyper_ExactPhrase_2026,sub zero manufacturing locations,Exact,Campaign negative,Expanded negative control
SZ_Search_BayArea_Hyper_ExactPhrase_2026,sub zero mexico,Exact,Campaign negative,Expanded negative control
SZ_Search_BayArea_Hyper_ExactPhrase_2026,sub zero mini bar,Exact,Campaign negative,Expanded negative control
SZ_Search_BayArea_Hyper_ExactPhrase_2026,sub zero mini fridge,Exact,Campaign negative,Expanded negative control
SZ_Search_BayArea_Hyper_ExactPhrase_2026,sub zero model,Exact,Campaign negative,Expanded negative control
SZ_Search_BayArea_Hyper_ExactPhrase_2026,sub zero model 245,Exact,Campaign negative,Expanded negative control
SZ_Search_BayArea_Hyper_ExactPhrase_2026,sub zero model 3211rfd,Exact,Campaign negative,Expanded negative control
SZ_Search_BayArea_Hyper_ExactPhrase_2026,sub zero model 424,Exact,Campaign negative,Expanded negative control
SZ_Search_BayArea_Hyper_ExactPhrase_2026,sub zero model 427,Exact,Campaign negative,Expanded negative control
SZ_Search_BayArea_Hyper_ExactPhrase_2026,sub zero model 427 price,Exact,Campaign negative,Expanded negative control
SZ_Search_BayArea_Hyper_ExactPhrase_2026,sub zero model 532,Exact,Campaign negative,Expanded negative control
SZ_Search_BayArea_Hyper_ExactPhrase_2026,sub zero model 532 specs,Exact,Campaign negative,Expanded negative control
SZ_Search_BayArea_Hyper_ExactPhrase_2026,sub zero model 561,Exact,Campaign negative,Expanded negative control
SZ_Search_BayArea_Hyper_ExactPhrase_2026,sub zero model 561 dimensions,Exact,Campaign negative,Expanded negative control
SZ_Search_BayArea_Hyper_ExactPhrase_2026,sub zero model 561 for sale,Exact,Campaign negative,Expanded negative control
SZ_Search_BayArea_Hyper_ExactPhrase_2026,sub zero model 590,Exact,Campaign negative,Expanded negative control
SZ_Search_BayArea_Hyper_ExactPhrase_2026,sub zero model 611,Exact,Campaign negative,Expanded negative control
SZ_Search_BayArea_Hyper_ExactPhrase_2026,sub zero model 632,Exact,Campaign negative,Expanded negative control
SZ_Search_BayArea_Hyper_ExactPhrase_2026,sub zero model 650,Exact,Campaign negative,Expanded negative control
SZ_Search_BayArea_Hyper_ExactPhrase_2026,sub zero model bi 36u s th,Exact,Campaign negative,Expanded negative control
SZ_Search_BayArea_Hyper_ExactPhrase_2026,sub zero model number lookup,Exact,Campaign negative,Expanded negative control
SZ_Search_BayArea_Hyper_ExactPhrase_2026,sub zero near me,Exact,Campaign negative,Expanded negative control
SZ_Search_BayArea_Hyper_ExactPhrase_2026,sub zero no ice,Exact,Campaign negative,Expanded negative control
SZ_Search_BayArea_Hyper_ExactPhrase_2026,sub zero number,Exact,Campaign negative,Expanded negative control
SZ_Search_BayArea_Hyper_ExactPhrase_2026,sub zero official website,Exact,Campaign negative,Expanded negative control
SZ_Search_BayArea_Hyper_ExactPhrase_2026,sub zero orange county ca,Exact,Campaign negative,Expanded negative control
SZ_Search_BayArea_Hyper_ExactPhrase_2026,sub zero oven,Exact,Campaign negative,Expanded negative control
SZ_Search_BayArea_Hyper_ExactPhrase_2026,sub zero overlay panels,Exact,Campaign negative,Expanded negative control
SZ_Search_BayArea_Hyper_ExactPhrase_2026,sub zero packages,Exact,Campaign negative,Expanded negative control
SZ_Search_BayArea_Hyper_ExactPhrase_2026,sub zero panel fridge,Exact,Campaign negative,Expanded negative control
SZ_Search_BayArea_Hyper_ExactPhrase_2026,sub zero panel kit,Exact,Campaign negative,Expanded negative control
SZ_Search_BayArea_Hyper_ExactPhrase_2026,sub zero panel ready,Exact,Campaign negative,Expanded negative control
SZ_Search_BayArea_Hyper_ExactPhrase_2026,sub zero panel ready fridge,Exact,Campaign negative,Expanded negative control
SZ_Search_BayArea_Hyper_ExactPhrase_2026,sub zero panel ready refrigerator,Exact,Campaign negative,Expanded negative control
SZ_Search_BayArea_Hyper_ExactPhrase_2026,sub zero panel refrigerator,Exact,Campaign negative,Expanded negative control
SZ_Search_BayArea_Hyper_ExactPhrase_2026,sub zero panels,Exact,Campaign negative,Expanded negative control
SZ_Search_BayArea_Hyper_ExactPhrase_2026,sub zero part,Exact,Campaign negative,Expanded negative control
SZ_Search_BayArea_Hyper_ExactPhrase_2026,sub zero phoenix az,Exact,Campaign negative,Expanded negative control
SZ_Search_BayArea_Hyper_ExactPhrase_2026,sub zero phone,Exact,Campaign negative,Expanded negative control
SZ_Search_BayArea_Hyper_ExactPhrase_2026,sub zero phone number,Exact,Campaign negative,Expanded negative control
SZ_Search_BayArea_Hyper_ExactPhrase_2026,sub zero price,Exact,Campaign negative,Expanded negative control
SZ_Search_BayArea_Hyper_ExactPhrase_2026,sub zero prices,Exact,Campaign negative,Expanded negative control
SZ_Search_BayArea_Hyper_ExactPhrase_2026,sub zero prices refrigerator,Exact,Campaign negative,Expanded negative control
SZ_Search_BayArea_Hyper_ExactPhrase_2026,sub zero pricing,Exact,Campaign negative,Expanded negative control
SZ_Search_BayArea_Hyper_ExactPhrase_2026,sub zero pro,Exact,Campaign negative,Expanded negative control
SZ_Search_BayArea_Hyper_ExactPhrase_2026,sub zero pro 36,Exact,Campaign negative,Expanded negative control
SZ_Search_BayArea_Hyper_ExactPhrase_2026,sub zero pro 3650,Exact,Campaign negative,Expanded negative control
SZ_Search_BayArea_Hyper_ExactPhrase_2026,sub zero pro 48,Exact,Campaign negative,Expanded negative control
SZ_Search_BayArea_Hyper_ExactPhrase_2026,sub zero pro 48 glass door refrigerator,Exact,Campaign negative,Expanded negative control
SZ_Search_BayArea_Hyper_ExactPhrase_2026,sub zero pro 48 refrigerator,Exact,Campaign negative,Expanded negative control
SZ_Search_BayArea_Hyper_ExactPhrase_2026,sub zero pro 4850 price,Exact,Campaign negative,Expanded negative control
SZ_Search_BayArea_Hyper_ExactPhrase_2026,sub zero pro handle,Exact,Campaign negative,Expanded negative control
SZ_Search_BayArea_Hyper_ExactPhrase_2026,sub zero pro refrigerator,Exact,Campaign negative,Expanded negative control
SZ_Search_BayArea_Hyper_ExactPhrase_2026,sub zero pro series,Exact,Campaign negative,Expanded negative control
SZ_Search_BayArea_Hyper_ExactPhrase_2026,sub zero pro vs tubular handle,Exact,Campaign negative,Expanded negative control
SZ_Search_BayArea_Hyper_ExactPhrase_2026,sub zero pro4850,Exact,Campaign negative,Expanded negative control
SZ_Search_BayArea_Hyper_ExactPhrase_2026,sub zero pro4850g,Exact,Campaign negative,Expanded negative control
SZ_Search_BayArea_Hyper_ExactPhrase_2026,sub zero products,Exact,Campaign negative,Expanded negative control
SZ_Search_BayArea_Hyper_ExactPhrase_2026,sub zero promotions,Exact,Campaign negative,Expanded negative control
SZ_Search_BayArea_Hyper_ExactPhrase_2026,sub zero pulls,Exact,Campaign negative,Expanded negative control
SZ_Search_BayArea_Hyper_ExactPhrase_2026,sub zero pure air filter,Exact,Campaign negative,Expanded negative control
SZ_Search_BayArea_Hyper_ExactPhrase_2026,sub zero recalls,Exact,Campaign negative,Expanded negative control
SZ_Search_BayArea_Hyper_ExactPhrase_2026,sub zero recharge,Exact,Campaign negative,Expanded negative control
SZ_Search_BayArea_Hyper_ExactPhrase_2026,sub zero ref,Exact,Campaign negative,Expanded negative control
SZ_Search_BayArea_Hyper_ExactPhrase_2026,sub zero refer,Exact,Campaign negative,Expanded negative control
SZ_Search_BayArea_Hyper_ExactPhrase_2026,sub zero refrig,Exact,Campaign negative,Expanded negative control
SZ_Search_BayArea_Hyper_ExactPhrase_2026,sub zero refrigerador,Exact,Campaign negative,Expanded negative control
SZ_Search_BayArea_Hyper_ExactPhrase_2026,sub zero refrigerador precio,Exact,Campaign negative,Expanded negative control
SZ_Search_BayArea_Hyper_ExactPhrase_2026,sub zero refrigerant,Exact,Campaign negative,Expanded negative control
SZ_Search_BayArea_Hyper_ExactPhrase_2026,sub zero refrigeration,Exact,Campaign negative,Expanded negative control
SZ_Search_BayArea_Hyper_ExactPhrase_2026,sub zero refrigeration system 532,Exact,Campaign negative,Expanded negative control
SZ_Search_BayArea_Hyper_ExactPhrase_2026,sub zero refrigeration system 561,Exact,Campaign negative,Expanded negative control
SZ_Search_BayArea_Hyper_ExactPhrase_2026,sub zero refrigerator,Exact,Campaign negative,Expanded negative control
SZ_Search_BayArea_Hyper_ExactPhrase_2026,sub zero refrigerator 36,Exact,Campaign negative,Expanded negative control
SZ_Search_BayArea_Hyper_ExactPhrase_2026,sub zero refrigerator 36 inch,Exact,Campaign negative,Expanded negative control
SZ_Search_BayArea_Hyper_ExactPhrase_2026,sub zero refrigerator 36 inch french door panel ready,Exact,Campaign negative,Expanded negative control
SZ_Search_BayArea_Hyper_ExactPhrase_2026,sub zero refrigerator 36 inch side by side,Exact,Campaign negative,Expanded negative control
SZ_Search_BayArea_Hyper_ExactPhrase_2026,sub zero refrigerator 42 inch,Exact,Campaign negative,Expanded negative control
SZ_Search_BayArea_Hyper_ExactPhrase_2026,sub zero refrigerator 42 inch french door,Exact,Campaign negative,Expanded negative control
SZ_Search_BayArea_Hyper_ExactPhrase_2026,sub zero refrigerator 48,Exact,Campaign negative,Expanded negative control
SZ_Search_BayArea_Hyper_ExactPhrase_2026,sub zero refrigerator 48 inch,Exact,Campaign negative,Expanded negative control
SZ_Search_BayArea_Hyper_ExactPhrase_2026,sub zero refrigerator 600 series,Exact,Campaign negative,Expanded negative control
SZ_Search_BayArea_Hyper_ExactPhrase_2026,sub zero refrigerator 632,Exact,Campaign negative,Expanded negative control
SZ_Search_BayArea_Hyper_ExactPhrase_2026,sub zero refrigerator accessories,Exact,Campaign negative,Expanded negative control
SZ_Search_BayArea_Hyper_ExactPhrase_2026,sub zero refrigerator air filter,Exact,Campaign negative,Expanded negative control
SZ_Search_BayArea_Hyper_ExactPhrase_2026,sub zero refrigerator air purification cartridge,Exact,Campaign negative,Expanded negative control
SZ_Search_BayArea_Hyper_ExactPhrase_2026,sub zero refrigerator alarm,Exact,Campaign negative,Expanded negative control
SZ_Search_BayArea_Hyper_ExactPhrase_2026,sub zero refrigerator and freezer,Exact,Campaign negative,Expanded negative control
SZ_Search_BayArea_Hyper_ExactPhrase_2026,sub zero refrigerator bi 36u o,Exact,Campaign negative,Expanded negative control
SZ_Search_BayArea_Hyper_ExactPhrase_2026,sub zero refrigerator bottom freezer,Exact,Campaign negative,Expanded negative control
SZ_Search_BayArea_Hyper_ExactPhrase_2026,sub zero refrigerator built in,Exact,Campaign negative,Expanded negative control
SZ_Search_BayArea_Hyper_ExactPhrase_2026,sub zero refrigerator codes,Exact,Campaign negative,Expanded negative control
SZ_Search_BayArea_Hyper_ExactPhrase_2026,sub zero refrigerator column,Exact,Campaign negative,Expanded negative control
SZ_Search_BayArea_Hyper_ExactPhrase_2026,sub zero refrigerator compressor,Exact,Campaign negative,Expanded negative control
SZ_Search_BayArea_Hyper_ExactPhrase_2026,sub zero refrigerator cost,Exact,Campaign negative,Expanded negative control
SZ_Search_BayArea_Hyper_ExactPhrase_2026,sub zero refrigerator costs,Exact,Campaign negative,Expanded negative control
SZ_Search_BayArea_Hyper_ExactPhrase_2026,sub zero refrigerator custom panel,Exact,Campaign negative,Expanded negative control
SZ_Search_BayArea_Hyper_ExactPhrase_2026,sub zero refrigerator dimensions,Exact,Campaign negative,Expanded negative control
SZ_Search_BayArea_Hyper_ExactPhrase_2026,sub zero refrigerator door gasket,Exact,Campaign negative,Expanded negative control
SZ_Search_BayArea_Hyper_ExactPhrase_2026,sub zero refrigerator door handle loose,Exact,Campaign negative,Expanded negative control
SZ_Search_BayArea_Hyper_ExactPhrase_2026,sub zero refrigerator door handles,Exact,Campaign negative,Expanded negative control
SZ_Search_BayArea_Hyper_ExactPhrase_2026,sub zero refrigerator door seal,Exact,Campaign negative,Expanded negative control
SZ_Search_BayArea_Hyper_ExactPhrase_2026,sub zero refrigerator door shelf,Exact,Campaign negative,Expanded negative control
SZ_Search_BayArea_Hyper_ExactPhrase_2026,sub zero refrigerator door suction,Exact,Campaign negative,Expanded negative control
SZ_Search_BayArea_Hyper_ExactPhrase_2026,sub zero refrigerator doors,Exact,Campaign negative,Expanded negative control
SZ_Search_BayArea_Hyper_ExactPhrase_2026,sub zero refrigerator drain clogged,Exact,Campaign negative,Expanded negative control
SZ_Search_BayArea_Hyper_ExactPhrase_2026,sub zero refrigerator drain tube clogged,Exact,Campaign negative,Expanded negative control
SZ_Search_BayArea_Hyper_ExactPhrase_2026,sub zero refrigerator drawers,Exact,Campaign negative,Expanded negative control
SZ_Search_BayArea_Hyper_ExactPhrase_2026,sub zero refrigerator dripping water,Exact,Campaign negative,Expanded negative control
SZ_Search_BayArea_Hyper_ExactPhrase_2026,sub zero refrigerator filter,Exact,Campaign negative,Expanded negative control
SZ_Search_BayArea_Hyper_ExactPhrase_2026,sub zero refrigerator filters,Exact,Campaign negative,Expanded negative control
SZ_Search_BayArea_Hyper_ExactPhrase_2026,sub zero refrigerator for sale,Exact,Campaign negative,Expanded negative control
SZ_Search_BayArea_Hyper_ExactPhrase_2026,sub zero refrigerator for sale near me,Exact,Campaign negative,Expanded negative control
SZ_Search_BayArea_Hyper_ExactPhrase_2026,sub zero refrigerator freezer,Exact,Campaign negative,Expanded negative control
SZ_Search_BayArea_Hyper_ExactPhrase_2026,sub zero refrigerator freezer combo,Exact,Campaign negative,Expanded negative control
SZ_Search_BayArea_Hyper_ExactPhrase_2026,sub zero refrigerator freezer on bottom,Exact,Campaign negative,Expanded negative control
SZ_Search_BayArea_Hyper_ExactPhrase_2026,sub zero refrigerator freezers,Exact,Campaign negative,Expanded negative control
SZ_Search_BayArea_Hyper_ExactPhrase_2026,sub zero refrigerator freezing up,Exact,Campaign negative,Expanded negative control
SZ_Search_BayArea_Hyper_ExactPhrase_2026,sub zero refrigerator french door,Exact,Campaign negative,Expanded negative control
SZ_Search_BayArea_Hyper_ExactPhrase_2026,sub zero refrigerator freon charge,Exact,Campaign negative,Expanded negative control
SZ_Search_BayArea_Hyper_ExactPhrase_2026,sub zero refrigerator front panels,Exact,Campaign negative,Expanded negative control
SZ_Search_BayArea_Hyper_ExactPhrase_2026,sub zero refrigerator frost back wall,Exact,Campaign negative,Expanded negative control
SZ_Search_BayArea_Hyper_ExactPhrase_2026,sub zero refrigerator gasket,Exact,Campaign negative,Expanded negative control
SZ_Search_BayArea_Hyper_ExactPhrase_2026,sub zero refrigerator handles,Exact,Campaign negative,Expanded negative control
SZ_Search_BayArea_Hyper_ExactPhrase_2026,sub zero refrigerator height,Exact,Campaign negative,Expanded negative control
SZ_Search_BayArea_Hyper_ExactPhrase_2026,sub zero refrigerator hot to touch,Exact,Campaign negative,Expanded negative control
SZ_Search_BayArea_Hyper_ExactPhrase_2026,sub zero refrigerator ice build up,Exact,Campaign negative,Expanded negative control
SZ_Search_BayArea_Hyper_ExactPhrase_2026,sub zero refrigerator ice on back wall,Exact,Campaign negative,Expanded negative control
SZ_Search_BayArea_Hyper_ExactPhrase_2026,sub zero refrigerator icing up inside,Exact,Campaign negative,Expanded negative control
SZ_Search_BayArea_Hyper_ExactPhrase_2026,sub zero refrigerator indicator lights,Exact,Campaign negative,Expanded negative control
SZ_Search_BayArea_Hyper_ExactPhrase_2026,sub zero refrigerator light,Exact,Campaign negative,Expanded negative control
SZ_Search_BayArea_Hyper_ExactPhrase_2026,sub zero refrigerator light bulb,Exact,Campaign negative,Expanded negative control
SZ_Search_BayArea_Hyper_ExactPhrase_2026,sub zero refrigerator light bulbs,Exact,Campaign negative,Expanded negative control
SZ_Search_BayArea_Hyper_ExactPhrase_2026,sub zero refrigerator light bulbs home depot,Exact,Campaign negative,Expanded negative control
SZ_Search_BayArea_Hyper_ExactPhrase_2026,sub zero refrigerator model 561,Exact,Campaign negative,Expanded negative control
SZ_Search_BayArea_Hyper_ExactPhrase_2026,sub zero refrigerator models,Exact,Campaign negative,Expanded negative control
SZ_Search_BayArea_Hyper_ExactPhrase_2026,sub zero refrigerator near me,Exact,Campaign negative,Expanded negative control
SZ_Search_BayArea_Hyper_ExactPhrase_2026,sub zero refrigerator new,Exact,Campaign negative,Expanded negative control
SZ_Search_BayArea_Hyper_ExactPhrase_2026,sub zero refrigerator organization,Exact,Campaign negative,Expanded negative control
SZ_Search_BayArea_Hyper_ExactPhrase_2026,sub zero refrigerator panel ready,Exact,Campaign negative,Expanded negative control
SZ_Search_BayArea_Hyper_ExactPhrase_2026,sub zero refrigerator phone number,Exact,Campaign negative,Expanded negative control
SZ_Search_BayArea_Hyper_ExactPhrase_2026,sub zero refrigerator power consumption,Exact,Campaign negative,Expanded negative control
SZ_Search_BayArea_Hyper_ExactPhrase_2026,sub zero refrigerator precio,Exact,Campaign negative,Expanded negative control
SZ_Search_BayArea_Hyper_ExactPhrase_2026,sub zero refrigerator price,Exact,Campaign negative,Expanded negative control
SZ_Search_BayArea_Hyper_ExactPhrase_2026,sub zero refrigerator prices,Exact,Campaign negative,Expanded negative control
SZ_Search_BayArea_Hyper_ExactPhrase_2026,sub zero refrigerator prices 36,Exact,Campaign negative,Expanded negative control
SZ_Search_BayArea_Hyper_ExactPhrase_2026,sub zero refrigerator prices 42,Exact,Campaign negative,Expanded negative control
SZ_Search_BayArea_Hyper_ExactPhrase_2026,sub zero refrigerator prices 48,Exact,Campaign negative,Expanded negative control
SZ_Search_BayArea_Hyper_ExactPhrase_2026,sub zero refrigerator pricing,Exact,Campaign negative,Expanded negative control
SZ_Search_BayArea_Hyper_ExactPhrase_2026,sub zero refrigerator red key light,Exact,Campaign negative,Expanded negative control
SZ_Search_BayArea_Hyper_ExactPhrase_2026,sub zero refrigerator repair near me,Exact,Campaign negative,Expanded negative control
SZ_Search_BayArea_Hyper_ExactPhrase_2026,sub zero refrigerator runs continuously,Exact,Campaign negative,Expanded negative control
SZ_Search_BayArea_Hyper_ExactPhrase_2026,sub zero refrigerator sale,Exact,Campaign negative,Expanded negative control
SZ_Search_BayArea_Hyper_ExactPhrase_2026,sub zero refrigerator san diego,Exact,Campaign negative,Expanded negative control
SZ_Search_BayArea_Hyper_ExactPhrase_2026,sub zero refrigerator seal,Exact,Campaign negative,Expanded negative control
SZ_Search_BayArea_Hyper_ExactPhrase_2026,sub zero refrigerator service,Exact,Campaign negative,Expanded negative control
SZ_Search_BayArea_Hyper_ExactPhrase_2026,sub zero refrigerator shelves,Exact,Campaign negative,Expanded negative control
SZ_Search_BayArea_Hyper_ExactPhrase_2026,sub zero refrigerator side by side,Exact,Campaign negative,Expanded negative control
SZ_Search_BayArea_Hyper_ExactPhrase_2026,sub zero refrigerator sizes,Exact,Campaign negative,Expanded negative control
SZ_Search_BayArea_Hyper_ExactPhrase_2026,sub zero refrigerator specs,Exact,Campaign negative,Expanded negative control
SZ_Search_BayArea_Hyper_ExactPhrase_2026,sub zero refrigerator surge protector,Exact,Campaign negative,Expanded negative control
SZ_Search_BayArea_Hyper_ExactPhrase_2026,sub zero refrigerator symbols,Exact,Campaign negative,Expanded negative control
SZ_Search_BayArea_Hyper_ExactPhrase_2026,sub zero refrigerator temperature,Exact,Campaign negative,Expanded negative control
SZ_Search_BayArea_Hyper_ExactPhrase_2026,sub zero refrigerator temperature sensor,Exact,Campaign negative,Expanded negative control
SZ_Search_BayArea_Hyper_ExactPhrase_2026,sub zero refrigerator temperature setting,Exact,Campaign negative,Expanded negative control
SZ_Search_BayArea_Hyper_ExactPhrase_2026,sub zero refrigerator tripping breaker,Exact,Campaign negative,Expanded negative control
SZ_Search_BayArea_Hyper_ExactPhrase_2026,sub zero refrigerator troubleshooting,Exact,Campaign negative,Expanded negative control
SZ_Search_BayArea_Hyper_ExactPhrase_2026,sub zero refrigerator troubleshooting codes,Exact,Campaign negative,Expanded negative control
SZ_Search_BayArea_Hyper_ExactPhrase_2026,sub zero refrigerator water dispenser,Exact,Campaign negative,Expanded negative control
SZ_Search_BayArea_Hyper_ExactPhrase_2026,sub zero refrigerator water filter,Exact,Campaign negative,Expanded negative control
SZ_Search_BayArea_Hyper_ExactPhrase_2026,sub zero refrigerator water line,Exact,Campaign negative,Expanded negative control
SZ_Search_BayArea_Hyper_ExactPhrase_2026,sub zero refrigerator website,Exact,Campaign negative,Expanded negative control
SZ_Search_BayArea_Hyper_ExactPhrase_2026,sub zero refrigerator with glass door,Exact,Campaign negative,Expanded negative control
SZ_Search_BayArea_Hyper_ExactPhrase_2026,sub zero refrigerator with ice maker,Exact,Campaign negative,Expanded negative control
SZ_Search_BayArea_Hyper_ExactPhrase_2026,sub zero refrigerator with water dispenser,Exact,Campaign negative,Expanded negative control
SZ_Search_BayArea_Hyper_ExactPhrase_2026,sub zero refrigerator wood panel,Exact,Campaign negative,Expanded negative control
SZ_Search_BayArea_Hyper_ExactPhrase_2026,sub zero refrigerator wrench flashing,Exact,Campaign negative,Expanded negative control
SZ_Search_BayArea_Hyper_ExactPhrase_2026,sub zero refrigerator wrench symbol,Exact,Campaign negative,Expanded negative control
SZ_Search_BayArea_Hyper_ExactPhrase_2026,sub zero refrigerators for sale,Exact,Campaign negative,Expanded negative control
SZ_Search_BayArea_Hyper_ExactPhrase_2026,sub zero refrigerators near me,Exact,Campaign negative,Expanded negative control
SZ_Search_BayArea_Hyper_ExactPhrase_2026,sub zero refrigerators prices,Exact,Campaign negative,Expanded negative control
SZ_Search_BayArea_Hyper_ExactPhrase_2026,sub zero refrigerators san diego,Exact,Campaign negative,Expanded negative control
SZ_Search_BayArea_Hyper_ExactPhrase_2026,sub zero refurbished,Exact,Campaign negative,Expanded negative control
SZ_Search_BayArea_Hyper_ExactPhrase_2026,sub zero repair,Exact,Campaign negative,Expanded negative control
SZ_Search_BayArea_Hyper_ExactPhrase_2026,sub zero repair near me,Exact,Campaign negative,Expanded negative control
SZ_Search_BayArea_Hyper_ExactPhrase_2026,sub zero repairs,Exact,Campaign negative,Expanded negative control
SZ_Search_BayArea_Hyper_ExactPhrase_2026,sub zero retailer near me,Exact,Campaign negative,Expanded negative control
SZ_Search_BayArea_Hyper_ExactPhrase_2026,sub zero reveal,Exact,Campaign negative,Expanded negative control
SZ_Search_BayArea_Hyper_ExactPhrase_2026,sub zero sale,Exact,Campaign negative,Expanded negative control
SZ_Search_BayArea_Hyper_ExactPhrase_2026,sub zero san diego,Exact,Campaign negative,Expanded negative control
SZ_Search_BayArea_Hyper_ExactPhrase_2026,sub zero seals,Exact,Campaign negative,Expanded negative control
SZ_Search_BayArea_Hyper_ExactPhrase_2026,sub zero seattle,Exact,Campaign negative,Expanded negative control
SZ_Search_BayArea_Hyper_ExactPhrase_2026,sub zero see through refrigerator,Exact,Campaign negative,Expanded negative control
SZ_Search_BayArea_Hyper_ExactPhrase_2026,sub zero service,Exact,Campaign negative,Expanded negative control
SZ_Search_BayArea_Hyper_ExactPhrase_2026,sub zero service near me,Exact,Campaign negative,Expanded negative control
SZ_Search_BayArea_Hyper_ExactPhrase_2026,sub zero servicing,Exact,Campaign negative,Expanded negative control
SZ_Search_BayArea_Hyper_ExactPhrase_2026,sub zero shelves,Exact,Campaign negative,Expanded negative control
SZ_Search_BayArea_Hyper_ExactPhrase_2026,sub zero showrooms,Exact,Campaign negative,Expanded negative control
SZ_Search_BayArea_Hyper_ExactPhrase_2026,sub zero side by side,Exact,Campaign negative,Expanded negative control
SZ_Search_BayArea_Hyper_ExactPhrase_2026,sub zero side by side 36,Exact,Campaign negative,Expanded negative control
SZ_Search_BayArea_Hyper_ExactPhrase_2026,sub zero side by side 42,Exact,Campaign negative,Expanded negative control
SZ_Search_BayArea_Hyper_ExactPhrase_2026,sub zero side by side 48,Exact,Campaign negative,Expanded negative control
SZ_Search_BayArea_Hyper_ExactPhrase_2026,sub zero side by side 72,Exact,Campaign negative,Expanded negative control
SZ_Search_BayArea_Hyper_ExactPhrase_2026,sub zero side by side fridge,Exact,Campaign negative,Expanded negative control
SZ_Search_BayArea_Hyper_ExactPhrase_2026,sub zero side by side fridge and freezer,Exact,Campaign negative,Expanded negative control
SZ_Search_BayArea_Hyper_ExactPhrase_2026,sub zero side by side fridge freezer,Exact,Campaign negative,Expanded negative control
SZ_Search_BayArea_Hyper_ExactPhrase_2026,sub zero side by side refrigerator,Exact,Campaign negative,Expanded negative control
SZ_Search_BayArea_Hyper_ExactPhrase_2026,sub zero side by side refrigerator freezer,Exact,Campaign negative,Expanded negative control
SZ_Search_BayArea_Hyper_ExactPhrase_2026,sub zero single door fridge,Exact,Campaign negative,Expanded negative control
SZ_Search_BayArea_Hyper_ExactPhrase_2026,sub zero size refrigerator,Exact,Campaign negative,Expanded negative control
SZ_Search_BayArea_Hyper_ExactPhrase_2026,sub zero solutions,Exact,Campaign negative,Expanded negative control
SZ_Search_BayArea_Hyper_ExactPhrase_2026,sub zero specifications,Exact,Campaign negative,Expanded negative control
SZ_Search_BayArea_Hyper_ExactPhrase_2026,sub zero specs refrigerator,Exact,Campaign negative,Expanded negative control
SZ_Search_BayArea_Hyper_ExactPhrase_2026,sub zero stores near me,Exact,Campaign negative,Expanded negative control
SZ_Search_BayArea_Hyper_ExactPhrase_2026,sub zero sub zero,Exact,Campaign negative,Expanded negative control
SZ_Search_BayArea_Hyper_ExactPhrase_2026,sub zero system 532,Exact,Campaign negative,Expanded negative control
SZ_Search_BayArea_Hyper_ExactPhrase_2026,sub zero tc700,Exact,Campaign negative,Expanded negative control
SZ_Search_BayArea_Hyper_ExactPhrase_2026,sub zero tech,Exact,Campaign negative,Expanded negative control
SZ_Search_BayArea_Hyper_ExactPhrase_2026,sub zero temp control portland,Exact,Campaign negative,Expanded negative control
SZ_Search_BayArea_Hyper_ExactPhrase_2026,sub zero temperature,Exact,Campaign negative,Expanded negative control
SZ_Search_BayArea_Hyper_ExactPhrase_2026,sub zero temperature controller,Exact,Campaign negative,Expanded negative control
SZ_Search_BayArea_Hyper_ExactPhrase_2026,sub zero tower,Exact,Campaign negative,Expanded negative control
SZ_Search_BayArea_Hyper_ExactPhrase_2026,sub zero troubleshooting,Exact,Campaign negative,Expanded negative control
SZ_Search_BayArea_Hyper_ExactPhrase_2026,sub zero two door refrigerator,Exact,Campaign negative,Expanded negative control
SZ_Search_BayArea_Hyper_ExactPhrase_2026,sub zero uc 15i,Exact,Campaign negative,Expanded negative control
SZ_Search_BayArea_Hyper_ExactPhrase_2026,sub zero uc 15ip,Exact,Campaign negative,Expanded negative control
SZ_Search_BayArea_Hyper_ExactPhrase_2026,sub zero uc 24r,Exact,Campaign negative,Expanded negative control
SZ_Search_BayArea_Hyper_ExactPhrase_2026,sub zero uc 24ro ph,Exact,Campaign negative,Expanded negative control
SZ_Search_BayArea_Hyper_ExactPhrase_2026,sub zero uc15ip,Exact,Campaign negative,Expanded negative control
SZ_Search_BayArea_Hyper_ExactPhrase_2026,sub zero under counter freezer,Exact,Campaign negative,Expanded negative control
SZ_Search_BayArea_Hyper_ExactPhrase_2026,sub zero under counter fridge,Exact,Campaign negative,Expanded negative control
SZ_Search_BayArea_Hyper_ExactPhrase_2026,sub zero under counter refrigerator,Exact,Campaign negative,Expanded negative control
SZ_Search_BayArea_Hyper_ExactPhrase_2026,sub zero under counter wine fridge,Exact,Campaign negative,Expanded negative control
SZ_Search_BayArea_Hyper_ExactPhrase_2026,sub zero undercounter beverage center,Exact,Campaign negative,Expanded negative control
SZ_Search_BayArea_Hyper_ExactPhrase_2026,sub zero undercounter fridge,Exact,Campaign negative,Expanded negative control
SZ_Search_BayArea_Hyper_ExactPhrase_2026,sub zero undercounter ice maker,Exact,Campaign negative,Expanded negative control
SZ_Search_BayArea_Hyper_ExactPhrase_2026,sub zero undercounter refrigerator,Exact,Campaign negative,Expanded negative control
SZ_Search_BayArea_Hyper_ExactPhrase_2026,sub zero undercounter refrigerator freezer,Exact,Campaign negative,Expanded negative control
SZ_Search_BayArea_Hyper_ExactPhrase_2026,sub zero undercounter wine,Exact,Campaign negative,Expanded negative control
SZ_Search_BayArea_Hyper_ExactPhrase_2026,sub zero undercounter wine fridge,Exact,Campaign negative,Expanded negative control
SZ_Search_BayArea_Hyper_ExactPhrase_2026,sub zero unlock water dispenser,Exact,Campaign negative,Expanded negative control
SZ_Search_BayArea_Hyper_ExactPhrase_2026,sub zero upright freezer,Exact,Campaign negative,Expanded negative control
SZ_Search_BayArea_Hyper_ExactPhrase_2026,sub zero us,Exact,Campaign negative,Expanded negative control
SZ_Search_BayArea_Hyper_ExactPhrase_2026,sub zero usa,Exact,Campaign negative,Expanded negative control
SZ_Search_BayArea_Hyper_ExactPhrase_2026,sub zero uw 24 s,Exact,Campaign negative,Expanded negative control
SZ_Search_BayArea_Hyper_ExactPhrase_2026,sub zero viking,Exact,Campaign negative,Expanded negative control
SZ_Search_BayArea_Hyper_ExactPhrase_2026,sub zero w,Exact,Campaign negative,Expanded negative control
SZ_Search_BayArea_Hyper_ExactPhrase_2026,sub zero warming drawer,Exact,Campaign negative,Expanded negative control
SZ_Search_BayArea_Hyper_ExactPhrase_2026,sub zero water dispenser,Exact,Campaign negative,Expanded negative control
SZ_Search_BayArea_Hyper_ExactPhrase_2026,sub zero water dispenser dripping,Exact,Campaign negative,Expanded negative control
SZ_Search_BayArea_Hyper_ExactPhrase_2026,sub zero water filter 4204490,Exact,Campaign negative,Expanded negative control
SZ_Search_BayArea_Hyper_ExactPhrase_2026,sub zero water filter 7023811,Exact,Campaign negative,Expanded negative control
SZ_Search_BayArea_Hyper_ExactPhrase_2026,sub zero water filter cartridge,Exact,Campaign negative,Expanded negative control
SZ_Search_BayArea_Hyper_ExactPhrase_2026,sub zero water filter indicator,Exact,Campaign negative,Expanded negative control
SZ_Search_BayArea_Hyper_ExactPhrase_2026,sub zero water filters,Exact,Campaign negative,Expanded negative control
SZ_Search_BayArea_Hyper_ExactPhrase_2026,sub zero water valve,Exact,Campaign negative,Expanded negative control
SZ_Search_BayArea_Hyper_ExactPhrase_2026,sub zero web site,Exact,Campaign negative,Expanded negative control
SZ_Search_BayArea_Hyper_ExactPhrase_2026,sub zero website,Exact,Campaign negative,Expanded negative control
SZ_Search_BayArea_Hyper_ExactPhrase_2026,sub zero wifi module,Exact,Campaign negative,Expanded negative control
SZ_Search_BayArea_Hyper_ExactPhrase_2026,sub zero wine,Exact,Campaign negative,Expanded negative control
SZ_Search_BayArea_Hyper_ExactPhrase_2026,sub zero wine cooler,Exact,Campaign negative,Expanded negative control
SZ_Search_BayArea_Hyper_ExactPhrase_2026,sub zero wine cooler model 427,Exact,Campaign negative,Expanded negative control
SZ_Search_BayArea_Hyper_ExactPhrase_2026,sub zero wine cooler temperature settings,Exact,Campaign negative,Expanded negative control
SZ_Search_BayArea_Hyper_ExactPhrase_2026,sub zero wine cooler with refrigerator drawers,Exact,Campaign negative,Expanded negative control
SZ_Search_BayArea_Hyper_ExactPhrase_2026,sub zero wine coolers,Exact,Campaign negative,Expanded negative control
SZ_Search_BayArea_Hyper_ExactPhrase_2026,sub zero wine fridge,Exact,Campaign negative,Expanded negative control
SZ_Search_BayArea_Hyper_ExactPhrase_2026,sub zero wine fridge 24,Exact,Campaign negative,Expanded negative control
SZ_Search_BayArea_Hyper_ExactPhrase_2026,sub zero wine fridge 424,Exact,Campaign negative,Expanded negative control
SZ_Search_BayArea_Hyper_ExactPhrase_2026,sub zero wine fridge accessories,Exact,Campaign negative,Expanded negative control
SZ_Search_BayArea_Hyper_ExactPhrase_2026,sub zero wine fridge model 424,Exact,Campaign negative,Expanded negative control
SZ_Search_BayArea_Hyper_ExactPhrase_2026,sub zero wine fridge panel ready,Exact,Campaign negative,Expanded negative control
SZ_Search_BayArea_Hyper_ExactPhrase_2026,sub zero wine fridge price,Exact,Campaign negative,Expanded negative control
SZ_Search_BayArea_Hyper_ExactPhrase_2026,sub zero wine fridge under counter,Exact,Campaign negative,Expanded negative control
SZ_Search_BayArea_Hyper_ExactPhrase_2026,sub zero wine refrigerator,Exact,Campaign negative,Expanded negative control
SZ_Search_BayArea_Hyper_ExactPhrase_2026,sub zero wine refrigerator 24,Exact,Campaign negative,Expanded negative control
SZ_Search_BayArea_Hyper_ExactPhrase_2026,sub zero wine refrigerators,Exact,Campaign negative,Expanded negative control
SZ_Search_BayArea_Hyper_ExactPhrase_2026,sub zero wine storage,Exact,Campaign negative,Expanded negative control
SZ_Search_BayArea_Hyper_ExactPhrase_2026,sub zero wisconsin,Exact,Campaign negative,Expanded negative control
SZ_Search_BayArea_Hyper_ExactPhrase_2026,sub zero wolf,Exact,Campaign negative,Expanded negative control
SZ_Search_BayArea_Hyper_ExactPhrase_2026,sub zero wolf and cove,Exact,Campaign negative,Expanded negative control
SZ_Search_BayArea_Hyper_ExactPhrase_2026,sub zero wolf appliance,Exact,Campaign negative,Expanded negative control
SZ_Search_BayArea_Hyper_ExactPhrase_2026,sub zero wolf appliances,Exact,Campaign negative,Expanded negative control
SZ_Search_BayArea_Hyper_ExactPhrase_2026,sub zero wolf appliances near me,Exact,Campaign negative,Expanded negative control
SZ_Search_BayArea_Hyper_ExactPhrase_2026,sub zero wolf com,Exact,Campaign negative,Expanded negative control
SZ_Search_BayArea_Hyper_ExactPhrase_2026,sub zero wolf com builtinconfigurator,Exact,Campaign negative,Expanded negative control
SZ_Search_BayArea_Hyper_ExactPhrase_2026,sub zero wolf com connect,Exact,Campaign negative,Expanded negative control
SZ_Search_BayArea_Hyper_ExactPhrase_2026,sub zero wolf com promotion,Exact,Campaign negative,Expanded negative control
SZ_Search_BayArea_Hyper_ExactPhrase_2026,sub zero wolf connect,Exact,Campaign negative,Expanded negative control
SZ_Search_BayArea_Hyper_ExactPhrase_2026,sub zero wolf costa mesa,Exact,Campaign negative,Expanded negative control
SZ_Search_BayArea_Hyper_ExactPhrase_2026,sub zero wolf cove,Exact,Campaign negative,Expanded negative control
SZ_Search_BayArea_Hyper_ExactPhrase_2026,sub zero wolf distributors,Exact,Campaign negative,Expanded negative control
SZ_Search_BayArea_Hyper_ExactPhrase_2026,sub zero wolf freezer,Exact,Campaign negative,Expanded negative control
SZ_Search_BayArea_Hyper_ExactPhrase_2026,sub zero wolf fridge,Exact,Campaign negative,Expanded negative control
SZ_Search_BayArea_Hyper_ExactPhrase_2026,sub zero wolf hawaii,Exact,Campaign negative,Expanded negative control
SZ_Search_BayArea_Hyper_ExactPhrase_2026,sub zero wolf kitchen,Exact,Campaign negative,Expanded negative control
SZ_Search_BayArea_Hyper_ExactPhrase_2026,sub zero wolf mexico,Exact,Campaign negative,Expanded negative control
SZ_Search_BayArea_Hyper_ExactPhrase_2026,sub zero wolf near me,Exact,Campaign negative,Expanded negative control
SZ_Search_BayArea_Hyper_ExactPhrase_2026,sub zero wolf oven,Exact,Campaign negative,Expanded negative control
SZ_Search_BayArea_Hyper_ExactPhrase_2026,sub zero wolf phone number,Exact,Campaign negative,Expanded negative control
SZ_Search_BayArea_Hyper_ExactPhrase_2026,sub zero wolf promotions,Exact,Campaign negative,Expanded negative control
SZ_Search_BayArea_Hyper_ExactPhrase_2026,sub zero wolf promotions 360incentives com,Exact,Campaign negative,Expanded negative control
SZ_Search_BayArea_Hyper_ExactPhrase_2026,sub zero wolf range,Exact,Campaign negative,Expanded negative control
SZ_Search_BayArea_Hyper_ExactPhrase_2026,sub zero wolf refrigerator,Exact,Campaign negative,Expanded negative control
SZ_Search_BayArea_Hyper_ExactPhrase_2026,sub zero wolf reveal,Exact,Campaign negative,Expanded negative control
SZ_Search_BayArea_Hyper_ExactPhrase_2026,sub zero wolf training,Exact,Campaign negative,Expanded negative control
SZ_Search_BayArea_Hyper_ExactPhrase_2026,sub zero wolf usa,Exact,Campaign negative,Expanded negative control
SZ_Search_BayArea_Hyper_ExactPhrase_2026,sub zero wolf viking,Exact,Campaign negative,Expanded negative control
SZ_Search_BayArea_Hyper_ExactPhrase_2026,sub zero wolf water filter,Exact,Campaign negative,Expanded negative control
SZ_Search_BayArea_Hyper_ExactPhrase_2026,sub zero wolf website,Exact,Campaign negative,Expanded negative control
SZ_Search_BayArea_Hyper_ExactPhrase_2026,sub zero wolff,Exact,Campaign negative,Expanded negative control
SZ_Search_BayArea_Hyper_ExactPhrase_2026,sub zero work,Exact,Campaign negative,Expanded negative control
SZ_Search_BayArea_Hyper_ExactPhrase_2026,sub zero wrench,Exact,Campaign negative,Expanded negative control
SZ_Search_BayArea_Hyper_ExactPhrase_2026,supermarket fridge,Phrase,Campaign negative,Expanded negative control
SZ_Search_BayArea_Hyper_ExactPhrase_2026,support,Broad,Campaign negative,Expanded negative control
SZ_Search_BayArea_Hyper_ExactPhrase_2026,support fridge,Phrase,Campaign negative,Expanded negative control
SZ_Search_BayArea_Hyper_ExactPhrase_2026,support number,Phrase,Campaign negative,Expanded negative control
SZ_Search_BayArea_Hyper_ExactPhrase_2026,suzero,Exact,Campaign negative,Expanded negative control
SZ_Search_BayArea_Hyper_ExactPhrase_2026,switch,Broad,Campaign negative,Expanded negative control
SZ_Search_BayArea_Hyper_ExactPhrase_2026,system pipe part,Phrase,Campaign negative,Expanded negative control
SZ_Search_BayArea_Hyper_ExactPhrase_2026,tablet fridge,Phrase,Campaign negative,Expanded negative control
SZ_Search_BayArea_Hyper_ExactPhrase_2026,tacoma,Broad,Campaign negative,Expanded negative control
SZ_Search_BayArea_Hyper_ExactPhrase_2026,tco,Broad,Campaign negative,Expanded negative control
SZ_Search_BayArea_Hyper_ExactPhrase_2026,tco open wolf oven,Exact,Campaign negative,Expanded negative control
SZ_Search_BayArea_Hyper_ExactPhrase_2026,technician jobs,Phrase,Campaign negative,Expanded negative control
SZ_Search_BayArea_Hyper_ExactPhrase_2026,technician license,Phrase,Campaign negative,Expanded negative control
SZ_Search_BayArea_Hyper_ExactPhrase_2026,temperature setting for sub zero refrigerator,Exact,Campaign negative,Expanded negative control
SZ_Search_BayArea_Hyper_ExactPhrase_2026,tender,Broad,Campaign negative,Expanded negative control
SZ_Search_BayArea_Hyper_ExactPhrase_2026,textbook,Broad,Campaign negative,Expanded negative control
SZ_Search_BayArea_Hyper_ExactPhrase_2026,the sub zero,Exact,Campaign negative,Expanded negative control
SZ_Search_BayArea_Hyper_ExactPhrase_2026,thermador,Broad,Campaign negative,Expanded negative control
SZ_Search_BayArea_Hyper_ExactPhrase_2026,thermador 36 inch range,Exact,Campaign negative,Expanded negative control
SZ_Search_BayArea_Hyper_ExactPhrase_2026,thermador 42 inch built in refrigerator,Exact,Campaign negative,Expanded negative control
SZ_Search_BayArea_Hyper_ExactPhrase_2026,thermador 42 inch side by side refrigerator,Exact,Campaign negative,Expanded negative control
SZ_Search_BayArea_Hyper_ExactPhrase_2026,thermador 48 inch range,Exact,Campaign negative,Expanded negative control
SZ_Search_BayArea_Hyper_ExactPhrase_2026,thermador 48 inch range top,Exact,Campaign negative,Expanded negative control
SZ_Search_BayArea_Hyper_ExactPhrase_2026,thermador range 36 inch,Exact,Campaign negative,Expanded negative control
SZ_Search_BayArea_Hyper_ExactPhrase_2026,thermador refrigerator 48 inch,Exact,Campaign negative,Expanded negative control
SZ_Search_BayArea_Hyper_ExactPhrase_2026,thermal bag,Phrase,Campaign negative,Expanded negative control
SZ_Search_BayArea_Hyper_ExactPhrase_2026,thermostat,Broad,Campaign negative,Expanded negative control
SZ_Search_BayArea_Hyper_ExactPhrase_2026,tips,Broad,Campaign negative,Expanded negative control
SZ_Search_BayArea_Hyper_ExactPhrase_2026,toaster,Broad,Campaign negative,Expanded negative control
SZ_Search_BayArea_Hyper_ExactPhrase_2026,toaster repair,Phrase,Campaign negative,Expanded negative control
SZ_Search_BayArea_Hyper_ExactPhrase_2026,tool kit,Phrase,Campaign negative,Expanded negative control
SZ_Search_BayArea_Hyper_ExactPhrase_2026,top 10,Phrase,Campaign negative,Expanded negative control
SZ_Search_BayArea_Hyper_ExactPhrase_2026,touchscreen fridge,Phrase,Campaign negative,Expanded negative control
SZ_Search_BayArea_Hyper_ExactPhrase_2026,toy cooler,Phrase,Campaign negative,Expanded negative control
SZ_Search_BayArea_Hyper_ExactPhrase_2026,toy fridge,Phrase,Campaign negative,Expanded negative control
SZ_Search_BayArea_Hyper_ExactPhrase_2026,training,Broad,Campaign negative,Expanded negative control
SZ_Search_BayArea_Hyper_ExactPhrase_2026,training class,Phrase,Campaign negative,Expanded negative control
SZ_Search_BayArea_Hyper_ExactPhrase_2026,transport,Broad,Campaign negative,Expanded negative control
SZ_Search_BayArea_Hyper_ExactPhrase_2026,transport cooler,Phrase,Campaign negative,Expanded negative control
SZ_Search_BayArea_Hyper_ExactPhrase_2026,trash,Broad,Campaign negative,Expanded negative control
SZ_Search_BayArea_Hyper_ExactPhrase_2026,trash fridge,Phrase,Campaign negative,Expanded negative control
SZ_Search_BayArea_Hyper_ExactPhrase_2026,travel fridge,Phrase,Campaign negative,Expanded negative control
SZ_Search_BayArea_Hyper_ExactPhrase_2026,troubleshoot,Broad,Campaign negative,Expanded negative control
SZ_Search_BayArea_Hyper_ExactPhrase_2026,troubleshoot sub zero ice maker,Exact,Campaign negative,Expanded negative control
SZ_Search_BayArea_Hyper_ExactPhrase_2026,troubleshooting,Broad,Campaign negative,Expanded negative control
SZ_Search_BayArea_Hyper_ExactPhrase_2026,troubleshooting fridge,Phrase,Campaign negative,Expanded negative control
SZ_Search_BayArea_Hyper_ExactPhrase_2026,troubleshooting sub zero,Exact,Campaign negative,Expanded negative control
SZ_Search_BayArea_Hyper_ExactPhrase_2026,troubleshooting sub zero freezer,Exact,Campaign negative,Expanded negative control
SZ_Search_BayArea_Hyper_ExactPhrase_2026,troubleshooting sub zero ice maker,Exact,Campaign negative,Expanded negative control
SZ_Search_BayArea_Hyper_ExactPhrase_2026,troubleshooting sub zero refrigerator,Exact,Campaign negative,Expanded negative control
SZ_Search_BayArea_Hyper_ExactPhrase_2026,truck fridge,Phrase,Campaign negative,Expanded negative control
SZ_Search_BayArea_Hyper_ExactPhrase_2026,tubular vs pro handle sub zero,Exact,Campaign negative,Expanded negative control
SZ_Search_BayArea_Hyper_ExactPhrase_2026,tutorial,Broad,Campaign negative,Expanded negative control
SZ_Search_BayArea_Hyper_ExactPhrase_2026,tv fridge,Phrase,Campaign negative,Expanded negative control
SZ_Search_BayArea_Hyper_ExactPhrase_2026,uc 15io,Exact,Campaign negative,Expanded negative control
SZ_Search_BayArea_Hyper_ExactPhrase_2026,uc 15ip,Exact,Campaign negative,Expanded negative control
SZ_Search_BayArea_Hyper_ExactPhrase_2026,uc151,Exact,Campaign negative,Expanded negative control
SZ_Search_BayArea_Hyper_ExactPhrase_2026,uc15io,Exact,Campaign negative,Expanded negative control
SZ_Search_BayArea_Hyper_ExactPhrase_2026,uc15ip,Exact,Campaign negative,Expanded negative control
SZ_Search_BayArea_Hyper_ExactPhrase_2026,ultracold freezer,Phrase,Campaign negative,Expanded negative control
SZ_Search_BayArea_Hyper_ExactPhrase_2026,undercounter sub zero fridge,Exact,Campaign negative,Expanded negative control
SZ_Search_BayArea_Hyper_ExactPhrase_2026,units,Broad,Campaign negative,Expanded negative control
SZ_Search_BayArea_Hyper_ExactPhrase_2026,universal,Broad,Campaign negative,Expanded negative control
SZ_Search_BayArea_Hyper_ExactPhrase_2026,university,Broad,Campaign negative,Expanded negative control
SZ_Search_BayArea_Hyper_ExactPhrase_2026,unlock,Broad,Campaign negative,Expanded negative control
SZ_Search_BayArea_Hyper_ExactPhrase_2026,unlock sub zero water dispenser,Exact,Campaign negative,Expanded negative control
SZ_Search_BayArea_Hyper_ExactPhrase_2026,unlock wolf oven,Exact,Campaign negative,Expanded negative control
SZ_Search_BayArea_Hyper_ExactPhrase_2026,used,Broad,Campaign negative,Expanded negative control
SZ_Search_BayArea_Hyper_ExactPhrase_2026,used freezer,Phrase,Campaign negative,Expanded negative control
SZ_Search_BayArea_Hyper_ExactPhrase_2026,used refrigerator,Phrase,Campaign negative,Expanded negative control
SZ_Search_BayArea_Hyper_ExactPhrase_2026,used sub zero for sale,Exact,Campaign negative,Expanded negative control
SZ_Search_BayArea_Hyper_ExactPhrase_2026,used sub zero fridge,Exact,Campaign negative,Expanded negative control
SZ_Search_BayArea_Hyper_ExactPhrase_2026,used sub zero fridge for sale,Exact,Campaign negative,Expanded negative control
SZ_Search_BayArea_Hyper_ExactPhrase_2026,used sub zero refrigerator,Exact,Campaign negative,Expanded negative control
SZ_Search_BayArea_Hyper_ExactPhrase_2026,used sub zero refrigerator for sale,Exact,Campaign negative,Expanded negative control
SZ_Search_BayArea_Hyper_ExactPhrase_2026,vaccine fridge,Phrase,Campaign negative,Expanded negative control
SZ_Search_BayArea_Hyper_ExactPhrase_2026,vaccine storage,Phrase,Campaign negative,Expanded negative control
SZ_Search_BayArea_Hyper_ExactPhrase_2026,vacuum repair,Phrase,Campaign negative,Expanded negative control
SZ_Search_BayArea_Hyper_ExactPhrase_2026,vancouver,Broad,Campaign negative,Expanded negative control
SZ_Search_BayArea_Hyper_ExactPhrase_2026,vegas,Broad,Campaign negative,Expanded negative control
SZ_Search_BayArea_Hyper_ExactPhrase_2026,vending,Phrase,Campaign negative,Expanded negative control
SZ_Search_BayArea_Hyper_ExactPhrase_2026,vending machine,Phrase,Campaign negative,Expanded negative control
SZ_Search_BayArea_Hyper_ExactPhrase_2026,video,Broad,Campaign negative,Expanded negative control
SZ_Search_BayArea_Hyper_ExactPhrase_2026,videos,Broad,Campaign negative,Expanded negative control
SZ_Search_BayArea_Hyper_ExactPhrase_2026,vienna,Broad,Campaign negative,Expanded negative control
SZ_Search_BayArea_Hyper_ExactPhrase_2026,view,Broad,Campaign negative,Expanded negative control
SZ_Search_BayArea_Hyper_ExactPhrase_2026,viking,Broad,Campaign negative,Expanded negative control
SZ_Search_BayArea_Hyper_ExactPhrase_2026,viking sub zero fridge,Exact,Campaign negative,Expanded negative control
SZ_Search_BayArea_Hyper_ExactPhrase_2026,viking wolf sub zero,Exact,Campaign negative,Expanded negative control
SZ_Search_BayArea_Hyper_ExactPhrase_2026,vintage fridge,Phrase,Campaign negative,Expanded negative control
SZ_Search_BayArea_Hyper_ExactPhrase_2026,vinyl wrap fridge,Phrase,Campaign negative,Expanded negative control
SZ_Search_BayArea_Hyper_ExactPhrase_2026,virginia,Broad,Campaign negative,Expanded negative control
SZ_Search_BayArea_Hyper_ExactPhrase_2026,virtual assistant fridge,Phrase,Campaign negative,Expanded negative control
SZ_Search_BayArea_Hyper_ExactPhrase_2026,voice control fridge,Phrase,Campaign negative,Expanded negative control
SZ_Search_BayArea_Hyper_ExactPhrase_2026,warehouse,Broad,Campaign negative,Expanded negative control
SZ_Search_BayArea_Hyper_ExactPhrase_2026,warranty,Broad,Campaign negative,Expanded negative control
SZ_Search_BayArea_Hyper_ExactPhrase_2026,warranty claim,Phrase,Campaign negative,Expanded negative control
SZ_Search_BayArea_Hyper_ExactPhrase_2026,warranty fridge,Phrase,Campaign negative,Expanded negative control
SZ_Search_BayArea_Hyper_ExactPhrase_2026,washer,Broad,Campaign negative,Expanded negative control
SZ_Search_BayArea_Hyper_ExactPhrase_2026,washing machine repair,Phrase,Campaign negative,Expanded negative control
SZ_Search_BayArea_Hyper_ExactPhrase_2026,washington,Broad,Campaign negative,Expanded negative control
SZ_Search_BayArea_Hyper_ExactPhrase_2026,water cooler,Phrase,Campaign negative,Expanded negative control
SZ_Search_BayArea_Hyper_ExactPhrase_2026,water dispenser,Phrase,Campaign negative,Expanded negative control
SZ_Search_BayArea_Hyper_ExactPhrase_2026,water filter,Phrase,Campaign negative,Expanded negative control
SZ_Search_BayArea_Hyper_ExactPhrase_2026,water filter for sub zero fridge,Exact,Campaign negative,Expanded negative control
SZ_Search_BayArea_Hyper_ExactPhrase_2026,water filter for sub zero refrigerator,Exact,Campaign negative,Expanded negative control
SZ_Search_BayArea_Hyper_ExactPhrase_2026,water filter sub zero refrigerator,Exact,Campaign negative,Expanded negative control
SZ_Search_BayArea_Hyper_ExactPhrase_2026,water inside sub zero refrigerator,Exact,Campaign negative,Expanded negative control
SZ_Search_BayArea_Hyper_ExactPhrase_2026,website,Broad,Campaign negative,Expanded negative control
SZ_Search_BayArea_Hyper_ExactPhrase_2026,westchester,Broad,Campaign negative,Expanded negative control
SZ_Search_BayArea_Hyper_ExactPhrase_2026,what,Broad,Campaign negative,Expanded negative control
SZ_Search_BayArea_Hyper_ExactPhrase_2026,what do sub zero refrigerators cost,Exact,Campaign negative,Expanded negative control
SZ_Search_BayArea_Hyper_ExactPhrase_2026,what is a sub zero refrigerator,Exact,Campaign negative,Expanded negative control
SZ_Search_BayArea_Hyper_ExactPhrase_2026,what is a sub zero refrigerators,Exact,Campaign negative,Expanded negative control
SZ_Search_BayArea_Hyper_ExactPhrase_2026,what is sub zero fridge,Exact,Campaign negative,Expanded negative control
SZ_Search_BayArea_Hyper_ExactPhrase_2026,what is the cost of a sub zero refrigerator,Exact,Campaign negative,Expanded negative control
SZ_Search_BayArea_Hyper_ExactPhrase_2026,what is the price of a sub zero refrigerator,Exact,Campaign negative,Expanded negative control
SZ_Search_BayArea_Hyper_ExactPhrase_2026,what temperature should a sub zero refrigerator be set at,Exact,Campaign negative,Expanded negative control
SZ_Search_BayArea_Hyper_ExactPhrase_2026,what temperature should my sub zero freezer be set at,Exact,Campaign negative,Expanded negative control
SZ_Search_BayArea_Hyper_ExactPhrase_2026,what temperature should my sub zero refrigerator be set at,Exact,Campaign negative,Expanded negative control
SZ_Search_BayArea_Hyper_ExactPhrase_2026,what temperature should sub zero freezer be set at,Exact,Campaign negative,Expanded negative control
SZ_Search_BayArea_Hyper_ExactPhrase_2026,where,Broad,Campaign negative,Expanded negative control
SZ_Search_BayArea_Hyper_ExactPhrase_2026,where is the drain tube on my sub zero refrigerator,Exact,Campaign negative,Expanded negative control
SZ_Search_BayArea_Hyper_ExactPhrase_2026,where is the serial number on my sub zero refrigerator,Exact,Campaign negative,Expanded negative control
SZ_Search_BayArea_Hyper_ExactPhrase_2026,whirlpool,Broad,Campaign negative,Expanded negative control
SZ_Search_BayArea_Hyper_ExactPhrase_2026,white fridge,Phrase,Campaign negative,Expanded negative control
SZ_Search_BayArea_Hyper_ExactPhrase_2026,white sub zero refrigerator,Exact,Campaign negative,Expanded negative control
SZ_Search_BayArea_Hyper_ExactPhrase_2026,who,Broad,Campaign negative,Expanded negative control
SZ_Search_BayArea_Hyper_ExactPhrase_2026,who makes sub zero fridges,Exact,Campaign negative,Expanded negative control
SZ_Search_BayArea_Hyper_ExactPhrase_2026,who makes sub zero refrigerators,Exact,Campaign negative,Expanded negative control
SZ_Search_BayArea_Hyper_ExactPhrase_2026,who sells sub zero refrigerators,Exact,Campaign negative,Expanded negative control
SZ_Search_BayArea_Hyper_ExactPhrase_2026,who sells sub zero refrigerators near me,Exact,Campaign negative,Expanded negative control
SZ_Search_BayArea_Hyper_ExactPhrase_2026,wholesale,Broad,Campaign negative,Expanded negative control
SZ_Search_BayArea_Hyper_ExactPhrase_2026,wholesale magnet,Phrase,Campaign negative,Expanded negative control
SZ_Search_BayArea_Hyper_ExactPhrase_2026,why,Broad,Campaign negative,Expanded negative control
SZ_Search_BayArea_Hyper_ExactPhrase_2026,wi,Broad,Campaign negative,Expanded negative control
SZ_Search_BayArea_Hyper_ExactPhrase_2026,wifi fridge,Phrase,Campaign negative,Expanded negative control
SZ_Search_BayArea_Hyper_ExactPhrase_2026,wine chiller,Phrase,Campaign negative,Expanded negative control
SZ_Search_BayArea_Hyper_ExactPhrase_2026,wine cooler sub zero,Exact,Campaign negative,Expanded negative control
SZ_Search_BayArea_Hyper_ExactPhrase_2026,wine fridge sub zero,Exact,Campaign negative,Expanded negative control
SZ_Search_BayArea_Hyper_ExactPhrase_2026,wine fridge wolf,Exact,Campaign negative,Expanded negative control
SZ_Search_BayArea_Hyper_ExactPhrase_2026,wine refrigerator sub zero,Exact,Campaign negative,Expanded negative control
SZ_Search_BayArea_Hyper_ExactPhrase_2026,wine storage sub zero,Exact,Campaign negative,Expanded negative control
SZ_Search_BayArea_Hyper_ExactPhrase_2026,wiring diagram,Phrase,Campaign negative,Expanded negative control
SZ_Search_BayArea_Hyper_ExactPhrase_2026,wolf,Broad,Campaign negative,Expanded negative control
SZ_Search_BayArea_Hyper_ExactPhrase_2026,wolf 36 refrigerator,Exact,Campaign negative,Expanded negative control
SZ_Search_BayArea_Hyper_ExactPhrase_2026,wolf 40 inch gas range,Exact,Campaign negative,Expanded negative control
SZ_Search_BayArea_Hyper_ExactPhrase_2026,wolf and sub zero,Exact,Campaign negative,Expanded negative control
SZ_Search_BayArea_Hyper_ExactPhrase_2026,wolf and sub zero appliances,Exact,Campaign negative,Expanded negative control
SZ_Search_BayArea_Hyper_ExactPhrase_2026,wolf appliance,Exact,Campaign negative,Expanded negative control
SZ_Search_BayArea_Hyper_ExactPhrase_2026,wolf appliance company,Exact,Campaign negative,Expanded negative control
SZ_Search_BayArea_Hyper_ExactPhrase_2026,wolf appliance near me,Exact,Campaign negative,Expanded negative control
SZ_Search_BayArea_Hyper_ExactPhrase_2026,wolf appliances,Exact,Campaign negative,Expanded negative control
SZ_Search_BayArea_Hyper_ExactPhrase_2026,wolf appliances phone number,Exact,Campaign negative,Expanded negative control
SZ_Search_BayArea_Hyper_ExactPhrase_2026,wolf appliances san diego,Exact,Campaign negative,Expanded negative control
SZ_Search_BayArea_Hyper_ExactPhrase_2026,wolf beverage center,Exact,Campaign negative,Expanded negative control
SZ_Search_BayArea_Hyper_ExactPhrase_2026,wolf beverage fridge,Exact,Campaign negative,Expanded negative control
SZ_Search_BayArea_Hyper_ExactPhrase_2026,wolf built in refrigerator,Exact,Campaign negative,Expanded negative control
SZ_Search_BayArea_Hyper_ExactPhrase_2026,wolf burner igniter,Exact,Campaign negative,Expanded negative control
SZ_Search_BayArea_Hyper_ExactPhrase_2026,wolf contact,Exact,Campaign negative,Expanded negative control
SZ_Search_BayArea_Hyper_ExactPhrase_2026,wolf cooking,Exact,Campaign negative,Expanded negative control
SZ_Search_BayArea_Hyper_ExactPhrase_2026,wolf cove sub zero,Exact,Campaign negative,Expanded negative control
SZ_Search_BayArea_Hyper_ExactPhrase_2026,wolf french door refrigerator,Exact,Campaign negative,Expanded negative control
SZ_Search_BayArea_Hyper_ExactPhrase_2026,wolf fridge,Exact,Campaign negative,Expanded negative control
SZ_Search_BayArea_Hyper_ExactPhrase_2026,wolf fridge freezer,Exact,Campaign negative,Expanded negative control
SZ_Search_BayArea_Hyper_ExactPhrase_2026,wolf fridge sub zero,Exact,Campaign negative,Expanded negative control
SZ_Search_BayArea_Hyper_ExactPhrase_2026,wolf gas range troubleshooting,Exact,Campaign negative,Expanded negative control
SZ_Search_BayArea_Hyper_ExactPhrase_2026,wolf help,Exact,Campaign negative,Expanded negative control
SZ_Search_BayArea_Hyper_ExactPhrase_2026,wolf ice maker,Exact,Campaign negative,Expanded negative control
SZ_Search_BayArea_Hyper_ExactPhrase_2026,wolf induction cooktop troubleshooting,Exact,Campaign negative,Expanded negative control
SZ_Search_BayArea_Hyper_ExactPhrase_2026,wolf kitchen,Exact,Campaign negative,Expanded negative control
SZ_Search_BayArea_Hyper_ExactPhrase_2026,wolf kitchen appliances near me,Exact,Campaign negative,Expanded negative control
SZ_Search_BayArea_Hyper_ExactPhrase_2026,wolf kitchen usa,Exact,Campaign negative,Expanded negative control
SZ_Search_BayArea_Hyper_ExactPhrase_2026,wolf oven delayed start,Exact,Campaign negative,Expanded negative control
SZ_Search_BayArea_Hyper_ExactPhrase_2026,wolf oven door hinge,Exact,Campaign negative,Expanded negative control
SZ_Search_BayArea_Hyper_ExactPhrase_2026,wolf oven door hinge pin,Exact,Campaign negative,Expanded negative control
SZ_Search_BayArea_Hyper_ExactPhrase_2026,wolf oven enamel chipping,Exact,Campaign negative,Expanded negative control
SZ_Search_BayArea_Hyper_ExactPhrase_2026,wolf oven fan keeps running,Exact,Campaign negative,Expanded negative control
SZ_Search_BayArea_Hyper_ExactPhrase_2026,wolf oven pilot light,Exact,Campaign negative,Expanded negative control
SZ_Search_BayArea_Hyper_ExactPhrase_2026,wolf oven red light,Exact,Campaign negative,Expanded negative control
SZ_Search_BayArea_Hyper_ExactPhrase_2026,wolf oven self clean,Exact,Campaign negative,Expanded negative control
SZ_Search_BayArea_Hyper_ExactPhrase_2026,wolf oven takes forever to preheat,Exact,Campaign negative,Expanded negative control
SZ_Search_BayArea_Hyper_ExactPhrase_2026,wolf oven temperature calibration,Exact,Campaign negative,Expanded negative control
SZ_Search_BayArea_Hyper_ExactPhrase_2026,wolf oven thermal fuse,Exact,Campaign negative,Expanded negative control
SZ_Search_BayArea_Hyper_ExactPhrase_2026,wolf oven thermocouple,Exact,Campaign negative,Expanded negative control
SZ_Search_BayArea_Hyper_ExactPhrase_2026,wolf oven touchpad sensor line fault,Exact,Campaign negative,Expanded negative control
SZ_Search_BayArea_Hyper_ExactPhrase_2026,wolf oven troubleshooting,Exact,Campaign negative,Expanded negative control
SZ_Search_BayArea_Hyper_ExactPhrase_2026,wolf oven turns on by itself,Exact,Campaign negative,Expanded negative control
SZ_Search_BayArea_Hyper_ExactPhrase_2026,wolf panel ready refrigerator,Exact,Campaign negative,Expanded negative control
SZ_Search_BayArea_Hyper_ExactPhrase_2026,wolf phone number,Exact,Campaign negative,Expanded negative control
SZ_Search_BayArea_Hyper_ExactPhrase_2026,wolf porcelain chipping,Exact,Campaign negative,Expanded negative control
SZ_Search_BayArea_Hyper_ExactPhrase_2026,wolf range flashing red light,Exact,Campaign negative,Expanded negative control
SZ_Search_BayArea_Hyper_ExactPhrase_2026,wolf range knob loose,Exact,Campaign negative,Expanded negative control
SZ_Search_BayArea_Hyper_ExactPhrase_2026,wolf range rubber grate feet,Exact,Campaign negative,Expanded negative control
SZ_Search_BayArea_Hyper_ExactPhrase_2026,wolf range sub zero,Exact,Campaign negative,Expanded negative control
SZ_Search_BayArea_Hyper_ExactPhrase_2026,wolf range troubleshooting,Exact,Campaign negative,Expanded negative control
SZ_Search_BayArea_Hyper_ExactPhrase_2026,wolf refrigerator,Exact,Campaign negative,Expanded negative control
SZ_Search_BayArea_Hyper_ExactPhrase_2026,wolf refrigerator price,Exact,Campaign negative,Expanded negative control
SZ_Search_BayArea_Hyper_ExactPhrase_2026,wolf refrigerator sub zero,Exact,Campaign negative,Expanded negative control
SZ_Search_BayArea_Hyper_ExactPhrase_2026,wolf refrigerators,Exact,Campaign negative,Expanded negative control
SZ_Search_BayArea_Hyper_ExactPhrase_2026,wolf retailer,Exact,Campaign negative,Expanded negative control
SZ_Search_BayArea_Hyper_ExactPhrase_2026,wolf showrooms,Exact,Campaign negative,Expanded negative control
SZ_Search_BayArea_Hyper_ExactPhrase_2026,wolf stove,Exact,Campaign negative,Expanded negative control
SZ_Search_BayArea_Hyper_ExactPhrase_2026,wolf stove keeps sparking,Exact,Campaign negative,Expanded negative control
SZ_Search_BayArea_Hyper_ExactPhrase_2026,wolf stove top 36 inch,Exact,Campaign negative,Expanded negative control
SZ_Search_BayArea_Hyper_ExactPhrase_2026,wolf stove troubleshooting,Exact,Campaign negative,Expanded negative control
SZ_Search_BayArea_Hyper_ExactPhrase_2026,wolf sub,Exact,Campaign negative,Expanded negative control
SZ_Search_BayArea_Hyper_ExactPhrase_2026,wolf sub zero,Exact,Campaign negative,Expanded negative control
SZ_Search_BayArea_Hyper_ExactPhrase_2026,wolf sub zero and cove,Exact,Campaign negative,Expanded negative control
SZ_Search_BayArea_Hyper_ExactPhrase_2026,wolf sub zero appliances,Exact,Campaign negative,Expanded negative control
SZ_Search_BayArea_Hyper_ExactPhrase_2026,wolf sub zero costa mesa,Exact,Campaign negative,Expanded negative control
SZ_Search_BayArea_Hyper_ExactPhrase_2026,wolf sub zero cove,Exact,Campaign negative,Expanded negative control
SZ_Search_BayArea_Hyper_ExactPhrase_2026,wolf sub zero fridge,Exact,Campaign negative,Expanded negative control
SZ_Search_BayArea_Hyper_ExactPhrase_2026,wolf sub zero prices,Exact,Campaign negative,Expanded negative control
SZ_Search_BayArea_Hyper_ExactPhrase_2026,wolf sub zero refrigerator,Exact,Campaign negative,Expanded negative control
SZ_Search_BayArea_Hyper_ExactPhrase_2026,wolf sub zero usa,Exact,Campaign negative,Expanded negative control
SZ_Search_BayArea_Hyper_ExactPhrase_2026,wolf wine fridge,Exact,Campaign negative,Expanded negative control
SZ_Search_BayArea_Hyper_ExactPhrase_2026,wolf wine refrigerator,Exact,Campaign negative,Expanded negative control
SZ_Search_BayArea_Hyper_ExactPhrase_2026,wolff sub zero,Exact,Campaign negative,Expanded negative control
SZ_Search_BayArea_Hyper_ExactPhrase_2026,www,Broad,Campaign negative,Expanded negative control
SZ_Search_BayArea_Hyper_ExactPhrase_2026,xbox fridge,Phrase,Campaign negative,Expanded negative control
SZ_Search_BayArea_Hyper_ExactPhrase_2026,xbox mini fridge,Phrase,Campaign negative,Expanded negative control
SZ_Search_BayArea_Hyper_ExactPhrase_2026,yelp,Broad,Campaign negative,Expanded negative control
SZ_Search_BayArea_Hyper_ExactPhrase_2026,york,Broad,Campaign negative,Expanded negative control
SZ_Search_BayArea_Hyper_ExactPhrase_2026,yourself,Broad,Campaign negative,Expanded negative control
SZ_Search_BayArea_Hyper_ExactPhrase_2026,youtube,Broad,Campaign negative,Expanded negative control
SZ_Search_BayArea_Hyper_ExactPhrase_2026,youtube repair fridge,Phrase,Campaign negative,Expanded negative control
SZ_Search_BayArea_Hyper_ExactPhrase_2026,zuta,Broad,Campaign negative,Expanded negative control
