Campaign,Ad Group,Ad type,Labels,Headline 1,Headline 1 position,Headline 2,Headline 2 position,Headline 3,Headline 3 position,Headline 4,Headline 4 position,Headline 5,Headline 5 position,Headline 6,Headline 6 position,Headline 7,Headline 7 position,Headline 8,Headline 8 position,Headline 9,Headline 9 position,Headline 10,Headline 10 position,Headline 11,Headline 11 position,Headline 12,Headline 12 position,Headline 13,Headline 13 position,Headline 14,Headline 14 position,Headline 15,Headline 15 position,Description 1,Description 1 position,Description 2,Description 2 position,Description 3,Description 3 position,Description 4,Description 4 position,Path 1,Path 2,Final URL,Final mobile URL,Tracking template,Final URL suffix,Custom parameters,Campaign Status,Ad Group Status,Status,Approval Status,Ad strength,Comment
SZ_Search_BayArea_Full_v2,Appliance Repair Core,Responsive search ad,fullv2_primary,Sub-Zero Appliance Repair,,Reliable Local Repair Team,,Experienced Fridge Specialists,,Sub-Zero Service You Trust,,Book Service In 60 Seconds,,Local Sub-Zero Technicians,,Same-Day Slots Available,,Clear Quote After Diagnosis,,Warranty On Completed Repair,,Bay Area Home Visits,,Call Or Book Online,,No Repair Without Approval,,Trusted Appliance Pros Team,,Fast In-Home Diagnostics,,Flexible Arrival Windows,,Book Sub-Zero service in under a minute and choose a convenient Bay Area arrival window.,,"Our technician diagnoses first, explains options clearly, and repairs only with approval.",,"We fix cooling, ice, leak, door, and freezer issues across Bay Area homes.",,Call now or book online for same-day or next-day Sub-Zero service.,,sub-zero,appliance-repai,https://appliancepros.netlify.app/subzero/,,,,,Enabled,Enabled,Enabled,,,Primary trust-focused RSA
SZ_Search_BayArea_Full_v2,Appliance Repair Core,Responsive search ad,fullv2_urgency_test,Sub-Zero Appliance Repair,,Need Help Today? Book Now,,Emergency Slots Open Now,,Technician Arrives Same Day,,Book Service In 60 Seconds,,Local Sub-Zero Technicians,,Same-Day Slots Available,,Clear Quote After Diagnosis,,Warranty On Completed Repair,,Bay Area Home Visits,,Call Or Book Online,,No Repair Without Approval,,Trusted Appliance Pros Team,,Fast In-Home Diagnostics,,Flexible Arrival Windows,,Need fast help? Request same-day Sub-Zero service and get a confirmed arrival window.,,"Local tech visits fast, diagnoses quickly, and starts repair after your approval.",,"Urgent refrigerator, freezer, ice maker, and leak issues handled across Bay Area.",,Book online in 60 seconds or call now to secure the next open slot.,,sub-zero,appliance-repai,https://appliancepros.netlify.app/subzero/,,,,,Enabled,Enabled,Enabled,,,Urgency angle RSA test
SZ_Search_BayArea_Full_v2,Appliance Repair Core,Responsive search ad,fullv2_price_test,Sub-Zero Appliance Repair,,"Upfront Pricing, No Surprises",,Diagnosis Before Any Repair,,Approve Repair Before Work,,Book Service In 60 Seconds,,Local Sub-Zero Technicians,,Same-Day Slots Available,,Clear Quote After Diagnosis,,Warranty On Completed Repair,,Bay Area Home Visits,,Call Or Book Online,,No Repair Without Approval,,Trusted Appliance Pros Team,,Fast In-Home Diagnostics,,Flexible Arrival Windows,,"Transparent process: diagnosis first, clear quote second, repair only with approval.",,No hidden charges. You get upfront pricing and warranty on completed repair work.,,Compare options after diagnosis and choose what fits your budget and urgency.,,Schedule Sub-Zero service today and get a clear quote before any repair begins.,,sub-zero,appliance-repai,https://appliancepros.netlify.app/subzero/,,,,,Enabled,Enabled,Enabled,,,Price clarity RSA test
SZ_Search_BayArea_Full_v2,Compressor Fan Motor,Responsive search ad,fullv2_primary,Sub-Zero Fan Motor Repair,,Reliable Local Repair Team,,Experienced Fridge Specialists,,Sub-Zero Service You Trust,,Book Service In 60 Seconds,,Local Sub-Zero Technicians,,Same-Day Slots Available,,Clear Quote After Diagnosis,,Warranty On Completed Repair,,Bay Area Home Visits,,Call Or Book Online,,No Repair Without Approval,,Trusted Appliance Pros Team,,Fast In-Home Diagnostics,,Flexible Arrival Windows,,Book Sub-Zero service in under a minute and choose a convenient Bay Area arrival window.,,"Our technician diagnoses first, explains options clearly, and repairs only with approval.",,"We fix cooling, ice, leak, door, and freezer issues across Bay Area homes.",,Call now or book online for same-day or next-day Sub-Zero service.,,sub-zero,compressor-fan-,https://appliancepros.netlify.app/subzero/,,,,,Enabled,Enabled,Enabled,,,Primary trust-focused RSA
SZ_Search_BayArea_Full_v2,Compressor Fan Motor,Responsive search ad,fullv2_urgency_test,Sub-Zero Fan Motor Repair,,Need Help Today? Book Now,,Emergency Slots Open Now,,Technician Arrives Same Day,,Book Service In 60 Seconds,,Local Sub-Zero Technicians,,Same-Day Slots Available,,Clear Quote After Diagnosis,,Warranty On Completed Repair,,Bay Area Home Visits,,Call Or Book Online,,No Repair Without Approval,,Trusted Appliance Pros Team,,Fast In-Home Diagnostics,,Flexible Arrival Windows,,Need fast help? Request same-day Sub-Zero service and get a confirmed arrival window.,,"Local tech visits fast, diagnoses quickly, and starts repair after your approval.",,"Urgent refrigerator, freezer, ice maker, and leak issues handled across Bay Area.",,Book online in 60 seconds or call now to secure the next open slot.,,sub-zero,compressor-fan-,https://appliancepros.netlify.app/subzero/,,,,,Enabled,Enabled,Enabled,,,Urgency angle RSA test
SZ_Search_BayArea_Full_v2,Compressor Fan Motor,Responsive search ad,fullv2_price_test,Sub-Zero Fan Motor Repair,,"Upfront Pricing, No Surprises",,Diagnosis Before Any Repair,,Approve Repair Before Work,,Book Service In 60 Seconds,,Local Sub-Zero Technicians,,Same-Day Slots Available,,Clear Quote After Diagnosis,,Warranty On Completed Repair,,Bay Area Home Visits,,Call Or Book Online,,No Repair Without Approval,,Trusted Appliance Pros Team,,Fast In-Home Diagnostics,,Flexible Arrival Windows,,"Transparent process: diagnosis first, clear quote second, repair only with approval.",,No hidden charges. You get upfront pricing and warranty on completed repair work.,,Compare options after diagnosis and choose what fits your budget and urgency.,,Schedule Sub-Zero service today and get a clear quote before any repair begins.,,sub-zero,compressor-fan-,https://appliancepros.netlify.app/subzero/,,,,,Enabled,Enabled,Enabled,,,Price clarity RSA test
SZ_Search_BayArea_Full_v2,Door Ajar Beeping,Responsive search ad,fullv2_primary,Sub-Zero Door Issue Repair,,Reliable Local Repair Team,,Experienced Fridge Specialists,,Sub-Zero Service You Trust,,Book Service In 60 Seconds,,Local Sub-Zero Technicians,,Same-Day Slots Available,,Clear Quote After Diagnosis,,Warranty On Completed Repair,,Bay Area Home Visits,,Call Or Book Online,,No Repair Without Approval,,Trusted Appliance Pros Team,,Fast In-Home Diagnostics,,Flexible Arrival Windows,,Book Sub-Zero service in under a minute and choose a convenient Bay Area arrival window.,,"Our technician diagnoses first, explains options clearly, and repairs only with approval.",,"We fix cooling, ice, leak, door, and freezer issues across Bay Area homes.",,Call now or book online for same-day or next-day Sub-Zero service.,,sub-zero,door-ajar-beepi,https://appliancepros.netlify.app/subzero/,,,,,Enabled,Enabled,Enabled,,,Primary trust-focused RSA
SZ_Search_BayArea_Full_v2,Door Ajar Beeping,Responsive search ad,fullv2_urgency_test,Sub-Zero Door Issue Repair,,Need Help Today? Book Now,,Emergency Slots Open Now,,Technician Arrives Same Day,,Book Service In 60 Seconds,,Local Sub-Zero Technicians,,Same-Day Slots Available,,Clear Quote After Diagnosis,,Warranty On Completed Repair,,Bay Area Home Visits,,Call Or Book Online,,No Repair Without Approval,,Trusted Appliance Pros Team,,Fast In-Home Diagnostics,,Flexible Arrival Windows,,Need fast help? Request same-day Sub-Zero service and get a confirmed arrival window.,,"Local tech visits fast, diagnoses quickly, and starts repair after your approval.",,"Urgent refrigerator, freezer, ice maker, and leak issues handled across Bay Area.",,Book online in 60 seconds or call now to secure the next open slot.,,sub-zero,door-ajar-beepi,https://appliancepros.netlify.app/subzero/,,,,,Enabled,Enabled,Enabled,,,Urgency angle RSA test
SZ_Search_BayArea_Full_v2,Door Ajar Beeping,Responsive search ad,fullv2_price_test,Sub-Zero Door Issue Repair,,"Upfront Pricing, No Surprises",,Diagnosis Before Any Repair,,Approve Repair Before Work,,Book Service In 60 Seconds,,Local Sub-Zero Technicians,,Same-Day Slots Available,,Clear Quote After Diagnosis,,Warranty On Completed Repair,,Bay Area Home Visits,,Call Or Book Online,,No Repair Without Approval,,Trusted Appliance Pros Team,,Fast In-Home Diagnostics,,Flexible Arrival Windows,,"Transparent process: diagnosis first, clear quote second, repair only with approval.",,No hidden charges. You get upfront pricing and warranty on completed repair work.,,Compare options after diagnosis and choose what fits your budget and urgency.,,Schedule Sub-Zero service today and get a clear quote before any repair begins.,,sub-zero,door-ajar-beepi,https://appliancepros.netlify.app/subzero/,,,,,Enabled,Enabled,Enabled,,,Price clarity RSA test
SZ_Search_BayArea_Full_v2,Door Gasket Repair,Responsive search ad,fullv2_primary,Sub-Zero Door Seal Repair,,Reliable Local Repair Team,,Experienced Fridge Specialists,,Sub-Zero Service You Trust,,Book Service In 60 Seconds,,Local Sub-Zero Technicians,,Same-Day Slots Available,,Clear Quote After Diagnosis,,Warranty On Completed Repair,,Bay Area Home Visits,,Call Or Book Online,,No Repair Without Approval,,Trusted Appliance Pros Team,,Fast In-Home Diagnostics,,Flexible Arrival Windows,,Book Sub-Zero service in under a minute and choose a convenient Bay Area arrival window.,,"Our technician diagnoses first, explains options clearly, and repairs only with approval.",,"We fix cooling, ice, leak, door, and freezer issues across Bay Area homes.",,Call now or book online for same-day or next-day Sub-Zero service.,,sub-zero,door-gasket-rep,https://appliancepros.netlify.app/subzero/,,,,,Enabled,Enabled,Enabled,,,Primary trust-focused RSA
SZ_Search_BayArea_Full_v2,Door Gasket Repair,Responsive search ad,fullv2_urgency_test,Sub-Zero Door Seal Repair,,Need Help Today? Book Now,,Emergency Slots Open Now,,Technician Arrives Same Day,,Book Service In 60 Seconds,,Local Sub-Zero Technicians,,Same-Day Slots Available,,Clear Quote After Diagnosis,,Warranty On Completed Repair,,Bay Area Home Visits,,Call Or Book Online,,No Repair Without Approval,,Trusted Appliance Pros Team,,Fast In-Home Diagnostics,,Flexible Arrival Windows,,Need fast help? Request same-day Sub-Zero service and get a confirmed arrival window.,,"Local tech visits fast, diagnoses quickly, and starts repair after your approval.",,"Urgent refrigerator, freezer, ice maker, and leak issues handled across Bay Area.",,Book online in 60 seconds or call now to secure the next open slot.,,sub-zero,door-gasket-rep,https://appliancepros.netlify.app/subzero/,,,,,Enabled,Enabled,Enabled,,,Urgency angle RSA test
SZ_Search_BayArea_Full_v2,Door Gasket Repair,Responsive search ad,fullv2_price_test,Sub-Zero Door Seal Repair,,"Upfront Pricing, No Surprises",,Diagnosis Before Any Repair,,Approve Repair Before Work,,Book Service In 60 Seconds,,Local Sub-Zero Technicians,,Same-Day Slots Available,,Clear Quote After Diagnosis,,Warranty On Completed Repair,,Bay Area Home Visits,,Call Or Book Online,,No Repair Without Approval,,Trusted Appliance Pros Team,,Fast In-Home Diagnostics,,Flexible Arrival Windows,,"Transparent process: diagnosis first, clear quote second, repair only with approval.",,No hidden charges. You get upfront pricing and warranty on completed repair work.,,Compare options after diagnosis and choose what fits your budget and urgency.,,Schedule Sub-Zero service today and get a clear quote before any repair begins.,,sub-zero,door-gasket-rep,https://appliancepros.netlify.app/subzero/,,,,,Enabled,Enabled,Enabled,,,Price clarity RSA test
SZ_Search_BayArea_Full_v2,Emergency Same Day,Responsive search ad,fullv2_primary,Same-Day Sub-Zero Repair,,Reliable Local Repair Team,,Experienced Fridge Specialists,,Sub-Zero Service You Trust,,Book Service In 60 Seconds,,Local Sub-Zero Technicians,,Same-Day Slots Available,,Clear Quote After Diagnosis,,Warranty On Completed Repair,,Bay Area Home Visits,,Call Or Book Online,,No Repair Without Approval,,Trusted Appliance Pros Team,,Fast In-Home Diagnostics,,Flexible Arrival Windows,,Book Sub-Zero service in under a minute and choose a convenient Bay Area arrival window.,,"Our technician diagnoses first, explains options clearly, and repairs only with approval.",,"We fix cooling, ice, leak, door, and freezer issues across Bay Area homes.",,Call now or book online for same-day or next-day Sub-Zero service.,,sub-zero,emergency-same-,https://appliancepros.netlify.app/subzero/,,,,,Enabled,Enabled,Enabled,,,Primary trust-focused RSA
SZ_Search_BayArea_Full_v2,Emergency Same Day,Responsive search ad,fullv2_urgency_test,Same-Day Sub-Zero Repair,,Need Help Today? Book Now,,Emergency Slots Open Now,,Technician Arrives Same Day,,Book Service In 60 Seconds,,Local Sub-Zero Technicians,,Same-Day Slots Available,,Clear Quote After Diagnosis,,Warranty On Completed Repair,,Bay Area Home Visits,,Call Or Book Online,,No Repair Without Approval,,Trusted Appliance Pros Team,,Fast In-Home Diagnostics,,Flexible Arrival Windows,,Need fast help? Request same-day Sub-Zero service and get a confirmed arrival window.,,"Local tech visits fast, diagnoses quickly, and starts repair after your approval.",,"Urgent refrigerator, freezer, ice maker, and leak issues handled across Bay Area.",,Book online in 60 seconds or call now to secure the next open slot.,,sub-zero,emergency-same-,https://appliancepros.netlify.app/subzero/,,,,,Enabled,Enabled,Enabled,,,Urgency angle RSA test
SZ_Search_BayArea_Full_v2,Emergency Same Day,Responsive search ad,fullv2_price_test,Same-Day Sub-Zero Repair,,"Upfront Pricing, No Surprises",,Diagnosis Before Any Repair,,Approve Repair Before Work,,Book Service In 60 Seconds,,Local Sub-Zero Technicians,,Same-Day Slots Available,,Clear Quote After Diagnosis,,Warranty On Completed Repair,,Bay Area Home Visits,,Call Or Book Online,,No Repair Without Approval,,Trusted Appliance Pros Team,,Fast In-Home Diagnostics,,Flexible Arrival Windows,,"Transparent process: diagnosis first, clear quote second, repair only with approval.",,No hidden charges. You get upfront pricing and warranty on completed repair work.,,Compare options after diagnosis and choose what fits your budget and urgency.,,Schedule Sub-Zero service today and get a clear quote before any repair begins.,,sub-zero,emergency-same-,https://appliancepros.netlify.app/subzero/,,,,,Enabled,Enabled,Enabled,,,Price clarity RSA test
SZ_Search_BayArea_Full_v2,Freezer Not Freezing,Responsive search ad,fullv2_primary,Sub-Zero Not Freezing Repair,,Reliable Local Repair Team,,Experienced Fridge Specialists,,Sub-Zero Service You Trust,,Book Service In 60 Seconds,,Local Sub-Zero Technicians,,Same-Day Slots Available,,Clear Quote After Diagnosis,,Warranty On Completed Repair,,Bay Area Home Visits,,Call Or Book Online,,No Repair Without Approval,,Trusted Appliance Pros Team,,Fast In-Home Diagnostics,,Flexible Arrival Windows,,Book Sub-Zero service in under a minute and choose a convenient Bay Area arrival window.,,"Our technician diagnoses first, explains options clearly, and repairs only with approval.",,"We fix cooling, ice, leak, door, and freezer issues across Bay Area homes.",,Call now or book online for same-day or next-day Sub-Zero service.,,sub-zero,freezer-not-fre,https://appliancepros.netlify.app/subzero/,,,,,Enabled,Enabled,Enabled,,,Primary trust-focused RSA
SZ_Search_BayArea_Full_v2,Freezer Not Freezing,Responsive search ad,fullv2_urgency_test,Sub-Zero Not Freezing Repair,,Need Help Today? Book Now,,Emergency Slots Open Now,,Technician Arrives Same Day,,Book Service In 60 Seconds,,Local Sub-Zero Technicians,,Same-Day Slots Available,,Clear Quote After Diagnosis,,Warranty On Completed Repair,,Bay Area Home Visits,,Call Or Book Online,,No Repair Without Approval,,Trusted Appliance Pros Team,,Fast In-Home Diagnostics,,Flexible Arrival Windows,,Need fast help? Request same-day Sub-Zero service and get a confirmed arrival window.,,"Local tech visits fast, diagnoses quickly, and starts repair after your approval.",,"Urgent refrigerator, freezer, ice maker, and leak issues handled across Bay Area.",,Book online in 60 seconds or call now to secure the next open slot.,,sub-zero,freezer-not-fre,https://appliancepros.netlify.app/subzero/,,,,,Enabled,Enabled,Enabled,,,Urgency angle RSA test
SZ_Search_BayArea_Full_v2,Freezer Not Freezing,Responsive search ad,fullv2_price_test,Sub-Zero Not Freezing Repair,,"Upfront Pricing, No Surprises",,Diagnosis Before Any Repair,,Approve Repair Before Work,,Book Service In 60 Seconds,,Local Sub-Zero Technicians,,Same-Day Slots Available,,Clear Quote After Diagnosis,,Warranty On Completed Repair,,Bay Area Home Visits,,Call Or Book Online,,No Repair Without Approval,,Trusted Appliance Pros Team,,Fast In-Home Diagnostics,,Flexible Arrival Windows,,"Transparent process: diagnosis first, clear quote second, repair only with approval.",,No hidden charges. You get upfront pricing and warranty on completed repair work.,,Compare options after diagnosis and choose what fits your budget and urgency.,,Schedule Sub-Zero service today and get a clear quote before any repair begins.,,sub-zero,freezer-not-fre,https://appliancepros.netlify.app/subzero/,,,,,Enabled,Enabled,Enabled,,,Price clarity RSA test
SZ_Search_BayArea_Full_v2,Freezer Not Working,Responsive search ad,fullv2_primary,Sub-Zero Freezer Not Working,,Reliable Local Repair Team,,Experienced Fridge Specialists,,Sub-Zero Service You Trust,,Book Service In 60 Seconds,,Local Sub-Zero Technicians,,Same-Day Slots Available,,Clear Quote After Diagnosis,,Warranty On Completed Repair,,Bay Area Home Visits,,Call Or Book Online,,No Repair Without Approval,,Trusted Appliance Pros Team,,Fast In-Home Diagnostics,,Flexible Arrival Windows,,Book Sub-Zero service in under a minute and choose a convenient Bay Area arrival window.,,"Our technician diagnoses first, explains options clearly, and repairs only with approval.",,"We fix cooling, ice, leak, door, and freezer issues across Bay Area homes.",,Call now or book online for same-day or next-day Sub-Zero service.,,sub-zero,freezer-not-wor,https://appliancepros.netlify.app/subzero/,,,,,Enabled,Enabled,Enabled,,,Primary trust-focused RSA
SZ_Search_BayArea_Full_v2,Freezer Not Working,Responsive search ad,fullv2_urgency_test,Sub-Zero Freezer Not Working,,Need Help Today? Book Now,,Emergency Slots Open Now,,Technician Arrives Same Day,,Book Service In 60 Seconds,,Local Sub-Zero Technicians,,Same-Day Slots Available,,Clear Quote After Diagnosis,,Warranty On Completed Repair,,Bay Area Home Visits,,Call Or Book Online,,No Repair Without Approval,,Trusted Appliance Pros Team,,Fast In-Home Diagnostics,,Flexible Arrival Windows,,Need fast help? Request same-day Sub-Zero service and get a confirmed arrival window.,,"Local tech visits fast, diagnoses quickly, and starts repair after your approval.",,"Urgent refrigerator, freezer, ice maker, and leak issues handled across Bay Area.",,Book online in 60 seconds or call now to secure the next open slot.,,sub-zero,freezer-not-wor,https://appliancepros.netlify.app/subzero/,,,,,Enabled,Enabled,Enabled,,,Urgency angle RSA test
SZ_Search_BayArea_Full_v2,Freezer Not Working,Responsive search ad,fullv2_price_test,Sub-Zero Freezer Not Working,,"Upfront Pricing, No Surprises",,Diagnosis Before Any Repair,,Approve Repair Before Work,,Book Service In 60 Seconds,,Local Sub-Zero Technicians,,Same-Day Slots Available,,Clear Quote After Diagnosis,,Warranty On Completed Repair,,Bay Area Home Visits,,Call Or Book Online,,No Repair Without Approval,,Trusted Appliance Pros Team,,Fast In-Home Diagnostics,,Flexible Arrival Windows,,"Transparent process: diagnosis first, clear quote second, repair only with approval.",,No hidden charges. You get upfront pricing and warranty on completed repair work.,,Compare options after diagnosis and choose what fits your budget and urgency.,,Schedule Sub-Zero service today and get a clear quote before any repair begins.,,sub-zero,freezer-not-wor,https://appliancepros.netlify.app/subzero/,,,,,Enabled,Enabled,Enabled,,,Price clarity RSA test
SZ_Search_BayArea_Full_v2,Freezer Repair Core,Responsive search ad,fullv2_primary,Sub-Zero Freezer Repair,,Reliable Local Repair Team,,Experienced Fridge Specialists,,Sub-Zero Service You Trust,,Book Service In 60 Seconds,,Local Sub-Zero Technicians,,Same-Day Slots Available,,Clear Quote After Diagnosis,,Warranty On Completed Repair,,Bay Area Home Visits,,Call Or Book Online,,No Repair Without Approval,,Trusted Appliance Pros Team,,Fast In-Home Diagnostics,,Flexible Arrival Windows,,Book Sub-Zero service in under a minute and choose a convenient Bay Area arrival window.,,"Our technician diagnoses first, explains options clearly, and repairs only with approval.",,"We fix cooling, ice, leak, door, and freezer issues across Bay Area homes.",,Call now or book online for same-day or next-day Sub-Zero service.,,sub-zero,freezer-repair-,https://appliancepros.netlify.app/subzero/,,,,,Enabled,Enabled,Enabled,,,Primary trust-focused RSA
SZ_Search_BayArea_Full_v2,Freezer Repair Core,Responsive search ad,fullv2_urgency_test,Sub-Zero Freezer Repair,,Need Help Today? Book Now,,Emergency Slots Open Now,,Technician Arrives Same Day,,Book Service In 60 Seconds,,Local Sub-Zero Technicians,,Same-Day Slots Available,,Clear Quote After Diagnosis,,Warranty On Completed Repair,,Bay Area Home Visits,,Call Or Book Online,,No Repair Without Approval,,Trusted Appliance Pros Team,,Fast In-Home Diagnostics,,Flexible Arrival Windows,,Need fast help? Request same-day Sub-Zero service and get a confirmed arrival window.,,"Local tech visits fast, diagnoses quickly, and starts repair after your approval.",,"Urgent refrigerator, freezer, ice maker, and leak issues handled across Bay Area.",,Book online in 60 seconds or call now to secure the next open slot.,,sub-zero,freezer-repair-,https://appliancepros.netlify.app/subzero/,,,,,Enabled,Enabled,Enabled,,,Urgency angle RSA test
SZ_Search_BayArea_Full_v2,Freezer Repair Core,Responsive search ad,fullv2_price_test,Sub-Zero Freezer Repair,,"Upfront Pricing, No Surprises",,Diagnosis Before Any Repair,,Approve Repair Before Work,,Book Service In 60 Seconds,,Local Sub-Zero Technicians,,Same-Day Slots Available,,Clear Quote After Diagnosis,,Warranty On Completed Repair,,Bay Area Home Visits,,Call Or Book Online,,No Repair Without Approval,,Trusted Appliance Pros Team,,Fast In-Home Diagnostics,,Flexible Arrival Windows,,"Transparent process: diagnosis first, clear quote second, repair only with approval.",,No hidden charges. You get upfront pricing and warranty on completed repair work.,,Compare options after diagnosis and choose what fits your budget and urgency.,,Schedule Sub-Zero service today and get a clear quote before any repair begins.,,sub-zero,freezer-repair-,https://appliancepros.netlify.app/subzero/,,,,,Enabled,Enabled,Enabled,,,Price clarity RSA test
SZ_Search_BayArea_Full_v2,Freezer Service Core,Responsive search ad,fullv2_primary,Sub-Zero Freezer Service,,Reliable Local Repair Team,,Experienced Fridge Specialists,,Sub-Zero Service You Trust,,Book Service In 60 Seconds,,Local Sub-Zero Technicians,,Same-Day Slots Available,,Clear Quote After Diagnosis,,Warranty On Completed Repair,,Bay Area Home Visits,,Call Or Book Online,,No Repair Without Approval,,Trusted Appliance Pros Team,,Fast In-Home Diagnostics,,Flexible Arrival Windows,,Book Sub-Zero service in under a minute and choose a convenient Bay Area arrival window.,,"Our technician diagnoses first, explains options clearly, and repairs only with approval.",,"We fix cooling, ice, leak, door, and freezer issues across Bay Area homes.",,Call now or book online for same-day or next-day Sub-Zero service.,,sub-zero,freezer-service,https://appliancepros.netlify.app/subzero/,,,,,Enabled,Enabled,Enabled,,,Primary trust-focused RSA
SZ_Search_BayArea_Full_v2,Freezer Service Core,Responsive search ad,fullv2_urgency_test,Sub-Zero Freezer Service,,Need Help Today? Book Now,,Emergency Slots Open Now,,Technician Arrives Same Day,,Book Service In 60 Seconds,,Local Sub-Zero Technicians,,Same-Day Slots Available,,Clear Quote After Diagnosis,,Warranty On Completed Repair,,Bay Area Home Visits,,Call Or Book Online,,No Repair Without Approval,,Trusted Appliance Pros Team,,Fast In-Home Diagnostics,,Flexible Arrival Windows,,Need fast help? Request same-day Sub-Zero service and get a confirmed arrival window.,,"Local tech visits fast, diagnoses quickly, and starts repair after your approval.",,"Urgent refrigerator, freezer, ice maker, and leak issues handled across Bay Area.",,Book online in 60 seconds or call now to secure the next open slot.,,sub-zero,freezer-service,https://appliancepros.netlify.app/subzero/,,,,,Enabled,Enabled,Enabled,,,Urgency angle RSA test
SZ_Search_BayArea_Full_v2,Freezer Service Core,Responsive search ad,fullv2_price_test,Sub-Zero Freezer Service,,"Upfront Pricing, No Surprises",,Diagnosis Before Any Repair,,Approve Repair Before Work,,Book Service In 60 Seconds,,Local Sub-Zero Technicians,,Same-Day Slots Available,,Clear Quote After Diagnosis,,Warranty On Completed Repair,,Bay Area Home Visits,,Call Or Book Online,,No Repair Without Approval,,Trusted Appliance Pros Team,,Fast In-Home Diagnostics,,Flexible Arrival Windows,,"Transparent process: diagnosis first, clear quote second, repair only with approval.",,No hidden charges. You get upfront pricing and warranty on completed repair work.,,Compare options after diagnosis and choose what fits your budget and urgency.,,Schedule Sub-Zero service today and get a clear quote before any repair begins.,,sub-zero,freezer-service,https://appliancepros.netlify.app/subzero/,,,,,Enabled,Enabled,Enabled,,,Price clarity RSA test
SZ_Search_BayArea_Full_v2,Fridge Not Cooling,Responsive search ad,fullv2_primary,Sub-Zero Not Cooling Repair,,Reliable Local Repair Team,,Experienced Fridge Specialists,,Sub-Zero Service You Trust,,Book Service In 60 Seconds,,Local Sub-Zero Technicians,,Same-Day Slots Available,,Clear Quote After Diagnosis,,Warranty On Completed Repair,,Bay Area Home Visits,,Call Or Book Online,,No Repair Without Approval,,Trusted Appliance Pros Team,,Fast In-Home Diagnostics,,Flexible Arrival Windows,,Book Sub-Zero service in under a minute and choose a convenient Bay Area arrival window.,,"Our technician diagnoses first, explains options clearly, and repairs only with approval.",,"We fix cooling, ice, leak, door, and freezer issues across Bay Area homes.",,Call now or book online for same-day or next-day Sub-Zero service.,,sub-zero,fridge-not-cool,https://appliancepros.netlify.app/subzero/,,,,,Enabled,Enabled,Enabled,,,Primary trust-focused RSA
SZ_Search_BayArea_Full_v2,Fridge Not Cooling,Responsive search ad,fullv2_urgency_test,Sub-Zero Not Cooling Repair,,Need Help Today? Book Now,,Emergency Slots Open Now,,Technician Arrives Same Day,,Book Service In 60 Seconds,,Local Sub-Zero Technicians,,Same-Day Slots Available,,Clear Quote After Diagnosis,,Warranty On Completed Repair,,Bay Area Home Visits,,Call Or Book Online,,No Repair Without Approval,,Trusted Appliance Pros Team,,Fast In-Home Diagnostics,,Flexible Arrival Windows,,Need fast help? Request same-day Sub-Zero service and get a confirmed arrival window.,,"Local tech visits fast, diagnoses quickly, and starts repair after your approval.",,"Urgent refrigerator, freezer, ice maker, and leak issues handled across Bay Area.",,Book online in 60 seconds or call now to secure the next open slot.,,sub-zero,fridge-not-cool,https://appliancepros.netlify.app/subzero/,,,,,Enabled,Enabled,Enabled,,,Urgency angle RSA test
SZ_Search_BayArea_Full_v2,Fridge Not Cooling,Responsive search ad,fullv2_price_test,Sub-Zero Not Cooling Repair,,"Upfront Pricing, No Surprises",,Diagnosis Before Any Repair,,Approve Repair Before Work,,Book Service In 60 Seconds,,Local Sub-Zero Technicians,,Same-Day Slots Available,,Clear Quote After Diagnosis,,Warranty On Completed Repair,,Bay Area Home Visits,,Call Or Book Online,,No Repair Without Approval,,Trusted Appliance Pros Team,,Fast In-Home Diagnostics,,Flexible Arrival Windows,,"Transparent process: diagnosis first, clear quote second, repair only with approval.",,No hidden charges. You get upfront pricing and warranty on completed repair work.,,Compare options after diagnosis and choose what fits your budget and urgency.,,Schedule Sub-Zero service today and get a clear quote before any repair begins.,,sub-zero,fridge-not-cool,https://appliancepros.netlify.app/subzero/,,,,,Enabled,Enabled,Enabled,,,Price clarity RSA test
SZ_Search_BayArea_Full_v2,Fridge Warm Freezer Cold,Responsive search ad,fullv2_primary,"Fridge Warm, Freezer Cold?",,Reliable Local Repair Team,,Experienced Fridge Specialists,,Sub-Zero Service You Trust,,Book Service In 60 Seconds,,Local Sub-Zero Technicians,,Same-Day Slots Available,,Clear Quote After Diagnosis,,Warranty On Completed Repair,,Bay Area Home Visits,,Call Or Book Online,,No Repair Without Approval,,Trusted Appliance Pros Team,,Fast In-Home Diagnostics,,Flexible Arrival Windows,,Book Sub-Zero service in under a minute and choose a convenient Bay Area arrival window.,,"Our technician diagnoses first, explains options clearly, and repairs only with approval.",,"We fix cooling, ice, leak, door, and freezer issues across Bay Area homes.",,Call now or book online for same-day or next-day Sub-Zero service.,,sub-zero,fridge-warm-fre,https://appliancepros.netlify.app/subzero/,,,,,Enabled,Enabled,Enabled,,,Primary trust-focused RSA
SZ_Search_BayArea_Full_v2,Fridge Warm Freezer Cold,Responsive search ad,fullv2_urgency_test,"Fridge Warm, Freezer Cold?",,Need Help Today? Book Now,,Emergency Slots Open Now,,Technician Arrives Same Day,,Book Service In 60 Seconds,,Local Sub-Zero Technicians,,Same-Day Slots Available,,Clear Quote After Diagnosis,,Warranty On Completed Repair,,Bay Area Home Visits,,Call Or Book Online,,No Repair Without Approval,,Trusted Appliance Pros Team,,Fast In-Home Diagnostics,,Flexible Arrival Windows,,Need fast help? Request same-day Sub-Zero service and get a confirmed arrival window.,,"Local tech visits fast, diagnoses quickly, and starts repair after your approval.",,"Urgent refrigerator, freezer, ice maker, and leak issues handled across Bay Area.",,Book online in 60 seconds or call now to secure the next open slot.,,sub-zero,fridge-warm-fre,https://appliancepros.netlify.app/subzero/,,,,,Enabled,Enabled,Enabled,,,Urgency angle RSA test
SZ_Search_BayArea_Full_v2,Fridge Warm Freezer Cold,Responsive search ad,fullv2_price_test,"Fridge Warm, Freezer Cold?",,"Upfront Pricing, No Surprises",,Diagnosis Before Any Repair,,Approve Repair Before Work,,Book Service In 60 Seconds,,Local Sub-Zero Technicians,,Same-Day Slots Available,,Clear Quote After Diagnosis,,Warranty On Completed Repair,,Bay Area Home Visits,,Call Or Book Online,,No Repair Without Approval,,Trusted Appliance Pros Team,,Fast In-Home Diagnostics,,Flexible Arrival Windows,,"Transparent process: diagnosis first, clear quote second, repair only with approval.",,No hidden charges. You get upfront pricing and warranty on completed repair work.,,Compare options after diagnosis and choose what fits your budget and urgency.,,Schedule Sub-Zero service today and get a clear quote before any repair begins.,,sub-zero,fridge-warm-fre,https://appliancepros.netlify.app/subzero/,,,,,Enabled,Enabled,Enabled,,,Price clarity RSA test
SZ_Search_BayArea_Full_v2,Geo Alameda Repair,Responsive search ad,fullv2_primary,Sub-Zero Repair Alameda,,Reliable Local Repair Team,,Experienced Fridge Specialists,,Sub-Zero Service You Trust,,Book Service In 60 Seconds,,Local Sub-Zero Technicians,,Same-Day Slots Available,,Clear Quote After Diagnosis,,Warranty On Completed Repair,,Bay Area Home Visits,,Call Or Book Online,,No Repair Without Approval,,Trusted Appliance Pros Team,,Fast In-Home Diagnostics,,Flexible Arrival Windows,,Book Sub-Zero service in under a minute and choose a convenient Bay Area arrival window.,,"Our technician diagnoses first, explains options clearly, and repairs only with approval.",,"We fix cooling, ice, leak, door, and freezer issues across Bay Area homes.",,Call now or book online for same-day or next-day Sub-Zero service.,,sub-zero,geo-alameda-rep,https://appliancepros.netlify.app/subzero/,,,,,Enabled,Enabled,Enabled,,,Primary trust-focused RSA
SZ_Search_BayArea_Full_v2,Geo Alameda Repair,Responsive search ad,fullv2_urgency_test,Sub-Zero Repair Alameda,,Need Help Today? Book Now,,Emergency Slots Open Now,,Technician Arrives Same Day,,Book Service In 60 Seconds,,Local Sub-Zero Technicians,,Same-Day Slots Available,,Clear Quote After Diagnosis,,Warranty On Completed Repair,,Bay Area Home Visits,,Call Or Book Online,,No Repair Without Approval,,Trusted Appliance Pros Team,,Fast In-Home Diagnostics,,Flexible Arrival Windows,,Need fast help? Request same-day Sub-Zero service and get a confirmed arrival window.,,"Local tech visits fast, diagnoses quickly, and starts repair after your approval.",,"Urgent refrigerator, freezer, ice maker, and leak issues handled across Bay Area.",,Book online in 60 seconds or call now to secure the next open slot.,,sub-zero,geo-alameda-rep,https://appliancepros.netlify.app/subzero/,,,,,Enabled,Enabled,Enabled,,,Urgency angle RSA test
SZ_Search_BayArea_Full_v2,Geo Alameda Repair,Responsive search ad,fullv2_price_test,Sub-Zero Repair Alameda,,"Upfront Pricing, No Surprises",,Diagnosis Before Any Repair,,Approve Repair Before Work,,Book Service In 60 Seconds,,Local Sub-Zero Technicians,,Same-Day Slots Available,,Clear Quote After Diagnosis,,Warranty On Completed Repair,,Bay Area Home Visits,,Call Or Book Online,,No Repair Without Approval,,Trusted Appliance Pros Team,,Fast In-Home Diagnostics,,Flexible Arrival Windows,,"Transparent process: diagnosis first, clear quote second, repair only with approval.",,No hidden charges. You get upfront pricing and warranty on completed repair work.,,Compare options after diagnosis and choose what fits your budget and urgency.,,Schedule Sub-Zero service today and get a clear quote before any repair begins.,,sub-zero,geo-alameda-rep,https://appliancepros.netlify.app/subzero/,,,,,Enabled,Enabled,Enabled,,,Price clarity RSA test
SZ_Search_BayArea_Full_v2,Geo Belmont Repair,Responsive search ad,fullv2_primary,Sub-Zero Repair Belmont,,Reliable Local Repair Team,,Experienced Fridge Specialists,,Sub-Zero Service You Trust,,Book Service In 60 Seconds,,Local Sub-Zero Technicians,,Same-Day Slots Available,,Clear Quote After Diagnosis,,Warranty On Completed Repair,,Bay Area Home Visits,,Call Or Book Online,,No Repair Without Approval,,Trusted Appliance Pros Team,,Fast In-Home Diagnostics,,Flexible Arrival Windows,,Book Sub-Zero service in under a minute and choose a convenient Bay Area arrival window.,,"Our technician diagnoses first, explains options clearly, and repairs only with approval.",,"We fix cooling, ice, leak, door, and freezer issues across Bay Area homes.",,Call now or book online for same-day or next-day Sub-Zero service.,,sub-zero,geo-belmont-rep,https://appliancepros.netlify.app/subzero/,,,,,Enabled,Enabled,Enabled,,,Primary trust-focused RSA
SZ_Search_BayArea_Full_v2,Geo Belmont Repair,Responsive search ad,fullv2_urgency_test,Sub-Zero Repair Belmont,,Need Help Today? Book Now,,Emergency Slots Open Now,,Technician Arrives Same Day,,Book Service In 60 Seconds,,Local Sub-Zero Technicians,,Same-Day Slots Available,,Clear Quote After Diagnosis,,Warranty On Completed Repair,,Bay Area Home Visits,,Call Or Book Online,,No Repair Without Approval,,Trusted Appliance Pros Team,,Fast In-Home Diagnostics,,Flexible Arrival Windows,,Need fast help? Request same-day Sub-Zero service and get a confirmed arrival window.,,"Local tech visits fast, diagnoses quickly, and starts repair after your approval.",,"Urgent refrigerator, freezer, ice maker, and leak issues handled across Bay Area.",,Book online in 60 seconds or call now to secure the next open slot.,,sub-zero,geo-belmont-rep,https://appliancepros.netlify.app/subzero/,,,,,Enabled,Enabled,Enabled,,,Urgency angle RSA test
SZ_Search_BayArea_Full_v2,Geo Belmont Repair,Responsive search ad,fullv2_price_test,Sub-Zero Repair Belmont,,"Upfront Pricing, No Surprises",,Diagnosis Before Any Repair,,Approve Repair Before Work,,Book Service In 60 Seconds,,Local Sub-Zero Technicians,,Same-Day Slots Available,,Clear Quote After Diagnosis,,Warranty On Completed Repair,,Bay Area Home Visits,,Call Or Book Online,,No Repair Without Approval,,Trusted Appliance Pros Team,,Fast In-Home Diagnostics,,Flexible Arrival Windows,,"Transparent process: diagnosis first, clear quote second, repair only with approval.",,No hidden charges. You get upfront pricing and warranty on completed repair work.,,Compare options after diagnosis and choose what fits your budget and urgency.,,Schedule Sub-Zero service today and get a clear quote before any repair begins.,,sub-zero,geo-belmont-rep,https://appliancepros.netlify.app/subzero/,,,,,Enabled,Enabled,Enabled,,,Price clarity RSA test
SZ_Search_BayArea_Full_v2,Geo Berkeley Repair,Responsive search ad,fullv2_primary,Sub-Zero Repair Berkeley,,Reliable Local Repair Team,,Experienced Fridge Specialists,,Sub-Zero Service You Trust,,Book Service In 60 Seconds,,Local Sub-Zero Technicians,,Same-Day Slots Available,,Clear Quote After Diagnosis,,Warranty On Completed Repair,,Bay Area Home Visits,,Call Or Book Online,,No Repair Without Approval,,Trusted Appliance Pros Team,,Fast In-Home Diagnostics,,Flexible Arrival Windows,,Book Sub-Zero service in under a minute and choose a convenient Bay Area arrival window.,,"Our technician diagnoses first, explains options clearly, and repairs only with approval.",,"We fix cooling, ice, leak, door, and freezer issues across Bay Area homes.",,Call now or book online for same-day or next-day Sub-Zero service.,,sub-zero,geo-berkeley-re,https://appliancepros.netlify.app/subzero/,,,,,Enabled,Enabled,Enabled,,,Primary trust-focused RSA
SZ_Search_BayArea_Full_v2,Geo Berkeley Repair,Responsive search ad,fullv2_urgency_test,Sub-Zero Repair Berkeley,,Need Help Today? Book Now,,Emergency Slots Open Now,,Technician Arrives Same Day,,Book Service In 60 Seconds,,Local Sub-Zero Technicians,,Same-Day Slots Available,,Clear Quote After Diagnosis,,Warranty On Completed Repair,,Bay Area Home Visits,,Call Or Book Online,,No Repair Without Approval,,Trusted Appliance Pros Team,,Fast In-Home Diagnostics,,Flexible Arrival Windows,,Need fast help? Request same-day Sub-Zero service and get a confirmed arrival window.,,"Local tech visits fast, diagnoses quickly, and starts repair after your approval.",,"Urgent refrigerator, freezer, ice maker, and leak issues handled across Bay Area.",,Book online in 60 seconds or call now to secure the next open slot.,,sub-zero,geo-berkeley-re,https://appliancepros.netlify.app/subzero/,,,,,Enabled,Enabled,Enabled,,,Urgency angle RSA test
SZ_Search_BayArea_Full_v2,Geo Berkeley Repair,Responsive search ad,fullv2_price_test,Sub-Zero Repair Berkeley,,"Upfront Pricing, No Surprises",,Diagnosis Before Any Repair,,Approve Repair Before Work,,Book Service In 60 Seconds,,Local Sub-Zero Technicians,,Same-Day Slots Available,,Clear Quote After Diagnosis,,Warranty On Completed Repair,,Bay Area Home Visits,,Call Or Book Online,,No Repair Without Approval,,Trusted Appliance Pros Team,,Fast In-Home Diagnostics,,Flexible Arrival Windows,,"Transparent process: diagnosis first, clear quote second, repair only with approval.",,No hidden charges. You get upfront pricing and warranty on completed repair work.,,Compare options after diagnosis and choose what fits your budget and urgency.,,Schedule Sub-Zero service today and get a clear quote before any repair begins.,,sub-zero,geo-berkeley-re,https://appliancepros.netlify.app/subzero/,,,,,Enabled,Enabled,Enabled,,,Price clarity RSA test
SZ_Search_BayArea_Full_v2,Geo Burlingame Repair,Responsive search ad,fullv2_primary,Sub-Zero Repair Burlingame,,Reliable Local Repair Team,,Experienced Fridge Specialists,,Sub-Zero Service You Trust,,Book Service In 60 Seconds,,Local Sub-Zero Technicians,,Same-Day Slots Available,,Clear Quote After Diagnosis,,Warranty On Completed Repair,,Bay Area Home Visits,,Call Or Book Online,,No Repair Without Approval,,Trusted Appliance Pros Team,,Fast In-Home Diagnostics,,Flexible Arrival Windows,,Book Sub-Zero service in under a minute and choose a convenient Bay Area arrival window.,,"Our technician diagnoses first, explains options clearly, and repairs only with approval.",,"We fix cooling, ice, leak, door, and freezer issues across Bay Area homes.",,Call now or book online for same-day or next-day Sub-Zero service.,,sub-zero,geo-burlingame-,https://appliancepros.netlify.app/subzero/,,,,,Enabled,Enabled,Enabled,,,Primary trust-focused RSA
SZ_Search_BayArea_Full_v2,Geo Burlingame Repair,Responsive search ad,fullv2_urgency_test,Sub-Zero Repair Burlingame,,Need Help Today? Book Now,,Emergency Slots Open Now,,Technician Arrives Same Day,,Book Service In 60 Seconds,,Local Sub-Zero Technicians,,Same-Day Slots Available,,Clear Quote After Diagnosis,,Warranty On Completed Repair,,Bay Area Home Visits,,Call Or Book Online,,No Repair Without Approval,,Trusted Appliance Pros Team,,Fast In-Home Diagnostics,,Flexible Arrival Windows,,Need fast help? Request same-day Sub-Zero service and get a confirmed arrival window.,,"Local tech visits fast, diagnoses quickly, and starts repair after your approval.",,"Urgent refrigerator, freezer, ice maker, and leak issues handled across Bay Area.",,Book online in 60 seconds or call now to secure the next open slot.,,sub-zero,geo-burlingame-,https://appliancepros.netlify.app/subzero/,,,,,Enabled,Enabled,Enabled,,,Urgency angle RSA test
SZ_Search_BayArea_Full_v2,Geo Burlingame Repair,Responsive search ad,fullv2_price_test,Sub-Zero Repair Burlingame,,"Upfront Pricing, No Surprises",,Diagnosis Before Any Repair,,Approve Repair Before Work,,Book Service In 60 Seconds,,Local Sub-Zero Technicians,,Same-Day Slots Available,,Clear Quote After Diagnosis,,Warranty On Completed Repair,,Bay Area Home Visits,,Call Or Book Online,,No Repair Without Approval,,Trusted Appliance Pros Team,,Fast In-Home Diagnostics,,Flexible Arrival Windows,,"Transparent process: diagnosis first, clear quote second, repair only with approval.",,No hidden charges. You get upfront pricing and warranty on completed repair work.,,Compare options after diagnosis and choose what fits your budget and urgency.,,Schedule Sub-Zero service today and get a clear quote before any repair begins.,,sub-zero,geo-burlingame-,https://appliancepros.netlify.app/subzero/,,,,,Enabled,Enabled,Enabled,,,Price clarity RSA test
SZ_Search_BayArea_Full_v2,Geo Campbell Repair,Responsive search ad,fullv2_primary,Sub-Zero Repair Campbell,,Reliable Local Repair Team,,Experienced Fridge Specialists,,Sub-Zero Service You Trust,,Book Service In 60 Seconds,,Local Sub-Zero Technicians,,Same-Day Slots Available,,Clear Quote After Diagnosis,,Warranty On Completed Repair,,Bay Area Home Visits,,Call Or Book Online,,No Repair Without Approval,,Trusted Appliance Pros Team,,Fast In-Home Diagnostics,,Flexible Arrival Windows,,Book Sub-Zero service in under a minute and choose a convenient Bay Area arrival window.,,"Our technician diagnoses first, explains options clearly, and repairs only with approval.",,"We fix cooling, ice, leak, door, and freezer issues across Bay Area homes.",,Call now or book online for same-day or next-day Sub-Zero service.,,sub-zero,geo-campbell-re,https://appliancepros.netlify.app/subzero/,,,,,Enabled,Enabled,Enabled,,,Primary trust-focused RSA
SZ_Search_BayArea_Full_v2,Geo Campbell Repair,Responsive search ad,fullv2_urgency_test,Sub-Zero Repair Campbell,,Need Help Today? Book Now,,Emergency Slots Open Now,,Technician Arrives Same Day,,Book Service In 60 Seconds,,Local Sub-Zero Technicians,,Same-Day Slots Available,,Clear Quote After Diagnosis,,Warranty On Completed Repair,,Bay Area Home Visits,,Call Or Book Online,,No Repair Without Approval,,Trusted Appliance Pros Team,,Fast In-Home Diagnostics,,Flexible Arrival Windows,,Need fast help? Request same-day Sub-Zero service and get a confirmed arrival window.,,"Local tech visits fast, diagnoses quickly, and starts repair after your approval.",,"Urgent refrigerator, freezer, ice maker, and leak issues handled across Bay Area.",,Book online in 60 seconds or call now to secure the next open slot.,,sub-zero,geo-campbell-re,https://appliancepros.netlify.app/subzero/,,,,,Enabled,Enabled,Enabled,,,Urgency angle RSA test
SZ_Search_BayArea_Full_v2,Geo Campbell Repair,Responsive search ad,fullv2_price_test,Sub-Zero Repair Campbell,,"Upfront Pricing, No Surprises",,Diagnosis Before Any Repair,,Approve Repair Before Work,,Book Service In 60 Seconds,,Local Sub-Zero Technicians,,Same-Day Slots Available,,Clear Quote After Diagnosis,,Warranty On Completed Repair,,Bay Area Home Visits,,Call Or Book Online,,No Repair Without Approval,,Trusted Appliance Pros Team,,Fast In-Home Diagnostics,,Flexible Arrival Windows,,"Transparent process: diagnosis first, clear quote second, repair only with approval.",,No hidden charges. You get upfront pricing and warranty on completed repair work.,,Compare options after diagnosis and choose what fits your budget and urgency.,,Schedule Sub-Zero service today and get a clear quote before any repair begins.,,sub-zero,geo-campbell-re,https://appliancepros.netlify.app/subzero/,,,,,Enabled,Enabled,Enabled,,,Price clarity RSA test
SZ_Search_BayArea_Full_v2,Geo CastroValley Rep,Responsive search ad,fullv2_primary,Sub-Zero Repair CastroValley R,,Reliable Local Repair Team,,Experienced Fridge Specialists,,Sub-Zero Service You Trust,,Book Service In 60 Seconds,,Local Sub-Zero Technicians,,Same-Day Slots Available,,Clear Quote After Diagnosis,,Warranty On Completed Repair,,Bay Area Home Visits,,Call Or Book Online,,No Repair Without Approval,,Trusted Appliance Pros Team,,Fast In-Home Diagnostics,,Flexible Arrival Windows,,Book Sub-Zero service in under a minute and choose a convenient Bay Area arrival window.,,"Our technician diagnoses first, explains options clearly, and repairs only with approval.",,"We fix cooling, ice, leak, door, and freezer issues across Bay Area homes.",,Call now or book online for same-day or next-day Sub-Zero service.,,sub-zero,geo-castrovalle,https://appliancepros.netlify.app/subzero/,,,,,Enabled,Enabled,Enabled,,,Primary trust-focused RSA
SZ_Search_BayArea_Full_v2,Geo CastroValley Rep,Responsive search ad,fullv2_urgency_test,Sub-Zero Repair CastroValley R,,Need Help Today? Book Now,,Emergency Slots Open Now,,Technician Arrives Same Day,,Book Service In 60 Seconds,,Local Sub-Zero Technicians,,Same-Day Slots Available,,Clear Quote After Diagnosis,,Warranty On Completed Repair,,Bay Area Home Visits,,Call Or Book Online,,No Repair Without Approval,,Trusted Appliance Pros Team,,Fast In-Home Diagnostics,,Flexible Arrival Windows,,Need fast help? Request same-day Sub-Zero service and get a confirmed arrival window.,,"Local tech visits fast, diagnoses quickly, and starts repair after your approval.",,"Urgent refrigerator, freezer, ice maker, and leak issues handled across Bay Area.",,Book online in 60 seconds or call now to secure the next open slot.,,sub-zero,geo-castrovalle,https://appliancepros.netlify.app/subzero/,,,,,Enabled,Enabled,Enabled,,,Urgency angle RSA test
SZ_Search_BayArea_Full_v2,Geo CastroValley Rep,Responsive search ad,fullv2_price_test,Sub-Zero Repair CastroValley R,,"Upfront Pricing, No Surprises",,Diagnosis Before Any Repair,,Approve Repair Before Work,,Book Service In 60 Seconds,,Local Sub-Zero Technicians,,Same-Day Slots Available,,Clear Quote After Diagnosis,,Warranty On Completed Repair,,Bay Area Home Visits,,Call Or Book Online,,No Repair Without Approval,,Trusted Appliance Pros Team,,Fast In-Home Diagnostics,,Flexible Arrival Windows,,"Transparent process: diagnosis first, clear quote second, repair only with approval.",,No hidden charges. You get upfront pricing and warranty on completed repair work.,,Compare options after diagnosis and choose what fits your budget and urgency.,,Schedule Sub-Zero service today and get a clear quote before any repair begins.,,sub-zero,geo-castrovalle,https://appliancepros.netlify.app/subzero/,,,,,Enabled,Enabled,Enabled,,,Price clarity RSA test
SZ_Search_BayArea_Full_v2,Geo Concord Repair,Responsive search ad,fullv2_primary,Sub-Zero Repair Concord,,Reliable Local Repair Team,,Experienced Fridge Specialists,,Sub-Zero Service You Trust,,Book Service In 60 Seconds,,Local Sub-Zero Technicians,,Same-Day Slots Available,,Clear Quote After Diagnosis,,Warranty On Completed Repair,,Bay Area Home Visits,,Call Or Book Online,,No Repair Without Approval,,Trusted Appliance Pros Team,,Fast In-Home Diagnostics,,Flexible Arrival Windows,,Book Sub-Zero service in under a minute and choose a convenient Bay Area arrival window.,,"Our technician diagnoses first, explains options clearly, and repairs only with approval.",,"We fix cooling, ice, leak, door, and freezer issues across Bay Area homes.",,Call now or book online for same-day or next-day Sub-Zero service.,,sub-zero,geo-concord-rep,https://appliancepros.netlify.app/subzero/,,,,,Enabled,Enabled,Enabled,,,Primary trust-focused RSA
SZ_Search_BayArea_Full_v2,Geo Concord Repair,Responsive search ad,fullv2_urgency_test,Sub-Zero Repair Concord,,Need Help Today? Book Now,,Emergency Slots Open Now,,Technician Arrives Same Day,,Book Service In 60 Seconds,,Local Sub-Zero Technicians,,Same-Day Slots Available,,Clear Quote After Diagnosis,,Warranty On Completed Repair,,Bay Area Home Visits,,Call Or Book Online,,No Repair Without Approval,,Trusted Appliance Pros Team,,Fast In-Home Diagnostics,,Flexible Arrival Windows,,Need fast help? Request same-day Sub-Zero service and get a confirmed arrival window.,,"Local tech visits fast, diagnoses quickly, and starts repair after your approval.",,"Urgent refrigerator, freezer, ice maker, and leak issues handled across Bay Area.",,Book online in 60 seconds or call now to secure the next open slot.,,sub-zero,geo-concord-rep,https://appliancepros.netlify.app/subzero/,,,,,Enabled,Enabled,Enabled,,,Urgency angle RSA test
SZ_Search_BayArea_Full_v2,Geo Concord Repair,Responsive search ad,fullv2_price_test,Sub-Zero Repair Concord,,"Upfront Pricing, No Surprises",,Diagnosis Before Any Repair,,Approve Repair Before Work,,Book Service In 60 Seconds,,Local Sub-Zero Technicians,,Same-Day Slots Available,,Clear Quote After Diagnosis,,Warranty On Completed Repair,,Bay Area Home Visits,,Call Or Book Online,,No Repair Without Approval,,Trusted Appliance Pros Team,,Fast In-Home Diagnostics,,Flexible Arrival Windows,,"Transparent process: diagnosis first, clear quote second, repair only with approval.",,No hidden charges. You get upfront pricing and warranty on completed repair work.,,Compare options after diagnosis and choose what fits your budget and urgency.,,Schedule Sub-Zero service today and get a clear quote before any repair begins.,,sub-zero,geo-concord-rep,https://appliancepros.netlify.app/subzero/,,,,,Enabled,Enabled,Enabled,,,Price clarity RSA test
SZ_Search_BayArea_Full_v2,Geo Cupertino Repair,Responsive search ad,fullv2_primary,Sub-Zero Repair Cupertino,,Reliable Local Repair Team,,Experienced Fridge Specialists,,Sub-Zero Service You Trust,,Book Service In 60 Seconds,,Local Sub-Zero Technicians,,Same-Day Slots Available,,Clear Quote After Diagnosis,,Warranty On Completed Repair,,Bay Area Home Visits,,Call Or Book Online,,No Repair Without Approval,,Trusted Appliance Pros Team,,Fast In-Home Diagnostics,,Flexible Arrival Windows,,Book Sub-Zero service in under a minute and choose a convenient Bay Area arrival window.,,"Our technician diagnoses first, explains options clearly, and repairs only with approval.",,"We fix cooling, ice, leak, door, and freezer issues across Bay Area homes.",,Call now or book online for same-day or next-day Sub-Zero service.,,sub-zero,geo-cupertino-r,https://appliancepros.netlify.app/subzero/,,,,,Enabled,Enabled,Enabled,,,Primary trust-focused RSA
SZ_Search_BayArea_Full_v2,Geo Cupertino Repair,Responsive search ad,fullv2_urgency_test,Sub-Zero Repair Cupertino,,Need Help Today? Book Now,,Emergency Slots Open Now,,Technician Arrives Same Day,,Book Service In 60 Seconds,,Local Sub-Zero Technicians,,Same-Day Slots Available,,Clear Quote After Diagnosis,,Warranty On Completed Repair,,Bay Area Home Visits,,Call Or Book Online,,No Repair Without Approval,,Trusted Appliance Pros Team,,Fast In-Home Diagnostics,,Flexible Arrival Windows,,Need fast help? Request same-day Sub-Zero service and get a confirmed arrival window.,,"Local tech visits fast, diagnoses quickly, and starts repair after your approval.",,"Urgent refrigerator, freezer, ice maker, and leak issues handled across Bay Area.",,Book online in 60 seconds or call now to secure the next open slot.,,sub-zero,geo-cupertino-r,https://appliancepros.netlify.app/subzero/,,,,,Enabled,Enabled,Enabled,,,Urgency angle RSA test
SZ_Search_BayArea_Full_v2,Geo Cupertino Repair,Responsive search ad,fullv2_price_test,Sub-Zero Repair Cupertino,,"Upfront Pricing, No Surprises",,Diagnosis Before Any Repair,,Approve Repair Before Work,,Book Service In 60 Seconds,,Local Sub-Zero Technicians,,Same-Day Slots Available,,Clear Quote After Diagnosis,,Warranty On Completed Repair,,Bay Area Home Visits,,Call Or Book Online,,No Repair Without Approval,,Trusted Appliance Pros Team,,Fast In-Home Diagnostics,,Flexible Arrival Windows,,"Transparent process: diagnosis first, clear quote second, repair only with approval.",,No hidden charges. You get upfront pricing and warranty on completed repair work.,,Compare options after diagnosis and choose what fits your budget and urgency.,,Schedule Sub-Zero service today and get a clear quote before any repair begins.,,sub-zero,geo-cupertino-r,https://appliancepros.netlify.app/subzero/,,,,,Enabled,Enabled,Enabled,,,Price clarity RSA test
SZ_Search_BayArea_Full_v2,Geo DalyCity Repair,Responsive search ad,fullv2_primary,Sub-Zero Repair DalyCity,,Reliable Local Repair Team,,Experienced Fridge Specialists,,Sub-Zero Service You Trust,,Book Service In 60 Seconds,,Local Sub-Zero Technicians,,Same-Day Slots Available,,Clear Quote After Diagnosis,,Warranty On Completed Repair,,Bay Area Home Visits,,Call Or Book Online,,No Repair Without Approval,,Trusted Appliance Pros Team,,Fast In-Home Diagnostics,,Flexible Arrival Windows,,Book Sub-Zero service in under a minute and choose a convenient Bay Area arrival window.,,"Our technician diagnoses first, explains options clearly, and repairs only with approval.",,"We fix cooling, ice, leak, door, and freezer issues across Bay Area homes.",,Call now or book online for same-day or next-day Sub-Zero service.,,sub-zero,geo-dalycity-re,https://appliancepros.netlify.app/subzero/,,,,,Enabled,Enabled,Enabled,,,Primary trust-focused RSA
SZ_Search_BayArea_Full_v2,Geo DalyCity Repair,Responsive search ad,fullv2_urgency_test,Sub-Zero Repair DalyCity,,Need Help Today? Book Now,,Emergency Slots Open Now,,Technician Arrives Same Day,,Book Service In 60 Seconds,,Local Sub-Zero Technicians,,Same-Day Slots Available,,Clear Quote After Diagnosis,,Warranty On Completed Repair,,Bay Area Home Visits,,Call Or Book Online,,No Repair Without Approval,,Trusted Appliance Pros Team,,Fast In-Home Diagnostics,,Flexible Arrival Windows,,Need fast help? Request same-day Sub-Zero service and get a confirmed arrival window.,,"Local tech visits fast, diagnoses quickly, and starts repair after your approval.",,"Urgent refrigerator, freezer, ice maker, and leak issues handled across Bay Area.",,Book online in 60 seconds or call now to secure the next open slot.,,sub-zero,geo-dalycity-re,https://appliancepros.netlify.app/subzero/,,,,,Enabled,Enabled,Enabled,,,Urgency angle RSA test
SZ_Search_BayArea_Full_v2,Geo DalyCity Repair,Responsive search ad,fullv2_price_test,Sub-Zero Repair DalyCity,,"Upfront Pricing, No Surprises",,Diagnosis Before Any Repair,,Approve Repair Before Work,,Book Service In 60 Seconds,,Local Sub-Zero Technicians,,Same-Day Slots Available,,Clear Quote After Diagnosis,,Warranty On Completed Repair,,Bay Area Home Visits,,Call Or Book Online,,No Repair Without Approval,,Trusted Appliance Pros Team,,Fast In-Home Diagnostics,,Flexible Arrival Windows,,"Transparent process: diagnosis first, clear quote second, repair only with approval.",,No hidden charges. You get upfront pricing and warranty on completed repair work.,,Compare options after diagnosis and choose what fits your budget and urgency.,,Schedule Sub-Zero service today and get a clear quote before any repair begins.,,sub-zero,geo-dalycity-re,https://appliancepros.netlify.app/subzero/,,,,,Enabled,Enabled,Enabled,,,Price clarity RSA test
SZ_Search_BayArea_Full_v2,Geo Emeryville Repair,Responsive search ad,fullv2_primary,Sub-Zero Repair Emeryville,,Reliable Local Repair Team,,Experienced Fridge Specialists,,Sub-Zero Service You Trust,,Book Service In 60 Seconds,,Local Sub-Zero Technicians,,Same-Day Slots Available,,Clear Quote After Diagnosis,,Warranty On Completed Repair,,Bay Area Home Visits,,Call Or Book Online,,No Repair Without Approval,,Trusted Appliance Pros Team,,Fast In-Home Diagnostics,,Flexible Arrival Windows,,Book Sub-Zero service in under a minute and choose a convenient Bay Area arrival window.,,"Our technician diagnoses first, explains options clearly, and repairs only with approval.",,"We fix cooling, ice, leak, door, and freezer issues across Bay Area homes.",,Call now or book online for same-day or next-day Sub-Zero service.,,sub-zero,geo-emeryville-,https://appliancepros.netlify.app/subzero/,,,,,Enabled,Enabled,Enabled,,,Primary trust-focused RSA
SZ_Search_BayArea_Full_v2,Geo Emeryville Repair,Responsive search ad,fullv2_urgency_test,Sub-Zero Repair Emeryville,,Need Help Today? Book Now,,Emergency Slots Open Now,,Technician Arrives Same Day,,Book Service In 60 Seconds,,Local Sub-Zero Technicians,,Same-Day Slots Available,,Clear Quote After Diagnosis,,Warranty On Completed Repair,,Bay Area Home Visits,,Call Or Book Online,,No Repair Without Approval,,Trusted Appliance Pros Team,,Fast In-Home Diagnostics,,Flexible Arrival Windows,,Need fast help? Request same-day Sub-Zero service and get a confirmed arrival window.,,"Local tech visits fast, diagnoses quickly, and starts repair after your approval.",,"Urgent refrigerator, freezer, ice maker, and leak issues handled across Bay Area.",,Book online in 60 seconds or call now to secure the next open slot.,,sub-zero,geo-emeryville-,https://appliancepros.netlify.app/subzero/,,,,,Enabled,Enabled,Enabled,,,Urgency angle RSA test
SZ_Search_BayArea_Full_v2,Geo Emeryville Repair,Responsive search ad,fullv2_price_test,Sub-Zero Repair Emeryville,,"Upfront Pricing, No Surprises",,Diagnosis Before Any Repair,,Approve Repair Before Work,,Book Service In 60 Seconds,,Local Sub-Zero Technicians,,Same-Day Slots Available,,Clear Quote After Diagnosis,,Warranty On Completed Repair,,Bay Area Home Visits,,Call Or Book Online,,No Repair Without Approval,,Trusted Appliance Pros Team,,Fast In-Home Diagnostics,,Flexible Arrival Windows,,"Transparent process: diagnosis first, clear quote second, repair only with approval.",,No hidden charges. You get upfront pricing and warranty on completed repair work.,,Compare options after diagnosis and choose what fits your budget and urgency.,,Schedule Sub-Zero service today and get a clear quote before any repair begins.,,sub-zero,geo-emeryville-,https://appliancepros.netlify.app/subzero/,,,,,Enabled,Enabled,Enabled,,,Price clarity RSA test
SZ_Search_BayArea_Full_v2,Geo FosterCity Repair,Responsive search ad,fullv2_primary,Sub-Zero Repair FosterCity,,Reliable Local Repair Team,,Experienced Fridge Specialists,,Sub-Zero Service You Trust,,Book Service In 60 Seconds,,Local Sub-Zero Technicians,,Same-Day Slots Available,,Clear Quote After Diagnosis,,Warranty On Completed Repair,,Bay Area Home Visits,,Call Or Book Online,,No Repair Without Approval,,Trusted Appliance Pros Team,,Fast In-Home Diagnostics,,Flexible Arrival Windows,,Book Sub-Zero service in under a minute and choose a convenient Bay Area arrival window.,,"Our technician diagnoses first, explains options clearly, and repairs only with approval.",,"We fix cooling, ice, leak, door, and freezer issues across Bay Area homes.",,Call now or book online for same-day or next-day Sub-Zero service.,,sub-zero,geo-fostercity-,https://appliancepros.netlify.app/subzero/,,,,,Enabled,Enabled,Enabled,,,Primary trust-focused RSA
SZ_Search_BayArea_Full_v2,Geo FosterCity Repair,Responsive search ad,fullv2_urgency_test,Sub-Zero Repair FosterCity,,Need Help Today? Book Now,,Emergency Slots Open Now,,Technician Arrives Same Day,,Book Service In 60 Seconds,,Local Sub-Zero Technicians,,Same-Day Slots Available,,Clear Quote After Diagnosis,,Warranty On Completed Repair,,Bay Area Home Visits,,Call Or Book Online,,No Repair Without Approval,,Trusted Appliance Pros Team,,Fast In-Home Diagnostics,,Flexible Arrival Windows,,Need fast help? Request same-day Sub-Zero service and get a confirmed arrival window.,,"Local tech visits fast, diagnoses quickly, and starts repair after your approval.",,"Urgent refrigerator, freezer, ice maker, and leak issues handled across Bay Area.",,Book online in 60 seconds or call now to secure the next open slot.,,sub-zero,geo-fostercity-,https://appliancepros.netlify.app/subzero/,,,,,Enabled,Enabled,Enabled,,,Urgency angle RSA test
SZ_Search_BayArea_Full_v2,Geo FosterCity Repair,Responsive search ad,fullv2_price_test,Sub-Zero Repair FosterCity,,"Upfront Pricing, No Surprises",,Diagnosis Before Any Repair,,Approve Repair Before Work,,Book Service In 60 Seconds,,Local Sub-Zero Technicians,,Same-Day Slots Available,,Clear Quote After Diagnosis,,Warranty On Completed Repair,,Bay Area Home Visits,,Call Or Book Online,,No Repair Without Approval,,Trusted Appliance Pros Team,,Fast In-Home Diagnostics,,Flexible Arrival Windows,,"Transparent process: diagnosis first, clear quote second, repair only with approval.",,No hidden charges. You get upfront pricing and warranty on completed repair work.,,Compare options after diagnosis and choose what fits your budget and urgency.,,Schedule Sub-Zero service today and get a clear quote before any repair begins.,,sub-zero,geo-fostercity-,https://appliancepros.netlify.app/subzero/,,,,,Enabled,Enabled,Enabled,,,Price clarity RSA test
SZ_Search_BayArea_Full_v2,Geo Fremont Repair,Responsive search ad,fullv2_primary,Sub-Zero Repair Fremont,,Reliable Local Repair Team,,Experienced Fridge Specialists,,Sub-Zero Service You Trust,,Book Service In 60 Seconds,,Local Sub-Zero Technicians,,Same-Day Slots Available,,Clear Quote After Diagnosis,,Warranty On Completed Repair,,Bay Area Home Visits,,Call Or Book Online,,No Repair Without Approval,,Trusted Appliance Pros Team,,Fast In-Home Diagnostics,,Flexible Arrival Windows,,Book Sub-Zero service in under a minute and choose a convenient Bay Area arrival window.,,"Our technician diagnoses first, explains options clearly, and repairs only with approval.",,"We fix cooling, ice, leak, door, and freezer issues across Bay Area homes.",,Call now or book online for same-day or next-day Sub-Zero service.,,sub-zero,geo-fremont-rep,https://appliancepros.netlify.app/subzero/,,,,,Enabled,Enabled,Enabled,,,Primary trust-focused RSA
SZ_Search_BayArea_Full_v2,Geo Fremont Repair,Responsive search ad,fullv2_urgency_test,Sub-Zero Repair Fremont,,Need Help Today? Book Now,,Emergency Slots Open Now,,Technician Arrives Same Day,,Book Service In 60 Seconds,,Local Sub-Zero Technicians,,Same-Day Slots Available,,Clear Quote After Diagnosis,,Warranty On Completed Repair,,Bay Area Home Visits,,Call Or Book Online,,No Repair Without Approval,,Trusted Appliance Pros Team,,Fast In-Home Diagnostics,,Flexible Arrival Windows,,Need fast help? Request same-day Sub-Zero service and get a confirmed arrival window.,,"Local tech visits fast, diagnoses quickly, and starts repair after your approval.",,"Urgent refrigerator, freezer, ice maker, and leak issues handled across Bay Area.",,Book online in 60 seconds or call now to secure the next open slot.,,sub-zero,geo-fremont-rep,https://appliancepros.netlify.app/subzero/,,,,,Enabled,Enabled,Enabled,,,Urgency angle RSA test
SZ_Search_BayArea_Full_v2,Geo Fremont Repair,Responsive search ad,fullv2_price_test,Sub-Zero Repair Fremont,,"Upfront Pricing, No Surprises",,Diagnosis Before Any Repair,,Approve Repair Before Work,,Book Service In 60 Seconds,,Local Sub-Zero Technicians,,Same-Day Slots Available,,Clear Quote After Diagnosis,,Warranty On Completed Repair,,Bay Area Home Visits,,Call Or Book Online,,No Repair Without Approval,,Trusted Appliance Pros Team,,Fast In-Home Diagnostics,,Flexible Arrival Windows,,"Transparent process: diagnosis first, clear quote second, repair only with approval.",,No hidden charges. You get upfront pricing and warranty on completed repair work.,,Compare options after diagnosis and choose what fits your budget and urgency.,,Schedule Sub-Zero service today and get a clear quote before any repair begins.,,sub-zero,geo-fremont-rep,https://appliancepros.netlify.app/subzero/,,,,,Enabled,Enabled,Enabled,,,Price clarity RSA test
SZ_Search_BayArea_Full_v2,Geo Hayward Repair,Responsive search ad,fullv2_primary,Sub-Zero Repair Hayward,,Reliable Local Repair Team,,Experienced Fridge Specialists,,Sub-Zero Service You Trust,,Book Service In 60 Seconds,,Local Sub-Zero Technicians,,Same-Day Slots Available,,Clear Quote After Diagnosis,,Warranty On Completed Repair,,Bay Area Home Visits,,Call Or Book Online,,No Repair Without Approval,,Trusted Appliance Pros Team,,Fast In-Home Diagnostics,,Flexible Arrival Windows,,Book Sub-Zero service in under a minute and choose a convenient Bay Area arrival window.,,"Our technician diagnoses first, explains options clearly, and repairs only with approval.",,"We fix cooling, ice, leak, door, and freezer issues across Bay Area homes.",,Call now or book online for same-day or next-day Sub-Zero service.,,sub-zero,geo-hayward-rep,https://appliancepros.netlify.app/subzero/,,,,,Enabled,Enabled,Enabled,,,Primary trust-focused RSA
SZ_Search_BayArea_Full_v2,Geo Hayward Repair,Responsive search ad,fullv2_urgency_test,Sub-Zero Repair Hayward,,Need Help Today? Book Now,,Emergency Slots Open Now,,Technician Arrives Same Day,,Book Service In 60 Seconds,,Local Sub-Zero Technicians,,Same-Day Slots Available,,Clear Quote After Diagnosis,,Warranty On Completed Repair,,Bay Area Home Visits,,Call Or Book Online,,No Repair Without Approval,,Trusted Appliance Pros Team,,Fast In-Home Diagnostics,,Flexible Arrival Windows,,Need fast help? Request same-day Sub-Zero service and get a confirmed arrival window.,,"Local tech visits fast, diagnoses quickly, and starts repair after your approval.",,"Urgent refrigerator, freezer, ice maker, and leak issues handled across Bay Area.",,Book online in 60 seconds or call now to secure the next open slot.,,sub-zero,geo-hayward-rep,https://appliancepros.netlify.app/subzero/,,,,,Enabled,Enabled,Enabled,,,Urgency angle RSA test
SZ_Search_BayArea_Full_v2,Geo Hayward Repair,Responsive search ad,fullv2_price_test,Sub-Zero Repair Hayward,,"Upfront Pricing, No Surprises",,Diagnosis Before Any Repair,,Approve Repair Before Work,,Book Service In 60 Seconds,,Local Sub-Zero Technicians,,Same-Day Slots Available,,Clear Quote After Diagnosis,,Warranty On Completed Repair,,Bay Area Home Visits,,Call Or Book Online,,No Repair Without Approval,,Trusted Appliance Pros Team,,Fast In-Home Diagnostics,,Flexible Arrival Windows,,"Transparent process: diagnosis first, clear quote second, repair only with approval.",,No hidden charges. You get upfront pricing and warranty on completed repair work.,,Compare options after diagnosis and choose what fits your budget and urgency.,,Schedule Sub-Zero service today and get a clear quote before any repair begins.,,sub-zero,geo-hayward-rep,https://appliancepros.netlify.app/subzero/,,,,,Enabled,Enabled,Enabled,,,Price clarity RSA test
SZ_Search_BayArea_Full_v2,Geo Livermore Repair,Responsive search ad,fullv2_primary,Sub-Zero Repair Livermore,,Reliable Local Repair Team,,Experienced Fridge Specialists,,Sub-Zero Service You Trust,,Book Service In 60 Seconds,,Local Sub-Zero Technicians,,Same-Day Slots Available,,Clear Quote After Diagnosis,,Warranty On Completed Repair,,Bay Area Home Visits,,Call Or Book Online,,No Repair Without Approval,,Trusted Appliance Pros Team,,Fast In-Home Diagnostics,,Flexible Arrival Windows,,Book Sub-Zero service in under a minute and choose a convenient Bay Area arrival window.,,"Our technician diagnoses first, explains options clearly, and repairs only with approval.",,"We fix cooling, ice, leak, door, and freezer issues across Bay Area homes.",,Call now or book online for same-day or next-day Sub-Zero service.,,sub-zero,geo-livermore-r,https://appliancepros.netlify.app/subzero/,,,,,Enabled,Enabled,Enabled,,,Primary trust-focused RSA
SZ_Search_BayArea_Full_v2,Geo Livermore Repair,Responsive search ad,fullv2_urgency_test,Sub-Zero Repair Livermore,,Need Help Today? Book Now,,Emergency Slots Open Now,,Technician Arrives Same Day,,Book Service In 60 Seconds,,Local Sub-Zero Technicians,,Same-Day Slots Available,,Clear Quote After Diagnosis,,Warranty On Completed Repair,,Bay Area Home Visits,,Call Or Book Online,,No Repair Without Approval,,Trusted Appliance Pros Team,,Fast In-Home Diagnostics,,Flexible Arrival Windows,,Need fast help? Request same-day Sub-Zero service and get a confirmed arrival window.,,"Local tech visits fast, diagnoses quickly, and starts repair after your approval.",,"Urgent refrigerator, freezer, ice maker, and leak issues handled across Bay Area.",,Book online in 60 seconds or call now to secure the next open slot.,,sub-zero,geo-livermore-r,https://appliancepros.netlify.app/subzero/,,,,,Enabled,Enabled,Enabled,,,Urgency angle RSA test
SZ_Search_BayArea_Full_v2,Geo Livermore Repair,Responsive search ad,fullv2_price_test,Sub-Zero Repair Livermore,,"Upfront Pricing, No Surprises",,Diagnosis Before Any Repair,,Approve Repair Before Work,,Book Service In 60 Seconds,,Local Sub-Zero Technicians,,Same-Day Slots Available,,Clear Quote After Diagnosis,,Warranty On Completed Repair,,Bay Area Home Visits,,Call Or Book Online,,No Repair Without Approval,,Trusted Appliance Pros Team,,Fast In-Home Diagnostics,,Flexible Arrival Windows,,"Transparent process: diagnosis first, clear quote second, repair only with approval.",,No hidden charges. You get upfront pricing and warranty on completed repair work.,,Compare options after diagnosis and choose what fits your budget and urgency.,,Schedule Sub-Zero service today and get a clear quote before any repair begins.,,sub-zero,geo-livermore-r,https://appliancepros.netlify.app/subzero/,,,,,Enabled,Enabled,Enabled,,,Price clarity RSA test
SZ_Search_BayArea_Full_v2,Geo LosAltos Repair,Responsive search ad,fullv2_primary,Sub-Zero Repair LosAltos,,Reliable Local Repair Team,,Experienced Fridge Specialists,,Sub-Zero Service You Trust,,Book Service In 60 Seconds,,Local Sub-Zero Technicians,,Same-Day Slots Available,,Clear Quote After Diagnosis,,Warranty On Completed Repair,,Bay Area Home Visits,,Call Or Book Online,,No Repair Without Approval,,Trusted Appliance Pros Team,,Fast In-Home Diagnostics,,Flexible Arrival Windows,,Book Sub-Zero service in under a minute and choose a convenient Bay Area arrival window.,,"Our technician diagnoses first, explains options clearly, and repairs only with approval.",,"We fix cooling, ice, leak, door, and freezer issues across Bay Area homes.",,Call now or book online for same-day or next-day Sub-Zero service.,,sub-zero,geo-losaltos-re,https://appliancepros.netlify.app/subzero/,,,,,Enabled,Enabled,Enabled,,,Primary trust-focused RSA
SZ_Search_BayArea_Full_v2,Geo LosAltos Repair,Responsive search ad,fullv2_urgency_test,Sub-Zero Repair LosAltos,,Need Help Today? Book Now,,Emergency Slots Open Now,,Technician Arrives Same Day,,Book Service In 60 Seconds,,Local Sub-Zero Technicians,,Same-Day Slots Available,,Clear Quote After Diagnosis,,Warranty On Completed Repair,,Bay Area Home Visits,,Call Or Book Online,,No Repair Without Approval,,Trusted Appliance Pros Team,,Fast In-Home Diagnostics,,Flexible Arrival Windows,,Need fast help? Request same-day Sub-Zero service and get a confirmed arrival window.,,"Local tech visits fast, diagnoses quickly, and starts repair after your approval.",,"Urgent refrigerator, freezer, ice maker, and leak issues handled across Bay Area.",,Book online in 60 seconds or call now to secure the next open slot.,,sub-zero,geo-losaltos-re,https://appliancepros.netlify.app/subzero/,,,,,Enabled,Enabled,Enabled,,,Urgency angle RSA test
SZ_Search_BayArea_Full_v2,Geo LosAltos Repair,Responsive search ad,fullv2_price_test,Sub-Zero Repair LosAltos,,"Upfront Pricing, No Surprises",,Diagnosis Before Any Repair,,Approve Repair Before Work,,Book Service In 60 Seconds,,Local Sub-Zero Technicians,,Same-Day Slots Available,,Clear Quote After Diagnosis,,Warranty On Completed Repair,,Bay Area Home Visits,,Call Or Book Online,,No Repair Without Approval,,Trusted Appliance Pros Team,,Fast In-Home Diagnostics,,Flexible Arrival Windows,,"Transparent process: diagnosis first, clear quote second, repair only with approval.",,No hidden charges. You get upfront pricing and warranty on completed repair work.,,Compare options after diagnosis and choose what fits your budget and urgency.,,Schedule Sub-Zero service today and get a clear quote before any repair begins.,,sub-zero,geo-losaltos-re,https://appliancepros.netlify.app/subzero/,,,,,Enabled,Enabled,Enabled,,,Price clarity RSA test
SZ_Search_BayArea_Full_v2,Geo LosGatos Repair,Responsive search ad,fullv2_primary,Sub-Zero Repair LosGatos,,Reliable Local Repair Team,,Experienced Fridge Specialists,,Sub-Zero Service You Trust,,Book Service In 60 Seconds,,Local Sub-Zero Technicians,,Same-Day Slots Available,,Clear Quote After Diagnosis,,Warranty On Completed Repair,,Bay Area Home Visits,,Call Or Book Online,,No Repair Without Approval,,Trusted Appliance Pros Team,,Fast In-Home Diagnostics,,Flexible Arrival Windows,,Book Sub-Zero service in under a minute and choose a convenient Bay Area arrival window.,,"Our technician diagnoses first, explains options clearly, and repairs only with approval.",,"We fix cooling, ice, leak, door, and freezer issues across Bay Area homes.",,Call now or book online for same-day or next-day Sub-Zero service.,,sub-zero,geo-losgatos-re,https://appliancepros.netlify.app/subzero/,,,,,Enabled,Enabled,Enabled,,,Primary trust-focused RSA
SZ_Search_BayArea_Full_v2,Geo LosGatos Repair,Responsive search ad,fullv2_urgency_test,Sub-Zero Repair LosGatos,,Need Help Today? Book Now,,Emergency Slots Open Now,,Technician Arrives Same Day,,Book Service In 60 Seconds,,Local Sub-Zero Technicians,,Same-Day Slots Available,,Clear Quote After Diagnosis,,Warranty On Completed Repair,,Bay Area Home Visits,,Call Or Book Online,,No Repair Without Approval,,Trusted Appliance Pros Team,,Fast In-Home Diagnostics,,Flexible Arrival Windows,,Need fast help? Request same-day Sub-Zero service and get a confirmed arrival window.,,"Local tech visits fast, diagnoses quickly, and starts repair after your approval.",,"Urgent refrigerator, freezer, ice maker, and leak issues handled across Bay Area.",,Book online in 60 seconds or call now to secure the next open slot.,,sub-zero,geo-losgatos-re,https://appliancepros.netlify.app/subzero/,,,,,Enabled,Enabled,Enabled,,,Urgency angle RSA test
SZ_Search_BayArea_Full_v2,Geo LosGatos Repair,Responsive search ad,fullv2_price_test,Sub-Zero Repair LosGatos,,"Upfront Pricing, No Surprises",,Diagnosis Before Any Repair,,Approve Repair Before Work,,Book Service In 60 Seconds,,Local Sub-Zero Technicians,,Same-Day Slots Available,,Clear Quote After Diagnosis,,Warranty On Completed Repair,,Bay Area Home Visits,,Call Or Book Online,,No Repair Without Approval,,Trusted Appliance Pros Team,,Fast In-Home Diagnostics,,Flexible Arrival Windows,,"Transparent process: diagnosis first, clear quote second, repair only with approval.",,No hidden charges. You get upfront pricing and warranty on completed repair work.,,Compare options after diagnosis and choose what fits your budget and urgency.,,Schedule Sub-Zero service today and get a clear quote before any repair begins.,,sub-zero,geo-losgatos-re,https://appliancepros.netlify.app/subzero/,,,,,Enabled,Enabled,Enabled,,,Price clarity RSA test
SZ_Search_BayArea_Full_v2,Geo MenloPark Repair,Responsive search ad,fullv2_primary,Sub-Zero Repair MenloPark,,Reliable Local Repair Team,,Experienced Fridge Specialists,,Sub-Zero Service You Trust,,Book Service In 60 Seconds,,Local Sub-Zero Technicians,,Same-Day Slots Available,,Clear Quote After Diagnosis,,Warranty On Completed Repair,,Bay Area Home Visits,,Call Or Book Online,,No Repair Without Approval,,Trusted Appliance Pros Team,,Fast In-Home Diagnostics,,Flexible Arrival Windows,,Book Sub-Zero service in under a minute and choose a convenient Bay Area arrival window.,,"Our technician diagnoses first, explains options clearly, and repairs only with approval.",,"We fix cooling, ice, leak, door, and freezer issues across Bay Area homes.",,Call now or book online for same-day or next-day Sub-Zero service.,,sub-zero,geo-menlopark-r,https://appliancepros.netlify.app/subzero/,,,,,Enabled,Enabled,Enabled,,,Primary trust-focused RSA
SZ_Search_BayArea_Full_v2,Geo MenloPark Repair,Responsive search ad,fullv2_urgency_test,Sub-Zero Repair MenloPark,,Need Help Today? Book Now,,Emergency Slots Open Now,,Technician Arrives Same Day,,Book Service In 60 Seconds,,Local Sub-Zero Technicians,,Same-Day Slots Available,,Clear Quote After Diagnosis,,Warranty On Completed Repair,,Bay Area Home Visits,,Call Or Book Online,,No Repair Without Approval,,Trusted Appliance Pros Team,,Fast In-Home Diagnostics,,Flexible Arrival Windows,,Need fast help? Request same-day Sub-Zero service and get a confirmed arrival window.,,"Local tech visits fast, diagnoses quickly, and starts repair after your approval.",,"Urgent refrigerator, freezer, ice maker, and leak issues handled across Bay Area.",,Book online in 60 seconds or call now to secure the next open slot.,,sub-zero,geo-menlopark-r,https://appliancepros.netlify.app/subzero/,,,,,Enabled,Enabled,Enabled,,,Urgency angle RSA test
SZ_Search_BayArea_Full_v2,Geo MenloPark Repair,Responsive search ad,fullv2_price_test,Sub-Zero Repair MenloPark,,"Upfront Pricing, No Surprises",,Diagnosis Before Any Repair,,Approve Repair Before Work,,Book Service In 60 Seconds,,Local Sub-Zero Technicians,,Same-Day Slots Available,,Clear Quote After Diagnosis,,Warranty On Completed Repair,,Bay Area Home Visits,,Call Or Book Online,,No Repair Without Approval,,Trusted Appliance Pros Team,,Fast In-Home Diagnostics,,Flexible Arrival Windows,,"Transparent process: diagnosis first, clear quote second, repair only with approval.",,No hidden charges. You get upfront pricing and warranty on completed repair work.,,Compare options after diagnosis and choose what fits your budget and urgency.,,Schedule Sub-Zero service today and get a clear quote before any repair begins.,,sub-zero,geo-menlopark-r,https://appliancepros.netlify.app/subzero/,,,,,Enabled,Enabled,Enabled,,,Price clarity RSA test
SZ_Search_BayArea_Full_v2,Geo Millbrae Repair,Responsive search ad,fullv2_primary,Sub-Zero Repair Millbrae,,Reliable Local Repair Team,,Experienced Fridge Specialists,,Sub-Zero Service You Trust,,Book Service In 60 Seconds,,Local Sub-Zero Technicians,,Same-Day Slots Available,,Clear Quote After Diagnosis,,Warranty On Completed Repair,,Bay Area Home Visits,,Call Or Book Online,,No Repair Without Approval,,Trusted Appliance Pros Team,,Fast In-Home Diagnostics,,Flexible Arrival Windows,,Book Sub-Zero service in under a minute and choose a convenient Bay Area arrival window.,,"Our technician diagnoses first, explains options clearly, and repairs only with approval.",,"We fix cooling, ice, leak, door, and freezer issues across Bay Area homes.",,Call now or book online for same-day or next-day Sub-Zero service.,,sub-zero,geo-millbrae-re,https://appliancepros.netlify.app/subzero/,,,,,Enabled,Enabled,Enabled,,,Primary trust-focused RSA
SZ_Search_BayArea_Full_v2,Geo Millbrae Repair,Responsive search ad,fullv2_urgency_test,Sub-Zero Repair Millbrae,,Need Help Today? Book Now,,Emergency Slots Open Now,,Technician Arrives Same Day,,Book Service In 60 Seconds,,Local Sub-Zero Technicians,,Same-Day Slots Available,,Clear Quote After Diagnosis,,Warranty On Completed Repair,,Bay Area Home Visits,,Call Or Book Online,,No Repair Without Approval,,Trusted Appliance Pros Team,,Fast In-Home Diagnostics,,Flexible Arrival Windows,,Need fast help? Request same-day Sub-Zero service and get a confirmed arrival window.,,"Local tech visits fast, diagnoses quickly, and starts repair after your approval.",,"Urgent refrigerator, freezer, ice maker, and leak issues handled across Bay Area.",,Book online in 60 seconds or call now to secure the next open slot.,,sub-zero,geo-millbrae-re,https://appliancepros.netlify.app/subzero/,,,,,Enabled,Enabled,Enabled,,,Urgency angle RSA test
SZ_Search_BayArea_Full_v2,Geo Millbrae Repair,Responsive search ad,fullv2_price_test,Sub-Zero Repair Millbrae,,"Upfront Pricing, No Surprises",,Diagnosis Before Any Repair,,Approve Repair Before Work,,Book Service In 60 Seconds,,Local Sub-Zero Technicians,,Same-Day Slots Available,,Clear Quote After Diagnosis,,Warranty On Completed Repair,,Bay Area Home Visits,,Call Or Book Online,,No Repair Without Approval,,Trusted Appliance Pros Team,,Fast In-Home Diagnostics,,Flexible Arrival Windows,,"Transparent process: diagnosis first, clear quote second, repair only with approval.",,No hidden charges. You get upfront pricing and warranty on completed repair work.,,Compare options after diagnosis and choose what fits your budget and urgency.,,Schedule Sub-Zero service today and get a clear quote before any repair begins.,,sub-zero,geo-millbrae-re,https://appliancepros.netlify.app/subzero/,,,,,Enabled,Enabled,Enabled,,,Price clarity RSA test
SZ_Search_BayArea_Full_v2,Geo Milpitas Repair,Responsive search ad,fullv2_primary,Sub-Zero Repair Milpitas,,Reliable Local Repair Team,,Experienced Fridge Specialists,,Sub-Zero Service You Trust,,Book Service In 60 Seconds,,Local Sub-Zero Technicians,,Same-Day Slots Available,,Clear Quote After Diagnosis,,Warranty On Completed Repair,,Bay Area Home Visits,,Call Or Book Online,,No Repair Without Approval,,Trusted Appliance Pros Team,,Fast In-Home Diagnostics,,Flexible Arrival Windows,,Book Sub-Zero service in under a minute and choose a convenient Bay Area arrival window.,,"Our technician diagnoses first, explains options clearly, and repairs only with approval.",,"We fix cooling, ice, leak, door, and freezer issues across Bay Area homes.",,Call now or book online for same-day or next-day Sub-Zero service.,,sub-zero,geo-milpitas-re,https://appliancepros.netlify.app/subzero/,,,,,Enabled,Enabled,Enabled,,,Primary trust-focused RSA
SZ_Search_BayArea_Full_v2,Geo Milpitas Repair,Responsive search ad,fullv2_urgency_test,Sub-Zero Repair Milpitas,,Need Help Today? Book Now,,Emergency Slots Open Now,,Technician Arrives Same Day,,Book Service In 60 Seconds,,Local Sub-Zero Technicians,,Same-Day Slots Available,,Clear Quote After Diagnosis,,Warranty On Completed Repair,,Bay Area Home Visits,,Call Or Book Online,,No Repair Without Approval,,Trusted Appliance Pros Team,,Fast In-Home Diagnostics,,Flexible Arrival Windows,,Need fast help? Request same-day Sub-Zero service and get a confirmed arrival window.,,"Local tech visits fast, diagnoses quickly, and starts repair after your approval.",,"Urgent refrigerator, freezer, ice maker, and leak issues handled across Bay Area.",,Book online in 60 seconds or call now to secure the next open slot.,,sub-zero,geo-milpitas-re,https://appliancepros.netlify.app/subzero/,,,,,Enabled,Enabled,Enabled,,,Urgency angle RSA test
SZ_Search_BayArea_Full_v2,Geo Milpitas Repair,Responsive search ad,fullv2_price_test,Sub-Zero Repair Milpitas,,"Upfront Pricing, No Surprises",,Diagnosis Before Any Repair,,Approve Repair Before Work,,Book Service In 60 Seconds,,Local Sub-Zero Technicians,,Same-Day Slots Available,,Clear Quote After Diagnosis,,Warranty On Completed Repair,,Bay Area Home Visits,,Call Or Book Online,,No Repair Without Approval,,Trusted Appliance Pros Team,,Fast In-Home Diagnostics,,Flexible Arrival Windows,,"Transparent process: diagnosis first, clear quote second, repair only with approval.",,No hidden charges. You get upfront pricing and warranty on completed repair work.,,Compare options after diagnosis and choose what fits your budget and urgency.,,Schedule Sub-Zero service today and get a clear quote before any repair begins.,,sub-zero,geo-milpitas-re,https://appliancepros.netlify.app/subzero/,,,,,Enabled,Enabled,Enabled,,,Price clarity RSA test
SZ_Search_BayArea_Full_v2,Geo MtnView Repair,Responsive search ad,fullv2_primary,Sub-Zero Repair MtnView,,Reliable Local Repair Team,,Experienced Fridge Specialists,,Sub-Zero Service You Trust,,Book Service In 60 Seconds,,Local Sub-Zero Technicians,,Same-Day Slots Available,,Clear Quote After Diagnosis,,Warranty On Completed Repair,,Bay Area Home Visits,,Call Or Book Online,,No Repair Without Approval,,Trusted Appliance Pros Team,,Fast In-Home Diagnostics,,Flexible Arrival Windows,,Book Sub-Zero service in under a minute and choose a convenient Bay Area arrival window.,,"Our technician diagnoses first, explains options clearly, and repairs only with approval.",,"We fix cooling, ice, leak, door, and freezer issues across Bay Area homes.",,Call now or book online for same-day or next-day Sub-Zero service.,,sub-zero,geo-mtnview-rep,https://appliancepros.netlify.app/subzero/,,,,,Enabled,Enabled,Enabled,,,Primary trust-focused RSA
SZ_Search_BayArea_Full_v2,Geo MtnView Repair,Responsive search ad,fullv2_urgency_test,Sub-Zero Repair MtnView,,Need Help Today? Book Now,,Emergency Slots Open Now,,Technician Arrives Same Day,,Book Service In 60 Seconds,,Local Sub-Zero Technicians,,Same-Day Slots Available,,Clear Quote After Diagnosis,,Warranty On Completed Repair,,Bay Area Home Visits,,Call Or Book Online,,No Repair Without Approval,,Trusted Appliance Pros Team,,Fast In-Home Diagnostics,,Flexible Arrival Windows,,Need fast help? Request same-day Sub-Zero service and get a confirmed arrival window.,,"Local tech visits fast, diagnoses quickly, and starts repair after your approval.",,"Urgent refrigerator, freezer, ice maker, and leak issues handled across Bay Area.",,Book online in 60 seconds or call now to secure the next open slot.,,sub-zero,geo-mtnview-rep,https://appliancepros.netlify.app/subzero/,,,,,Enabled,Enabled,Enabled,,,Urgency angle RSA test
SZ_Search_BayArea_Full_v2,Geo MtnView Repair,Responsive search ad,fullv2_price_test,Sub-Zero Repair MtnView,,"Upfront Pricing, No Surprises",,Diagnosis Before Any Repair,,Approve Repair Before Work,,Book Service In 60 Seconds,,Local Sub-Zero Technicians,,Same-Day Slots Available,,Clear Quote After Diagnosis,,Warranty On Completed Repair,,Bay Area Home Visits,,Call Or Book Online,,No Repair Without Approval,,Trusted Appliance Pros Team,,Fast In-Home Diagnostics,,Flexible Arrival Windows,,"Transparent process: diagnosis first, clear quote second, repair only with approval.",,No hidden charges. You get upfront pricing and warranty on completed repair work.,,Compare options after diagnosis and choose what fits your budget and urgency.,,Schedule Sub-Zero service today and get a clear quote before any repair begins.,,sub-zero,geo-mtnview-rep,https://appliancepros.netlify.app/subzero/,,,,,Enabled,Enabled,Enabled,,,Price clarity RSA test
SZ_Search_BayArea_Full_v2,Geo Novato Repair,Responsive search ad,fullv2_primary,Sub-Zero Repair Novato,,Reliable Local Repair Team,,Experienced Fridge Specialists,,Sub-Zero Service You Trust,,Book Service In 60 Seconds,,Local Sub-Zero Technicians,,Same-Day Slots Available,,Clear Quote After Diagnosis,,Warranty On Completed Repair,,Bay Area Home Visits,,Call Or Book Online,,No Repair Without Approval,,Trusted Appliance Pros Team,,Fast In-Home Diagnostics,,Flexible Arrival Windows,,Book Sub-Zero service in under a minute and choose a convenient Bay Area arrival window.,,"Our technician diagnoses first, explains options clearly, and repairs only with approval.",,"We fix cooling, ice, leak, door, and freezer issues across Bay Area homes.",,Call now or book online for same-day or next-day Sub-Zero service.,,sub-zero,geo-novato-repa,https://appliancepros.netlify.app/subzero/,,,,,Enabled,Enabled,Enabled,,,Primary trust-focused RSA
SZ_Search_BayArea_Full_v2,Geo Novato Repair,Responsive search ad,fullv2_urgency_test,Sub-Zero Repair Novato,,Need Help Today? Book Now,,Emergency Slots Open Now,,Technician Arrives Same Day,,Book Service In 60 Seconds,,Local Sub-Zero Technicians,,Same-Day Slots Available,,Clear Quote After Diagnosis,,Warranty On Completed Repair,,Bay Area Home Visits,,Call Or Book Online,,No Repair Without Approval,,Trusted Appliance Pros Team,,Fast In-Home Diagnostics,,Flexible Arrival Windows,,Need fast help? Request same-day Sub-Zero service and get a confirmed arrival window.,,"Local tech visits fast, diagnoses quickly, and starts repair after your approval.",,"Urgent refrigerator, freezer, ice maker, and leak issues handled across Bay Area.",,Book online in 60 seconds or call now to secure the next open slot.,,sub-zero,geo-novato-repa,https://appliancepros.netlify.app/subzero/,,,,,Enabled,Enabled,Enabled,,,Urgency angle RSA test
SZ_Search_BayArea_Full_v2,Geo Novato Repair,Responsive search ad,fullv2_price_test,Sub-Zero Repair Novato,,"Upfront Pricing, No Surprises",,Diagnosis Before Any Repair,,Approve Repair Before Work,,Book Service In 60 Seconds,,Local Sub-Zero Technicians,,Same-Day Slots Available,,Clear Quote After Diagnosis,,Warranty On Completed Repair,,Bay Area Home Visits,,Call Or Book Online,,No Repair Without Approval,,Trusted Appliance Pros Team,,Fast In-Home Diagnostics,,Flexible Arrival Windows,,"Transparent process: diagnosis first, clear quote second, repair only with approval.",,No hidden charges. You get upfront pricing and warranty on completed repair work.,,Compare options after diagnosis and choose what fits your budget and urgency.,,Schedule Sub-Zero service today and get a clear quote before any repair begins.,,sub-zero,geo-novato-repa,https://appliancepros.netlify.app/subzero/,,,,,Enabled,Enabled,Enabled,,,Price clarity RSA test
SZ_Search_BayArea_Full_v2,Geo Oakland Repair,Responsive search ad,fullv2_primary,Sub-Zero Repair Oakland,,Reliable Local Repair Team,,Experienced Fridge Specialists,,Sub-Zero Service You Trust,,Book Service In 60 Seconds,,Local Sub-Zero Technicians,,Same-Day Slots Available,,Clear Quote After Diagnosis,,Warranty On Completed Repair,,Bay Area Home Visits,,Call Or Book Online,,No Repair Without Approval,,Trusted Appliance Pros Team,,Fast In-Home Diagnostics,,Flexible Arrival Windows,,Book Sub-Zero service in under a minute and choose a convenient Bay Area arrival window.,,"Our technician diagnoses first, explains options clearly, and repairs only with approval.",,"We fix cooling, ice, leak, door, and freezer issues across Bay Area homes.",,Call now or book online for same-day or next-day Sub-Zero service.,,sub-zero,geo-oakland-rep,https://appliancepros.netlify.app/subzero/,,,,,Enabled,Enabled,Enabled,,,Primary trust-focused RSA
SZ_Search_BayArea_Full_v2,Geo Oakland Repair,Responsive search ad,fullv2_urgency_test,Sub-Zero Repair Oakland,,Need Help Today? Book Now,,Emergency Slots Open Now,,Technician Arrives Same Day,,Book Service In 60 Seconds,,Local Sub-Zero Technicians,,Same-Day Slots Available,,Clear Quote After Diagnosis,,Warranty On Completed Repair,,Bay Area Home Visits,,Call Or Book Online,,No Repair Without Approval,,Trusted Appliance Pros Team,,Fast In-Home Diagnostics,,Flexible Arrival Windows,,Need fast help? Request same-day Sub-Zero service and get a confirmed arrival window.,,"Local tech visits fast, diagnoses quickly, and starts repair after your approval.",,"Urgent refrigerator, freezer, ice maker, and leak issues handled across Bay Area.",,Book online in 60 seconds or call now to secure the next open slot.,,sub-zero,geo-oakland-rep,https://appliancepros.netlify.app/subzero/,,,,,Enabled,Enabled,Enabled,,,Urgency angle RSA test
SZ_Search_BayArea_Full_v2,Geo Oakland Repair,Responsive search ad,fullv2_price_test,Sub-Zero Repair Oakland,,"Upfront Pricing, No Surprises",,Diagnosis Before Any Repair,,Approve Repair Before Work,,Book Service In 60 Seconds,,Local Sub-Zero Technicians,,Same-Day Slots Available,,Clear Quote After Diagnosis,,Warranty On Completed Repair,,Bay Area Home Visits,,Call Or Book Online,,No Repair Without Approval,,Trusted Appliance Pros Team,,Fast In-Home Diagnostics,,Flexible Arrival Windows,,"Transparent process: diagnosis first, clear quote second, repair only with approval.",,No hidden charges. You get upfront pricing and warranty on completed repair work.,,Compare options after diagnosis and choose what fits your budget and urgency.,,Schedule Sub-Zero service today and get a clear quote before any repair begins.,,sub-zero,geo-oakland-rep,https://appliancepros.netlify.app/subzero/,,,,,Enabled,Enabled,Enabled,,,Price clarity RSA test
SZ_Search_BayArea_Full_v2,Geo PaloAlto Repair,Responsive search ad,fullv2_primary,Sub-Zero Repair PaloAlto,,Reliable Local Repair Team,,Experienced Fridge Specialists,,Sub-Zero Service You Trust,,Book Service In 60 Seconds,,Local Sub-Zero Technicians,,Same-Day Slots Available,,Clear Quote After Diagnosis,,Warranty On Completed Repair,,Bay Area Home Visits,,Call Or Book Online,,No Repair Without Approval,,Trusted Appliance Pros Team,,Fast In-Home Diagnostics,,Flexible Arrival Windows,,Book Sub-Zero service in under a minute and choose a convenient Bay Area arrival window.,,"Our technician diagnoses first, explains options clearly, and repairs only with approval.",,"We fix cooling, ice, leak, door, and freezer issues across Bay Area homes.",,Call now or book online for same-day or next-day Sub-Zero service.,,sub-zero,geo-paloalto-re,https://appliancepros.netlify.app/subzero/,,,,,Enabled,Enabled,Enabled,,,Primary trust-focused RSA
SZ_Search_BayArea_Full_v2,Geo PaloAlto Repair,Responsive search ad,fullv2_urgency_test,Sub-Zero Repair PaloAlto,,Need Help Today? Book Now,,Emergency Slots Open Now,,Technician Arrives Same Day,,Book Service In 60 Seconds,,Local Sub-Zero Technicians,,Same-Day Slots Available,,Clear Quote After Diagnosis,,Warranty On Completed Repair,,Bay Area Home Visits,,Call Or Book Online,,No Repair Without Approval,,Trusted Appliance Pros Team,,Fast In-Home Diagnostics,,Flexible Arrival Windows,,Need fast help? Request same-day Sub-Zero service and get a confirmed arrival window.,,"Local tech visits fast, diagnoses quickly, and starts repair after your approval.",,"Urgent refrigerator, freezer, ice maker, and leak issues handled across Bay Area.",,Book online in 60 seconds or call now to secure the next open slot.,,sub-zero,geo-paloalto-re,https://appliancepros.netlify.app/subzero/,,,,,Enabled,Enabled,Enabled,,,Urgency angle RSA test
SZ_Search_BayArea_Full_v2,Geo PaloAlto Repair,Responsive search ad,fullv2_price_test,Sub-Zero Repair PaloAlto,,"Upfront Pricing, No Surprises",,Diagnosis Before Any Repair,,Approve Repair Before Work,,Book Service In 60 Seconds,,Local Sub-Zero Technicians,,Same-Day Slots Available,,Clear Quote After Diagnosis,,Warranty On Completed Repair,,Bay Area Home Visits,,Call Or Book Online,,No Repair Without Approval,,Trusted Appliance Pros Team,,Fast In-Home Diagnostics,,Flexible Arrival Windows,,"Transparent process: diagnosis first, clear quote second, repair only with approval.",,No hidden charges. You get upfront pricing and warranty on completed repair work.,,Compare options after diagnosis and choose what fits your budget and urgency.,,Schedule Sub-Zero service today and get a clear quote before any repair begins.,,sub-zero,geo-paloalto-re,https://appliancepros.netlify.app/subzero/,,,,,Enabled,Enabled,Enabled,,,Price clarity RSA test
SZ_Search_BayArea_Full_v2,Geo Pleasanton Repair,Responsive search ad,fullv2_primary,Sub-Zero Repair Pleasanton,,Reliable Local Repair Team,,Experienced Fridge Specialists,,Sub-Zero Service You Trust,,Book Service In 60 Seconds,,Local Sub-Zero Technicians,,Same-Day Slots Available,,Clear Quote After Diagnosis,,Warranty On Completed Repair,,Bay Area Home Visits,,Call Or Book Online,,No Repair Without Approval,,Trusted Appliance Pros Team,,Fast In-Home Diagnostics,,Flexible Arrival Windows,,Book Sub-Zero service in under a minute and choose a convenient Bay Area arrival window.,,"Our technician diagnoses first, explains options clearly, and repairs only with approval.",,"We fix cooling, ice, leak, door, and freezer issues across Bay Area homes.",,Call now or book online for same-day or next-day Sub-Zero service.,,sub-zero,geo-pleasanton-,https://appliancepros.netlify.app/subzero/,,,,,Enabled,Enabled,Enabled,,,Primary trust-focused RSA
SZ_Search_BayArea_Full_v2,Geo Pleasanton Repair,Responsive search ad,fullv2_urgency_test,Sub-Zero Repair Pleasanton,,Need Help Today? Book Now,,Emergency Slots Open Now,,Technician Arrives Same Day,,Book Service In 60 Seconds,,Local Sub-Zero Technicians,,Same-Day Slots Available,,Clear Quote After Diagnosis,,Warranty On Completed Repair,,Bay Area Home Visits,,Call Or Book Online,,No Repair Without Approval,,Trusted Appliance Pros Team,,Fast In-Home Diagnostics,,Flexible Arrival Windows,,Need fast help? Request same-day Sub-Zero service and get a confirmed arrival window.,,"Local tech visits fast, diagnoses quickly, and starts repair after your approval.",,"Urgent refrigerator, freezer, ice maker, and leak issues handled across Bay Area.",,Book online in 60 seconds or call now to secure the next open slot.,,sub-zero,geo-pleasanton-,https://appliancepros.netlify.app/subzero/,,,,,Enabled,Enabled,Enabled,,,Urgency angle RSA test
SZ_Search_BayArea_Full_v2,Geo Pleasanton Repair,Responsive search ad,fullv2_price_test,Sub-Zero Repair Pleasanton,,"Upfront Pricing, No Surprises",,Diagnosis Before Any Repair,,Approve Repair Before Work,,Book Service In 60 Seconds,,Local Sub-Zero Technicians,,Same-Day Slots Available,,Clear Quote After Diagnosis,,Warranty On Completed Repair,,Bay Area Home Visits,,Call Or Book Online,,No Repair Without Approval,,Trusted Appliance Pros Team,,Fast In-Home Diagnostics,,Flexible Arrival Windows,,"Transparent process: diagnosis first, clear quote second, repair only with approval.",,No hidden charges. You get upfront pricing and warranty on completed repair work.,,Compare options after diagnosis and choose what fits your budget and urgency.,,Schedule Sub-Zero service today and get a clear quote before any repair begins.,,sub-zero,geo-pleasanton-,https://appliancepros.netlify.app/subzero/,,,,,Enabled,Enabled,Enabled,,,Price clarity RSA test
SZ_Search_BayArea_Full_v2,Geo Redwood Repair,Responsive search ad,fullv2_primary,Sub-Zero Repair Redwood,,Reliable Local Repair Team,,Experienced Fridge Specialists,,Sub-Zero Service You Trust,,Book Service In 60 Seconds,,Local Sub-Zero Technicians,,Same-Day Slots Available,,Clear Quote After Diagnosis,,Warranty On Completed Repair,,Bay Area Home Visits,,Call Or Book Online,,No Repair Without Approval,,Trusted Appliance Pros Team,,Fast In-Home Diagnostics,,Flexible Arrival Windows,,Book Sub-Zero service in under a minute and choose a convenient Bay Area arrival window.,,"Our technician diagnoses first, explains options clearly, and repairs only with approval.",,"We fix cooling, ice, leak, door, and freezer issues across Bay Area homes.",,Call now or book online for same-day or next-day Sub-Zero service.,,sub-zero,geo-redwood-rep,https://appliancepros.netlify.app/subzero/,,,,,Enabled,Enabled,Enabled,,,Primary trust-focused RSA
SZ_Search_BayArea_Full_v2,Geo Redwood Repair,Responsive search ad,fullv2_urgency_test,Sub-Zero Repair Redwood,,Need Help Today? Book Now,,Emergency Slots Open Now,,Technician Arrives Same Day,,Book Service In 60 Seconds,,Local Sub-Zero Technicians,,Same-Day Slots Available,,Clear Quote After Diagnosis,,Warranty On Completed Repair,,Bay Area Home Visits,,Call Or Book Online,,No Repair Without Approval,,Trusted Appliance Pros Team,,Fast In-Home Diagnostics,,Flexible Arrival Windows,,Need fast help? Request same-day Sub-Zero service and get a confirmed arrival window.,,"Local tech visits fast, diagnoses quickly, and starts repair after your approval.",,"Urgent refrigerator, freezer, ice maker, and leak issues handled across Bay Area.",,Book online in 60 seconds or call now to secure the next open slot.,,sub-zero,geo-redwood-rep,https://appliancepros.netlify.app/subzero/,,,,,Enabled,Enabled,Enabled,,,Urgency angle RSA test
SZ_Search_BayArea_Full_v2,Geo Redwood Repair,Responsive search ad,fullv2_price_test,Sub-Zero Repair Redwood,,"Upfront Pricing, No Surprises",,Diagnosis Before Any Repair,,Approve Repair Before Work,,Book Service In 60 Seconds,,Local Sub-Zero Technicians,,Same-Day Slots Available,,Clear Quote After Diagnosis,,Warranty On Completed Repair,,Bay Area Home Visits,,Call Or Book Online,,No Repair Without Approval,,Trusted Appliance Pros Team,,Fast In-Home Diagnostics,,Flexible Arrival Windows,,"Transparent process: diagnosis first, clear quote second, repair only with approval.",,No hidden charges. You get upfront pricing and warranty on completed repair work.,,Compare options after diagnosis and choose what fits your budget and urgency.,,Schedule Sub-Zero service today and get a clear quote before any repair begins.,,sub-zero,geo-redwood-rep,https://appliancepros.netlify.app/subzero/,,,,,Enabled,Enabled,Enabled,,,Price clarity RSA test
SZ_Search_BayArea_Full_v2,Geo Richmond Repair,Responsive search ad,fullv2_primary,Sub-Zero Repair Richmond,,Reliable Local Repair Team,,Experienced Fridge Specialists,,Sub-Zero Service You Trust,,Book Service In 60 Seconds,,Local Sub-Zero Technicians,,Same-Day Slots Available,,Clear Quote After Diagnosis,,Warranty On Completed Repair,,Bay Area Home Visits,,Call Or Book Online,,No Repair Without Approval,,Trusted Appliance Pros Team,,Fast In-Home Diagnostics,,Flexible Arrival Windows,,Book Sub-Zero service in under a minute and choose a convenient Bay Area arrival window.,,"Our technician diagnoses first, explains options clearly, and repairs only with approval.",,"We fix cooling, ice, leak, door, and freezer issues across Bay Area homes.",,Call now or book online for same-day or next-day Sub-Zero service.,,sub-zero,geo-richmond-re,https://appliancepros.netlify.app/subzero/,,,,,Enabled,Enabled,Enabled,,,Primary trust-focused RSA
SZ_Search_BayArea_Full_v2,Geo Richmond Repair,Responsive search ad,fullv2_urgency_test,Sub-Zero Repair Richmond,,Need Help Today? Book Now,,Emergency Slots Open Now,,Technician Arrives Same Day,,Book Service In 60 Seconds,,Local Sub-Zero Technicians,,Same-Day Slots Available,,Clear Quote After Diagnosis,,Warranty On Completed Repair,,Bay Area Home Visits,,Call Or Book Online,,No Repair Without Approval,,Trusted Appliance Pros Team,,Fast In-Home Diagnostics,,Flexible Arrival Windows,,Need fast help? Request same-day Sub-Zero service and get a confirmed arrival window.,,"Local tech visits fast, diagnoses quickly, and starts repair after your approval.",,"Urgent refrigerator, freezer, ice maker, and leak issues handled across Bay Area.",,Book online in 60 seconds or call now to secure the next open slot.,,sub-zero,geo-richmond-re,https://appliancepros.netlify.app/subzero/,,,,,Enabled,Enabled,Enabled,,,Urgency angle RSA test
SZ_Search_BayArea_Full_v2,Geo Richmond Repair,Responsive search ad,fullv2_price_test,Sub-Zero Repair Richmond,,"Upfront Pricing, No Surprises",,Diagnosis Before Any Repair,,Approve Repair Before Work,,Book Service In 60 Seconds,,Local Sub-Zero Technicians,,Same-Day Slots Available,,Clear Quote After Diagnosis,,Warranty On Completed Repair,,Bay Area Home Visits,,Call Or Book Online,,No Repair Without Approval,,Trusted Appliance Pros Team,,Fast In-Home Diagnostics,,Flexible Arrival Windows,,"Transparent process: diagnosis first, clear quote second, repair only with approval.",,No hidden charges. You get upfront pricing and warranty on completed repair work.,,Compare options after diagnosis and choose what fits your budget and urgency.,,Schedule Sub-Zero service today and get a clear quote before any repair begins.,,sub-zero,geo-richmond-re,https://appliancepros.netlify.app/subzero/,,,,,Enabled,Enabled,Enabled,,,Price clarity RSA test
SZ_Search_BayArea_Full_v2,Geo SF Repair,Responsive search ad,fullv2_primary,Sub-Zero Repair SF,,Reliable Local Repair Team,,Experienced Fridge Specialists,,Sub-Zero Service You Trust,,Book Service In 60 Seconds,,Local Sub-Zero Technicians,,Same-Day Slots Available,,Clear Quote After Diagnosis,,Warranty On Completed Repair,,Bay Area Home Visits,,Call Or Book Online,,No Repair Without Approval,,Trusted Appliance Pros Team,,Fast In-Home Diagnostics,,Flexible Arrival Windows,,Book Sub-Zero service in under a minute and choose a convenient Bay Area arrival window.,,"Our technician diagnoses first, explains options clearly, and repairs only with approval.",,"We fix cooling, ice, leak, door, and freezer issues across Bay Area homes.",,Call now or book online for same-day or next-day Sub-Zero service.,,sub-zero,geo-sf-repair,https://appliancepros.netlify.app/subzero/,,,,,Enabled,Enabled,Enabled,,,Primary trust-focused RSA
SZ_Search_BayArea_Full_v2,Geo SF Repair,Responsive search ad,fullv2_urgency_test,Sub-Zero Repair SF,,Need Help Today? Book Now,,Emergency Slots Open Now,,Technician Arrives Same Day,,Book Service In 60 Seconds,,Local Sub-Zero Technicians,,Same-Day Slots Available,,Clear Quote After Diagnosis,,Warranty On Completed Repair,,Bay Area Home Visits,,Call Or Book Online,,No Repair Without Approval,,Trusted Appliance Pros Team,,Fast In-Home Diagnostics,,Flexible Arrival Windows,,Need fast help? Request same-day Sub-Zero service and get a confirmed arrival window.,,"Local tech visits fast, diagnoses quickly, and starts repair after your approval.",,"Urgent refrigerator, freezer, ice maker, and leak issues handled across Bay Area.",,Book online in 60 seconds or call now to secure the next open slot.,,sub-zero,geo-sf-repair,https://appliancepros.netlify.app/subzero/,,,,,Enabled,Enabled,Enabled,,,Urgency angle RSA test
SZ_Search_BayArea_Full_v2,Geo SF Repair,Responsive search ad,fullv2_price_test,Sub-Zero Repair SF,,"Upfront Pricing, No Surprises",,Diagnosis Before Any Repair,,Approve Repair Before Work,,Book Service In 60 Seconds,,Local Sub-Zero Technicians,,Same-Day Slots Available,,Clear Quote After Diagnosis,,Warranty On Completed Repair,,Bay Area Home Visits,,Call Or Book Online,,No Repair Without Approval,,Trusted Appliance Pros Team,,Fast In-Home Diagnostics,,Flexible Arrival Windows,,"Transparent process: diagnosis first, clear quote second, repair only with approval.",,No hidden charges. You get upfront pricing and warranty on completed repair work.,,Compare options after diagnosis and choose what fits your budget and urgency.,,Schedule Sub-Zero service today and get a clear quote before any repair begins.,,sub-zero,geo-sf-repair,https://appliancepros.netlify.app/subzero/,,,,,Enabled,Enabled,Enabled,,,Price clarity RSA test
SZ_Search_BayArea_Full_v2,Geo SJ Repair,Responsive search ad,fullv2_primary,Sub-Zero Repair SJ,,Reliable Local Repair Team,,Experienced Fridge Specialists,,Sub-Zero Service You Trust,,Book Service In 60 Seconds,,Local Sub-Zero Technicians,,Same-Day Slots Available,,Clear Quote After Diagnosis,,Warranty On Completed Repair,,Bay Area Home Visits,,Call Or Book Online,,No Repair Without Approval,,Trusted Appliance Pros Team,,Fast In-Home Diagnostics,,Flexible Arrival Windows,,Book Sub-Zero service in under a minute and choose a convenient Bay Area arrival window.,,"Our technician diagnoses first, explains options clearly, and repairs only with approval.",,"We fix cooling, ice, leak, door, and freezer issues across Bay Area homes.",,Call now or book online for same-day or next-day Sub-Zero service.,,sub-zero,geo-sj-repair,https://appliancepros.netlify.app/subzero/,,,,,Enabled,Enabled,Enabled,,,Primary trust-focused RSA
SZ_Search_BayArea_Full_v2,Geo SJ Repair,Responsive search ad,fullv2_urgency_test,Sub-Zero Repair SJ,,Need Help Today? Book Now,,Emergency Slots Open Now,,Technician Arrives Same Day,,Book Service In 60 Seconds,,Local Sub-Zero Technicians,,Same-Day Slots Available,,Clear Quote After Diagnosis,,Warranty On Completed Repair,,Bay Area Home Visits,,Call Or Book Online,,No Repair Without Approval,,Trusted Appliance Pros Team,,Fast In-Home Diagnostics,,Flexible Arrival Windows,,Need fast help? Request same-day Sub-Zero service and get a confirmed arrival window.,,"Local tech visits fast, diagnoses quickly, and starts repair after your approval.",,"Urgent refrigerator, freezer, ice maker, and leak issues handled across Bay Area.",,Book online in 60 seconds or call now to secure the next open slot.,,sub-zero,geo-sj-repair,https://appliancepros.netlify.app/subzero/,,,,,Enabled,Enabled,Enabled,,,Urgency angle RSA test
SZ_Search_BayArea_Full_v2,Geo SJ Repair,Responsive search ad,fullv2_price_test,Sub-Zero Repair SJ,,"Upfront Pricing, No Surprises",,Diagnosis Before Any Repair,,Approve Repair Before Work,,Book Service In 60 Seconds,,Local Sub-Zero Technicians,,Same-Day Slots Available,,Clear Quote After Diagnosis,,Warranty On Completed Repair,,Bay Area Home Visits,,Call Or Book Online,,No Repair Without Approval,,Trusted Appliance Pros Team,,Fast In-Home Diagnostics,,Flexible Arrival Windows,,"Transparent process: diagnosis first, clear quote second, repair only with approval.",,No hidden charges. You get upfront pricing and warranty on completed repair work.,,Compare options after diagnosis and choose what fits your budget and urgency.,,Schedule Sub-Zero service today and get a clear quote before any repair begins.,,sub-zero,geo-sj-repair,https://appliancepros.netlify.app/subzero/,,,,,Enabled,Enabled,Enabled,,,Price clarity RSA test
SZ_Search_BayArea_Full_v2,Geo SanBruno Repair,Responsive search ad,fullv2_primary,Sub-Zero Repair SanBruno,,Reliable Local Repair Team,,Experienced Fridge Specialists,,Sub-Zero Service You Trust,,Book Service In 60 Seconds,,Local Sub-Zero Technicians,,Same-Day Slots Available,,Clear Quote After Diagnosis,,Warranty On Completed Repair,,Bay Area Home Visits,,Call Or Book Online,,No Repair Without Approval,,Trusted Appliance Pros Team,,Fast In-Home Diagnostics,,Flexible Arrival Windows,,Book Sub-Zero service in under a minute and choose a convenient Bay Area arrival window.,,"Our technician diagnoses first, explains options clearly, and repairs only with approval.",,"We fix cooling, ice, leak, door, and freezer issues across Bay Area homes.",,Call now or book online for same-day or next-day Sub-Zero service.,,sub-zero,geo-sanbruno-re,https://appliancepros.netlify.app/subzero/,,,,,Enabled,Enabled,Enabled,,,Primary trust-focused RSA
SZ_Search_BayArea_Full_v2,Geo SanBruno Repair,Responsive search ad,fullv2_urgency_test,Sub-Zero Repair SanBruno,,Need Help Today? Book Now,,Emergency Slots Open Now,,Technician Arrives Same Day,,Book Service In 60 Seconds,,Local Sub-Zero Technicians,,Same-Day Slots Available,,Clear Quote After Diagnosis,,Warranty On Completed Repair,,Bay Area Home Visits,,Call Or Book Online,,No Repair Without Approval,,Trusted Appliance Pros Team,,Fast In-Home Diagnostics,,Flexible Arrival Windows,,Need fast help? Request same-day Sub-Zero service and get a confirmed arrival window.,,"Local tech visits fast, diagnoses quickly, and starts repair after your approval.",,"Urgent refrigerator, freezer, ice maker, and leak issues handled across Bay Area.",,Book online in 60 seconds or call now to secure the next open slot.,,sub-zero,geo-sanbruno-re,https://appliancepros.netlify.app/subzero/,,,,,Enabled,Enabled,Enabled,,,Urgency angle RSA test
SZ_Search_BayArea_Full_v2,Geo SanBruno Repair,Responsive search ad,fullv2_price_test,Sub-Zero Repair SanBruno,,"Upfront Pricing, No Surprises",,Diagnosis Before Any Repair,,Approve Repair Before Work,,Book Service In 60 Seconds,,Local Sub-Zero Technicians,,Same-Day Slots Available,,Clear Quote After Diagnosis,,Warranty On Completed Repair,,Bay Area Home Visits,,Call Or Book Online,,No Repair Without Approval,,Trusted Appliance Pros Team,,Fast In-Home Diagnostics,,Flexible Arrival Windows,,"Transparent process: diagnosis first, clear quote second, repair only with approval.",,No hidden charges. You get upfront pricing and warranty on completed repair work.,,Compare options after diagnosis and choose what fits your budget and urgency.,,Schedule Sub-Zero service today and get a clear quote before any repair begins.,,sub-zero,geo-sanbruno-re,https://appliancepros.netlify.app/subzero/,,,,,Enabled,Enabled,Enabled,,,Price clarity RSA test
SZ_Search_BayArea_Full_v2,Geo SanLeandro Repair,Responsive search ad,fullv2_primary,Sub-Zero Repair SanLeandro,,Reliable Local Repair Team,,Experienced Fridge Specialists,,Sub-Zero Service You Trust,,Book Service In 60 Seconds,,Local Sub-Zero Technicians,,Same-Day Slots Available,,Clear Quote After Diagnosis,,Warranty On Completed Repair,,Bay Area Home Visits,,Call Or Book Online,,No Repair Without Approval,,Trusted Appliance Pros Team,,Fast In-Home Diagnostics,,Flexible Arrival Windows,,Book Sub-Zero service in under a minute and choose a convenient Bay Area arrival window.,,"Our technician diagnoses first, explains options clearly, and repairs only with approval.",,"We fix cooling, ice, leak, door, and freezer issues across Bay Area homes.",,Call now or book online for same-day or next-day Sub-Zero service.,,sub-zero,geo-sanleandro-,https://appliancepros.netlify.app/subzero/,,,,,Enabled,Enabled,Enabled,,,Primary trust-focused RSA
SZ_Search_BayArea_Full_v2,Geo SanLeandro Repair,Responsive search ad,fullv2_urgency_test,Sub-Zero Repair SanLeandro,,Need Help Today? Book Now,,Emergency Slots Open Now,,Technician Arrives Same Day,,Book Service In 60 Seconds,,Local Sub-Zero Technicians,,Same-Day Slots Available,,Clear Quote After Diagnosis,,Warranty On Completed Repair,,Bay Area Home Visits,,Call Or Book Online,,No Repair Without Approval,,Trusted Appliance Pros Team,,Fast In-Home Diagnostics,,Flexible Arrival Windows,,Need fast help? Request same-day Sub-Zero service and get a confirmed arrival window.,,"Local tech visits fast, diagnoses quickly, and starts repair after your approval.",,"Urgent refrigerator, freezer, ice maker, and leak issues handled across Bay Area.",,Book online in 60 seconds or call now to secure the next open slot.,,sub-zero,geo-sanleandro-,https://appliancepros.netlify.app/subzero/,,,,,Enabled,Enabled,Enabled,,,Urgency angle RSA test
SZ_Search_BayArea_Full_v2,Geo SanLeandro Repair,Responsive search ad,fullv2_price_test,Sub-Zero Repair SanLeandro,,"Upfront Pricing, No Surprises",,Diagnosis Before Any Repair,,Approve Repair Before Work,,Book Service In 60 Seconds,,Local Sub-Zero Technicians,,Same-Day Slots Available,,Clear Quote After Diagnosis,,Warranty On Completed Repair,,Bay Area Home Visits,,Call Or Book Online,,No Repair Without Approval,,Trusted Appliance Pros Team,,Fast In-Home Diagnostics,,Flexible Arrival Windows,,"Transparent process: diagnosis first, clear quote second, repair only with approval.",,No hidden charges. You get upfront pricing and warranty on completed repair work.,,Compare options after diagnosis and choose what fits your budget and urgency.,,Schedule Sub-Zero service today and get a clear quote before any repair begins.,,sub-zero,geo-sanleandro-,https://appliancepros.netlify.app/subzero/,,,,,Enabled,Enabled,Enabled,,,Price clarity RSA test
SZ_Search_BayArea_Full_v2,Geo SanMateo Repair,Responsive search ad,fullv2_primary,Sub-Zero Repair SanMateo,,Reliable Local Repair Team,,Experienced Fridge Specialists,,Sub-Zero Service You Trust,,Book Service In 60 Seconds,,Local Sub-Zero Technicians,,Same-Day Slots Available,,Clear Quote After Diagnosis,,Warranty On Completed Repair,,Bay Area Home Visits,,Call Or Book Online,,No Repair Without Approval,,Trusted Appliance Pros Team,,Fast In-Home Diagnostics,,Flexible Arrival Windows,,Book Sub-Zero service in under a minute and choose a convenient Bay Area arrival window.,,"Our technician diagnoses first, explains options clearly, and repairs only with approval.",,"We fix cooling, ice, leak, door, and freezer issues across Bay Area homes.",,Call now or book online for same-day or next-day Sub-Zero service.,,sub-zero,geo-sanmateo-re,https://appliancepros.netlify.app/subzero/,,,,,Enabled,Enabled,Enabled,,,Primary trust-focused RSA
SZ_Search_BayArea_Full_v2,Geo SanMateo Repair,Responsive search ad,fullv2_urgency_test,Sub-Zero Repair SanMateo,,Need Help Today? Book Now,,Emergency Slots Open Now,,Technician Arrives Same Day,,Book Service In 60 Seconds,,Local Sub-Zero Technicians,,Same-Day Slots Available,,Clear Quote After Diagnosis,,Warranty On Completed Repair,,Bay Area Home Visits,,Call Or Book Online,,No Repair Without Approval,,Trusted Appliance Pros Team,,Fast In-Home Diagnostics,,Flexible Arrival Windows,,Need fast help? Request same-day Sub-Zero service and get a confirmed arrival window.,,"Local tech visits fast, diagnoses quickly, and starts repair after your approval.",,"Urgent refrigerator, freezer, ice maker, and leak issues handled across Bay Area.",,Book online in 60 seconds or call now to secure the next open slot.,,sub-zero,geo-sanmateo-re,https://appliancepros.netlify.app/subzero/,,,,,Enabled,Enabled,Enabled,,,Urgency angle RSA test
SZ_Search_BayArea_Full_v2,Geo SanMateo Repair,Responsive search ad,fullv2_price_test,Sub-Zero Repair SanMateo,,"Upfront Pricing, No Surprises",,Diagnosis Before Any Repair,,Approve Repair Before Work,,Book Service In 60 Seconds,,Local Sub-Zero Technicians,,Same-Day Slots Available,,Clear Quote After Diagnosis,,Warranty On Completed Repair,,Bay Area Home Visits,,Call Or Book Online,,No Repair Without Approval,,Trusted Appliance Pros Team,,Fast In-Home Diagnostics,,Flexible Arrival Windows,,"Transparent process: diagnosis first, clear quote second, repair only with approval.",,No hidden charges. You get upfront pricing and warranty on completed repair work.,,Compare options after diagnosis and choose what fits your budget and urgency.,,Schedule Sub-Zero service today and get a clear quote before any repair begins.,,sub-zero,geo-sanmateo-re,https://appliancepros.netlify.app/subzero/,,,,,Enabled,Enabled,Enabled,,,Price clarity RSA test
SZ_Search_BayArea_Full_v2,Geo SanRafael Repair,Responsive search ad,fullv2_primary,Sub-Zero Repair SanRafael,,Reliable Local Repair Team,,Experienced Fridge Specialists,,Sub-Zero Service You Trust,,Book Service In 60 Seconds,,Local Sub-Zero Technicians,,Same-Day Slots Available,,Clear Quote After Diagnosis,,Warranty On Completed Repair,,Bay Area Home Visits,,Call Or Book Online,,No Repair Without Approval,,Trusted Appliance Pros Team,,Fast In-Home Diagnostics,,Flexible Arrival Windows,,Book Sub-Zero service in under a minute and choose a convenient Bay Area arrival window.,,"Our technician diagnoses first, explains options clearly, and repairs only with approval.",,"We fix cooling, ice, leak, door, and freezer issues across Bay Area homes.",,Call now or book online for same-day or next-day Sub-Zero service.,,sub-zero,geo-sanrafael-r,https://appliancepros.netlify.app/subzero/,,,,,Enabled,Enabled,Enabled,,,Primary trust-focused RSA
SZ_Search_BayArea_Full_v2,Geo SanRafael Repair,Responsive search ad,fullv2_urgency_test,Sub-Zero Repair SanRafael,,Need Help Today? Book Now,,Emergency Slots Open Now,,Technician Arrives Same Day,,Book Service In 60 Seconds,,Local Sub-Zero Technicians,,Same-Day Slots Available,,Clear Quote After Diagnosis,,Warranty On Completed Repair,,Bay Area Home Visits,,Call Or Book Online,,No Repair Without Approval,,Trusted Appliance Pros Team,,Fast In-Home Diagnostics,,Flexible Arrival Windows,,Need fast help? Request same-day Sub-Zero service and get a confirmed arrival window.,,"Local tech visits fast, diagnoses quickly, and starts repair after your approval.",,"Urgent refrigerator, freezer, ice maker, and leak issues handled across Bay Area.",,Book online in 60 seconds or call now to secure the next open slot.,,sub-zero,geo-sanrafael-r,https://appliancepros.netlify.app/subzero/,,,,,Enabled,Enabled,Enabled,,,Urgency angle RSA test
SZ_Search_BayArea_Full_v2,Geo SanRafael Repair,Responsive search ad,fullv2_price_test,Sub-Zero Repair SanRafael,,"Upfront Pricing, No Surprises",,Diagnosis Before Any Repair,,Approve Repair Before Work,,Book Service In 60 Seconds,,Local Sub-Zero Technicians,,Same-Day Slots Available,,Clear Quote After Diagnosis,,Warranty On Completed Repair,,Bay Area Home Visits,,Call Or Book Online,,No Repair Without Approval,,Trusted Appliance Pros Team,,Fast In-Home Diagnostics,,Flexible Arrival Windows,,"Transparent process: diagnosis first, clear quote second, repair only with approval.",,No hidden charges. You get upfront pricing and warranty on completed repair work.,,Compare options after diagnosis and choose what fits your budget and urgency.,,Schedule Sub-Zero service today and get a clear quote before any repair begins.,,sub-zero,geo-sanrafael-r,https://appliancepros.netlify.app/subzero/,,,,,Enabled,Enabled,Enabled,,,Price clarity RSA test
SZ_Search_BayArea_Full_v2,Geo SantaClara Repair,Responsive search ad,fullv2_primary,Sub-Zero Repair SantaClara,,Reliable Local Repair Team,,Experienced Fridge Specialists,,Sub-Zero Service You Trust,,Book Service In 60 Seconds,,Local Sub-Zero Technicians,,Same-Day Slots Available,,Clear Quote After Diagnosis,,Warranty On Completed Repair,,Bay Area Home Visits,,Call Or Book Online,,No Repair Without Approval,,Trusted Appliance Pros Team,,Fast In-Home Diagnostics,,Flexible Arrival Windows,,Book Sub-Zero service in under a minute and choose a convenient Bay Area arrival window.,,"Our technician diagnoses first, explains options clearly, and repairs only with approval.",,"We fix cooling, ice, leak, door, and freezer issues across Bay Area homes.",,Call now or book online for same-day or next-day Sub-Zero service.,,sub-zero,geo-santaclara-,https://appliancepros.netlify.app/subzero/,,,,,Enabled,Enabled,Enabled,,,Primary trust-focused RSA
SZ_Search_BayArea_Full_v2,Geo SantaClara Repair,Responsive search ad,fullv2_urgency_test,Sub-Zero Repair SantaClara,,Need Help Today? Book Now,,Emergency Slots Open Now,,Technician Arrives Same Day,,Book Service In 60 Seconds,,Local Sub-Zero Technicians,,Same-Day Slots Available,,Clear Quote After Diagnosis,,Warranty On Completed Repair,,Bay Area Home Visits,,Call Or Book Online,,No Repair Without Approval,,Trusted Appliance Pros Team,,Fast In-Home Diagnostics,,Flexible Arrival Windows,,Need fast help? Request same-day Sub-Zero service and get a confirmed arrival window.,,"Local tech visits fast, diagnoses quickly, and starts repair after your approval.",,"Urgent refrigerator, freezer, ice maker, and leak issues handled across Bay Area.",,Book online in 60 seconds or call now to secure the next open slot.,,sub-zero,geo-santaclara-,https://appliancepros.netlify.app/subzero/,,,,,Enabled,Enabled,Enabled,,,Urgency angle RSA test
SZ_Search_BayArea_Full_v2,Geo SantaClara Repair,Responsive search ad,fullv2_price_test,Sub-Zero Repair SantaClara,,"Upfront Pricing, No Surprises",,Diagnosis Before Any Repair,,Approve Repair Before Work,,Book Service In 60 Seconds,,Local Sub-Zero Technicians,,Same-Day Slots Available,,Clear Quote After Diagnosis,,Warranty On Completed Repair,,Bay Area Home Visits,,Call Or Book Online,,No Repair Without Approval,,Trusted Appliance Pros Team,,Fast In-Home Diagnostics,,Flexible Arrival Windows,,"Transparent process: diagnosis first, clear quote second, repair only with approval.",,No hidden charges. You get upfront pricing and warranty on completed repair work.,,Compare options after diagnosis and choose what fits your budget and urgency.,,Schedule Sub-Zero service today and get a clear quote before any repair begins.,,sub-zero,geo-santaclara-,https://appliancepros.netlify.app/subzero/,,,,,Enabled,Enabled,Enabled,,,Price clarity RSA test
SZ_Search_BayArea_Full_v2,Geo Sunnyvale Repair,Responsive search ad,fullv2_primary,Sub-Zero Repair Sunnyvale,,Reliable Local Repair Team,,Experienced Fridge Specialists,,Sub-Zero Service You Trust,,Book Service In 60 Seconds,,Local Sub-Zero Technicians,,Same-Day Slots Available,,Clear Quote After Diagnosis,,Warranty On Completed Repair,,Bay Area Home Visits,,Call Or Book Online,,No Repair Without Approval,,Trusted Appliance Pros Team,,Fast In-Home Diagnostics,,Flexible Arrival Windows,,Book Sub-Zero service in under a minute and choose a convenient Bay Area arrival window.,,"Our technician diagnoses first, explains options clearly, and repairs only with approval.",,"We fix cooling, ice, leak, door, and freezer issues across Bay Area homes.",,Call now or book online for same-day or next-day Sub-Zero service.,,sub-zero,geo-sunnyvale-r,https://appliancepros.netlify.app/subzero/,,,,,Enabled,Enabled,Enabled,,,Primary trust-focused RSA
SZ_Search_BayArea_Full_v2,Geo Sunnyvale Repair,Responsive search ad,fullv2_urgency_test,Sub-Zero Repair Sunnyvale,,Need Help Today? Book Now,,Emergency Slots Open Now,,Technician Arrives Same Day,,Book Service In 60 Seconds,,Local Sub-Zero Technicians,,Same-Day Slots Available,,Clear Quote After Diagnosis,,Warranty On Completed Repair,,Bay Area Home Visits,,Call Or Book Online,,No Repair Without Approval,,Trusted Appliance Pros Team,,Fast In-Home Diagnostics,,Flexible Arrival Windows,,Need fast help? Request same-day Sub-Zero service and get a confirmed arrival window.,,"Local tech visits fast, diagnoses quickly, and starts repair after your approval.",,"Urgent refrigerator, freezer, ice maker, and leak issues handled across Bay Area.",,Book online in 60 seconds or call now to secure the next open slot.,,sub-zero,geo-sunnyvale-r,https://appliancepros.netlify.app/subzero/,,,,,Enabled,Enabled,Enabled,,,Urgency angle RSA test
SZ_Search_BayArea_Full_v2,Geo Sunnyvale Repair,Responsive search ad,fullv2_price_test,Sub-Zero Repair Sunnyvale,,"Upfront Pricing, No Surprises",,Diagnosis Before Any Repair,,Approve Repair Before Work,,Book Service In 60 Seconds,,Local Sub-Zero Technicians,,Same-Day Slots Available,,Clear Quote After Diagnosis,,Warranty On Completed Repair,,Bay Area Home Visits,,Call Or Book Online,,No Repair Without Approval,,Trusted Appliance Pros Team,,Fast In-Home Diagnostics,,Flexible Arrival Windows,,"Transparent process: diagnosis first, clear quote second, repair only with approval.",,No hidden charges. You get upfront pricing and warranty on completed repair work.,,Compare options after diagnosis and choose what fits your budget and urgency.,,Schedule Sub-Zero service today and get a clear quote before any repair begins.,,sub-zero,geo-sunnyvale-r,https://appliancepros.netlify.app/subzero/,,,,,Enabled,Enabled,Enabled,,,Price clarity RSA test
SZ_Search_BayArea_Full_v2,Geo UnionCity Repair,Responsive search ad,fullv2_primary,Sub-Zero Repair UnionCity,,Reliable Local Repair Team,,Experienced Fridge Specialists,,Sub-Zero Service You Trust,,Book Service In 60 Seconds,,Local Sub-Zero Technicians,,Same-Day Slots Available,,Clear Quote After Diagnosis,,Warranty On Completed Repair,,Bay Area Home Visits,,Call Or Book Online,,No Repair Without Approval,,Trusted Appliance Pros Team,,Fast In-Home Diagnostics,,Flexible Arrival Windows,,Book Sub-Zero service in under a minute and choose a convenient Bay Area arrival window.,,"Our technician diagnoses first, explains options clearly, and repairs only with approval.",,"We fix cooling, ice, leak, door, and freezer issues across Bay Area homes.",,Call now or book online for same-day or next-day Sub-Zero service.,,sub-zero,geo-unioncity-r,https://appliancepros.netlify.app/subzero/,,,,,Enabled,Enabled,Enabled,,,Primary trust-focused RSA
SZ_Search_BayArea_Full_v2,Geo UnionCity Repair,Responsive search ad,fullv2_urgency_test,Sub-Zero Repair UnionCity,,Need Help Today? Book Now,,Emergency Slots Open Now,,Technician Arrives Same Day,,Book Service In 60 Seconds,,Local Sub-Zero Technicians,,Same-Day Slots Available,,Clear Quote After Diagnosis,,Warranty On Completed Repair,,Bay Area Home Visits,,Call Or Book Online,,No Repair Without Approval,,Trusted Appliance Pros Team,,Fast In-Home Diagnostics,,Flexible Arrival Windows,,Need fast help? Request same-day Sub-Zero service and get a confirmed arrival window.,,"Local tech visits fast, diagnoses quickly, and starts repair after your approval.",,"Urgent refrigerator, freezer, ice maker, and leak issues handled across Bay Area.",,Book online in 60 seconds or call now to secure the next open slot.,,sub-zero,geo-unioncity-r,https://appliancepros.netlify.app/subzero/,,,,,Enabled,Enabled,Enabled,,,Urgency angle RSA test
SZ_Search_BayArea_Full_v2,Geo UnionCity Repair,Responsive search ad,fullv2_price_test,Sub-Zero Repair UnionCity,,"Upfront Pricing, No Surprises",,Diagnosis Before Any Repair,,Approve Repair Before Work,,Book Service In 60 Seconds,,Local Sub-Zero Technicians,,Same-Day Slots Available,,Clear Quote After Diagnosis,,Warranty On Completed Repair,,Bay Area Home Visits,,Call Or Book Online,,No Repair Without Approval,,Trusted Appliance Pros Team,,Fast In-Home Diagnostics,,Flexible Arrival Windows,,"Transparent process: diagnosis first, clear quote second, repair only with approval.",,No hidden charges. You get upfront pricing and warranty on completed repair work.,,Compare options after diagnosis and choose what fits your budget and urgency.,,Schedule Sub-Zero service today and get a clear quote before any repair begins.,,sub-zero,geo-unioncity-r,https://appliancepros.netlify.app/subzero/,,,,,Enabled,Enabled,Enabled,,,Price clarity RSA test
SZ_Search_BayArea_Full_v2,Geo WalnutCrk Repair,Responsive search ad,fullv2_primary,Sub-Zero Repair WalnutCrk,,Reliable Local Repair Team,,Experienced Fridge Specialists,,Sub-Zero Service You Trust,,Book Service In 60 Seconds,,Local Sub-Zero Technicians,,Same-Day Slots Available,,Clear Quote After Diagnosis,,Warranty On Completed Repair,,Bay Area Home Visits,,Call Or Book Online,,No Repair Without Approval,,Trusted Appliance Pros Team,,Fast In-Home Diagnostics,,Flexible Arrival Windows,,Book Sub-Zero service in under a minute and choose a convenient Bay Area arrival window.,,"Our technician diagnoses first, explains options clearly, and repairs only with approval.",,"We fix cooling, ice, leak, door, and freezer issues across Bay Area homes.",,Call now or book online for same-day or next-day Sub-Zero service.,,sub-zero,geo-walnutcrk-r,https://appliancepros.netlify.app/subzero/,,,,,Enabled,Enabled,Enabled,,,Primary trust-focused RSA
SZ_Search_BayArea_Full_v2,Geo WalnutCrk Repair,Responsive search ad,fullv2_urgency_test,Sub-Zero Repair WalnutCrk,,Need Help Today? Book Now,,Emergency Slots Open Now,,Technician Arrives Same Day,,Book Service In 60 Seconds,,Local Sub-Zero Technicians,,Same-Day Slots Available,,Clear Quote After Diagnosis,,Warranty On Completed Repair,,Bay Area Home Visits,,Call Or Book Online,,No Repair Without Approval,,Trusted Appliance Pros Team,,Fast In-Home Diagnostics,,Flexible Arrival Windows,,Need fast help? Request same-day Sub-Zero service and get a confirmed arrival window.,,"Local tech visits fast, diagnoses quickly, and starts repair after your approval.",,"Urgent refrigerator, freezer, ice maker, and leak issues handled across Bay Area.",,Book online in 60 seconds or call now to secure the next open slot.,,sub-zero,geo-walnutcrk-r,https://appliancepros.netlify.app/subzero/,,,,,Enabled,Enabled,Enabled,,,Urgency angle RSA test
SZ_Search_BayArea_Full_v2,Geo WalnutCrk Repair,Responsive search ad,fullv2_price_test,Sub-Zero Repair WalnutCrk,,"Upfront Pricing, No Surprises",,Diagnosis Before Any Repair,,Approve Repair Before Work,,Book Service In 60 Seconds,,Local Sub-Zero Technicians,,Same-Day Slots Available,,Clear Quote After Diagnosis,,Warranty On Completed Repair,,Bay Area Home Visits,,Call Or Book Online,,No Repair Without Approval,,Trusted Appliance Pros Team,,Fast In-Home Diagnostics,,Flexible Arrival Windows,,"Transparent process: diagnosis first, clear quote second, repair only with approval.",,No hidden charges. You get upfront pricing and warranty on completed repair work.,,Compare options after diagnosis and choose what fits your budget and urgency.,,Schedule Sub-Zero service today and get a clear quote before any repair begins.,,sub-zero,geo-walnutcrk-r,https://appliancepros.netlify.app/subzero/,,,,,Enabled,Enabled,Enabled,,,Price clarity RSA test
SZ_Search_BayArea_Full_v2,Ice Maker Not Working,Responsive search ad,fullv2_primary,Sub-Zero Ice Maker Repair,,Reliable Local Repair Team,,Experienced Fridge Specialists,,Sub-Zero Service You Trust,,Book Service In 60 Seconds,,Local Sub-Zero Technicians,,Same-Day Slots Available,,Clear Quote After Diagnosis,,Warranty On Completed Repair,,Bay Area Home Visits,,Call Or Book Online,,No Repair Without Approval,,Trusted Appliance Pros Team,,Fast In-Home Diagnostics,,Flexible Arrival Windows,,Book Sub-Zero service in under a minute and choose a convenient Bay Area arrival window.,,"Our technician diagnoses first, explains options clearly, and repairs only with approval.",,"We fix cooling, ice, leak, door, and freezer issues across Bay Area homes.",,Call now or book online for same-day or next-day Sub-Zero service.,,sub-zero,ice-maker-not-w,https://appliancepros.netlify.app/subzero/,,,,,Enabled,Enabled,Enabled,,,Primary trust-focused RSA
SZ_Search_BayArea_Full_v2,Ice Maker Not Working,Responsive search ad,fullv2_urgency_test,Sub-Zero Ice Maker Repair,,Need Help Today? Book Now,,Emergency Slots Open Now,,Technician Arrives Same Day,,Book Service In 60 Seconds,,Local Sub-Zero Technicians,,Same-Day Slots Available,,Clear Quote After Diagnosis,,Warranty On Completed Repair,,Bay Area Home Visits,,Call Or Book Online,,No Repair Without Approval,,Trusted Appliance Pros Team,,Fast In-Home Diagnostics,,Flexible Arrival Windows,,Need fast help? Request same-day Sub-Zero service and get a confirmed arrival window.,,"Local tech visits fast, diagnoses quickly, and starts repair after your approval.",,"Urgent refrigerator, freezer, ice maker, and leak issues handled across Bay Area.",,Book online in 60 seconds or call now to secure the next open slot.,,sub-zero,ice-maker-not-w,https://appliancepros.netlify.app/subzero/,,,,,Enabled,Enabled,Enabled,,,Urgency angle RSA test
SZ_Search_BayArea_Full_v2,Ice Maker Not Working,Responsive search ad,fullv2_price_test,Sub-Zero Ice Maker Repair,,"Upfront Pricing, No Surprises",,Diagnosis Before Any Repair,,Approve Repair Before Work,,Book Service In 60 Seconds,,Local Sub-Zero Technicians,,Same-Day Slots Available,,Clear Quote After Diagnosis,,Warranty On Completed Repair,,Bay Area Home Visits,,Call Or Book Online,,No Repair Without Approval,,Trusted Appliance Pros Team,,Fast In-Home Diagnostics,,Flexible Arrival Windows,,"Transparent process: diagnosis first, clear quote second, repair only with approval.",,No hidden charges. You get upfront pricing and warranty on completed repair work.,,Compare options after diagnosis and choose what fits your budget and urgency.,,Schedule Sub-Zero service today and get a clear quote before any repair begins.,,sub-zero,ice-maker-not-w,https://appliancepros.netlify.app/subzero/,,,,,Enabled,Enabled,Enabled,,,Price clarity RSA test
SZ_Search_BayArea_Full_v2,Ice Not Making,Responsive search ad,fullv2_primary,Sub-Zero Not Making Ice,,Reliable Local Repair Team,,Experienced Fridge Specialists,,Sub-Zero Service You Trust,,Book Service In 60 Seconds,,Local Sub-Zero Technicians,,Same-Day Slots Available,,Clear Quote After Diagnosis,,Warranty On Completed Repair,,Bay Area Home Visits,,Call Or Book Online,,No Repair Without Approval,,Trusted Appliance Pros Team,,Fast In-Home Diagnostics,,Flexible Arrival Windows,,Book Sub-Zero service in under a minute and choose a convenient Bay Area arrival window.,,"Our technician diagnoses first, explains options clearly, and repairs only with approval.",,"We fix cooling, ice, leak, door, and freezer issues across Bay Area homes.",,Call now or book online for same-day or next-day Sub-Zero service.,,sub-zero,ice-not-making,https://appliancepros.netlify.app/subzero/,,,,,Enabled,Enabled,Enabled,,,Primary trust-focused RSA
SZ_Search_BayArea_Full_v2,Ice Not Making,Responsive search ad,fullv2_urgency_test,Sub-Zero Not Making Ice,,Need Help Today? Book Now,,Emergency Slots Open Now,,Technician Arrives Same Day,,Book Service In 60 Seconds,,Local Sub-Zero Technicians,,Same-Day Slots Available,,Clear Quote After Diagnosis,,Warranty On Completed Repair,,Bay Area Home Visits,,Call Or Book Online,,No Repair Without Approval,,Trusted Appliance Pros Team,,Fast In-Home Diagnostics,,Flexible Arrival Windows,,Need fast help? Request same-day Sub-Zero service and get a confirmed arrival window.,,"Local tech visits fast, diagnoses quickly, and starts repair after your approval.",,"Urgent refrigerator, freezer, ice maker, and leak issues handled across Bay Area.",,Book online in 60 seconds or call now to secure the next open slot.,,sub-zero,ice-not-making,https://appliancepros.netlify.app/subzero/,,,,,Enabled,Enabled,Enabled,,,Urgency angle RSA test
SZ_Search_BayArea_Full_v2,Ice Not Making,Responsive search ad,fullv2_price_test,Sub-Zero Not Making Ice,,"Upfront Pricing, No Surprises",,Diagnosis Before Any Repair,,Approve Repair Before Work,,Book Service In 60 Seconds,,Local Sub-Zero Technicians,,Same-Day Slots Available,,Clear Quote After Diagnosis,,Warranty On Completed Repair,,Bay Area Home Visits,,Call Or Book Online,,No Repair Without Approval,,Trusted Appliance Pros Team,,Fast In-Home Diagnostics,,Flexible Arrival Windows,,"Transparent process: diagnosis first, clear quote second, repair only with approval.",,No hidden charges. You get upfront pricing and warranty on completed repair work.,,Compare options after diagnosis and choose what fits your budget and urgency.,,Schedule Sub-Zero service today and get a clear quote before any repair begins.,,sub-zero,ice-not-making,https://appliancepros.netlify.app/subzero/,,,,,Enabled,Enabled,Enabled,,,Price clarity RSA test
SZ_Search_BayArea_Full_v2,Near Me Core,Responsive search ad,fullv2_primary,Sub-Zero Repair Near You,,Reliable Local Repair Team,,Experienced Fridge Specialists,,Sub-Zero Service You Trust,,Book Service In 60 Seconds,,Local Sub-Zero Technicians,,Same-Day Slots Available,,Clear Quote After Diagnosis,,Warranty On Completed Repair,,Bay Area Home Visits,,Call Or Book Online,,No Repair Without Approval,,Trusted Appliance Pros Team,,Fast In-Home Diagnostics,,Flexible Arrival Windows,,Book Sub-Zero service in under a minute and choose a convenient Bay Area arrival window.,,"Our technician diagnoses first, explains options clearly, and repairs only with approval.",,"We fix cooling, ice, leak, door, and freezer issues across Bay Area homes.",,Call now or book online for same-day or next-day Sub-Zero service.,,sub-zero,near-me-core,https://appliancepros.netlify.app/subzero/,,,,,Enabled,Enabled,Enabled,,,Primary trust-focused RSA
SZ_Search_BayArea_Full_v2,Near Me Core,Responsive search ad,fullv2_urgency_test,Sub-Zero Repair Near You,,Need Help Today? Book Now,,Emergency Slots Open Now,,Technician Arrives Same Day,,Book Service In 60 Seconds,,Local Sub-Zero Technicians,,Same-Day Slots Available,,Clear Quote After Diagnosis,,Warranty On Completed Repair,,Bay Area Home Visits,,Call Or Book Online,,No Repair Without Approval,,Trusted Appliance Pros Team,,Fast In-Home Diagnostics,,Flexible Arrival Windows,,Need fast help? Request same-day Sub-Zero service and get a confirmed arrival window.,,"Local tech visits fast, diagnoses quickly, and starts repair after your approval.",,"Urgent refrigerator, freezer, ice maker, and leak issues handled across Bay Area.",,Book online in 60 seconds or call now to secure the next open slot.,,sub-zero,near-me-core,https://appliancepros.netlify.app/subzero/,,,,,Enabled,Enabled,Enabled,,,Urgency angle RSA test
SZ_Search_BayArea_Full_v2,Near Me Core,Responsive search ad,fullv2_price_test,Sub-Zero Repair Near You,,"Upfront Pricing, No Surprises",,Diagnosis Before Any Repair,,Approve Repair Before Work,,Book Service In 60 Seconds,,Local Sub-Zero Technicians,,Same-Day Slots Available,,Clear Quote After Diagnosis,,Warranty On Completed Repair,,Bay Area Home Visits,,Call Or Book Online,,No Repair Without Approval,,Trusted Appliance Pros Team,,Fast In-Home Diagnostics,,Flexible Arrival Windows,,"Transparent process: diagnosis first, clear quote second, repair only with approval.",,No hidden charges. You get upfront pricing and warranty on completed repair work.,,Compare options after diagnosis and choose what fits your budget and urgency.,,Schedule Sub-Zero service today and get a clear quote before any repair begins.,,sub-zero,near-me-core,https://appliancepros.netlify.app/subzero/,,,,,Enabled,Enabled,Enabled,,,Price clarity RSA test
SZ_Search_BayArea_Full_v2,Noise And Fan Repair,Responsive search ad,fullv2_primary,Sub-Zero Noise And Fan Repair,,Reliable Local Repair Team,,Experienced Fridge Specialists,,Sub-Zero Service You Trust,,Book Service In 60 Seconds,,Local Sub-Zero Technicians,,Same-Day Slots Available,,Clear Quote After Diagnosis,,Warranty On Completed Repair,,Bay Area Home Visits,,Call Or Book Online,,No Repair Without Approval,,Trusted Appliance Pros Team,,Fast In-Home Diagnostics,,Flexible Arrival Windows,,Book Sub-Zero service in under a minute and choose a convenient Bay Area arrival window.,,"Our technician diagnoses first, explains options clearly, and repairs only with approval.",,"We fix cooling, ice, leak, door, and freezer issues across Bay Area homes.",,Call now or book online for same-day or next-day Sub-Zero service.,,sub-zero,noise-and-fan-r,https://appliancepros.netlify.app/subzero/,,,,,Enabled,Enabled,Enabled,,,Primary trust-focused RSA
SZ_Search_BayArea_Full_v2,Noise And Fan Repair,Responsive search ad,fullv2_urgency_test,Sub-Zero Noise And Fan Repair,,Need Help Today? Book Now,,Emergency Slots Open Now,,Technician Arrives Same Day,,Book Service In 60 Seconds,,Local Sub-Zero Technicians,,Same-Day Slots Available,,Clear Quote After Diagnosis,,Warranty On Completed Repair,,Bay Area Home Visits,,Call Or Book Online,,No Repair Without Approval,,Trusted Appliance Pros Team,,Fast In-Home Diagnostics,,Flexible Arrival Windows,,Need fast help? Request same-day Sub-Zero service and get a confirmed arrival window.,,"Local tech visits fast, diagnoses quickly, and starts repair after your approval.",,"Urgent refrigerator, freezer, ice maker, and leak issues handled across Bay Area.",,Book online in 60 seconds or call now to secure the next open slot.,,sub-zero,noise-and-fan-r,https://appliancepros.netlify.app/subzero/,,,,,Enabled,Enabled,Enabled,,,Urgency angle RSA test
SZ_Search_BayArea_Full_v2,Noise And Fan Repair,Responsive search ad,fullv2_price_test,Sub-Zero Noise And Fan Repair,,"Upfront Pricing, No Surprises",,Diagnosis Before Any Repair,,Approve Repair Before Work,,Book Service In 60 Seconds,,Local Sub-Zero Technicians,,Same-Day Slots Available,,Clear Quote After Diagnosis,,Warranty On Completed Repair,,Bay Area Home Visits,,Call Or Book Online,,No Repair Without Approval,,Trusted Appliance Pros Team,,Fast In-Home Diagnostics,,Flexible Arrival Windows,,"Transparent process: diagnosis first, clear quote second, repair only with approval.",,No hidden charges. You get upfront pricing and warranty on completed repair work.,,Compare options after diagnosis and choose what fits your budget and urgency.,,Schedule Sub-Zero service today and get a clear quote before any repair begins.,,sub-zero,noise-and-fan-r,https://appliancepros.netlify.app/subzero/,,,,,Enabled,Enabled,Enabled,,,Price clarity RSA test
SZ_Search_BayArea_Full_v2,Refrigerator Not Working,Responsive search ad,fullv2_primary,Sub-Zero Not Working Repair,,Reliable Local Repair Team,,Experienced Fridge Specialists,,Sub-Zero Service You Trust,,Book Service In 60 Seconds,,Local Sub-Zero Technicians,,Same-Day Slots Available,,Clear Quote After Diagnosis,,Warranty On Completed Repair,,Bay Area Home Visits,,Call Or Book Online,,No Repair Without Approval,,Trusted Appliance Pros Team,,Fast In-Home Diagnostics,,Flexible Arrival Windows,,Book Sub-Zero service in under a minute and choose a convenient Bay Area arrival window.,,"Our technician diagnoses first, explains options clearly, and repairs only with approval.",,"We fix cooling, ice, leak, door, and freezer issues across Bay Area homes.",,Call now or book online for same-day or next-day Sub-Zero service.,,sub-zero,refrigerator-no,https://appliancepros.netlify.app/subzero/,,,,,Enabled,Enabled,Enabled,,,Primary trust-focused RSA
SZ_Search_BayArea_Full_v2,Refrigerator Not Working,Responsive search ad,fullv2_urgency_test,Sub-Zero Not Working Repair,,Need Help Today? Book Now,,Emergency Slots Open Now,,Technician Arrives Same Day,,Book Service In 60 Seconds,,Local Sub-Zero Technicians,,Same-Day Slots Available,,Clear Quote After Diagnosis,,Warranty On Completed Repair,,Bay Area Home Visits,,Call Or Book Online,,No Repair Without Approval,,Trusted Appliance Pros Team,,Fast In-Home Diagnostics,,Flexible Arrival Windows,,Need fast help? Request same-day Sub-Zero service and get a confirmed arrival window.,,"Local tech visits fast, diagnoses quickly, and starts repair after your approval.",,"Urgent refrigerator, freezer, ice maker, and leak issues handled across Bay Area.",,Book online in 60 seconds or call now to secure the next open slot.,,sub-zero,refrigerator-no,https://appliancepros.netlify.app/subzero/,,,,,Enabled,Enabled,Enabled,,,Urgency angle RSA test
SZ_Search_BayArea_Full_v2,Refrigerator Not Working,Responsive search ad,fullv2_price_test,Sub-Zero Not Working Repair,,"Upfront Pricing, No Surprises",,Diagnosis Before Any Repair,,Approve Repair Before Work,,Book Service In 60 Seconds,,Local Sub-Zero Technicians,,Same-Day Slots Available,,Clear Quote After Diagnosis,,Warranty On Completed Repair,,Bay Area Home Visits,,Call Or Book Online,,No Repair Without Approval,,Trusted Appliance Pros Team,,Fast In-Home Diagnostics,,Flexible Arrival Windows,,"Transparent process: diagnosis first, clear quote second, repair only with approval.",,No hidden charges. You get upfront pricing and warranty on completed repair work.,,Compare options after diagnosis and choose what fits your budget and urgency.,,Schedule Sub-Zero service today and get a clear quote before any repair begins.,,sub-zero,refrigerator-no,https://appliancepros.netlify.app/subzero/,,,,,Enabled,Enabled,Enabled,,,Price clarity RSA test
SZ_Search_BayArea_Full_v2,Refrigerator Repair Core,Responsive search ad,fullv2_primary,Sub-Zero Fridge Repair,,Reliable Local Repair Team,,Experienced Fridge Specialists,,Sub-Zero Service You Trust,,Book Service In 60 Seconds,,Local Sub-Zero Technicians,,Same-Day Slots Available,,Clear Quote After Diagnosis,,Warranty On Completed Repair,,Bay Area Home Visits,,Call Or Book Online,,No Repair Without Approval,,Trusted Appliance Pros Team,,Fast In-Home Diagnostics,,Flexible Arrival Windows,,Book Sub-Zero service in under a minute and choose a convenient Bay Area arrival window.,,"Our technician diagnoses first, explains options clearly, and repairs only with approval.",,"We fix cooling, ice, leak, door, and freezer issues across Bay Area homes.",,Call now or book online for same-day or next-day Sub-Zero service.,,sub-zero,refrigerator-re,https://appliancepros.netlify.app/subzero/,,,,,Enabled,Enabled,Enabled,,,Primary trust-focused RSA
SZ_Search_BayArea_Full_v2,Refrigerator Repair Core,Responsive search ad,fullv2_urgency_test,Sub-Zero Fridge Repair,,Need Help Today? Book Now,,Emergency Slots Open Now,,Technician Arrives Same Day,,Book Service In 60 Seconds,,Local Sub-Zero Technicians,,Same-Day Slots Available,,Clear Quote After Diagnosis,,Warranty On Completed Repair,,Bay Area Home Visits,,Call Or Book Online,,No Repair Without Approval,,Trusted Appliance Pros Team,,Fast In-Home Diagnostics,,Flexible Arrival Windows,,Need fast help? Request same-day Sub-Zero service and get a confirmed arrival window.,,"Local tech visits fast, diagnoses quickly, and starts repair after your approval.",,"Urgent refrigerator, freezer, ice maker, and leak issues handled across Bay Area.",,Book online in 60 seconds or call now to secure the next open slot.,,sub-zero,refrigerator-re,https://appliancepros.netlify.app/subzero/,,,,,Enabled,Enabled,Enabled,,,Urgency angle RSA test
SZ_Search_BayArea_Full_v2,Refrigerator Repair Core,Responsive search ad,fullv2_price_test,Sub-Zero Fridge Repair,,"Upfront Pricing, No Surprises",,Diagnosis Before Any Repair,,Approve Repair Before Work,,Book Service In 60 Seconds,,Local Sub-Zero Technicians,,Same-Day Slots Available,,Clear Quote After Diagnosis,,Warranty On Completed Repair,,Bay Area Home Visits,,Call Or Book Online,,No Repair Without Approval,,Trusted Appliance Pros Team,,Fast In-Home Diagnostics,,Flexible Arrival Windows,,"Transparent process: diagnosis first, clear quote second, repair only with approval.",,No hidden charges. You get upfront pricing and warranty on completed repair work.,,Compare options after diagnosis and choose what fits your budget and urgency.,,Schedule Sub-Zero service today and get a clear quote before any repair begins.,,sub-zero,refrigerator-re,https://appliancepros.netlify.app/subzero/,,,,,Enabled,Enabled,Enabled,,,Price clarity RSA test
SZ_Search_BayArea_Full_v2,Refrigerator Service Core,Responsive search ad,fullv2_primary,Sub-Zero Fridge Service,,Reliable Local Repair Team,,Experienced Fridge Specialists,,Sub-Zero Service You Trust,,Book Service In 60 Seconds,,Local Sub-Zero Technicians,,Same-Day Slots Available,,Clear Quote After Diagnosis,,Warranty On Completed Repair,,Bay Area Home Visits,,Call Or Book Online,,No Repair Without Approval,,Trusted Appliance Pros Team,,Fast In-Home Diagnostics,,Flexible Arrival Windows,,Book Sub-Zero service in under a minute and choose a convenient Bay Area arrival window.,,"Our technician diagnoses first, explains options clearly, and repairs only with approval.",,"We fix cooling, ice, leak, door, and freezer issues across Bay Area homes.",,Call now or book online for same-day or next-day Sub-Zero service.,,sub-zero,refrigerator-se,https://appliancepros.netlify.app/subzero/,,,,,Enabled,Enabled,Enabled,,,Primary trust-focused RSA
SZ_Search_BayArea_Full_v2,Refrigerator Service Core,Responsive search ad,fullv2_urgency_test,Sub-Zero Fridge Service,,Need Help Today? Book Now,,Emergency Slots Open Now,,Technician Arrives Same Day,,Book Service In 60 Seconds,,Local Sub-Zero Technicians,,Same-Day Slots Available,,Clear Quote After Diagnosis,,Warranty On Completed Repair,,Bay Area Home Visits,,Call Or Book Online,,No Repair Without Approval,,Trusted Appliance Pros Team,,Fast In-Home Diagnostics,,Flexible Arrival Windows,,Need fast help? Request same-day Sub-Zero service and get a confirmed arrival window.,,"Local tech visits fast, diagnoses quickly, and starts repair after your approval.",,"Urgent refrigerator, freezer, ice maker, and leak issues handled across Bay Area.",,Book online in 60 seconds or call now to secure the next open slot.,,sub-zero,refrigerator-se,https://appliancepros.netlify.app/subzero/,,,,,Enabled,Enabled,Enabled,,,Urgency angle RSA test
SZ_Search_BayArea_Full_v2,Refrigerator Service Core,Responsive search ad,fullv2_price_test,Sub-Zero Fridge Service,,"Upfront Pricing, No Surprises",,Diagnosis Before Any Repair,,Approve Repair Before Work,,Book Service In 60 Seconds,,Local Sub-Zero Technicians,,Same-Day Slots Available,,Clear Quote After Diagnosis,,Warranty On Completed Repair,,Bay Area Home Visits,,Call Or Book Online,,No Repair Without Approval,,Trusted Appliance Pros Team,,Fast In-Home Diagnostics,,Flexible Arrival Windows,,"Transparent process: diagnosis first, clear quote second, repair only with approval.",,No hidden charges. You get upfront pricing and warranty on completed repair work.,,Compare options after diagnosis and choose what fits your budget and urgency.,,Schedule Sub-Zero service today and get a clear quote before any repair begins.,,sub-zero,refrigerator-se,https://appliancepros.netlify.app/subzero/,,,,,Enabled,Enabled,Enabled,,,Price clarity RSA test
SZ_Search_BayArea_Full_v2,Repair Cost Quote,Responsive search ad,fullv2_primary,Sub-Zero Repair Estimate,,Reliable Local Repair Team,,Experienced Fridge Specialists,,Sub-Zero Service You Trust,,Book Service In 60 Seconds,,Local Sub-Zero Technicians,,Same-Day Slots Available,,Clear Quote After Diagnosis,,Warranty On Completed Repair,,Bay Area Home Visits,,Call Or Book Online,,No Repair Without Approval,,Trusted Appliance Pros Team,,Fast In-Home Diagnostics,,Flexible Arrival Windows,,Book Sub-Zero service in under a minute and choose a convenient Bay Area arrival window.,,"Our technician diagnoses first, explains options clearly, and repairs only with approval.",,"We fix cooling, ice, leak, door, and freezer issues across Bay Area homes.",,Call now or book online for same-day or next-day Sub-Zero service.,,sub-zero,repair-cost-quo,https://appliancepros.netlify.app/subzero/,,,,,Enabled,Enabled,Enabled,,,Primary trust-focused RSA
SZ_Search_BayArea_Full_v2,Repair Cost Quote,Responsive search ad,fullv2_urgency_test,Sub-Zero Repair Estimate,,Need Help Today? Book Now,,Emergency Slots Open Now,,Technician Arrives Same Day,,Book Service In 60 Seconds,,Local Sub-Zero Technicians,,Same-Day Slots Available,,Clear Quote After Diagnosis,,Warranty On Completed Repair,,Bay Area Home Visits,,Call Or Book Online,,No Repair Without Approval,,Trusted Appliance Pros Team,,Fast In-Home Diagnostics,,Flexible Arrival Windows,,Need fast help? Request same-day Sub-Zero service and get a confirmed arrival window.,,"Local tech visits fast, diagnoses quickly, and starts repair after your approval.",,"Urgent refrigerator, freezer, ice maker, and leak issues handled across Bay Area.",,Book online in 60 seconds or call now to secure the next open slot.,,sub-zero,repair-cost-quo,https://appliancepros.netlify.app/subzero/,,,,,Enabled,Enabled,Enabled,,,Urgency angle RSA test
SZ_Search_BayArea_Full_v2,Repair Cost Quote,Responsive search ad,fullv2_price_test,Sub-Zero Repair Estimate,,"Upfront Pricing, No Surprises",,Diagnosis Before Any Repair,,Approve Repair Before Work,,Book Service In 60 Seconds,,Local Sub-Zero Technicians,,Same-Day Slots Available,,Clear Quote After Diagnosis,,Warranty On Completed Repair,,Bay Area Home Visits,,Call Or Book Online,,No Repair Without Approval,,Trusted Appliance Pros Team,,Fast In-Home Diagnostics,,Flexible Arrival Windows,,"Transparent process: diagnosis first, clear quote second, repair only with approval.",,No hidden charges. You get upfront pricing and warranty on completed repair work.,,Compare options after diagnosis and choose what fits your budget and urgency.,,Schedule Sub-Zero service today and get a clear quote before any repair begins.,,sub-zero,repair-cost-quo,https://appliancepros.netlify.app/subzero/,,,,,Enabled,Enabled,Enabled,,,Price clarity RSA test
SZ_Search_BayArea_Full_v2,Technician Request,Responsive search ad,fullv2_primary,Sub-Zero Technician Visit,,Reliable Local Repair Team,,Experienced Fridge Specialists,,Sub-Zero Service You Trust,,Book Service In 60 Seconds,,Local Sub-Zero Technicians,,Same-Day Slots Available,,Clear Quote After Diagnosis,,Warranty On Completed Repair,,Bay Area Home Visits,,Call Or Book Online,,No Repair Without Approval,,Trusted Appliance Pros Team,,Fast In-Home Diagnostics,,Flexible Arrival Windows,,Book Sub-Zero service in under a minute and choose a convenient Bay Area arrival window.,,"Our technician diagnoses first, explains options clearly, and repairs only with approval.",,"We fix cooling, ice, leak, door, and freezer issues across Bay Area homes.",,Call now or book online for same-day or next-day Sub-Zero service.,,sub-zero,technician-requ,https://appliancepros.netlify.app/subzero/,,,,,Enabled,Enabled,Enabled,,,Primary trust-focused RSA
SZ_Search_BayArea_Full_v2,Technician Request,Responsive search ad,fullv2_urgency_test,Sub-Zero Technician Visit,,Need Help Today? Book Now,,Emergency Slots Open Now,,Technician Arrives Same Day,,Book Service In 60 Seconds,,Local Sub-Zero Technicians,,Same-Day Slots Available,,Clear Quote After Diagnosis,,Warranty On Completed Repair,,Bay Area Home Visits,,Call Or Book Online,,No Repair Without Approval,,Trusted Appliance Pros Team,,Fast In-Home Diagnostics,,Flexible Arrival Windows,,Need fast help? Request same-day Sub-Zero service and get a confirmed arrival window.,,"Local tech visits fast, diagnoses quickly, and starts repair after your approval.",,"Urgent refrigerator, freezer, ice maker, and leak issues handled across Bay Area.",,Book online in 60 seconds or call now to secure the next open slot.,,sub-zero,technician-requ,https://appliancepros.netlify.app/subzero/,,,,,Enabled,Enabled,Enabled,,,Urgency angle RSA test
SZ_Search_BayArea_Full_v2,Technician Request,Responsive search ad,fullv2_price_test,Sub-Zero Technician Visit,,"Upfront Pricing, No Surprises",,Diagnosis Before Any Repair,,Approve Repair Before Work,,Book Service In 60 Seconds,,Local Sub-Zero Technicians,,Same-Day Slots Available,,Clear Quote After Diagnosis,,Warranty On Completed Repair,,Bay Area Home Visits,,Call Or Book Online,,No Repair Without Approval,,Trusted Appliance Pros Team,,Fast In-Home Diagnostics,,Flexible Arrival Windows,,"Transparent process: diagnosis first, clear quote second, repair only with approval.",,No hidden charges. You get upfront pricing and warranty on completed repair work.,,Compare options after diagnosis and choose what fits your budget and urgency.,,Schedule Sub-Zero service today and get a clear quote before any repair begins.,,sub-zero,technician-requ,https://appliancepros.netlify.app/subzero/,,,,,Enabled,Enabled,Enabled,,,Price clarity RSA test
SZ_Search_BayArea_Full_v2,Temperature Control,Responsive search ad,fullv2_primary,Sub-Zero Temp Control Repair,,Reliable Local Repair Team,,Experienced Fridge Specialists,,Sub-Zero Service You Trust,,Book Service In 60 Seconds,,Local Sub-Zero Technicians,,Same-Day Slots Available,,Clear Quote After Diagnosis,,Warranty On Completed Repair,,Bay Area Home Visits,,Call Or Book Online,,No Repair Without Approval,,Trusted Appliance Pros Team,,Fast In-Home Diagnostics,,Flexible Arrival Windows,,Book Sub-Zero service in under a minute and choose a convenient Bay Area arrival window.,,"Our technician diagnoses first, explains options clearly, and repairs only with approval.",,"We fix cooling, ice, leak, door, and freezer issues across Bay Area homes.",,Call now or book online for same-day or next-day Sub-Zero service.,,sub-zero,temperature-con,https://appliancepros.netlify.app/subzero/,,,,,Enabled,Enabled,Enabled,,,Primary trust-focused RSA
SZ_Search_BayArea_Full_v2,Temperature Control,Responsive search ad,fullv2_urgency_test,Sub-Zero Temp Control Repair,,Need Help Today? Book Now,,Emergency Slots Open Now,,Technician Arrives Same Day,,Book Service In 60 Seconds,,Local Sub-Zero Technicians,,Same-Day Slots Available,,Clear Quote After Diagnosis,,Warranty On Completed Repair,,Bay Area Home Visits,,Call Or Book Online,,No Repair Without Approval,,Trusted Appliance Pros Team,,Fast In-Home Diagnostics,,Flexible Arrival Windows,,Need fast help? Request same-day Sub-Zero service and get a confirmed arrival window.,,"Local tech visits fast, diagnoses quickly, and starts repair after your approval.",,"Urgent refrigerator, freezer, ice maker, and leak issues handled across Bay Area.",,Book online in 60 seconds or call now to secure the next open slot.,,sub-zero,temperature-con,https://appliancepros.netlify.app/subzero/,,,,,Enabled,Enabled,Enabled,,,Urgency angle RSA test
SZ_Search_BayArea_Full_v2,Temperature Control,Responsive search ad,fullv2_price_test,Sub-Zero Temp Control Repair,,"Upfront Pricing, No Surprises",,Diagnosis Before Any Repair,,Approve Repair Before Work,,Book Service In 60 Seconds,,Local Sub-Zero Technicians,,Same-Day Slots Available,,Clear Quote After Diagnosis,,Warranty On Completed Repair,,Bay Area Home Visits,,Call Or Book Online,,No Repair Without Approval,,Trusted Appliance Pros Team,,Fast In-Home Diagnostics,,Flexible Arrival Windows,,"Transparent process: diagnosis first, clear quote second, repair only with approval.",,No hidden charges. You get upfront pricing and warranty on completed repair work.,,Compare options after diagnosis and choose what fits your budget and urgency.,,Schedule Sub-Zero service today and get a clear quote before any repair begins.,,sub-zero,temperature-con,https://appliancepros.netlify.app/subzero/,,,,,Enabled,Enabled,Enabled,,,Price clarity RSA test
SZ_Search_BayArea_Full_v2,Water Dispenser Repair,Responsive search ad,fullv2_primary,Sub-Zero Water Dispenser Fix,,Reliable Local Repair Team,,Experienced Fridge Specialists,,Sub-Zero Service You Trust,,Book Service In 60 Seconds,,Local Sub-Zero Technicians,,Same-Day Slots Available,,Clear Quote After Diagnosis,,Warranty On Completed Repair,,Bay Area Home Visits,,Call Or Book Online,,No Repair Without Approval,,Trusted Appliance Pros Team,,Fast In-Home Diagnostics,,Flexible Arrival Windows,,Book Sub-Zero service in under a minute and choose a convenient Bay Area arrival window.,,"Our technician diagnoses first, explains options clearly, and repairs only with approval.",,"We fix cooling, ice, leak, door, and freezer issues across Bay Area homes.",,Call now or book online for same-day or next-day Sub-Zero service.,,sub-zero,water-dispenser,https://appliancepros.netlify.app/subzero/,,,,,Enabled,Enabled,Enabled,,,Primary trust-focused RSA
SZ_Search_BayArea_Full_v2,Water Dispenser Repair,Responsive search ad,fullv2_urgency_test,Sub-Zero Water Dispenser Fix,,Need Help Today? Book Now,,Emergency Slots Open Now,,Technician Arrives Same Day,,Book Service In 60 Seconds,,Local Sub-Zero Technicians,,Same-Day Slots Available,,Clear Quote After Diagnosis,,Warranty On Completed Repair,,Bay Area Home Visits,,Call Or Book Online,,No Repair Without Approval,,Trusted Appliance Pros Team,,Fast In-Home Diagnostics,,Flexible Arrival Windows,,Need fast help? Request same-day Sub-Zero service and get a confirmed arrival window.,,"Local tech visits fast, diagnoses quickly, and starts repair after your approval.",,"Urgent refrigerator, freezer, ice maker, and leak issues handled across Bay Area.",,Book online in 60 seconds or call now to secure the next open slot.,,sub-zero,water-dispenser,https://appliancepros.netlify.app/subzero/,,,,,Enabled,Enabled,Enabled,,,Urgency angle RSA test
SZ_Search_BayArea_Full_v2,Water Dispenser Repair,Responsive search ad,fullv2_price_test,Sub-Zero Water Dispenser Fix,,"Upfront Pricing, No Surprises",,Diagnosis Before Any Repair,,Approve Repair Before Work,,Book Service In 60 Seconds,,Local Sub-Zero Technicians,,Same-Day Slots Available,,Clear Quote After Diagnosis,,Warranty On Completed Repair,,Bay Area Home Visits,,Call Or Book Online,,No Repair Without Approval,,Trusted Appliance Pros Team,,Fast In-Home Diagnostics,,Flexible Arrival Windows,,"Transparent process: diagnosis first, clear quote second, repair only with approval.",,No hidden charges. You get upfront pricing and warranty on completed repair work.,,Compare options after diagnosis and choose what fits your budget and urgency.,,Schedule Sub-Zero service today and get a clear quote before any repair begins.,,sub-zero,water-dispenser,https://appliancepros.netlify.app/subzero/,,,,,Enabled,Enabled,Enabled,,,Price clarity RSA test
SZ_Search_BayArea_Full_v2,Water Leak Repair,Responsive search ad,fullv2_primary,Sub-Zero Leak Repair,,Reliable Local Repair Team,,Experienced Fridge Specialists,,Sub-Zero Service You Trust,,Book Service In 60 Seconds,,Local Sub-Zero Technicians,,Same-Day Slots Available,,Clear Quote After Diagnosis,,Warranty On Completed Repair,,Bay Area Home Visits,,Call Or Book Online,,No Repair Without Approval,,Trusted Appliance Pros Team,,Fast In-Home Diagnostics,,Flexible Arrival Windows,,Book Sub-Zero service in under a minute and choose a convenient Bay Area arrival window.,,"Our technician diagnoses first, explains options clearly, and repairs only with approval.",,"We fix cooling, ice, leak, door, and freezer issues across Bay Area homes.",,Call now or book online for same-day or next-day Sub-Zero service.,,sub-zero,water-leak-repa,https://appliancepros.netlify.app/subzero/,,,,,Enabled,Enabled,Enabled,,,Primary trust-focused RSA
SZ_Search_BayArea_Full_v2,Water Leak Repair,Responsive search ad,fullv2_urgency_test,Sub-Zero Leak Repair,,Need Help Today? Book Now,,Emergency Slots Open Now,,Technician Arrives Same Day,,Book Service In 60 Seconds,,Local Sub-Zero Technicians,,Same-Day Slots Available,,Clear Quote After Diagnosis,,Warranty On Completed Repair,,Bay Area Home Visits,,Call Or Book Online,,No Repair Without Approval,,Trusted Appliance Pros Team,,Fast In-Home Diagnostics,,Flexible Arrival Windows,,Need fast help? Request same-day Sub-Zero service and get a confirmed arrival window.,,"Local tech visits fast, diagnoses quickly, and starts repair after your approval.",,"Urgent refrigerator, freezer, ice maker, and leak issues handled across Bay Area.",,Book online in 60 seconds or call now to secure the next open slot.,,sub-zero,water-leak-repa,https://appliancepros.netlify.app/subzero/,,,,,Enabled,Enabled,Enabled,,,Urgency angle RSA test
SZ_Search_BayArea_Full_v2,Water Leak Repair,Responsive search ad,fullv2_price_test,Sub-Zero Leak Repair,,"Upfront Pricing, No Surprises",,Diagnosis Before Any Repair,,Approve Repair Before Work,,Book Service In 60 Seconds,,Local Sub-Zero Technicians,,Same-Day Slots Available,,Clear Quote After Diagnosis,,Warranty On Completed Repair,,Bay Area Home Visits,,Call Or Book Online,,No Repair Without Approval,,Trusted Appliance Pros Team,,Fast In-Home Diagnostics,,Flexible Arrival Windows,,"Transparent process: diagnosis first, clear quote second, repair only with approval.",,No hidden charges. You get upfront pricing and warranty on completed repair work.,,Compare options after diagnosis and choose what fits your budget and urgency.,,Schedule Sub-Zero service today and get a clear quote before any repair begins.,,sub-zero,water-leak-repa,https://appliancepros.netlify.app/subzero/,,,,,Enabled,Enabled,Enabled,,,Price clarity RSA test
SZ_Search_BayArea_Full_v2,Wine Cooler Repair,Responsive search ad,fullv2_primary,Sub-Zero Wine Cooler Repair,,Reliable Local Repair Team,,Experienced Fridge Specialists,,Sub-Zero Service You Trust,,Book Service In 60 Seconds,,Local Sub-Zero Technicians,,Same-Day Slots Available,,Clear Quote After Diagnosis,,Warranty On Completed Repair,,Bay Area Home Visits,,Call Or Book Online,,No Repair Without Approval,,Trusted Appliance Pros Team,,Fast In-Home Diagnostics,,Flexible Arrival Windows,,Book Sub-Zero service in under a minute and choose a convenient Bay Area arrival window.,,"Our technician diagnoses first, explains options clearly, and repairs only with approval.",,"We fix cooling, ice, leak, door, and freezer issues across Bay Area homes.",,Call now or book online for same-day or next-day Sub-Zero service.,,sub-zero,wine-cooler-rep,https://appliancepros.netlify.app/subzero/,,,,,Enabled,Enabled,Enabled,,,Primary trust-focused RSA
SZ_Search_BayArea_Full_v2,Wine Cooler Repair,Responsive search ad,fullv2_urgency_test,Sub-Zero Wine Cooler Repair,,Need Help Today? Book Now,,Emergency Slots Open Now,,Technician Arrives Same Day,,Book Service In 60 Seconds,,Local Sub-Zero Technicians,,Same-Day Slots Available,,Clear Quote After Diagnosis,,Warranty On Completed Repair,,Bay Area Home Visits,,Call Or Book Online,,No Repair Without Approval,,Trusted Appliance Pros Team,,Fast In-Home Diagnostics,,Flexible Arrival Windows,,Need fast help? Request same-day Sub-Zero service and get a confirmed arrival window.,,"Local tech visits fast, diagnoses quickly, and starts repair after your approval.",,"Urgent refrigerator, freezer, ice maker, and leak issues handled across Bay Area.",,Book online in 60 seconds or call now to secure the next open slot.,,sub-zero,wine-cooler-rep,https://appliancepros.netlify.app/subzero/,,,,,Enabled,Enabled,Enabled,,,Urgency angle RSA test
SZ_Search_BayArea_Full_v2,Wine Cooler Repair,Responsive search ad,fullv2_price_test,Sub-Zero Wine Cooler Repair,,"Upfront Pricing, No Surprises",,Diagnosis Before Any Repair,,Approve Repair Before Work,,Book Service In 60 Seconds,,Local Sub-Zero Technicians,,Same-Day Slots Available,,Clear Quote After Diagnosis,,Warranty On Completed Repair,,Bay Area Home Visits,,Call Or Book Online,,No Repair Without Approval,,Trusted Appliance Pros Team,,Fast In-Home Diagnostics,,Flexible Arrival Windows,,"Transparent process: diagnosis first, clear quote second, repair only with approval.",,No hidden charges. You get upfront pricing and warranty on completed repair work.,,Compare options after diagnosis and choose what fits your budget and urgency.,,Schedule Sub-Zero service today and get a clear quote before any repair begins.,,sub-zero,wine-cooler-rep,https://appliancepros.netlify.app/subzero/,,,,,Enabled,Enabled,Enabled,,,Price clarity RSA test
