Campaign,Ad Group,Keyword,Criterion Type,Max CPC,Final URL,Campaign Status,Ad Group Status,Status,Comment
SZ_Search_BayArea_Full_PRO,Emergency Same Day,24 hour sub zero repair,Exact,46.00,https://appliancepros.netlify.app/subzero/,Enabled,Enabled,Enabled,Emergency Same Day | Exact
SZ_Search_BayArea_Full_PRO,Emergency Same Day,24 hour sub zero repair,Phrase,46.00,https://appliancepros.netlify.app/subzero/,Enabled,Enabled,Enabled,Emergency Same Day | Phrase
SZ_Search_BayArea_Full_PRO,Appliance Repair Core,appliance repair sub zero,Exact,35.00,https://appliancepros.netlify.app/subzero/,Enabled,Enabled,Enabled,Appliance Repair Core | Exact
SZ_Search_BayArea_Full_PRO,Appliance Repair Core,appliance repair sub zero,Phrase,35.00,https://appliancepros.netlify.app/subzero/,Enabled,Enabled,Enabled,Appliance Repair Core | Phrase
SZ_Search_BayArea_Full_PRO,Near Me Core,appliance repair sub zero near me,Exact,41.00,https://appliancepros.netlify.app/subzero/,Enabled,Enabled,Enabled,Near Me Core | Exact
SZ_Search_BayArea_Full_PRO,Near Me Core,appliance repair sub zero near me,Phrase,41.00,https://appliancepros.netlify.app/subzero/,Enabled,Enabled,Enabled,Near Me Core | Phrase
SZ_Search_BayArea_Full_PRO,Appliance Repair Core,best sub zero appliance repair,Exact,35.00,https://appliancepros.netlify.app/subzero/,Enabled,Enabled,Enabled,Appliance Repair Core | Exact
SZ_Search_BayArea_Full_PRO,Appliance Repair Core,best sub zero appliance repair,Phrase,35.00,https://appliancepros.netlify.app/subzero/,Enabled,Enabled,Enabled,Appliance Repair Core | Phrase
SZ_Search_BayArea_Full_PRO,Near Me Core,best sub zero appliance repair near me,Exact,41.00,https://appliancepros.netlify.app/subzero/,Enabled,Enabled,Enabled,Near Me Core | Exact
SZ_Search_BayArea_Full_PRO,Near Me Core,best sub zero appliance repair near me,Phrase,41.00,https://appliancepros.netlify.app/subzero/,Enabled,Enabled,Enabled,Near Me Core | Phrase
SZ_Search_BayArea_Full_PRO,Near Me Core,best sub zero refrigerator repair near me,Exact,41.00,https://appliancepros.netlify.app/subzero/,Enabled,Enabled,Enabled,Near Me Core | Exact
SZ_Search_BayArea_Full_PRO,Near Me Core,best sub zero refrigerator repair near me,Phrase,41.00,https://appliancepros.netlify.app/subzero/,Enabled,Enabled,Enabled,Near Me Core | Phrase
SZ_Search_BayArea_Full_PRO,Appliance Repair Core,best sub zero repair,Exact,35.00,https://appliancepros.netlify.app/subzero/,Enabled,Enabled,Enabled,Appliance Repair Core | Exact
SZ_Search_BayArea_Full_PRO,Appliance Repair Core,best sub zero repair,Phrase,35.00,https://appliancepros.netlify.app/subzero/,Enabled,Enabled,Enabled,Appliance Repair Core | Phrase
SZ_Search_BayArea_Full_PRO,Near Me Core,best sub zero repair near me,Exact,41.00,https://appliancepros.netlify.app/subzero/,Enabled,Enabled,Enabled,Near Me Core | Exact
SZ_Search_BayArea_Full_PRO,Near Me Core,best sub zero repair near me,Phrase,41.00,https://appliancepros.netlify.app/subzero/,Enabled,Enabled,Enabled,Near Me Core | Phrase
SZ_Search_BayArea_Full_PRO,Appliance Repair Core,best sub zero service,Exact,35.00,https://appliancepros.netlify.app/subzero/,Enabled,Enabled,Enabled,Appliance Repair Core | Exact
SZ_Search_BayArea_Full_PRO,Appliance Repair Core,best sub zero service,Phrase,35.00,https://appliancepros.netlify.app/subzero/,Enabled,Enabled,Enabled,Appliance Repair Core | Phrase
SZ_Search_BayArea_Full_PRO,Appliance Repair Core,call sub zero appliance repair,Exact,35.00,https://appliancepros.netlify.app/subzero/,Enabled,Enabled,Enabled,Appliance Repair Core | Exact
SZ_Search_BayArea_Full_PRO,Appliance Repair Core,call sub zero appliance repair,Phrase,35.00,https://appliancepros.netlify.app/subzero/,Enabled,Enabled,Enabled,Appliance Repair Core | Phrase
SZ_Search_BayArea_Full_PRO,Appliance Repair Core,centric sub zero repair,Exact,35.00,https://appliancepros.netlify.app/subzero/,Enabled,Enabled,Enabled,Appliance Repair Core | Exact
SZ_Search_BayArea_Full_PRO,Appliance Repair Core,centric sub zero repair,Phrase,35.00,https://appliancepros.netlify.app/subzero/,Enabled,Enabled,Enabled,Appliance Repair Core | Phrase
SZ_Search_BayArea_Full_PRO,Refrigerator Repair Core,cooling off sub zero refrigerator,Exact,35.00,https://appliancepros.netlify.app/subzero/,Enabled,Enabled,Enabled,Refrigerator Repair Core | Exact
SZ_Search_BayArea_Full_PRO,Refrigerator Repair Core,cooling off sub zero refrigerator,Phrase,35.00,https://appliancepros.netlify.app/subzero/,Enabled,Enabled,Enabled,Refrigerator Repair Core | Phrase
SZ_Search_BayArea_Full_PRO,Near Me Core,find sub zero appliance repair near me,Exact,41.00,https://appliancepros.netlify.app/subzero/,Enabled,Enabled,Enabled,Near Me Core | Exact
SZ_Search_BayArea_Full_PRO,Near Me Core,find sub zero appliance repair near me,Phrase,41.00,https://appliancepros.netlify.app/subzero/,Enabled,Enabled,Enabled,Near Me Core | Phrase
SZ_Search_BayArea_Full_PRO,Refrigerator Repair Core,fix ice maker sub zero refrigerator,Exact,35.00,https://appliancepros.netlify.app/subzero/,Enabled,Enabled,Enabled,Refrigerator Repair Core | Exact
SZ_Search_BayArea_Full_PRO,Refrigerator Repair Core,fix ice maker sub zero refrigerator,Phrase,35.00,https://appliancepros.netlify.app/subzero/,Enabled,Enabled,Enabled,Refrigerator Repair Core | Phrase
SZ_Search_BayArea_Full_PRO,Refrigerator Repair Core,fix sub zero,Exact,35.00,https://appliancepros.netlify.app/subzero/,Enabled,Enabled,Enabled,Refrigerator Repair Core | Exact
SZ_Search_BayArea_Full_PRO,Refrigerator Repair Core,fix sub zero,Phrase,35.00,https://appliancepros.netlify.app/subzero/,Enabled,Enabled,Enabled,Refrigerator Repair Core | Phrase
SZ_Search_BayArea_Full_PRO,Refrigerator Repair Core,fix sub zero fridge,Exact,35.00,https://appliancepros.netlify.app/subzero/,Enabled,Enabled,Enabled,Refrigerator Repair Core | Exact
SZ_Search_BayArea_Full_PRO,Refrigerator Repair Core,fix sub zero fridge,Phrase,35.00,https://appliancepros.netlify.app/subzero/,Enabled,Enabled,Enabled,Refrigerator Repair Core | Phrase
SZ_Search_BayArea_Full_PRO,Refrigerator Repair Core,fix sub zero ice maker,Exact,35.00,https://appliancepros.netlify.app/subzero/,Enabled,Enabled,Enabled,Refrigerator Repair Core | Exact
SZ_Search_BayArea_Full_PRO,Refrigerator Repair Core,fix sub zero ice maker,Phrase,35.00,https://appliancepros.netlify.app/subzero/,Enabled,Enabled,Enabled,Refrigerator Repair Core | Phrase
SZ_Search_BayArea_Full_PRO,Refrigerator Repair Core,fix sub zero refrigerator,Exact,35.00,https://appliancepros.netlify.app/subzero/,Enabled,Enabled,Enabled,Refrigerator Repair Core | Exact
SZ_Search_BayArea_Full_PRO,Refrigerator Repair Core,fix sub zero refrigerator,Phrase,35.00,https://appliancepros.netlify.app/subzero/,Enabled,Enabled,Enabled,Refrigerator Repair Core | Phrase
SZ_Search_BayArea_Full_PRO,Refrigerator Repair Core,fixing ice maker on sub zero refrigerator,Exact,35.00,https://appliancepros.netlify.app/subzero/,Enabled,Enabled,Enabled,Refrigerator Repair Core | Exact
SZ_Search_BayArea_Full_PRO,Refrigerator Repair Core,fixing ice maker on sub zero refrigerator,Phrase,35.00,https://appliancepros.netlify.app/subzero/,Enabled,Enabled,Enabled,Refrigerator Repair Core | Phrase
SZ_Search_BayArea_Full_PRO,Freezer Service Core,freezer cold fridge warm sub zero,Exact,32.00,https://appliancepros.netlify.app/subzero/,Enabled,Enabled,Enabled,Freezer Service Core | Exact
SZ_Search_BayArea_Full_PRO,Freezer Service Core,freezer cold fridge warm sub zero,Phrase,32.00,https://appliancepros.netlify.app/subzero/,Enabled,Enabled,Enabled,Freezer Service Core | Phrase
SZ_Search_BayArea_Full_PRO,Freezer Service Core,freezer working but not fridge sub zero,Exact,32.00,https://appliancepros.netlify.app/subzero/,Enabled,Enabled,Enabled,Freezer Service Core | Exact
SZ_Search_BayArea_Full_PRO,Freezer Service Core,freezer working but not fridge sub zero,Phrase,32.00,https://appliancepros.netlify.app/subzero/,Enabled,Enabled,Enabled,Freezer Service Core | Phrase
SZ_Search_BayArea_Full_PRO,Fridge Warm Freezer Cold,freezer works but sub zero refrigerator is warm,Exact,35.00,https://appliancepros.netlify.app/subzero/,Enabled,Enabled,Enabled,Fridge Warm Freezer Cold | Exact
SZ_Search_BayArea_Full_PRO,Fridge Warm Freezer Cold,freezer works but sub zero refrigerator is warm,Phrase,35.00,https://appliancepros.netlify.app/subzero/,Enabled,Enabled,Enabled,Fridge Warm Freezer Cold | Phrase
SZ_Search_BayArea_Full_PRO,Fridge Not Cooling,fridge not cooling but light is on sub zero,Exact,39.00,https://appliancepros.netlify.app/subzero/,Enabled,Enabled,Enabled,Fridge Not Cooling | Exact
SZ_Search_BayArea_Full_PRO,Fridge Not Cooling,fridge not cooling but light is on sub zero,Phrase,39.00,https://appliancepros.netlify.app/subzero/,Enabled,Enabled,Enabled,Fridge Not Cooling | Phrase
SZ_Search_BayArea_Full_PRO,Ice Not Making,ice machine not making ice sub zero,Exact,39.00,https://appliancepros.netlify.app/subzero/,Enabled,Enabled,Enabled,Ice Not Making | Exact
SZ_Search_BayArea_Full_PRO,Ice Not Making,ice machine not making ice sub zero,Phrase,39.00,https://appliancepros.netlify.app/subzero/,Enabled,Enabled,Enabled,Ice Not Making | Phrase
SZ_Search_BayArea_Full_PRO,Refrigerator Repair Core,ice maker broken sub zero refrigerator,Exact,35.00,https://appliancepros.netlify.app/subzero/,Enabled,Enabled,Enabled,Refrigerator Repair Core | Exact
SZ_Search_BayArea_Full_PRO,Refrigerator Repair Core,ice maker broken sub zero refrigerator,Phrase,35.00,https://appliancepros.netlify.app/subzero/,Enabled,Enabled,Enabled,Refrigerator Repair Core | Phrase
SZ_Search_BayArea_Full_PRO,Refrigerator Not Working,ice maker in sub zero fridge not working,Exact,35.00,https://appliancepros.netlify.app/subzero/,Enabled,Enabled,Enabled,Refrigerator Not Working | Exact
SZ_Search_BayArea_Full_PRO,Refrigerator Not Working,ice maker in sub zero fridge not working,Phrase,35.00,https://appliancepros.netlify.app/subzero/,Enabled,Enabled,Enabled,Refrigerator Not Working | Phrase
SZ_Search_BayArea_Full_PRO,Refrigerator Not Working,ice maker in sub zero refrigerator not working,Exact,35.00,https://appliancepros.netlify.app/subzero/,Enabled,Enabled,Enabled,Refrigerator Not Working | Exact
SZ_Search_BayArea_Full_PRO,Refrigerator Not Working,ice maker in sub zero refrigerator not working,Phrase,35.00,https://appliancepros.netlify.app/subzero/,Enabled,Enabled,Enabled,Refrigerator Not Working | Phrase
SZ_Search_BayArea_Full_PRO,Ice Not Making,ice maker not making ice sub zero,Exact,39.00,https://appliancepros.netlify.app/subzero/,Enabled,Enabled,Enabled,Ice Not Making | Exact
SZ_Search_BayArea_Full_PRO,Ice Not Making,ice maker not making ice sub zero,Phrase,39.00,https://appliancepros.netlify.app/subzero/,Enabled,Enabled,Enabled,Ice Not Making | Phrase
SZ_Search_BayArea_Full_PRO,Ice Maker Not Working,ice maker not working in sub zero refrigerator,Exact,39.00,https://appliancepros.netlify.app/subzero/,Enabled,Enabled,Enabled,Ice Maker Not Working | Exact
SZ_Search_BayArea_Full_PRO,Ice Maker Not Working,ice maker not working in sub zero refrigerator,Phrase,39.00,https://appliancepros.netlify.app/subzero/,Enabled,Enabled,Enabled,Ice Maker Not Working | Phrase
SZ_Search_BayArea_Full_PRO,Ice Maker Not Working,ice maker not working on sub zero french door refrigerator,Exact,39.00,https://appliancepros.netlify.app/subzero/,Enabled,Enabled,Enabled,Ice Maker Not Working | Exact
SZ_Search_BayArea_Full_PRO,Ice Maker Not Working,ice maker not working on sub zero french door refrigerator,Phrase,39.00,https://appliancepros.netlify.app/subzero/,Enabled,Enabled,Enabled,Ice Maker Not Working | Phrase
SZ_Search_BayArea_Full_PRO,Ice Maker Not Working,ice maker not working on sub zero fridge,Exact,39.00,https://appliancepros.netlify.app/subzero/,Enabled,Enabled,Enabled,Ice Maker Not Working | Exact
SZ_Search_BayArea_Full_PRO,Ice Maker Not Working,ice maker not working on sub zero fridge,Phrase,39.00,https://appliancepros.netlify.app/subzero/,Enabled,Enabled,Enabled,Ice Maker Not Working | Phrase
SZ_Search_BayArea_Full_PRO,Ice Maker Not Working,ice maker not working on sub zero refrigerator,Exact,39.00,https://appliancepros.netlify.app/subzero/,Enabled,Enabled,Enabled,Ice Maker Not Working | Exact
SZ_Search_BayArea_Full_PRO,Ice Maker Not Working,ice maker not working on sub zero refrigerator,Phrase,39.00,https://appliancepros.netlify.app/subzero/,Enabled,Enabled,Enabled,Ice Maker Not Working | Phrase
SZ_Search_BayArea_Full_PRO,Ice Maker Not Working,ice maker not working sub zero,Exact,39.00,https://appliancepros.netlify.app/subzero/,Enabled,Enabled,Enabled,Ice Maker Not Working | Exact
SZ_Search_BayArea_Full_PRO,Ice Maker Not Working,ice maker not working sub zero,Phrase,39.00,https://appliancepros.netlify.app/subzero/,Enabled,Enabled,Enabled,Ice Maker Not Working | Phrase
SZ_Search_BayArea_Full_PRO,Ice Maker Not Working,ice maker not working sub zero refrigerator,Exact,39.00,https://appliancepros.netlify.app/subzero/,Enabled,Enabled,Enabled,Ice Maker Not Working | Exact
SZ_Search_BayArea_Full_PRO,Ice Maker Not Working,ice maker not working sub zero refrigerator,Phrase,39.00,https://appliancepros.netlify.app/subzero/,Enabled,Enabled,Enabled,Ice Maker Not Working | Phrase
SZ_Search_BayArea_Full_PRO,Refrigerator Not Working,ice maker on sub zero fridge not working,Exact,35.00,https://appliancepros.netlify.app/subzero/,Enabled,Enabled,Enabled,Refrigerator Not Working | Exact
SZ_Search_BayArea_Full_PRO,Refrigerator Not Working,ice maker on sub zero fridge not working,Phrase,35.00,https://appliancepros.netlify.app/subzero/,Enabled,Enabled,Enabled,Refrigerator Not Working | Phrase
SZ_Search_BayArea_Full_PRO,Refrigerator Repair Core,ice maker quit working sub zero refrigerator,Exact,35.00,https://appliancepros.netlify.app/subzero/,Enabled,Enabled,Enabled,Refrigerator Repair Core | Exact
SZ_Search_BayArea_Full_PRO,Refrigerator Repair Core,ice maker quit working sub zero refrigerator,Phrase,35.00,https://appliancepros.netlify.app/subzero/,Enabled,Enabled,Enabled,Refrigerator Repair Core | Phrase
SZ_Search_BayArea_Full_PRO,Refrigerator Repair Core,ice maker stopped making ice sub zero,Exact,35.00,https://appliancepros.netlify.app/subzero/,Enabled,Enabled,Enabled,Refrigerator Repair Core | Exact
SZ_Search_BayArea_Full_PRO,Refrigerator Repair Core,ice maker stopped making ice sub zero,Phrase,35.00,https://appliancepros.netlify.app/subzero/,Enabled,Enabled,Enabled,Refrigerator Repair Core | Phrase
SZ_Search_BayArea_Full_PRO,Ice Not Making,ice maker sub zero not making ice,Exact,39.00,https://appliancepros.netlify.app/subzero/,Enabled,Enabled,Enabled,Ice Not Making | Exact
SZ_Search_BayArea_Full_PRO,Ice Not Making,ice maker sub zero not making ice,Phrase,39.00,https://appliancepros.netlify.app/subzero/,Enabled,Enabled,Enabled,Ice Not Making | Phrase
SZ_Search_BayArea_Full_PRO,Refrigerator Repair Core,ice maker sub zero not working,Exact,35.00,https://appliancepros.netlify.app/subzero/,Enabled,Enabled,Enabled,Refrigerator Repair Core | Exact
SZ_Search_BayArea_Full_PRO,Refrigerator Repair Core,ice maker sub zero not working,Phrase,35.00,https://appliancepros.netlify.app/subzero/,Enabled,Enabled,Enabled,Refrigerator Repair Core | Phrase
SZ_Search_BayArea_Full_PRO,Refrigerator Repair Core,ice not coming out of sub zero fridge,Exact,35.00,https://appliancepros.netlify.app/subzero/,Enabled,Enabled,Enabled,Refrigerator Repair Core | Exact
SZ_Search_BayArea_Full_PRO,Refrigerator Repair Core,ice not coming out of sub zero fridge,Phrase,35.00,https://appliancepros.netlify.app/subzero/,Enabled,Enabled,Enabled,Refrigerator Repair Core | Phrase
SZ_Search_BayArea_Full_PRO,Ice Maker Not Working,in door sub zero ice maker not working,Exact,39.00,https://appliancepros.netlify.app/subzero/,Enabled,Enabled,Enabled,Ice Maker Not Working | Exact
SZ_Search_BayArea_Full_PRO,Ice Maker Not Working,in door sub zero ice maker not working,Phrase,39.00,https://appliancepros.netlify.app/subzero/,Enabled,Enabled,Enabled,Ice Maker Not Working | Phrase
SZ_Search_BayArea_Full_PRO,Appliance Repair Core,local sub zero appliance repair,Exact,35.00,https://appliancepros.netlify.app/subzero/,Enabled,Enabled,Enabled,Appliance Repair Core | Exact
SZ_Search_BayArea_Full_PRO,Appliance Repair Core,local sub zero appliance repair,Phrase,35.00,https://appliancepros.netlify.app/subzero/,Enabled,Enabled,Enabled,Appliance Repair Core | Phrase
SZ_Search_BayArea_Full_PRO,Near Me Core,local sub zero appliance repair near me,Exact,41.00,https://appliancepros.netlify.app/subzero/,Enabled,Enabled,Enabled,Near Me Core | Exact
SZ_Search_BayArea_Full_PRO,Near Me Core,local sub zero appliance repair near me,Phrase,41.00,https://appliancepros.netlify.app/subzero/,Enabled,Enabled,Enabled,Near Me Core | Phrase
SZ_Search_BayArea_Full_PRO,Appliance Repair Core,local sub zero repair service,Exact,35.00,https://appliancepros.netlify.app/subzero/,Enabled,Enabled,Enabled,Appliance Repair Core | Exact
SZ_Search_BayArea_Full_PRO,Appliance Repair Core,local sub zero repair service,Phrase,35.00,https://appliancepros.netlify.app/subzero/,Enabled,Enabled,Enabled,Appliance Repair Core | Phrase
SZ_Search_BayArea_Full_PRO,Freezer Not Freezing,my sub zero freezer is not freezing,Exact,39.00,https://appliancepros.netlify.app/subzero/,Enabled,Enabled,Enabled,Freezer Not Freezing | Exact
SZ_Search_BayArea_Full_PRO,Freezer Not Freezing,my sub zero freezer is not freezing,Phrase,39.00,https://appliancepros.netlify.app/subzero/,Enabled,Enabled,Enabled,Freezer Not Freezing | Phrase
SZ_Search_BayArea_Full_PRO,Freezer Not Freezing,my sub zero freezer not freezing,Exact,39.00,https://appliancepros.netlify.app/subzero/,Enabled,Enabled,Enabled,Freezer Not Freezing | Exact
SZ_Search_BayArea_Full_PRO,Freezer Not Freezing,my sub zero freezer not freezing,Phrase,39.00,https://appliancepros.netlify.app/subzero/,Enabled,Enabled,Enabled,Freezer Not Freezing | Phrase
SZ_Search_BayArea_Full_PRO,Fridge Not Cooling,my sub zero fridge is not cooling,Exact,39.00,https://appliancepros.netlify.app/subzero/,Enabled,Enabled,Enabled,Fridge Not Cooling | Exact
SZ_Search_BayArea_Full_PRO,Fridge Not Cooling,my sub zero fridge is not cooling,Phrase,39.00,https://appliancepros.netlify.app/subzero/,Enabled,Enabled,Enabled,Fridge Not Cooling | Phrase
SZ_Search_BayArea_Full_PRO,Ice Not Making,my sub zero fridge is not making ice,Exact,39.00,https://appliancepros.netlify.app/subzero/,Enabled,Enabled,Enabled,Ice Not Making | Exact
SZ_Search_BayArea_Full_PRO,Ice Not Making,my sub zero fridge is not making ice,Phrase,39.00,https://appliancepros.netlify.app/subzero/,Enabled,Enabled,Enabled,Ice Not Making | Phrase
SZ_Search_BayArea_Full_PRO,Refrigerator Repair Core,my sub zero fridge isn t making ice,Exact,35.00,https://appliancepros.netlify.app/subzero/,Enabled,Enabled,Enabled,Refrigerator Repair Core | Exact
SZ_Search_BayArea_Full_PRO,Refrigerator Repair Core,my sub zero fridge isn t making ice,Phrase,35.00,https://appliancepros.netlify.app/subzero/,Enabled,Enabled,Enabled,Refrigerator Repair Core | Phrase
SZ_Search_BayArea_Full_PRO,Fridge Not Cooling,my sub zero fridge not cooling,Exact,39.00,https://appliancepros.netlify.app/subzero/,Enabled,Enabled,Enabled,Fridge Not Cooling | Exact
SZ_Search_BayArea_Full_PRO,Fridge Not Cooling,my sub zero fridge not cooling,Phrase,39.00,https://appliancepros.netlify.app/subzero/,Enabled,Enabled,Enabled,Fridge Not Cooling | Phrase
SZ_Search_BayArea_Full_PRO,Refrigerator Repair Core,my sub zero fridge stopped making ice,Exact,35.00,https://appliancepros.netlify.app/subzero/,Enabled,Enabled,Enabled,Refrigerator Repair Core | Exact
SZ_Search_BayArea_Full_PRO,Refrigerator Repair Core,my sub zero fridge stopped making ice,Phrase,35.00,https://appliancepros.netlify.app/subzero/,Enabled,Enabled,Enabled,Refrigerator Repair Core | Phrase
SZ_Search_BayArea_Full_PRO,Ice Not Making,my sub zero ice maker is not making ice,Exact,39.00,https://appliancepros.netlify.app/subzero/,Enabled,Enabled,Enabled,Ice Not Making | Exact
SZ_Search_BayArea_Full_PRO,Ice Not Making,my sub zero ice maker is not making ice,Phrase,39.00,https://appliancepros.netlify.app/subzero/,Enabled,Enabled,Enabled,Ice Not Making | Phrase
SZ_Search_BayArea_Full_PRO,Refrigerator Repair Core,my sub zero ice maker is not working,Exact,35.00,https://appliancepros.netlify.app/subzero/,Enabled,Enabled,Enabled,Refrigerator Repair Core | Exact
SZ_Search_BayArea_Full_PRO,Refrigerator Repair Core,my sub zero ice maker is not working,Phrase,35.00,https://appliancepros.netlify.app/subzero/,Enabled,Enabled,Enabled,Refrigerator Repair Core | Phrase
SZ_Search_BayArea_Full_PRO,Refrigerator Repair Core,my sub zero ice maker stopped making ice,Exact,35.00,https://appliancepros.netlify.app/subzero/,Enabled,Enabled,Enabled,Refrigerator Repair Core | Exact
SZ_Search_BayArea_Full_PRO,Refrigerator Repair Core,my sub zero ice maker stopped making ice,Phrase,35.00,https://appliancepros.netlify.app/subzero/,Enabled,Enabled,Enabled,Refrigerator Repair Core | Phrase
SZ_Search_BayArea_Full_PRO,Refrigerator Repair Core,my sub zero ice maker stopped working,Exact,35.00,https://appliancepros.netlify.app/subzero/,Enabled,Enabled,Enabled,Refrigerator Repair Core | Exact
SZ_Search_BayArea_Full_PRO,Refrigerator Repair Core,my sub zero ice maker stopped working,Phrase,35.00,https://appliancepros.netlify.app/subzero/,Enabled,Enabled,Enabled,Refrigerator Repair Core | Phrase
SZ_Search_BayArea_Full_PRO,Ice Not Making,my sub zero is not making ice,Exact,39.00,https://appliancepros.netlify.app/subzero/,Enabled,Enabled,Enabled,Ice Not Making | Exact
SZ_Search_BayArea_Full_PRO,Ice Not Making,my sub zero is not making ice,Phrase,39.00,https://appliancepros.netlify.app/subzero/,Enabled,Enabled,Enabled,Ice Not Making | Phrase
SZ_Search_BayArea_Full_PRO,Freezer Not Freezing,my sub zero refrigerator freezer is not freezing,Exact,39.00,https://appliancepros.netlify.app/subzero/,Enabled,Enabled,Enabled,Freezer Not Freezing | Exact
SZ_Search_BayArea_Full_PRO,Freezer Not Freezing,my sub zero refrigerator freezer is not freezing,Phrase,39.00,https://appliancepros.netlify.app/subzero/,Enabled,Enabled,Enabled,Freezer Not Freezing | Phrase
SZ_Search_BayArea_Full_PRO,Fridge Not Cooling,my sub zero refrigerator is not cold enough,Exact,39.00,https://appliancepros.netlify.app/subzero/,Enabled,Enabled,Enabled,Fridge Not Cooling | Exact
SZ_Search_BayArea_Full_PRO,Fridge Not Cooling,my sub zero refrigerator is not cold enough,Phrase,39.00,https://appliancepros.netlify.app/subzero/,Enabled,Enabled,Enabled,Fridge Not Cooling | Phrase
SZ_Search_BayArea_Full_PRO,Fridge Not Cooling,my sub zero refrigerator is not cooling,Exact,39.00,https://appliancepros.netlify.app/subzero/,Enabled,Enabled,Enabled,Fridge Not Cooling | Exact
SZ_Search_BayArea_Full_PRO,Fridge Not Cooling,my sub zero refrigerator is not cooling,Phrase,39.00,https://appliancepros.netlify.app/subzero/,Enabled,Enabled,Enabled,Fridge Not Cooling | Phrase
SZ_Search_BayArea_Full_PRO,Refrigerator Repair Core,my sub zero refrigerator is not dispensing ice,Exact,35.00,https://appliancepros.netlify.app/subzero/,Enabled,Enabled,Enabled,Refrigerator Repair Core | Exact
SZ_Search_BayArea_Full_PRO,Refrigerator Repair Core,my sub zero refrigerator is not dispensing ice,Phrase,35.00,https://appliancepros.netlify.app/subzero/,Enabled,Enabled,Enabled,Refrigerator Repair Core | Phrase
SZ_Search_BayArea_Full_PRO,Ice Not Making,my sub zero refrigerator is not making ice,Exact,39.00,https://appliancepros.netlify.app/subzero/,Enabled,Enabled,Enabled,Ice Not Making | Exact
SZ_Search_BayArea_Full_PRO,Ice Not Making,my sub zero refrigerator is not making ice,Phrase,39.00,https://appliancepros.netlify.app/subzero/,Enabled,Enabled,Enabled,Ice Not Making | Phrase
SZ_Search_BayArea_Full_PRO,Refrigerator Repair Core,my sub zero refrigerator is not working,Exact,35.00,https://appliancepros.netlify.app/subzero/,Enabled,Enabled,Enabled,Refrigerator Repair Core | Exact
SZ_Search_BayArea_Full_PRO,Refrigerator Repair Core,my sub zero refrigerator is not working,Phrase,35.00,https://appliancepros.netlify.app/subzero/,Enabled,Enabled,Enabled,Refrigerator Repair Core | Phrase
SZ_Search_BayArea_Full_PRO,Refrigerator Repair Core,my sub zero refrigerator stopped making ice,Exact,35.00,https://appliancepros.netlify.app/subzero/,Enabled,Enabled,Enabled,Refrigerator Repair Core | Exact
SZ_Search_BayArea_Full_PRO,Refrigerator Repair Core,my sub zero refrigerator stopped making ice,Phrase,35.00,https://appliancepros.netlify.app/subzero/,Enabled,Enabled,Enabled,Refrigerator Repair Core | Phrase
SZ_Search_BayArea_Full_PRO,Wine Cooler Repair,my sub zero wine fridge not cooling,Exact,35.00,https://appliancepros.netlify.app/subzero/,Enabled,Enabled,Enabled,Wine Cooler Repair | Exact
SZ_Search_BayArea_Full_PRO,Wine Cooler Repair,my sub zero wine fridge not cooling,Phrase,35.00,https://appliancepros.netlify.app/subzero/,Enabled,Enabled,Enabled,Wine Cooler Repair | Phrase
SZ_Search_BayArea_Full_PRO,Fridge Not Cooling,new sub zero fridge not cooling,Exact,39.00,https://appliancepros.netlify.app/subzero/,Enabled,Enabled,Enabled,Fridge Not Cooling | Exact
SZ_Search_BayArea_Full_PRO,Fridge Not Cooling,new sub zero fridge not cooling,Phrase,39.00,https://appliancepros.netlify.app/subzero/,Enabled,Enabled,Enabled,Fridge Not Cooling | Phrase
SZ_Search_BayArea_Full_PRO,Ice Not Making,new sub zero fridge not making ice,Exact,39.00,https://appliancepros.netlify.app/subzero/,Enabled,Enabled,Enabled,Ice Not Making | Exact
SZ_Search_BayArea_Full_PRO,Ice Not Making,new sub zero fridge not making ice,Phrase,39.00,https://appliancepros.netlify.app/subzero/,Enabled,Enabled,Enabled,Ice Not Making | Phrase
SZ_Search_BayArea_Full_PRO,Ice Maker Not Working,new sub zero ice maker not working,Exact,39.00,https://appliancepros.netlify.app/subzero/,Enabled,Enabled,Enabled,Ice Maker Not Working | Exact
SZ_Search_BayArea_Full_PRO,Ice Maker Not Working,new sub zero ice maker not working,Phrase,39.00,https://appliancepros.netlify.app/subzero/,Enabled,Enabled,Enabled,Ice Maker Not Working | Phrase
SZ_Search_BayArea_Full_PRO,Fridge Not Cooling,new sub zero refrigerator not cooling,Exact,39.00,https://appliancepros.netlify.app/subzero/,Enabled,Enabled,Enabled,Fridge Not Cooling | Exact
SZ_Search_BayArea_Full_PRO,Fridge Not Cooling,new sub zero refrigerator not cooling,Phrase,39.00,https://appliancepros.netlify.app/subzero/,Enabled,Enabled,Enabled,Fridge Not Cooling | Phrase
SZ_Search_BayArea_Full_PRO,Fridge Not Cooling,new sub zero refrigerator not getting cold,Exact,39.00,https://appliancepros.netlify.app/subzero/,Enabled,Enabled,Enabled,Fridge Not Cooling | Exact
SZ_Search_BayArea_Full_PRO,Fridge Not Cooling,new sub zero refrigerator not getting cold,Phrase,39.00,https://appliancepros.netlify.app/subzero/,Enabled,Enabled,Enabled,Fridge Not Cooling | Phrase
SZ_Search_BayArea_Full_PRO,Ice Not Making,new sub zero refrigerator not making ice,Exact,39.00,https://appliancepros.netlify.app/subzero/,Enabled,Enabled,Enabled,Ice Not Making | Exact
SZ_Search_BayArea_Full_PRO,Ice Not Making,new sub zero refrigerator not making ice,Phrase,39.00,https://appliancepros.netlify.app/subzero/,Enabled,Enabled,Enabled,Ice Not Making | Phrase
SZ_Search_BayArea_Full_PRO,Fridge Not Cooling,old sub zero fridge not cooling,Exact,39.00,https://appliancepros.netlify.app/subzero/,Enabled,Enabled,Enabled,Fridge Not Cooling | Exact
SZ_Search_BayArea_Full_PRO,Fridge Not Cooling,old sub zero fridge not cooling,Phrase,39.00,https://appliancepros.netlify.app/subzero/,Enabled,Enabled,Enabled,Fridge Not Cooling | Phrase
SZ_Search_BayArea_Full_PRO,Refrigerator Repair Core,problems with sub zero refrigerators,Exact,35.00,https://appliancepros.netlify.app/subzero/,Enabled,Enabled,Enabled,Refrigerator Repair Core | Exact
SZ_Search_BayArea_Full_PRO,Refrigerator Repair Core,problems with sub zero refrigerators,Phrase,35.00,https://appliancepros.netlify.app/subzero/,Enabled,Enabled,Enabled,Refrigerator Repair Core | Phrase
SZ_Search_BayArea_Full_PRO,Appliance Repair Core,professional sub zero repair,Exact,35.00,https://appliancepros.netlify.app/subzero/,Enabled,Enabled,Enabled,Appliance Repair Core | Exact
SZ_Search_BayArea_Full_PRO,Appliance Repair Core,professional sub zero repair,Phrase,35.00,https://appliancepros.netlify.app/subzero/,Enabled,Enabled,Enabled,Appliance Repair Core | Phrase
SZ_Search_BayArea_Full_PRO,Fridge Not Cooling,refrigerator not cooling sub zero,Exact,39.00,https://appliancepros.netlify.app/subzero/,Enabled,Enabled,Enabled,Fridge Not Cooling | Exact
SZ_Search_BayArea_Full_PRO,Fridge Not Cooling,refrigerator not cooling sub zero,Phrase,39.00,https://appliancepros.netlify.app/subzero/,Enabled,Enabled,Enabled,Fridge Not Cooling | Phrase
SZ_Search_BayArea_Full_PRO,Near Me Core,refrigerator repair near me sub zero,Exact,41.00,https://appliancepros.netlify.app/subzero/,Enabled,Enabled,Enabled,Near Me Core | Exact
SZ_Search_BayArea_Full_PRO,Near Me Core,refrigerator repair near me sub zero,Phrase,41.00,https://appliancepros.netlify.app/subzero/,Enabled,Enabled,Enabled,Near Me Core | Phrase
SZ_Search_BayArea_Full_PRO,Refrigerator Repair Core,refrigerator repair service sub zero,Exact,35.00,https://appliancepros.netlify.app/subzero/,Enabled,Enabled,Enabled,Refrigerator Repair Core | Exact
SZ_Search_BayArea_Full_PRO,Refrigerator Repair Core,refrigerator repair service sub zero,Phrase,35.00,https://appliancepros.netlify.app/subzero/,Enabled,Enabled,Enabled,Refrigerator Repair Core | Phrase
SZ_Search_BayArea_Full_PRO,Refrigerator Repair Core,repair ice maker on sub zero refrigerator,Exact,35.00,https://appliancepros.netlify.app/subzero/,Enabled,Enabled,Enabled,Refrigerator Repair Core | Exact
SZ_Search_BayArea_Full_PRO,Refrigerator Repair Core,repair ice maker on sub zero refrigerator,Phrase,35.00,https://appliancepros.netlify.app/subzero/,Enabled,Enabled,Enabled,Refrigerator Repair Core | Phrase
SZ_Search_BayArea_Full_PRO,Refrigerator Repair Core,repair ice maker sub zero,Exact,35.00,https://appliancepros.netlify.app/subzero/,Enabled,Enabled,Enabled,Refrigerator Repair Core | Exact
SZ_Search_BayArea_Full_PRO,Refrigerator Repair Core,repair ice maker sub zero,Phrase,35.00,https://appliancepros.netlify.app/subzero/,Enabled,Enabled,Enabled,Refrigerator Repair Core | Phrase
SZ_Search_BayArea_Full_PRO,Refrigerator Repair Core,repair ice maker sub zero refrigerator,Exact,35.00,https://appliancepros.netlify.app/subzero/,Enabled,Enabled,Enabled,Refrigerator Repair Core | Exact
SZ_Search_BayArea_Full_PRO,Refrigerator Repair Core,repair ice maker sub zero refrigerator,Phrase,35.00,https://appliancepros.netlify.app/subzero/,Enabled,Enabled,Enabled,Refrigerator Repair Core | Phrase
SZ_Search_BayArea_Full_PRO,Refrigerator Repair Core,repair service sub zero refrigerator,Exact,35.00,https://appliancepros.netlify.app/subzero/,Enabled,Enabled,Enabled,Refrigerator Repair Core | Exact
SZ_Search_BayArea_Full_PRO,Refrigerator Repair Core,repair service sub zero refrigerator,Phrase,35.00,https://appliancepros.netlify.app/subzero/,Enabled,Enabled,Enabled,Refrigerator Repair Core | Phrase
SZ_Search_BayArea_Full_PRO,Refrigerator Repair Core,repair sub zero,Exact,35.00,https://appliancepros.netlify.app/subzero/,Enabled,Enabled,Enabled,Refrigerator Repair Core | Exact
SZ_Search_BayArea_Full_PRO,Refrigerator Repair Core,repair sub zero,Phrase,35.00,https://appliancepros.netlify.app/subzero/,Enabled,Enabled,Enabled,Refrigerator Repair Core | Phrase
SZ_Search_BayArea_Full_PRO,Refrigerator Repair Core,repair sub zero ice maker,Exact,35.00,https://appliancepros.netlify.app/subzero/,Enabled,Enabled,Enabled,Refrigerator Repair Core | Exact
SZ_Search_BayArea_Full_PRO,Refrigerator Repair Core,repair sub zero ice maker,Phrase,35.00,https://appliancepros.netlify.app/subzero/,Enabled,Enabled,Enabled,Refrigerator Repair Core | Phrase
SZ_Search_BayArea_Full_PRO,Refrigerator Repair Core,repair sub zero monogram refrigerator,Exact,35.00,https://appliancepros.netlify.app/subzero/,Enabled,Enabled,Enabled,Refrigerator Repair Core | Exact
SZ_Search_BayArea_Full_PRO,Refrigerator Repair Core,repair sub zero monogram refrigerator,Phrase,35.00,https://appliancepros.netlify.app/subzero/,Enabled,Enabled,Enabled,Refrigerator Repair Core | Phrase
SZ_Search_BayArea_Full_PRO,Technician Request,repairman for sub zero refrigerator,Exact,35.00,https://appliancepros.netlify.app/subzero/,Enabled,Enabled,Enabled,Technician Request | Exact
SZ_Search_BayArea_Full_PRO,Technician Request,repairman for sub zero refrigerator,Phrase,35.00,https://appliancepros.netlify.app/subzero/,Enabled,Enabled,Enabled,Technician Request | Phrase
SZ_Search_BayArea_Full_PRO,Emergency Same Day,same day sub zero repair,Exact,46.00,https://appliancepros.netlify.app/subzero/,Enabled,Enabled,Enabled,Emergency Same Day | Exact
SZ_Search_BayArea_Full_PRO,Emergency Same Day,same day sub zero repair,Phrase,46.00,https://appliancepros.netlify.app/subzero/,Enabled,Enabled,Enabled,Emergency Same Day | Phrase
SZ_Search_BayArea_Full_PRO,Geo SF Repair,san francisco sub zero appliance repair,Exact,38.00,https://appliancepros.netlify.app/subzero/,Enabled,Enabled,Enabled,Geo SF Repair | Exact
SZ_Search_BayArea_Full_PRO,Geo SF Repair,san francisco sub zero appliance repair,Phrase,38.00,https://appliancepros.netlify.app/subzero/,Enabled,Enabled,Enabled,Geo SF Repair | Phrase
SZ_Search_BayArea_Full_PRO,Geo SF Repair,san francisco subzero appliance repair,Exact,38.00,https://appliancepros.netlify.app/subzero/,Enabled,Enabled,Enabled,Geo SF Repair | Exact
SZ_Search_BayArea_Full_PRO,Geo SF Repair,san francisco subzero appliance repair,Phrase,38.00,https://appliancepros.netlify.app/subzero/,Enabled,Enabled,Enabled,Geo SF Repair | Phrase
SZ_Search_BayArea_Full_PRO,Geo SJ Repair,san jose sub zero appliance repair,Exact,38.00,https://appliancepros.netlify.app/subzero/,Enabled,Enabled,Enabled,Geo SJ Repair | Exact
SZ_Search_BayArea_Full_PRO,Geo SJ Repair,san jose sub zero appliance repair,Phrase,38.00,https://appliancepros.netlify.app/subzero/,Enabled,Enabled,Enabled,Geo SJ Repair | Phrase
SZ_Search_BayArea_Full_PRO,Refrigerator Repair Core,service central sub zero,Exact,35.00,https://appliancepros.netlify.app/subzero/,Enabled,Enabled,Enabled,Refrigerator Repair Core | Exact
SZ_Search_BayArea_Full_PRO,Refrigerator Repair Core,service central sub zero,Phrase,35.00,https://appliancepros.netlify.app/subzero/,Enabled,Enabled,Enabled,Refrigerator Repair Core | Phrase
SZ_Search_BayArea_Full_PRO,Refrigerator Repair Core,service ice sub zero,Exact,35.00,https://appliancepros.netlify.app/subzero/,Enabled,Enabled,Enabled,Refrigerator Repair Core | Exact
SZ_Search_BayArea_Full_PRO,Refrigerator Repair Core,service ice sub zero,Phrase,35.00,https://appliancepros.netlify.app/subzero/,Enabled,Enabled,Enabled,Refrigerator Repair Core | Phrase
SZ_Search_BayArea_Full_PRO,Refrigerator Repair Core,service sub zero appliances,Exact,35.00,https://appliancepros.netlify.app/subzero/,Enabled,Enabled,Enabled,Refrigerator Repair Core | Exact
SZ_Search_BayArea_Full_PRO,Refrigerator Repair Core,service sub zero appliances,Phrase,35.00,https://appliancepros.netlify.app/subzero/,Enabled,Enabled,Enabled,Refrigerator Repair Core | Phrase
SZ_Search_BayArea_Full_PRO,Refrigerator Repair Core,sub zero apliance repair,Exact,35.00,https://appliancepros.netlify.app/subzero/,Enabled,Enabled,Enabled,Refrigerator Repair Core | Exact
SZ_Search_BayArea_Full_PRO,Refrigerator Repair Core,sub zero apliance repair,Phrase,35.00,https://appliancepros.netlify.app/subzero/,Enabled,Enabled,Enabled,Refrigerator Repair Core | Phrase
SZ_Search_BayArea_Full_PRO,Refrigerator Repair Core,sub zero appliance care,Exact,35.00,https://appliancepros.netlify.app/subzero/,Enabled,Enabled,Enabled,Refrigerator Repair Core | Exact
SZ_Search_BayArea_Full_PRO,Refrigerator Repair Core,sub zero appliance care,Phrase,35.00,https://appliancepros.netlify.app/subzero/,Enabled,Enabled,Enabled,Refrigerator Repair Core | Phrase
SZ_Search_BayArea_Full_PRO,Refrigerator Service Core,sub zero appliance maintenance,Exact,32.00,https://appliancepros.netlify.app/subzero/,Enabled,Enabled,Enabled,Refrigerator Service Core | Exact
SZ_Search_BayArea_Full_PRO,Refrigerator Service Core,sub zero appliance maintenance,Phrase,32.00,https://appliancepros.netlify.app/subzero/,Enabled,Enabled,Enabled,Refrigerator Service Core | Phrase
SZ_Search_BayArea_Full_PRO,Appliance Repair Core,sub zero appliance repair,Exact,35.00,https://appliancepros.netlify.app/subzero/,Enabled,Enabled,Enabled,Appliance Repair Core | Exact
SZ_Search_BayArea_Full_PRO,Appliance Repair Core,sub zero appliance repair,Phrase,35.00,https://appliancepros.netlify.app/subzero/,Enabled,Enabled,Enabled,Appliance Repair Core | Phrase
SZ_Search_BayArea_Full_PRO,Appliance Repair Core,sub zero appliance repair appointment,Exact,35.00,https://appliancepros.netlify.app/subzero/,Enabled,Enabled,Enabled,Appliance Repair Core | Exact
SZ_Search_BayArea_Full_PRO,Appliance Repair Core,sub zero appliance repair appointment,Phrase,35.00,https://appliancepros.netlify.app/subzero/,Enabled,Enabled,Enabled,Appliance Repair Core | Phrase
SZ_Search_BayArea_Full_PRO,Repair Cost Quote,sub zero appliance repair cost,Exact,32.00,https://appliancepros.netlify.app/subzero/,Enabled,Enabled,Enabled,Repair Cost Quote | Exact
SZ_Search_BayArea_Full_PRO,Repair Cost Quote,sub zero appliance repair cost,Phrase,32.00,https://appliancepros.netlify.app/subzero/,Enabled,Enabled,Enabled,Repair Cost Quote | Phrase
SZ_Search_BayArea_Full_PRO,Appliance Repair Core,sub zero appliance repair dc,Exact,35.00,https://appliancepros.netlify.app/subzero/,Enabled,Enabled,Enabled,Appliance Repair Core | Exact
SZ_Search_BayArea_Full_PRO,Appliance Repair Core,sub zero appliance repair dc,Phrase,35.00,https://appliancepros.netlify.app/subzero/,Enabled,Enabled,Enabled,Appliance Repair Core | Phrase
SZ_Search_BayArea_Full_PRO,Appliance Repair Core,sub zero appliance repair in my area,Exact,35.00,https://appliancepros.netlify.app/subzero/,Enabled,Enabled,Enabled,Appliance Repair Core | Exact
SZ_Search_BayArea_Full_PRO,Appliance Repair Core,sub zero appliance repair in my area,Phrase,35.00,https://appliancepros.netlify.app/subzero/,Enabled,Enabled,Enabled,Appliance Repair Core | Phrase
SZ_Search_BayArea_Full_PRO,Appliance Repair Core,sub zero appliance repair in sf,Exact,35.00,https://appliancepros.netlify.app/subzero/,Enabled,Enabled,Enabled,Appliance Repair Core | Exact
SZ_Search_BayArea_Full_PRO,Appliance Repair Core,sub zero appliance repair in sf,Phrase,35.00,https://appliancepros.netlify.app/subzero/,Enabled,Enabled,Enabled,Appliance Repair Core | Phrase
SZ_Search_BayArea_Full_PRO,Geo PaloAlto Repair,sub zero appliance repair palo alto,Exact,38.00,https://appliancepros.netlify.app/subzero/,Enabled,Enabled,Enabled,Geo PaloAlto Repair | Exact
SZ_Search_BayArea_Full_PRO,Geo PaloAlto Repair,sub zero appliance repair palo alto,Phrase,38.00,https://appliancepros.netlify.app/subzero/,Enabled,Enabled,Enabled,Geo PaloAlto Repair | Phrase
SZ_Search_BayArea_Full_PRO,Appliance Repair Core,sub zero appliance repair phone number,Exact,35.00,https://appliancepros.netlify.app/subzero/,Enabled,Enabled,Enabled,Appliance Repair Core | Exact
SZ_Search_BayArea_Full_PRO,Appliance Repair Core,sub zero appliance repair phone number,Phrase,35.00,https://appliancepros.netlify.app/subzero/,Enabled,Enabled,Enabled,Appliance Repair Core | Phrase
SZ_Search_BayArea_Full_PRO,Appliance Repair Core,sub zero appliance repair pros,Exact,35.00,https://appliancepros.netlify.app/subzero/,Enabled,Enabled,Enabled,Appliance Repair Core | Exact
SZ_Search_BayArea_Full_PRO,Appliance Repair Core,sub zero appliance repair pros,Phrase,35.00,https://appliancepros.netlify.app/subzero/,Enabled,Enabled,Enabled,Appliance Repair Core | Phrase
SZ_Search_BayArea_Full_PRO,Geo Redwood Repair,sub zero appliance repair redwood city,Exact,38.00,https://appliancepros.netlify.app/subzero/,Enabled,Enabled,Enabled,Geo Redwood Repair | Exact
SZ_Search_BayArea_Full_PRO,Geo Redwood Repair,sub zero appliance repair redwood city,Phrase,38.00,https://appliancepros.netlify.app/subzero/,Enabled,Enabled,Enabled,Geo Redwood Repair | Phrase
SZ_Search_BayArea_Full_PRO,Geo SF Repair,sub zero appliance repair san francisco,Exact,38.00,https://appliancepros.netlify.app/subzero/,Enabled,Enabled,Enabled,Geo SF Repair | Exact
SZ_Search_BayArea_Full_PRO,Geo SF Repair,sub zero appliance repair san francisco,Phrase,38.00,https://appliancepros.netlify.app/subzero/,Enabled,Enabled,Enabled,Geo SF Repair | Phrase
SZ_Search_BayArea_Full_PRO,Geo SJ Repair,sub zero appliance repair san jose,Exact,38.00,https://appliancepros.netlify.app/subzero/,Enabled,Enabled,Enabled,Geo SJ Repair | Exact
SZ_Search_BayArea_Full_PRO,Geo SJ Repair,sub zero appliance repair san jose,Phrase,38.00,https://appliancepros.netlify.app/subzero/,Enabled,Enabled,Enabled,Geo SJ Repair | Phrase
SZ_Search_BayArea_Full_PRO,Geo SJ Repair,sub zero appliance repair san jose ca,Exact,38.00,https://appliancepros.netlify.app/subzero/,Enabled,Enabled,Enabled,Geo SJ Repair | Exact
SZ_Search_BayArea_Full_PRO,Geo SJ Repair,sub zero appliance repair san jose ca,Phrase,38.00,https://appliancepros.netlify.app/subzero/,Enabled,Enabled,Enabled,Geo SJ Repair | Phrase
SZ_Search_BayArea_Full_PRO,Near Me Core,sub zero appliance repair service near me,Exact,41.00,https://appliancepros.netlify.app/subzero/,Enabled,Enabled,Enabled,Near Me Core | Exact
SZ_Search_BayArea_Full_PRO,Near Me Core,sub zero appliance repair service near me,Phrase,41.00,https://appliancepros.netlify.app/subzero/,Enabled,Enabled,Enabled,Near Me Core | Phrase
SZ_Search_BayArea_Full_PRO,Near Me Core,sub zero appliance repairman near me,Exact,41.00,https://appliancepros.netlify.app/subzero/,Enabled,Enabled,Enabled,Near Me Core | Exact
SZ_Search_BayArea_Full_PRO,Near Me Core,sub zero appliance repairman near me,Phrase,41.00,https://appliancepros.netlify.app/subzero/,Enabled,Enabled,Enabled,Near Me Core | Phrase
SZ_Search_BayArea_Full_PRO,Appliance Repair Core,sub zero appliance service call,Exact,35.00,https://appliancepros.netlify.app/subzero/,Enabled,Enabled,Enabled,Appliance Repair Core | Exact
SZ_Search_BayArea_Full_PRO,Appliance Repair Core,sub zero appliance service call,Phrase,35.00,https://appliancepros.netlify.app/subzero/,Enabled,Enabled,Enabled,Appliance Repair Core | Phrase
SZ_Search_BayArea_Full_PRO,Appliance Repair Core,sub zero appliance service locator,Exact,35.00,https://appliancepros.netlify.app/subzero/,Enabled,Enabled,Enabled,Appliance Repair Core | Exact
SZ_Search_BayArea_Full_PRO,Appliance Repair Core,sub zero appliance service locator,Phrase,35.00,https://appliancepros.netlify.app/subzero/,Enabled,Enabled,Enabled,Appliance Repair Core | Phrase
SZ_Search_BayArea_Full_PRO,Near Me Core,sub zero appliance service near me,Exact,41.00,https://appliancepros.netlify.app/subzero/,Enabled,Enabled,Enabled,Near Me Core | Exact
SZ_Search_BayArea_Full_PRO,Near Me Core,sub zero appliance service near me,Phrase,41.00,https://appliancepros.netlify.app/subzero/,Enabled,Enabled,Enabled,Near Me Core | Phrase
SZ_Search_BayArea_Full_PRO,Appliance Repair Core,sub zero appliance service pros,Exact,35.00,https://appliancepros.netlify.app/subzero/,Enabled,Enabled,Enabled,Appliance Repair Core | Exact
SZ_Search_BayArea_Full_PRO,Appliance Repair Core,sub zero appliance service pros,Phrase,35.00,https://appliancepros.netlify.app/subzero/,Enabled,Enabled,Enabled,Appliance Repair Core | Phrase
SZ_Search_BayArea_Full_PRO,Technician Request,sub zero appliance technician,Exact,35.00,https://appliancepros.netlify.app/subzero/,Enabled,Enabled,Enabled,Technician Request | Exact
SZ_Search_BayArea_Full_PRO,Technician Request,sub zero appliance technician,Phrase,35.00,https://appliancepros.netlify.app/subzero/,Enabled,Enabled,Enabled,Technician Request | Phrase
SZ_Search_BayArea_Full_PRO,Near Me Core,sub zero appliances repair near me,Exact,41.00,https://appliancepros.netlify.app/subzero/,Enabled,Enabled,Enabled,Near Me Core | Exact
SZ_Search_BayArea_Full_PRO,Near Me Core,sub zero appliances repair near me,Phrase,41.00,https://appliancepros.netlify.app/subzero/,Enabled,Enabled,Enabled,Near Me Core | Phrase
SZ_Search_BayArea_Full_PRO,Refrigerator Repair Core,sub zero appliances repairs,Exact,35.00,https://appliancepros.netlify.app/subzero/,Enabled,Enabled,Enabled,Refrigerator Repair Core | Exact
SZ_Search_BayArea_Full_PRO,Refrigerator Repair Core,sub zero appliances repairs,Phrase,35.00,https://appliancepros.netlify.app/subzero/,Enabled,Enabled,Enabled,Refrigerator Repair Core | Phrase
SZ_Search_BayArea_Full_PRO,Refrigerator Repair Core,sub zero appliances service,Exact,35.00,https://appliancepros.netlify.app/subzero/,Enabled,Enabled,Enabled,Refrigerator Repair Core | Exact
SZ_Search_BayArea_Full_PRO,Refrigerator Repair Core,sub zero appliances service,Phrase,35.00,https://appliancepros.netlify.app/subzero/,Enabled,Enabled,Enabled,Refrigerator Repair Core | Phrase
SZ_Search_BayArea_Full_PRO,Refrigerator Repair Core,sub zero appliances service center,Exact,35.00,https://appliancepros.netlify.app/subzero/,Enabled,Enabled,Enabled,Refrigerator Repair Core | Exact
SZ_Search_BayArea_Full_PRO,Refrigerator Repair Core,sub zero appliances service center,Phrase,35.00,https://appliancepros.netlify.app/subzero/,Enabled,Enabled,Enabled,Refrigerator Repair Core | Phrase
SZ_Search_BayArea_Full_PRO,Near Me Core,sub zero appliances service near me,Exact,41.00,https://appliancepros.netlify.app/subzero/,Enabled,Enabled,Enabled,Near Me Core | Exact
SZ_Search_BayArea_Full_PRO,Near Me Core,sub zero appliances service near me,Phrase,41.00,https://appliancepros.netlify.app/subzero/,Enabled,Enabled,Enabled,Near Me Core | Phrase
SZ_Search_BayArea_Full_PRO,Refrigerator Repair Core,sub zero appliances service repair,Exact,35.00,https://appliancepros.netlify.app/subzero/,Enabled,Enabled,Enabled,Refrigerator Repair Core | Exact
SZ_Search_BayArea_Full_PRO,Refrigerator Repair Core,sub zero appliances service repair,Phrase,35.00,https://appliancepros.netlify.app/subzero/,Enabled,Enabled,Enabled,Refrigerator Repair Core | Phrase
SZ_Search_BayArea_Full_PRO,Refrigerator Repair Core,sub zero applicances repair,Exact,35.00,https://appliancepros.netlify.app/subzero/,Enabled,Enabled,Enabled,Refrigerator Repair Core | Exact
SZ_Search_BayArea_Full_PRO,Refrigerator Repair Core,sub zero applicances repair,Phrase,35.00,https://appliancepros.netlify.app/subzero/,Enabled,Enabled,Enabled,Refrigerator Repair Core | Phrase
SZ_Search_BayArea_Full_PRO,Ice Maker Not Working,sub zero automatic ice maker not working,Exact,39.00,https://appliancepros.netlify.app/subzero/,Enabled,Enabled,Enabled,Ice Maker Not Working | Exact
SZ_Search_BayArea_Full_PRO,Ice Maker Not Working,sub zero automatic ice maker not working,Phrase,39.00,https://appliancepros.netlify.app/subzero/,Enabled,Enabled,Enabled,Ice Maker Not Working | Phrase
SZ_Search_BayArea_Full_PRO,Ice Maker Not Working,sub zero bottom freezer ice maker not working,Exact,39.00,https://appliancepros.netlify.app/subzero/,Enabled,Enabled,Enabled,Ice Maker Not Working | Exact
SZ_Search_BayArea_Full_PRO,Ice Maker Not Working,sub zero bottom freezer ice maker not working,Phrase,39.00,https://appliancepros.netlify.app/subzero/,Enabled,Enabled,Enabled,Ice Maker Not Working | Phrase
SZ_Search_BayArea_Full_PRO,Freezer Not Freezing,sub zero bottom freezer not freezing,Exact,39.00,https://appliancepros.netlify.app/subzero/,Enabled,Enabled,Enabled,Freezer Not Freezing | Exact
SZ_Search_BayArea_Full_PRO,Freezer Not Freezing,sub zero bottom freezer not freezing,Phrase,39.00,https://appliancepros.netlify.app/subzero/,Enabled,Enabled,Enabled,Freezer Not Freezing | Phrase
SZ_Search_BayArea_Full_PRO,Freezer Not Working,sub zero bottom freezer not working,Exact,35.00,https://appliancepros.netlify.app/subzero/,Enabled,Enabled,Enabled,Freezer Not Working | Exact
SZ_Search_BayArea_Full_PRO,Freezer Not Working,sub zero bottom freezer not working,Phrase,35.00,https://appliancepros.netlify.app/subzero/,Enabled,Enabled,Enabled,Freezer Not Working | Phrase
SZ_Search_BayArea_Full_PRO,Freezer Service Core,sub zero bottom freezer refrigerator ice maker problems,Exact,32.00,https://appliancepros.netlify.app/subzero/,Enabled,Enabled,Enabled,Freezer Service Core | Exact
SZ_Search_BayArea_Full_PRO,Freezer Service Core,sub zero bottom freezer refrigerator ice maker problems,Phrase,32.00,https://appliancepros.netlify.app/subzero/,Enabled,Enabled,Enabled,Freezer Service Core | Phrase
SZ_Search_BayArea_Full_PRO,Fridge Not Cooling,sub zero bottom freezer refrigerator not cooling,Exact,39.00,https://appliancepros.netlify.app/subzero/,Enabled,Enabled,Enabled,Fridge Not Cooling | Exact
SZ_Search_BayArea_Full_PRO,Fridge Not Cooling,sub zero bottom freezer refrigerator not cooling,Phrase,39.00,https://appliancepros.netlify.app/subzero/,Enabled,Enabled,Enabled,Fridge Not Cooling | Phrase
SZ_Search_BayArea_Full_PRO,Freezer Service Core,sub zero bottom freezer refrigerator problems,Exact,32.00,https://appliancepros.netlify.app/subzero/,Enabled,Enabled,Enabled,Freezer Service Core | Exact
SZ_Search_BayArea_Full_PRO,Freezer Service Core,sub zero bottom freezer refrigerator problems,Phrase,32.00,https://appliancepros.netlify.app/subzero/,Enabled,Enabled,Enabled,Freezer Service Core | Phrase
SZ_Search_BayArea_Full_PRO,Ice Maker Not Working,sub zero built in refrigerator ice maker not working,Exact,39.00,https://appliancepros.netlify.app/subzero/,Enabled,Enabled,Enabled,Ice Maker Not Working | Exact
SZ_Search_BayArea_Full_PRO,Ice Maker Not Working,sub zero built in refrigerator ice maker not working,Phrase,39.00,https://appliancepros.netlify.app/subzero/,Enabled,Enabled,Enabled,Ice Maker Not Working | Phrase
SZ_Search_BayArea_Full_PRO,Refrigerator Repair Core,sub zero built in refrigerator problems,Exact,35.00,https://appliancepros.netlify.app/subzero/,Enabled,Enabled,Enabled,Refrigerator Repair Core | Exact
SZ_Search_BayArea_Full_PRO,Refrigerator Repair Core,sub zero built in refrigerator problems,Phrase,35.00,https://appliancepros.netlify.app/subzero/,Enabled,Enabled,Enabled,Refrigerator Repair Core | Phrase
SZ_Search_BayArea_Full_PRO,Refrigerator Repair Core,sub zero built in refrigerator repair,Exact,35.00,https://appliancepros.netlify.app/subzero/,Enabled,Enabled,Enabled,Refrigerator Repair Core | Exact
SZ_Search_BayArea_Full_PRO,Refrigerator Repair Core,sub zero built in refrigerator repair,Phrase,35.00,https://appliancepros.netlify.app/subzero/,Enabled,Enabled,Enabled,Refrigerator Repair Core | Phrase
SZ_Search_BayArea_Full_PRO,Freezer Not Freezing,sub zero deep freezer not freezing,Exact,39.00,https://appliancepros.netlify.app/subzero/,Enabled,Enabled,Enabled,Freezer Not Freezing | Exact
SZ_Search_BayArea_Full_PRO,Freezer Not Freezing,sub zero deep freezer not freezing,Phrase,39.00,https://appliancepros.netlify.app/subzero/,Enabled,Enabled,Enabled,Freezer Not Freezing | Phrase
SZ_Search_BayArea_Full_PRO,Refrigerator Repair Core,sub zero door handle repair,Exact,35.00,https://appliancepros.netlify.app/subzero/,Enabled,Enabled,Enabled,Refrigerator Repair Core | Exact
SZ_Search_BayArea_Full_PRO,Refrigerator Repair Core,sub zero door handle repair,Phrase,35.00,https://appliancepros.netlify.app/subzero/,Enabled,Enabled,Enabled,Refrigerator Repair Core | Phrase
SZ_Search_BayArea_Full_PRO,Ice Maker Not Working,sub zero door ice maker not working,Exact,39.00,https://appliancepros.netlify.app/subzero/,Enabled,Enabled,Enabled,Ice Maker Not Working | Exact
SZ_Search_BayArea_Full_PRO,Ice Maker Not Working,sub zero door ice maker not working,Phrase,39.00,https://appliancepros.netlify.app/subzero/,Enabled,Enabled,Enabled,Ice Maker Not Working | Phrase
SZ_Search_BayArea_Full_PRO,Door Gasket Repair,sub zero door seal problem,Exact,35.00,https://appliancepros.netlify.app/subzero/,Enabled,Enabled,Enabled,Door Gasket Repair | Exact
SZ_Search_BayArea_Full_PRO,Door Gasket Repair,sub zero door seal problem,Phrase,35.00,https://appliancepros.netlify.app/subzero/,Enabled,Enabled,Enabled,Door Gasket Repair | Phrase
SZ_Search_BayArea_Full_PRO,Fridge Not Cooling,sub zero double door fridge not cooling,Exact,39.00,https://appliancepros.netlify.app/subzero/,Enabled,Enabled,Enabled,Fridge Not Cooling | Exact
SZ_Search_BayArea_Full_PRO,Fridge Not Cooling,sub zero double door fridge not cooling,Phrase,39.00,https://appliancepros.netlify.app/subzero/,Enabled,Enabled,Enabled,Fridge Not Cooling | Phrase
SZ_Search_BayArea_Full_PRO,Ice Maker Not Working,sub zero double door refrigerator ice maker not working,Exact,39.00,https://appliancepros.netlify.app/subzero/,Enabled,Enabled,Enabled,Ice Maker Not Working | Exact
SZ_Search_BayArea_Full_PRO,Ice Maker Not Working,sub zero double door refrigerator ice maker not working,Phrase,39.00,https://appliancepros.netlify.app/subzero/,Enabled,Enabled,Enabled,Ice Maker Not Working | Phrase
SZ_Search_BayArea_Full_PRO,Fridge Not Cooling,sub zero double door refrigerator not cooling,Exact,39.00,https://appliancepros.netlify.app/subzero/,Enabled,Enabled,Enabled,Fridge Not Cooling | Exact
SZ_Search_BayArea_Full_PRO,Fridge Not Cooling,sub zero double door refrigerator not cooling,Phrase,39.00,https://appliancepros.netlify.app/subzero/,Enabled,Enabled,Enabled,Fridge Not Cooling | Phrase
SZ_Search_BayArea_Full_PRO,Refrigerator Repair Core,sub zero electric repair,Exact,35.00,https://appliancepros.netlify.app/subzero/,Enabled,Enabled,Enabled,Refrigerator Repair Core | Exact
SZ_Search_BayArea_Full_PRO,Refrigerator Repair Core,sub zero electric repair,Phrase,35.00,https://appliancepros.netlify.app/subzero/,Enabled,Enabled,Enabled,Refrigerator Repair Core | Phrase
SZ_Search_BayArea_Full_PRO,Emergency Same Day,sub zero emergency repair,Exact,46.00,https://appliancepros.netlify.app/subzero/,Enabled,Enabled,Enabled,Emergency Same Day | Exact
SZ_Search_BayArea_Full_PRO,Emergency Same Day,sub zero emergency repair,Phrase,46.00,https://appliancepros.netlify.app/subzero/,Enabled,Enabled,Enabled,Emergency Same Day | Phrase
SZ_Search_BayArea_Full_PRO,Emergency Same Day,sub zero emergency service,Exact,46.00,https://appliancepros.netlify.app/subzero/,Enabled,Enabled,Enabled,Emergency Same Day | Exact
SZ_Search_BayArea_Full_PRO,Emergency Same Day,sub zero emergency service,Phrase,46.00,https://appliancepros.netlify.app/subzero/,Enabled,Enabled,Enabled,Emergency Same Day | Phrase
SZ_Search_BayArea_Full_PRO,Refrigerator Repair Core,sub zero fix,Exact,35.00,https://appliancepros.netlify.app/subzero/,Enabled,Enabled,Enabled,Refrigerator Repair Core | Exact
SZ_Search_BayArea_Full_PRO,Refrigerator Repair Core,sub zero fix,Phrase,35.00,https://appliancepros.netlify.app/subzero/,Enabled,Enabled,Enabled,Refrigerator Repair Core | Phrase
SZ_Search_BayArea_Full_PRO,Freezer Not Freezing,sub zero freezer cold but not freezing,Exact,39.00,https://appliancepros.netlify.app/subzero/,Enabled,Enabled,Enabled,Freezer Not Freezing | Exact
SZ_Search_BayArea_Full_PRO,Freezer Not Freezing,sub zero freezer cold but not freezing,Phrase,39.00,https://appliancepros.netlify.app/subzero/,Enabled,Enabled,Enabled,Freezer Not Freezing | Phrase
SZ_Search_BayArea_Full_PRO,Freezer Service Core,sub zero freezer defrost problem,Exact,32.00,https://appliancepros.netlify.app/subzero/,Enabled,Enabled,Enabled,Freezer Service Core | Exact
SZ_Search_BayArea_Full_PRO,Freezer Service Core,sub zero freezer defrost problem,Phrase,32.00,https://appliancepros.netlify.app/subzero/,Enabled,Enabled,Enabled,Freezer Service Core | Phrase
SZ_Search_BayArea_Full_PRO,Freezer Service Core,sub zero freezer door broken,Exact,32.00,https://appliancepros.netlify.app/subzero/,Enabled,Enabled,Enabled,Freezer Service Core | Exact
SZ_Search_BayArea_Full_PRO,Freezer Service Core,sub zero freezer door broken,Phrase,32.00,https://appliancepros.netlify.app/subzero/,Enabled,Enabled,Enabled,Freezer Service Core | Phrase
SZ_Search_BayArea_Full_PRO,Freezer Service Core,sub zero freezer door handle loose,Exact,32.00,https://appliancepros.netlify.app/subzero/,Enabled,Enabled,Enabled,Freezer Service Core | Exact
SZ_Search_BayArea_Full_PRO,Freezer Service Core,sub zero freezer door handle loose,Phrase,32.00,https://appliancepros.netlify.app/subzero/,Enabled,Enabled,Enabled,Freezer Service Core | Phrase
SZ_Search_BayArea_Full_PRO,Freezer Service Core,sub zero freezer door not sealing,Exact,32.00,https://appliancepros.netlify.app/subzero/,Enabled,Enabled,Enabled,Freezer Service Core | Exact
SZ_Search_BayArea_Full_PRO,Freezer Service Core,sub zero freezer door not sealing,Phrase,32.00,https://appliancepros.netlify.app/subzero/,Enabled,Enabled,Enabled,Freezer Service Core | Phrase
SZ_Search_BayArea_Full_PRO,Freezer Service Core,sub zero freezer door stuck,Exact,32.00,https://appliancepros.netlify.app/subzero/,Enabled,Enabled,Enabled,Freezer Service Core | Exact
SZ_Search_BayArea_Full_PRO,Freezer Service Core,sub zero freezer door stuck,Phrase,32.00,https://appliancepros.netlify.app/subzero/,Enabled,Enabled,Enabled,Freezer Service Core | Phrase
SZ_Search_BayArea_Full_PRO,Ice Maker Not Working,sub zero freezer drawer ice maker not working,Exact,39.00,https://appliancepros.netlify.app/subzero/,Enabled,Enabled,Enabled,Ice Maker Not Working | Exact
SZ_Search_BayArea_Full_PRO,Ice Maker Not Working,sub zero freezer drawer ice maker not working,Phrase,39.00,https://appliancepros.netlify.app/subzero/,Enabled,Enabled,Enabled,Ice Maker Not Working | Phrase
SZ_Search_BayArea_Full_PRO,Freezer Service Core,sub zero freezer drawer stuck,Exact,32.00,https://appliancepros.netlify.app/subzero/,Enabled,Enabled,Enabled,Freezer Service Core | Exact
SZ_Search_BayArea_Full_PRO,Freezer Service Core,sub zero freezer drawer stuck,Phrase,32.00,https://appliancepros.netlify.app/subzero/,Enabled,Enabled,Enabled,Freezer Service Core | Phrase
SZ_Search_BayArea_Full_PRO,Freezer Service Core,sub zero freezer drawers problems,Exact,32.00,https://appliancepros.netlify.app/subzero/,Enabled,Enabled,Enabled,Freezer Service Core | Exact
SZ_Search_BayArea_Full_PRO,Freezer Service Core,sub zero freezer drawers problems,Phrase,32.00,https://appliancepros.netlify.app/subzero/,Enabled,Enabled,Enabled,Freezer Service Core | Phrase
SZ_Search_BayArea_Full_PRO,Noise And Fan Repair,sub zero freezer fan not working,Exact,35.00,https://appliancepros.netlify.app/subzero/,Enabled,Enabled,Enabled,Noise And Fan Repair | Exact
SZ_Search_BayArea_Full_PRO,Noise And Fan Repair,sub zero freezer fan not working,Phrase,35.00,https://appliancepros.netlify.app/subzero/,Enabled,Enabled,Enabled,Noise And Fan Repair | Phrase
SZ_Search_BayArea_Full_PRO,Freezer Service Core,sub zero freezer handle loose,Exact,32.00,https://appliancepros.netlify.app/subzero/,Enabled,Enabled,Enabled,Freezer Service Core | Exact
SZ_Search_BayArea_Full_PRO,Freezer Service Core,sub zero freezer handle loose,Phrase,32.00,https://appliancepros.netlify.app/subzero/,Enabled,Enabled,Enabled,Freezer Service Core | Phrase
SZ_Search_BayArea_Full_PRO,Freezer Service Core,sub zero freezer ice build up,Exact,32.00,https://appliancepros.netlify.app/subzero/,Enabled,Enabled,Enabled,Freezer Service Core | Exact
SZ_Search_BayArea_Full_PRO,Freezer Service Core,sub zero freezer ice build up,Phrase,32.00,https://appliancepros.netlify.app/subzero/,Enabled,Enabled,Enabled,Freezer Service Core | Phrase
SZ_Search_BayArea_Full_PRO,Freezer Service Core,sub zero freezer ice maker not dispensing ice,Exact,32.00,https://appliancepros.netlify.app/subzero/,Enabled,Enabled,Enabled,Freezer Service Core | Exact
SZ_Search_BayArea_Full_PRO,Freezer Service Core,sub zero freezer ice maker not dispensing ice,Phrase,32.00,https://appliancepros.netlify.app/subzero/,Enabled,Enabled,Enabled,Freezer Service Core | Phrase
SZ_Search_BayArea_Full_PRO,Ice Not Making,sub zero freezer ice maker not making ice,Exact,39.00,https://appliancepros.netlify.app/subzero/,Enabled,Enabled,Enabled,Ice Not Making | Exact
SZ_Search_BayArea_Full_PRO,Ice Not Making,sub zero freezer ice maker not making ice,Phrase,39.00,https://appliancepros.netlify.app/subzero/,Enabled,Enabled,Enabled,Ice Not Making | Phrase
SZ_Search_BayArea_Full_PRO,Ice Maker Not Working,sub zero freezer ice maker not working,Exact,39.00,https://appliancepros.netlify.app/subzero/,Enabled,Enabled,Enabled,Ice Maker Not Working | Exact
SZ_Search_BayArea_Full_PRO,Ice Maker Not Working,sub zero freezer ice maker not working,Phrase,39.00,https://appliancepros.netlify.app/subzero/,Enabled,Enabled,Enabled,Ice Maker Not Working | Phrase
SZ_Search_BayArea_Full_PRO,Freezer Repair Core,sub zero freezer ice maker repair,Exact,35.00,https://appliancepros.netlify.app/subzero/,Enabled,Enabled,Enabled,Freezer Repair Core | Exact
SZ_Search_BayArea_Full_PRO,Freezer Repair Core,sub zero freezer ice maker repair,Phrase,35.00,https://appliancepros.netlify.app/subzero/,Enabled,Enabled,Enabled,Freezer Repair Core | Phrase
SZ_Search_BayArea_Full_PRO,Freezer Service Core,sub zero freezer is cold but fridge is not,Exact,32.00,https://appliancepros.netlify.app/subzero/,Enabled,Enabled,Enabled,Freezer Service Core | Exact
SZ_Search_BayArea_Full_PRO,Freezer Service Core,sub zero freezer is cold but fridge is not,Phrase,32.00,https://appliancepros.netlify.app/subzero/,Enabled,Enabled,Enabled,Freezer Service Core | Phrase
SZ_Search_BayArea_Full_PRO,Freezer Not Freezing,sub zero freezer is not freezing,Exact,39.00,https://appliancepros.netlify.app/subzero/,Enabled,Enabled,Enabled,Freezer Not Freezing | Exact
SZ_Search_BayArea_Full_PRO,Freezer Not Freezing,sub zero freezer is not freezing,Phrase,39.00,https://appliancepros.netlify.app/subzero/,Enabled,Enabled,Enabled,Freezer Not Freezing | Phrase
SZ_Search_BayArea_Full_PRO,Freezer Service Core,sub zero freezer is not working,Exact,32.00,https://appliancepros.netlify.app/subzero/,Enabled,Enabled,Enabled,Freezer Service Core | Exact
SZ_Search_BayArea_Full_PRO,Freezer Service Core,sub zero freezer is not working,Phrase,32.00,https://appliancepros.netlify.app/subzero/,Enabled,Enabled,Enabled,Freezer Service Core | Phrase
SZ_Search_BayArea_Full_PRO,Water Leak Repair,sub zero freezer leaking into fridge,Exact,39.00,https://appliancepros.netlify.app/subzero/,Enabled,Enabled,Enabled,Water Leak Repair | Exact
SZ_Search_BayArea_Full_PRO,Water Leak Repair,sub zero freezer leaking into fridge,Phrase,39.00,https://appliancepros.netlify.app/subzero/,Enabled,Enabled,Enabled,Water Leak Repair | Phrase
SZ_Search_BayArea_Full_PRO,Water Leak Repair,sub zero freezer leaking water,Exact,39.00,https://appliancepros.netlify.app/subzero/,Enabled,Enabled,Enabled,Water Leak Repair | Exact
SZ_Search_BayArea_Full_PRO,Water Leak Repair,sub zero freezer leaking water,Phrase,39.00,https://appliancepros.netlify.app/subzero/,Enabled,Enabled,Enabled,Water Leak Repair | Phrase
SZ_Search_BayArea_Full_PRO,Freezer Service Core,sub zero freezer led lights not working,Exact,32.00,https://appliancepros.netlify.app/subzero/,Enabled,Enabled,Enabled,Freezer Service Core | Exact
SZ_Search_BayArea_Full_PRO,Freezer Service Core,sub zero freezer led lights not working,Phrase,32.00,https://appliancepros.netlify.app/subzero/,Enabled,Enabled,Enabled,Freezer Service Core | Phrase
SZ_Search_BayArea_Full_PRO,Freezer Service Core,sub zero freezer light not working,Exact,32.00,https://appliancepros.netlify.app/subzero/,Enabled,Enabled,Enabled,Freezer Service Core | Exact
SZ_Search_BayArea_Full_PRO,Freezer Service Core,sub zero freezer light not working,Phrase,32.00,https://appliancepros.netlify.app/subzero/,Enabled,Enabled,Enabled,Freezer Service Core | Phrase
SZ_Search_BayArea_Full_PRO,Fridge Not Cooling,sub zero freezer not cold,Exact,39.00,https://appliancepros.netlify.app/subzero/,Enabled,Enabled,Enabled,Fridge Not Cooling | Exact
SZ_Search_BayArea_Full_PRO,Fridge Not Cooling,sub zero freezer not cold,Phrase,39.00,https://appliancepros.netlify.app/subzero/,Enabled,Enabled,Enabled,Fridge Not Cooling | Phrase
SZ_Search_BayArea_Full_PRO,Fridge Not Cooling,sub zero freezer not cold enough,Exact,39.00,https://appliancepros.netlify.app/subzero/,Enabled,Enabled,Enabled,Fridge Not Cooling | Exact
SZ_Search_BayArea_Full_PRO,Fridge Not Cooling,sub zero freezer not cold enough,Phrase,39.00,https://appliancepros.netlify.app/subzero/,Enabled,Enabled,Enabled,Fridge Not Cooling | Phrase
SZ_Search_BayArea_Full_PRO,Fridge Not Cooling,sub zero freezer not cooling,Exact,39.00,https://appliancepros.netlify.app/subzero/,Enabled,Enabled,Enabled,Fridge Not Cooling | Exact
SZ_Search_BayArea_Full_PRO,Fridge Not Cooling,sub zero freezer not cooling,Phrase,39.00,https://appliancepros.netlify.app/subzero/,Enabled,Enabled,Enabled,Fridge Not Cooling | Phrase
SZ_Search_BayArea_Full_PRO,Freezer Service Core,sub zero freezer not defrosting,Exact,32.00,https://appliancepros.netlify.app/subzero/,Enabled,Enabled,Enabled,Freezer Service Core | Exact
SZ_Search_BayArea_Full_PRO,Freezer Service Core,sub zero freezer not defrosting,Phrase,32.00,https://appliancepros.netlify.app/subzero/,Enabled,Enabled,Enabled,Freezer Service Core | Phrase
SZ_Search_BayArea_Full_PRO,Freezer Not Freezing,sub zero freezer not freezing,Exact,39.00,https://appliancepros.netlify.app/subzero/,Enabled,Enabled,Enabled,Freezer Not Freezing | Exact
SZ_Search_BayArea_Full_PRO,Freezer Not Freezing,sub zero freezer not freezing,Phrase,39.00,https://appliancepros.netlify.app/subzero/,Enabled,Enabled,Enabled,Freezer Not Freezing | Phrase
SZ_Search_BayArea_Full_PRO,Freezer Not Freezing,sub zero freezer not freezing ice cream,Exact,39.00,https://appliancepros.netlify.app/subzero/,Enabled,Enabled,Enabled,Freezer Not Freezing | Exact
SZ_Search_BayArea_Full_PRO,Freezer Not Freezing,sub zero freezer not freezing ice cream,Phrase,39.00,https://appliancepros.netlify.app/subzero/,Enabled,Enabled,Enabled,Freezer Not Freezing | Phrase
SZ_Search_BayArea_Full_PRO,Freezer Not Freezing,sub zero freezer not freezing properly,Exact,39.00,https://appliancepros.netlify.app/subzero/,Enabled,Enabled,Enabled,Freezer Not Freezing | Exact
SZ_Search_BayArea_Full_PRO,Freezer Not Freezing,sub zero freezer not freezing properly,Phrase,39.00,https://appliancepros.netlify.app/subzero/,Enabled,Enabled,Enabled,Freezer Not Freezing | Phrase
SZ_Search_BayArea_Full_PRO,Fridge Not Cooling,sub zero freezer not getting cold,Exact,39.00,https://appliancepros.netlify.app/subzero/,Enabled,Enabled,Enabled,Fridge Not Cooling | Exact
SZ_Search_BayArea_Full_PRO,Fridge Not Cooling,sub zero freezer not getting cold,Phrase,39.00,https://appliancepros.netlify.app/subzero/,Enabled,Enabled,Enabled,Fridge Not Cooling | Phrase
SZ_Search_BayArea_Full_PRO,Fridge Not Cooling,sub zero freezer not getting cold enough,Exact,39.00,https://appliancepros.netlify.app/subzero/,Enabled,Enabled,Enabled,Fridge Not Cooling | Exact
SZ_Search_BayArea_Full_PRO,Fridge Not Cooling,sub zero freezer not getting cold enough,Phrase,39.00,https://appliancepros.netlify.app/subzero/,Enabled,Enabled,Enabled,Fridge Not Cooling | Phrase
SZ_Search_BayArea_Full_PRO,Ice Not Making,sub zero freezer not making ice,Exact,39.00,https://appliancepros.netlify.app/subzero/,Enabled,Enabled,Enabled,Ice Not Making | Exact
SZ_Search_BayArea_Full_PRO,Ice Not Making,sub zero freezer not making ice,Phrase,39.00,https://appliancepros.netlify.app/subzero/,Enabled,Enabled,Enabled,Ice Not Making | Phrase
SZ_Search_BayArea_Full_PRO,Freezer Not Working,sub zero freezer not working,Exact,35.00,https://appliancepros.netlify.app/subzero/,Enabled,Enabled,Enabled,Freezer Not Working | Exact
SZ_Search_BayArea_Full_PRO,Freezer Not Working,sub zero freezer not working,Phrase,35.00,https://appliancepros.netlify.app/subzero/,Enabled,Enabled,Enabled,Freezer Not Working | Phrase
SZ_Search_BayArea_Full_PRO,Freezer Not Working,sub zero freezer not working but fridge is,Exact,35.00,https://appliancepros.netlify.app/subzero/,Enabled,Enabled,Enabled,Freezer Not Working | Exact
SZ_Search_BayArea_Full_PRO,Freezer Not Working,sub zero freezer not working but fridge is,Phrase,35.00,https://appliancepros.netlify.app/subzero/,Enabled,Enabled,Enabled,Freezer Not Working | Phrase
SZ_Search_BayArea_Full_PRO,Freezer Service Core,sub zero freezer problems,Exact,32.00,https://appliancepros.netlify.app/subzero/,Enabled,Enabled,Enabled,Freezer Service Core | Exact
SZ_Search_BayArea_Full_PRO,Freezer Service Core,sub zero freezer problems,Phrase,32.00,https://appliancepros.netlify.app/subzero/,Enabled,Enabled,Enabled,Freezer Service Core | Phrase
SZ_Search_BayArea_Full_PRO,Fridge Not Cooling,sub zero freezer refrigerator not cooling,Exact,39.00,https://appliancepros.netlify.app/subzero/,Enabled,Enabled,Enabled,Fridge Not Cooling | Exact
SZ_Search_BayArea_Full_PRO,Fridge Not Cooling,sub zero freezer refrigerator not cooling,Phrase,39.00,https://appliancepros.netlify.app/subzero/,Enabled,Enabled,Enabled,Fridge Not Cooling | Phrase
SZ_Search_BayArea_Full_PRO,Freezer Repair Core,sub zero freezer repair,Exact,35.00,https://appliancepros.netlify.app/subzero/,Enabled,Enabled,Enabled,Freezer Repair Core | Exact
SZ_Search_BayArea_Full_PRO,Freezer Repair Core,sub zero freezer repair,Phrase,35.00,https://appliancepros.netlify.app/subzero/,Enabled,Enabled,Enabled,Freezer Repair Core | Phrase
SZ_Search_BayArea_Full_PRO,Near Me Core,sub zero freezer repair near me,Exact,41.00,https://appliancepros.netlify.app/subzero/,Enabled,Enabled,Enabled,Near Me Core | Exact
SZ_Search_BayArea_Full_PRO,Near Me Core,sub zero freezer repair near me,Phrase,41.00,https://appliancepros.netlify.app/subzero/,Enabled,Enabled,Enabled,Near Me Core | Phrase
SZ_Search_BayArea_Full_PRO,Freezer Repair Core,sub zero freezer repair service,Exact,35.00,https://appliancepros.netlify.app/subzero/,Enabled,Enabled,Enabled,Freezer Repair Core | Exact
SZ_Search_BayArea_Full_PRO,Freezer Repair Core,sub zero freezer repair service,Phrase,35.00,https://appliancepros.netlify.app/subzero/,Enabled,Enabled,Enabled,Freezer Repair Core | Phrase
SZ_Search_BayArea_Full_PRO,Near Me Core,sub zero freezer repairs near me,Exact,41.00,https://appliancepros.netlify.app/subzero/,Enabled,Enabled,Enabled,Near Me Core | Exact
SZ_Search_BayArea_Full_PRO,Near Me Core,sub zero freezer repairs near me,Phrase,41.00,https://appliancepros.netlify.app/subzero/,Enabled,Enabled,Enabled,Near Me Core | Phrase
SZ_Search_BayArea_Full_PRO,Freezer Repair Core,sub zero freezer service,Exact,35.00,https://appliancepros.netlify.app/subzero/,Enabled,Enabled,Enabled,Freezer Repair Core | Exact
SZ_Search_BayArea_Full_PRO,Freezer Repair Core,sub zero freezer service,Phrase,35.00,https://appliancepros.netlify.app/subzero/,Enabled,Enabled,Enabled,Freezer Repair Core | Phrase
SZ_Search_BayArea_Full_PRO,Near Me Core,sub zero freezer service near me,Exact,41.00,https://appliancepros.netlify.app/subzero/,Enabled,Enabled,Enabled,Near Me Core | Exact
SZ_Search_BayArea_Full_PRO,Near Me Core,sub zero freezer service near me,Phrase,41.00,https://appliancepros.netlify.app/subzero/,Enabled,Enabled,Enabled,Near Me Core | Phrase
SZ_Search_BayArea_Full_PRO,Freezer Not Working,sub zero freezer stopped working,Exact,35.00,https://appliancepros.netlify.app/subzero/,Enabled,Enabled,Enabled,Freezer Not Working | Exact
SZ_Search_BayArea_Full_PRO,Freezer Not Working,sub zero freezer stopped working,Phrase,35.00,https://appliancepros.netlify.app/subzero/,Enabled,Enabled,Enabled,Freezer Not Working | Phrase
SZ_Search_BayArea_Full_PRO,Technician Request,sub zero freezer technician,Exact,35.00,https://appliancepros.netlify.app/subzero/,Enabled,Enabled,Enabled,Technician Request | Exact
SZ_Search_BayArea_Full_PRO,Technician Request,sub zero freezer technician,Phrase,35.00,https://appliancepros.netlify.app/subzero/,Enabled,Enabled,Enabled,Technician Request | Phrase
SZ_Search_BayArea_Full_PRO,Freezer Service Core,sub zero freezer temperature not working,Exact,32.00,https://appliancepros.netlify.app/subzero/,Enabled,Enabled,Enabled,Freezer Service Core | Exact
SZ_Search_BayArea_Full_PRO,Freezer Service Core,sub zero freezer temperature not working,Phrase,32.00,https://appliancepros.netlify.app/subzero/,Enabled,Enabled,Enabled,Freezer Service Core | Phrase
SZ_Search_BayArea_Full_PRO,Freezer Service Core,sub zero freezer temperature problems,Exact,32.00,https://appliancepros.netlify.app/subzero/,Enabled,Enabled,Enabled,Freezer Service Core | Exact
SZ_Search_BayArea_Full_PRO,Freezer Service Core,sub zero freezer temperature problems,Phrase,32.00,https://appliancepros.netlify.app/subzero/,Enabled,Enabled,Enabled,Freezer Service Core | Phrase
SZ_Search_BayArea_Full_PRO,Freezer Service Core,sub zero freezer too cold,Exact,32.00,https://appliancepros.netlify.app/subzero/,Enabled,Enabled,Enabled,Freezer Service Core | Exact
SZ_Search_BayArea_Full_PRO,Freezer Service Core,sub zero freezer too cold,Phrase,32.00,https://appliancepros.netlify.app/subzero/,Enabled,Enabled,Enabled,Freezer Service Core | Phrase
SZ_Search_BayArea_Full_PRO,Water Dispenser Repair,sub zero freezer water dispenser not working,Exact,35.00,https://appliancepros.netlify.app/subzero/,Enabled,Enabled,Enabled,Water Dispenser Repair | Exact
SZ_Search_BayArea_Full_PRO,Water Dispenser Repair,sub zero freezer water dispenser not working,Phrase,35.00,https://appliancepros.netlify.app/subzero/,Enabled,Enabled,Enabled,Water Dispenser Repair | Phrase
SZ_Search_BayArea_Full_PRO,Door Ajar Beeping,sub zero freezer won t stop beeping,Exact,35.00,https://appliancepros.netlify.app/subzero/,Enabled,Enabled,Enabled,Door Ajar Beeping | Exact
SZ_Search_BayArea_Full_PRO,Door Ajar Beeping,sub zero freezer won t stop beeping,Phrase,35.00,https://appliancepros.netlify.app/subzero/,Enabled,Enabled,Enabled,Door Ajar Beeping | Phrase
SZ_Search_BayArea_Full_PRO,Freezer Service Core,sub zero freezer working but not fridge,Exact,32.00,https://appliancepros.netlify.app/subzero/,Enabled,Enabled,Enabled,Freezer Service Core | Exact
SZ_Search_BayArea_Full_PRO,Freezer Service Core,sub zero freezer working but not fridge,Phrase,32.00,https://appliancepros.netlify.app/subzero/,Enabled,Enabled,Enabled,Freezer Service Core | Phrase
SZ_Search_BayArea_Full_PRO,Fridge Not Cooling,sub zero freezer working but refrigerator not cooling,Exact,39.00,https://appliancepros.netlify.app/subzero/,Enabled,Enabled,Enabled,Fridge Not Cooling | Exact
SZ_Search_BayArea_Full_PRO,Fridge Not Cooling,sub zero freezer working but refrigerator not cooling,Phrase,39.00,https://appliancepros.netlify.app/subzero/,Enabled,Enabled,Enabled,Fridge Not Cooling | Phrase
SZ_Search_BayArea_Full_PRO,Freezer Service Core,sub zero freezer working fridge not,Exact,32.00,https://appliancepros.netlify.app/subzero/,Enabled,Enabled,Enabled,Freezer Service Core | Exact
SZ_Search_BayArea_Full_PRO,Freezer Service Core,sub zero freezer working fridge not,Phrase,32.00,https://appliancepros.netlify.app/subzero/,Enabled,Enabled,Enabled,Freezer Service Core | Phrase
SZ_Search_BayArea_Full_PRO,Ice Maker Not Working,sub zero french door fridge ice maker not working,Exact,39.00,https://appliancepros.netlify.app/subzero/,Enabled,Enabled,Enabled,Ice Maker Not Working | Exact
SZ_Search_BayArea_Full_PRO,Ice Maker Not Working,sub zero french door fridge ice maker not working,Phrase,39.00,https://appliancepros.netlify.app/subzero/,Enabled,Enabled,Enabled,Ice Maker Not Working | Phrase
SZ_Search_BayArea_Full_PRO,Fridge Not Cooling,sub zero french door fridge not cooling,Exact,39.00,https://appliancepros.netlify.app/subzero/,Enabled,Enabled,Enabled,Fridge Not Cooling | Exact
SZ_Search_BayArea_Full_PRO,Fridge Not Cooling,sub zero french door fridge not cooling,Phrase,39.00,https://appliancepros.netlify.app/subzero/,Enabled,Enabled,Enabled,Fridge Not Cooling | Phrase
SZ_Search_BayArea_Full_PRO,Ice Not Making,sub zero french door fridge not making ice,Exact,39.00,https://appliancepros.netlify.app/subzero/,Enabled,Enabled,Enabled,Ice Not Making | Exact
SZ_Search_BayArea_Full_PRO,Ice Not Making,sub zero french door fridge not making ice,Phrase,39.00,https://appliancepros.netlify.app/subzero/,Enabled,Enabled,Enabled,Ice Not Making | Phrase
SZ_Search_BayArea_Full_PRO,Ice Not Making,sub zero french door ice maker not making ice,Exact,39.00,https://appliancepros.netlify.app/subzero/,Enabled,Enabled,Enabled,Ice Not Making | Exact
SZ_Search_BayArea_Full_PRO,Ice Not Making,sub zero french door ice maker not making ice,Phrase,39.00,https://appliancepros.netlify.app/subzero/,Enabled,Enabled,Enabled,Ice Not Making | Phrase
SZ_Search_BayArea_Full_PRO,Ice Maker Not Working,sub zero french door ice maker not working,Exact,39.00,https://appliancepros.netlify.app/subzero/,Enabled,Enabled,Enabled,Ice Maker Not Working | Exact
SZ_Search_BayArea_Full_PRO,Ice Maker Not Working,sub zero french door ice maker not working,Phrase,39.00,https://appliancepros.netlify.app/subzero/,Enabled,Enabled,Enabled,Ice Maker Not Working | Phrase
SZ_Search_BayArea_Full_PRO,Ice Not Making,sub zero french door not making ice,Exact,39.00,https://appliancepros.netlify.app/subzero/,Enabled,Enabled,Enabled,Ice Not Making | Exact
SZ_Search_BayArea_Full_PRO,Ice Not Making,sub zero french door not making ice,Phrase,39.00,https://appliancepros.netlify.app/subzero/,Enabled,Enabled,Enabled,Ice Not Making | Phrase
SZ_Search_BayArea_Full_PRO,Freezer Not Freezing,sub zero french door refrigerator freezer not freezing,Exact,39.00,https://appliancepros.netlify.app/subzero/,Enabled,Enabled,Enabled,Freezer Not Freezing | Exact
SZ_Search_BayArea_Full_PRO,Freezer Not Freezing,sub zero french door refrigerator freezer not freezing,Phrase,39.00,https://appliancepros.netlify.app/subzero/,Enabled,Enabled,Enabled,Freezer Not Freezing | Phrase
SZ_Search_BayArea_Full_PRO,Ice Not Making,sub zero french door refrigerator ice maker not making ice,Exact,39.00,https://appliancepros.netlify.app/subzero/,Enabled,Enabled,Enabled,Ice Not Making | Exact
SZ_Search_BayArea_Full_PRO,Ice Not Making,sub zero french door refrigerator ice maker not making ice,Phrase,39.00,https://appliancepros.netlify.app/subzero/,Enabled,Enabled,Enabled,Ice Not Making | Phrase
SZ_Search_BayArea_Full_PRO,Ice Maker Not Working,sub zero french door refrigerator ice maker not working,Exact,39.00,https://appliancepros.netlify.app/subzero/,Enabled,Enabled,Enabled,Ice Maker Not Working | Exact
SZ_Search_BayArea_Full_PRO,Ice Maker Not Working,sub zero french door refrigerator ice maker not working,Phrase,39.00,https://appliancepros.netlify.app/subzero/,Enabled,Enabled,Enabled,Ice Maker Not Working | Phrase
SZ_Search_BayArea_Full_PRO,Refrigerator Repair Core,sub zero french door refrigerator ice maker problems,Exact,35.00,https://appliancepros.netlify.app/subzero/,Enabled,Enabled,Enabled,Refrigerator Repair Core | Exact
SZ_Search_BayArea_Full_PRO,Refrigerator Repair Core,sub zero french door refrigerator ice maker problems,Phrase,35.00,https://appliancepros.netlify.app/subzero/,Enabled,Enabled,Enabled,Refrigerator Repair Core | Phrase
SZ_Search_BayArea_Full_PRO,Fridge Not Cooling,sub zero french door refrigerator not cooling,Exact,39.00,https://appliancepros.netlify.app/subzero/,Enabled,Enabled,Enabled,Fridge Not Cooling | Exact
SZ_Search_BayArea_Full_PRO,Fridge Not Cooling,sub zero french door refrigerator not cooling,Phrase,39.00,https://appliancepros.netlify.app/subzero/,Enabled,Enabled,Enabled,Fridge Not Cooling | Phrase
SZ_Search_BayArea_Full_PRO,Ice Not Making,sub zero french door refrigerator not making ice,Exact,39.00,https://appliancepros.netlify.app/subzero/,Enabled,Enabled,Enabled,Ice Not Making | Exact
SZ_Search_BayArea_Full_PRO,Ice Not Making,sub zero french door refrigerator not making ice,Phrase,39.00,https://appliancepros.netlify.app/subzero/,Enabled,Enabled,Enabled,Ice Not Making | Phrase
SZ_Search_BayArea_Full_PRO,Refrigerator Repair Core,sub zero french door refrigerator problems,Exact,35.00,https://appliancepros.netlify.app/subzero/,Enabled,Enabled,Enabled,Refrigerator Repair Core | Exact
SZ_Search_BayArea_Full_PRO,Refrigerator Repair Core,sub zero french door refrigerator problems,Phrase,35.00,https://appliancepros.netlify.app/subzero/,Enabled,Enabled,Enabled,Refrigerator Repair Core | Phrase
SZ_Search_BayArea_Full_PRO,Water Leak Repair,sub zero freon leak repair,Exact,39.00,https://appliancepros.netlify.app/subzero/,Enabled,Enabled,Enabled,Water Leak Repair | Exact
SZ_Search_BayArea_Full_PRO,Water Leak Repair,sub zero freon leak repair,Phrase,39.00,https://appliancepros.netlify.app/subzero/,Enabled,Enabled,Enabled,Water Leak Repair | Phrase
SZ_Search_BayArea_Full_PRO,Refrigerator Repair Core,sub zero fridge alarm keeps going off,Exact,35.00,https://appliancepros.netlify.app/subzero/,Enabled,Enabled,Enabled,Refrigerator Repair Core | Exact
SZ_Search_BayArea_Full_PRO,Refrigerator Repair Core,sub zero fridge alarm keeps going off,Phrase,35.00,https://appliancepros.netlify.app/subzero/,Enabled,Enabled,Enabled,Refrigerator Repair Core | Phrase
SZ_Search_BayArea_Full_PRO,Fridge Not Cooling,sub zero fridge and freezer not cooling,Exact,39.00,https://appliancepros.netlify.app/subzero/,Enabled,Enabled,Enabled,Fridge Not Cooling | Exact
SZ_Search_BayArea_Full_PRO,Fridge Not Cooling,sub zero fridge and freezer not cooling,Phrase,39.00,https://appliancepros.netlify.app/subzero/,Enabled,Enabled,Enabled,Fridge Not Cooling | Phrase
SZ_Search_BayArea_Full_PRO,Door Ajar Beeping,sub zero fridge beeping,Exact,35.00,https://appliancepros.netlify.app/subzero/,Enabled,Enabled,Enabled,Door Ajar Beeping | Exact
SZ_Search_BayArea_Full_PRO,Door Ajar Beeping,sub zero fridge beeping,Phrase,35.00,https://appliancepros.netlify.app/subzero/,Enabled,Enabled,Enabled,Door Ajar Beeping | Phrase
SZ_Search_BayArea_Full_PRO,Door Ajar Beeping,sub zero fridge beeping wrench,Exact,35.00,https://appliancepros.netlify.app/subzero/,Enabled,Enabled,Enabled,Door Ajar Beeping | Exact
SZ_Search_BayArea_Full_PRO,Door Ajar Beeping,sub zero fridge beeping wrench,Phrase,35.00,https://appliancepros.netlify.app/subzero/,Enabled,Enabled,Enabled,Door Ajar Beeping | Phrase
SZ_Search_BayArea_Full_PRO,Refrigerator Repair Core,sub zero fridge broken,Exact,35.00,https://appliancepros.netlify.app/subzero/,Enabled,Enabled,Enabled,Refrigerator Repair Core | Exact
SZ_Search_BayArea_Full_PRO,Refrigerator Repair Core,sub zero fridge broken,Phrase,35.00,https://appliancepros.netlify.app/subzero/,Enabled,Enabled,Enabled,Refrigerator Repair Core | Phrase
SZ_Search_BayArea_Full_PRO,Refrigerator Repair Core,sub zero fridge control panel not working,Exact,35.00,https://appliancepros.netlify.app/subzero/,Enabled,Enabled,Enabled,Refrigerator Repair Core | Exact
SZ_Search_BayArea_Full_PRO,Refrigerator Repair Core,sub zero fridge control panel not working,Phrase,35.00,https://appliancepros.netlify.app/subzero/,Enabled,Enabled,Enabled,Refrigerator Repair Core | Phrase
SZ_Search_BayArea_Full_PRO,Refrigerator Repair Core,sub zero fridge cooling problem,Exact,35.00,https://appliancepros.netlify.app/subzero/,Enabled,Enabled,Enabled,Refrigerator Repair Core | Exact
SZ_Search_BayArea_Full_PRO,Refrigerator Repair Core,sub zero fridge cooling problem,Phrase,35.00,https://appliancepros.netlify.app/subzero/,Enabled,Enabled,Enabled,Refrigerator Repair Core | Phrase
SZ_Search_BayArea_Full_PRO,Refrigerator Repair Core,sub zero fridge dispenser not working,Exact,35.00,https://appliancepros.netlify.app/subzero/,Enabled,Enabled,Enabled,Refrigerator Repair Core | Exact
SZ_Search_BayArea_Full_PRO,Refrigerator Repair Core,sub zero fridge dispenser not working,Phrase,35.00,https://appliancepros.netlify.app/subzero/,Enabled,Enabled,Enabled,Refrigerator Repair Core | Phrase
SZ_Search_BayArea_Full_PRO,Refrigerator Repair Core,sub zero fridge door alarm problem,Exact,35.00,https://appliancepros.netlify.app/subzero/,Enabled,Enabled,Enabled,Refrigerator Repair Core | Exact
SZ_Search_BayArea_Full_PRO,Refrigerator Repair Core,sub zero fridge door alarm problem,Phrase,35.00,https://appliancepros.netlify.app/subzero/,Enabled,Enabled,Enabled,Refrigerator Repair Core | Phrase
SZ_Search_BayArea_Full_PRO,Refrigerator Repair Core,sub zero fridge door handle loose,Exact,35.00,https://appliancepros.netlify.app/subzero/,Enabled,Enabled,Enabled,Refrigerator Repair Core | Exact
SZ_Search_BayArea_Full_PRO,Refrigerator Repair Core,sub zero fridge door handle loose,Phrase,35.00,https://appliancepros.netlify.app/subzero/,Enabled,Enabled,Enabled,Refrigerator Repair Core | Phrase
SZ_Search_BayArea_Full_PRO,Door Ajar Beeping,sub zero fridge door hinge problems,Exact,35.00,https://appliancepros.netlify.app/subzero/,Enabled,Enabled,Enabled,Door Ajar Beeping | Exact
SZ_Search_BayArea_Full_PRO,Door Ajar Beeping,sub zero fridge door hinge problems,Phrase,35.00,https://appliancepros.netlify.app/subzero/,Enabled,Enabled,Enabled,Door Ajar Beeping | Phrase
SZ_Search_BayArea_Full_PRO,Refrigerator Repair Core,sub zero fridge door not sealing,Exact,35.00,https://appliancepros.netlify.app/subzero/,Enabled,Enabled,Enabled,Refrigerator Repair Core | Exact
SZ_Search_BayArea_Full_PRO,Refrigerator Repair Core,sub zero fridge door not sealing,Phrase,35.00,https://appliancepros.netlify.app/subzero/,Enabled,Enabled,Enabled,Refrigerator Repair Core | Phrase
SZ_Search_BayArea_Full_PRO,Refrigerator Repair Core,sub zero fridge door problems,Exact,35.00,https://appliancepros.netlify.app/subzero/,Enabled,Enabled,Enabled,Refrigerator Repair Core | Exact
SZ_Search_BayArea_Full_PRO,Refrigerator Repair Core,sub zero fridge door problems,Phrase,35.00,https://appliancepros.netlify.app/subzero/,Enabled,Enabled,Enabled,Refrigerator Repair Core | Phrase
SZ_Search_BayArea_Full_PRO,Fridge Not Cooling,sub zero fridge double door not cooling,Exact,39.00,https://appliancepros.netlify.app/subzero/,Enabled,Enabled,Enabled,Fridge Not Cooling | Exact
SZ_Search_BayArea_Full_PRO,Fridge Not Cooling,sub zero fridge double door not cooling,Phrase,39.00,https://appliancepros.netlify.app/subzero/,Enabled,Enabled,Enabled,Fridge Not Cooling | Phrase
SZ_Search_BayArea_Full_PRO,Refrigerator Repair Core,sub zero fridge drain blocked,Exact,35.00,https://appliancepros.netlify.app/subzero/,Enabled,Enabled,Enabled,Refrigerator Repair Core | Exact
SZ_Search_BayArea_Full_PRO,Refrigerator Repair Core,sub zero fridge drain blocked,Phrase,35.00,https://appliancepros.netlify.app/subzero/,Enabled,Enabled,Enabled,Refrigerator Repair Core | Phrase
SZ_Search_BayArea_Full_PRO,Noise And Fan Repair,sub zero fridge fan not working,Exact,35.00,https://appliancepros.netlify.app/subzero/,Enabled,Enabled,Enabled,Noise And Fan Repair | Exact
SZ_Search_BayArea_Full_PRO,Noise And Fan Repair,sub zero fridge fan not working,Phrase,35.00,https://appliancepros.netlify.app/subzero/,Enabled,Enabled,Enabled,Noise And Fan Repair | Phrase
SZ_Search_BayArea_Full_PRO,Refrigerator Repair Core,sub zero fridge fix,Exact,35.00,https://appliancepros.netlify.app/subzero/,Enabled,Enabled,Enabled,Refrigerator Repair Core | Exact
SZ_Search_BayArea_Full_PRO,Refrigerator Repair Core,sub zero fridge fix,Phrase,35.00,https://appliancepros.netlify.app/subzero/,Enabled,Enabled,Enabled,Refrigerator Repair Core | Phrase
SZ_Search_BayArea_Full_PRO,Noise And Fan Repair,sub zero fridge freezer fan not working,Exact,35.00,https://appliancepros.netlify.app/subzero/,Enabled,Enabled,Enabled,Noise And Fan Repair | Exact
SZ_Search_BayArea_Full_PRO,Noise And Fan Repair,sub zero fridge freezer fan not working,Phrase,35.00,https://appliancepros.netlify.app/subzero/,Enabled,Enabled,Enabled,Noise And Fan Repair | Phrase
SZ_Search_BayArea_Full_PRO,Refrigerator Not Working,sub zero fridge freezer fridge not working,Exact,35.00,https://appliancepros.netlify.app/subzero/,Enabled,Enabled,Enabled,Refrigerator Not Working | Exact
SZ_Search_BayArea_Full_PRO,Refrigerator Not Working,sub zero fridge freezer fridge not working,Phrase,35.00,https://appliancepros.netlify.app/subzero/,Enabled,Enabled,Enabled,Refrigerator Not Working | Phrase
SZ_Search_BayArea_Full_PRO,Ice Maker Not Working,sub zero fridge freezer ice maker not working,Exact,39.00,https://appliancepros.netlify.app/subzero/,Enabled,Enabled,Enabled,Ice Maker Not Working | Exact
SZ_Search_BayArea_Full_PRO,Ice Maker Not Working,sub zero fridge freezer ice maker not working,Phrase,39.00,https://appliancepros.netlify.app/subzero/,Enabled,Enabled,Enabled,Ice Maker Not Working | Phrase
SZ_Search_BayArea_Full_PRO,Freezer Service Core,sub zero fridge freezer led light not working,Exact,32.00,https://appliancepros.netlify.app/subzero/,Enabled,Enabled,Enabled,Freezer Service Core | Exact
SZ_Search_BayArea_Full_PRO,Freezer Service Core,sub zero fridge freezer led light not working,Phrase,32.00,https://appliancepros.netlify.app/subzero/,Enabled,Enabled,Enabled,Freezer Service Core | Phrase
SZ_Search_BayArea_Full_PRO,Freezer Service Core,sub zero fridge freezer light not working,Exact,32.00,https://appliancepros.netlify.app/subzero/,Enabled,Enabled,Enabled,Freezer Service Core | Exact
SZ_Search_BayArea_Full_PRO,Freezer Service Core,sub zero fridge freezer light not working,Phrase,32.00,https://appliancepros.netlify.app/subzero/,Enabled,Enabled,Enabled,Freezer Service Core | Phrase
SZ_Search_BayArea_Full_PRO,Fridge Not Cooling,sub zero fridge freezer not cold,Exact,39.00,https://appliancepros.netlify.app/subzero/,Enabled,Enabled,Enabled,Fridge Not Cooling | Exact
SZ_Search_BayArea_Full_PRO,Fridge Not Cooling,sub zero fridge freezer not cold,Phrase,39.00,https://appliancepros.netlify.app/subzero/,Enabled,Enabled,Enabled,Fridge Not Cooling | Phrase
SZ_Search_BayArea_Full_PRO,Fridge Not Cooling,sub zero fridge freezer not cooling,Exact,39.00,https://appliancepros.netlify.app/subzero/,Enabled,Enabled,Enabled,Fridge Not Cooling | Exact
SZ_Search_BayArea_Full_PRO,Fridge Not Cooling,sub zero fridge freezer not cooling,Phrase,39.00,https://appliancepros.netlify.app/subzero/,Enabled,Enabled,Enabled,Fridge Not Cooling | Phrase
SZ_Search_BayArea_Full_PRO,Freezer Not Freezing,sub zero fridge freezer not freezing,Exact,39.00,https://appliancepros.netlify.app/subzero/,Enabled,Enabled,Enabled,Freezer Not Freezing | Exact
SZ_Search_BayArea_Full_PRO,Freezer Not Freezing,sub zero fridge freezer not freezing,Phrase,39.00,https://appliancepros.netlify.app/subzero/,Enabled,Enabled,Enabled,Freezer Not Freezing | Phrase
SZ_Search_BayArea_Full_PRO,Freezer Not Working,sub zero fridge freezer not working,Exact,35.00,https://appliancepros.netlify.app/subzero/,Enabled,Enabled,Enabled,Freezer Not Working | Exact
SZ_Search_BayArea_Full_PRO,Freezer Not Working,sub zero fridge freezer not working,Phrase,35.00,https://appliancepros.netlify.app/subzero/,Enabled,Enabled,Enabled,Freezer Not Working | Phrase
SZ_Search_BayArea_Full_PRO,Freezer Service Core,sub zero fridge freezer problems,Exact,32.00,https://appliancepros.netlify.app/subzero/,Enabled,Enabled,Enabled,Freezer Service Core | Exact
SZ_Search_BayArea_Full_PRO,Freezer Service Core,sub zero fridge freezer problems,Phrase,32.00,https://appliancepros.netlify.app/subzero/,Enabled,Enabled,Enabled,Freezer Service Core | Phrase
SZ_Search_BayArea_Full_PRO,Freezer Repair Core,sub zero fridge freezer repair,Exact,35.00,https://appliancepros.netlify.app/subzero/,Enabled,Enabled,Enabled,Freezer Repair Core | Exact
SZ_Search_BayArea_Full_PRO,Freezer Repair Core,sub zero fridge freezer repair,Phrase,35.00,https://appliancepros.netlify.app/subzero/,Enabled,Enabled,Enabled,Freezer Repair Core | Phrase
SZ_Search_BayArea_Full_PRO,Freezer Repair Core,sub zero fridge freezer repairs,Exact,35.00,https://appliancepros.netlify.app/subzero/,Enabled,Enabled,Enabled,Freezer Repair Core | Exact
SZ_Search_BayArea_Full_PRO,Freezer Repair Core,sub zero fridge freezer repairs,Phrase,35.00,https://appliancepros.netlify.app/subzero/,Enabled,Enabled,Enabled,Freezer Repair Core | Phrase
SZ_Search_BayArea_Full_PRO,Near Me Core,sub zero fridge freezer repairs near me,Exact,41.00,https://appliancepros.netlify.app/subzero/,Enabled,Enabled,Enabled,Near Me Core | Exact
SZ_Search_BayArea_Full_PRO,Near Me Core,sub zero fridge freezer repairs near me,Phrase,41.00,https://appliancepros.netlify.app/subzero/,Enabled,Enabled,Enabled,Near Me Core | Phrase
SZ_Search_BayArea_Full_PRO,Freezer Not Working,sub zero fridge freezer stopped working,Exact,35.00,https://appliancepros.netlify.app/subzero/,Enabled,Enabled,Enabled,Freezer Not Working | Exact
SZ_Search_BayArea_Full_PRO,Freezer Not Working,sub zero fridge freezer stopped working,Phrase,35.00,https://appliancepros.netlify.app/subzero/,Enabled,Enabled,Enabled,Freezer Not Working | Phrase
SZ_Search_BayArea_Full_PRO,Freezer Service Core,sub zero fridge freezer temperature problem,Exact,32.00,https://appliancepros.netlify.app/subzero/,Enabled,Enabled,Enabled,Freezer Service Core | Exact
SZ_Search_BayArea_Full_PRO,Freezer Service Core,sub zero fridge freezer temperature problem,Phrase,32.00,https://appliancepros.netlify.app/subzero/,Enabled,Enabled,Enabled,Freezer Service Core | Phrase
SZ_Search_BayArea_Full_PRO,Ice Maker Not Working,sub zero fridge ice dispenser not working,Exact,39.00,https://appliancepros.netlify.app/subzero/,Enabled,Enabled,Enabled,Ice Maker Not Working | Exact
SZ_Search_BayArea_Full_PRO,Ice Maker Not Working,sub zero fridge ice dispenser not working,Phrase,39.00,https://appliancepros.netlify.app/subzero/,Enabled,Enabled,Enabled,Ice Maker Not Working | Phrase
SZ_Search_BayArea_Full_PRO,Refrigerator Repair Core,sub zero fridge ice machine not working,Exact,35.00,https://appliancepros.netlify.app/subzero/,Enabled,Enabled,Enabled,Refrigerator Repair Core | Exact
SZ_Search_BayArea_Full_PRO,Refrigerator Repair Core,sub zero fridge ice machine not working,Phrase,35.00,https://appliancepros.netlify.app/subzero/,Enabled,Enabled,Enabled,Refrigerator Repair Core | Phrase
SZ_Search_BayArea_Full_PRO,Refrigerator Repair Core,sub zero fridge ice maker and water not working,Exact,35.00,https://appliancepros.netlify.app/subzero/,Enabled,Enabled,Enabled,Refrigerator Repair Core | Exact
SZ_Search_BayArea_Full_PRO,Refrigerator Repair Core,sub zero fridge ice maker and water not working,Phrase,35.00,https://appliancepros.netlify.app/subzero/,Enabled,Enabled,Enabled,Refrigerator Repair Core | Phrase
SZ_Search_BayArea_Full_PRO,Water Leak Repair,sub zero fridge ice maker leaking,Exact,39.00,https://appliancepros.netlify.app/subzero/,Enabled,Enabled,Enabled,Water Leak Repair | Exact
SZ_Search_BayArea_Full_PRO,Water Leak Repair,sub zero fridge ice maker leaking,Phrase,39.00,https://appliancepros.netlify.app/subzero/,Enabled,Enabled,Enabled,Water Leak Repair | Phrase
SZ_Search_BayArea_Full_PRO,Refrigerator Repair Core,sub zero fridge ice maker not dispensing,Exact,35.00,https://appliancepros.netlify.app/subzero/,Enabled,Enabled,Enabled,Refrigerator Repair Core | Exact
SZ_Search_BayArea_Full_PRO,Refrigerator Repair Core,sub zero fridge ice maker not dispensing,Phrase,35.00,https://appliancepros.netlify.app/subzero/,Enabled,Enabled,Enabled,Refrigerator Repair Core | Phrase
SZ_Search_BayArea_Full_PRO,Ice Not Making,sub zero fridge ice maker not making ice,Exact,39.00,https://appliancepros.netlify.app/subzero/,Enabled,Enabled,Enabled,Ice Not Making | Exact
SZ_Search_BayArea_Full_PRO,Ice Not Making,sub zero fridge ice maker not making ice,Phrase,39.00,https://appliancepros.netlify.app/subzero/,Enabled,Enabled,Enabled,Ice Not Making | Phrase
SZ_Search_BayArea_Full_PRO,Ice Maker Not Working,sub zero fridge ice maker not working,Exact,39.00,https://appliancepros.netlify.app/subzero/,Enabled,Enabled,Enabled,Ice Maker Not Working | Exact
SZ_Search_BayArea_Full_PRO,Ice Maker Not Working,sub zero fridge ice maker not working,Phrase,39.00,https://appliancepros.netlify.app/subzero/,Enabled,Enabled,Enabled,Ice Maker Not Working | Phrase
SZ_Search_BayArea_Full_PRO,Refrigerator Repair Core,sub zero fridge ice maker problems,Exact,35.00,https://appliancepros.netlify.app/subzero/,Enabled,Enabled,Enabled,Refrigerator Repair Core | Exact
SZ_Search_BayArea_Full_PRO,Refrigerator Repair Core,sub zero fridge ice maker problems,Phrase,35.00,https://appliancepros.netlify.app/subzero/,Enabled,Enabled,Enabled,Refrigerator Repair Core | Phrase
SZ_Search_BayArea_Full_PRO,Refrigerator Repair Core,sub zero fridge ice maker repair,Exact,35.00,https://appliancepros.netlify.app/subzero/,Enabled,Enabled,Enabled,Refrigerator Repair Core | Exact
SZ_Search_BayArea_Full_PRO,Refrigerator Repair Core,sub zero fridge ice maker repair,Phrase,35.00,https://appliancepros.netlify.app/subzero/,Enabled,Enabled,Enabled,Refrigerator Repair Core | Phrase
SZ_Search_BayArea_Full_PRO,Refrigerator Repair Core,sub zero fridge ice maker stopped working,Exact,35.00,https://appliancepros.netlify.app/subzero/,Enabled,Enabled,Enabled,Refrigerator Repair Core | Exact
SZ_Search_BayArea_Full_PRO,Refrigerator Repair Core,sub zero fridge ice maker stopped working,Phrase,35.00,https://appliancepros.netlify.app/subzero/,Enabled,Enabled,Enabled,Refrigerator Repair Core | Phrase
SZ_Search_BayArea_Full_PRO,Fridge Not Cooling,sub zero fridge is not cooling,Exact,39.00,https://appliancepros.netlify.app/subzero/,Enabled,Enabled,Enabled,Fridge Not Cooling | Exact
SZ_Search_BayArea_Full_PRO,Fridge Not Cooling,sub zero fridge is not cooling,Phrase,39.00,https://appliancepros.netlify.app/subzero/,Enabled,Enabled,Enabled,Fridge Not Cooling | Phrase
SZ_Search_BayArea_Full_PRO,Door Ajar Beeping,sub zero fridge keeps beeping,Exact,35.00,https://appliancepros.netlify.app/subzero/,Enabled,Enabled,Enabled,Door Ajar Beeping | Exact
SZ_Search_BayArea_Full_PRO,Door Ajar Beeping,sub zero fridge keeps beeping,Phrase,35.00,https://appliancepros.netlify.app/subzero/,Enabled,Enabled,Enabled,Door Ajar Beeping | Phrase
SZ_Search_BayArea_Full_PRO,Water Leak Repair,sub zero fridge leaking water,Exact,39.00,https://appliancepros.netlify.app/subzero/,Enabled,Enabled,Enabled,Water Leak Repair | Exact
SZ_Search_BayArea_Full_PRO,Water Leak Repair,sub zero fridge leaking water,Phrase,39.00,https://appliancepros.netlify.app/subzero/,Enabled,Enabled,Enabled,Water Leak Repair | Phrase
SZ_Search_BayArea_Full_PRO,Water Leak Repair,sub zero fridge leaking water from bottom,Exact,39.00,https://appliancepros.netlify.app/subzero/,Enabled,Enabled,Enabled,Water Leak Repair | Exact
SZ_Search_BayArea_Full_PRO,Water Leak Repair,sub zero fridge leaking water from bottom,Phrase,39.00,https://appliancepros.netlify.app/subzero/,Enabled,Enabled,Enabled,Water Leak Repair | Phrase
SZ_Search_BayArea_Full_PRO,Refrigerator Repair Core,sub zero fridge lights not working,Exact,35.00,https://appliancepros.netlify.app/subzero/,Enabled,Enabled,Enabled,Refrigerator Repair Core | Exact
SZ_Search_BayArea_Full_PRO,Refrigerator Repair Core,sub zero fridge lights not working,Phrase,35.00,https://appliancepros.netlify.app/subzero/,Enabled,Enabled,Enabled,Refrigerator Repair Core | Phrase
SZ_Search_BayArea_Full_PRO,Refrigerator Service Core,sub zero fridge maintenance,Exact,32.00,https://appliancepros.netlify.app/subzero/,Enabled,Enabled,Enabled,Refrigerator Service Core | Exact
SZ_Search_BayArea_Full_PRO,Refrigerator Service Core,sub zero fridge maintenance,Phrase,32.00,https://appliancepros.netlify.app/subzero/,Enabled,Enabled,Enabled,Refrigerator Service Core | Phrase
SZ_Search_BayArea_Full_PRO,Refrigerator Repair Core,sub zero fridge making humming noise,Exact,35.00,https://appliancepros.netlify.app/subzero/,Enabled,Enabled,Enabled,Refrigerator Repair Core | Exact
SZ_Search_BayArea_Full_PRO,Refrigerator Repair Core,sub zero fridge making humming noise,Phrase,35.00,https://appliancepros.netlify.app/subzero/,Enabled,Enabled,Enabled,Refrigerator Repair Core | Phrase
SZ_Search_BayArea_Full_PRO,Technician Request,sub zero fridge mechanic,Exact,35.00,https://appliancepros.netlify.app/subzero/,Enabled,Enabled,Enabled,Technician Request | Exact
SZ_Search_BayArea_Full_PRO,Technician Request,sub zero fridge mechanic,Phrase,35.00,https://appliancepros.netlify.app/subzero/,Enabled,Enabled,Enabled,Technician Request | Phrase
SZ_Search_BayArea_Full_PRO,Refrigerator Repair Core,sub zero fridge not,Exact,35.00,https://appliancepros.netlify.app/subzero/,Enabled,Enabled,Enabled,Refrigerator Repair Core | Exact
SZ_Search_BayArea_Full_PRO,Refrigerator Repair Core,sub zero fridge not,Phrase,35.00,https://appliancepros.netlify.app/subzero/,Enabled,Enabled,Enabled,Refrigerator Repair Core | Phrase
SZ_Search_BayArea_Full_PRO,Fridge Not Cooling,sub zero fridge not cooling,Exact,39.00,https://appliancepros.netlify.app/subzero/,Enabled,Enabled,Enabled,Fridge Not Cooling | Exact
SZ_Search_BayArea_Full_PRO,Fridge Not Cooling,sub zero fridge not cooling,Phrase,39.00,https://appliancepros.netlify.app/subzero/,Enabled,Enabled,Enabled,Fridge Not Cooling | Phrase
SZ_Search_BayArea_Full_PRO,Fridge Not Cooling,sub zero fridge not cooling after power outage,Exact,39.00,https://appliancepros.netlify.app/subzero/,Enabled,Enabled,Enabled,Fridge Not Cooling | Exact
SZ_Search_BayArea_Full_PRO,Fridge Not Cooling,sub zero fridge not cooling after power outage,Phrase,39.00,https://appliancepros.netlify.app/subzero/,Enabled,Enabled,Enabled,Fridge Not Cooling | Phrase
SZ_Search_BayArea_Full_PRO,Fridge Not Cooling,sub zero fridge not cooling but freezer is,Exact,39.00,https://appliancepros.netlify.app/subzero/,Enabled,Enabled,Enabled,Fridge Not Cooling | Exact
SZ_Search_BayArea_Full_PRO,Fridge Not Cooling,sub zero fridge not cooling but freezer is,Phrase,39.00,https://appliancepros.netlify.app/subzero/,Enabled,Enabled,Enabled,Fridge Not Cooling | Phrase
SZ_Search_BayArea_Full_PRO,Fridge Not Cooling,sub zero fridge not cooling but freezer is cold,Exact,39.00,https://appliancepros.netlify.app/subzero/,Enabled,Enabled,Enabled,Fridge Not Cooling | Exact
SZ_Search_BayArea_Full_PRO,Fridge Not Cooling,sub zero fridge not cooling but freezer is cold,Phrase,39.00,https://appliancepros.netlify.app/subzero/,Enabled,Enabled,Enabled,Fridge Not Cooling | Phrase
SZ_Search_BayArea_Full_PRO,Fridge Not Cooling,sub zero fridge not cooling but freezer working,Exact,39.00,https://appliancepros.netlify.app/subzero/,Enabled,Enabled,Enabled,Fridge Not Cooling | Exact
SZ_Search_BayArea_Full_PRO,Fridge Not Cooling,sub zero fridge not cooling but freezer working,Phrase,39.00,https://appliancepros.netlify.app/subzero/,Enabled,Enabled,Enabled,Fridge Not Cooling | Phrase
SZ_Search_BayArea_Full_PRO,Fridge Warm Freezer Cold,sub zero fridge not cooling but freezer works,Exact,35.00,https://appliancepros.netlify.app/subzero/,Enabled,Enabled,Enabled,Fridge Warm Freezer Cold | Exact
SZ_Search_BayArea_Full_PRO,Fridge Warm Freezer Cold,sub zero fridge not cooling but freezer works,Phrase,35.00,https://appliancepros.netlify.app/subzero/,Enabled,Enabled,Enabled,Fridge Warm Freezer Cold | Phrase
SZ_Search_BayArea_Full_PRO,Fridge Not Cooling,sub zero fridge not cooling but light is on,Exact,39.00,https://appliancepros.netlify.app/subzero/,Enabled,Enabled,Enabled,Fridge Not Cooling | Exact
SZ_Search_BayArea_Full_PRO,Fridge Not Cooling,sub zero fridge not cooling but light is on,Phrase,39.00,https://appliancepros.netlify.app/subzero/,Enabled,Enabled,Enabled,Fridge Not Cooling | Phrase
SZ_Search_BayArea_Full_PRO,Fridge Not Cooling,sub zero fridge not cooling enough,Exact,39.00,https://appliancepros.netlify.app/subzero/,Enabled,Enabled,Enabled,Fridge Not Cooling | Exact
SZ_Search_BayArea_Full_PRO,Fridge Not Cooling,sub zero fridge not cooling enough,Phrase,39.00,https://appliancepros.netlify.app/subzero/,Enabled,Enabled,Enabled,Fridge Not Cooling | Phrase
SZ_Search_BayArea_Full_PRO,Fridge Not Cooling,sub zero fridge not cooling freezer fine,Exact,39.00,https://appliancepros.netlify.app/subzero/,Enabled,Enabled,Enabled,Fridge Not Cooling | Exact
SZ_Search_BayArea_Full_PRO,Fridge Not Cooling,sub zero fridge not cooling freezer fine,Phrase,39.00,https://appliancepros.netlify.app/subzero/,Enabled,Enabled,Enabled,Fridge Not Cooling | Phrase
SZ_Search_BayArea_Full_PRO,Refrigerator Repair Core,sub zero fridge not defrosting,Exact,35.00,https://appliancepros.netlify.app/subzero/,Enabled,Enabled,Enabled,Refrigerator Repair Core | Exact
SZ_Search_BayArea_Full_PRO,Refrigerator Repair Core,sub zero fridge not defrosting,Phrase,35.00,https://appliancepros.netlify.app/subzero/,Enabled,Enabled,Enabled,Refrigerator Repair Core | Phrase
SZ_Search_BayArea_Full_PRO,Water Dispenser Repair,sub zero fridge not dispensing water,Exact,35.00,https://appliancepros.netlify.app/subzero/,Enabled,Enabled,Enabled,Water Dispenser Repair | Exact
SZ_Search_BayArea_Full_PRO,Water Dispenser Repair,sub zero fridge not dispensing water,Phrase,35.00,https://appliancepros.netlify.app/subzero/,Enabled,Enabled,Enabled,Water Dispenser Repair | Phrase
SZ_Search_BayArea_Full_PRO,Freezer Not Freezing,sub zero fridge not freezing,Exact,39.00,https://appliancepros.netlify.app/subzero/,Enabled,Enabled,Enabled,Freezer Not Freezing | Exact
SZ_Search_BayArea_Full_PRO,Freezer Not Freezing,sub zero fridge not freezing,Phrase,39.00,https://appliancepros.netlify.app/subzero/,Enabled,Enabled,Enabled,Freezer Not Freezing | Phrase
SZ_Search_BayArea_Full_PRO,Fridge Not Cooling,sub zero fridge not getting cold,Exact,39.00,https://appliancepros.netlify.app/subzero/,Enabled,Enabled,Enabled,Fridge Not Cooling | Exact
SZ_Search_BayArea_Full_PRO,Fridge Not Cooling,sub zero fridge not getting cold,Phrase,39.00,https://appliancepros.netlify.app/subzero/,Enabled,Enabled,Enabled,Fridge Not Cooling | Phrase
SZ_Search_BayArea_Full_PRO,Fridge Not Cooling,sub zero fridge not getting cold enough,Exact,39.00,https://appliancepros.netlify.app/subzero/,Enabled,Enabled,Enabled,Fridge Not Cooling | Exact
SZ_Search_BayArea_Full_PRO,Fridge Not Cooling,sub zero fridge not getting cold enough,Phrase,39.00,https://appliancepros.netlify.app/subzero/,Enabled,Enabled,Enabled,Fridge Not Cooling | Phrase
SZ_Search_BayArea_Full_PRO,Ice Not Making,sub zero fridge not making ice,Exact,39.00,https://appliancepros.netlify.app/subzero/,Enabled,Enabled,Enabled,Ice Not Making | Exact
SZ_Search_BayArea_Full_PRO,Ice Not Making,sub zero fridge not making ice,Phrase,39.00,https://appliancepros.netlify.app/subzero/,Enabled,Enabled,Enabled,Ice Not Making | Phrase
SZ_Search_BayArea_Full_PRO,Refrigerator Repair Core,sub zero fridge not turning on,Exact,35.00,https://appliancepros.netlify.app/subzero/,Enabled,Enabled,Enabled,Refrigerator Repair Core | Exact
SZ_Search_BayArea_Full_PRO,Refrigerator Repair Core,sub zero fridge not turning on,Phrase,35.00,https://appliancepros.netlify.app/subzero/,Enabled,Enabled,Enabled,Refrigerator Repair Core | Phrase
SZ_Search_BayArea_Full_PRO,Refrigerator Not Working,sub zero fridge not working,Exact,35.00,https://appliancepros.netlify.app/subzero/,Enabled,Enabled,Enabled,Refrigerator Not Working | Exact
SZ_Search_BayArea_Full_PRO,Refrigerator Not Working,sub zero fridge not working,Phrase,35.00,https://appliancepros.netlify.app/subzero/,Enabled,Enabled,Enabled,Refrigerator Not Working | Phrase
SZ_Search_BayArea_Full_PRO,Refrigerator Not Working,sub zero fridge not working but freezer is,Exact,35.00,https://appliancepros.netlify.app/subzero/,Enabled,Enabled,Enabled,Refrigerator Not Working | Exact
SZ_Search_BayArea_Full_PRO,Refrigerator Not Working,sub zero fridge not working but freezer is,Phrase,35.00,https://appliancepros.netlify.app/subzero/,Enabled,Enabled,Enabled,Refrigerator Not Working | Phrase
SZ_Search_BayArea_Full_PRO,Refrigerator Repair Core,sub zero fridge problems,Exact,35.00,https://appliancepros.netlify.app/subzero/,Enabled,Enabled,Enabled,Refrigerator Repair Core | Exact
SZ_Search_BayArea_Full_PRO,Refrigerator Repair Core,sub zero fridge problems,Phrase,35.00,https://appliancepros.netlify.app/subzero/,Enabled,Enabled,Enabled,Refrigerator Repair Core | Phrase
SZ_Search_BayArea_Full_PRO,Refrigerator Repair Core,sub zero fridge repair,Exact,35.00,https://appliancepros.netlify.app/subzero/,Enabled,Enabled,Enabled,Refrigerator Repair Core | Exact
SZ_Search_BayArea_Full_PRO,Refrigerator Repair Core,sub zero fridge repair,Phrase,35.00,https://appliancepros.netlify.app/subzero/,Enabled,Enabled,Enabled,Refrigerator Repair Core | Phrase
SZ_Search_BayArea_Full_PRO,Repair Cost Quote,sub zero fridge repair cost,Exact,32.00,https://appliancepros.netlify.app/subzero/,Enabled,Enabled,Enabled,Repair Cost Quote | Exact
SZ_Search_BayArea_Full_PRO,Repair Cost Quote,sub zero fridge repair cost,Phrase,32.00,https://appliancepros.netlify.app/subzero/,Enabled,Enabled,Enabled,Repair Cost Quote | Phrase
SZ_Search_BayArea_Full_PRO,Near Me Core,sub zero fridge repair near me,Exact,41.00,https://appliancepros.netlify.app/subzero/,Enabled,Enabled,Enabled,Near Me Core | Exact
SZ_Search_BayArea_Full_PRO,Near Me Core,sub zero fridge repair near me,Phrase,41.00,https://appliancepros.netlify.app/subzero/,Enabled,Enabled,Enabled,Near Me Core | Phrase
SZ_Search_BayArea_Full_PRO,Refrigerator Repair Core,sub zero fridge repair service,Exact,35.00,https://appliancepros.netlify.app/subzero/,Enabled,Enabled,Enabled,Refrigerator Repair Core | Exact
SZ_Search_BayArea_Full_PRO,Refrigerator Repair Core,sub zero fridge repair service,Phrase,35.00,https://appliancepros.netlify.app/subzero/,Enabled,Enabled,Enabled,Refrigerator Repair Core | Phrase
SZ_Search_BayArea_Full_PRO,Near Me Core,sub zero fridge repair service near me,Exact,41.00,https://appliancepros.netlify.app/subzero/,Enabled,Enabled,Enabled,Near Me Core | Exact
SZ_Search_BayArea_Full_PRO,Near Me Core,sub zero fridge repair service near me,Phrase,41.00,https://appliancepros.netlify.app/subzero/,Enabled,Enabled,Enabled,Near Me Core | Phrase
SZ_Search_BayArea_Full_PRO,Technician Request,sub zero fridge repairman,Exact,35.00,https://appliancepros.netlify.app/subzero/,Enabled,Enabled,Enabled,Technician Request | Exact
SZ_Search_BayArea_Full_PRO,Technician Request,sub zero fridge repairman,Phrase,35.00,https://appliancepros.netlify.app/subzero/,Enabled,Enabled,Enabled,Technician Request | Phrase
SZ_Search_BayArea_Full_PRO,Refrigerator Repair Core,sub zero fridge repairs,Exact,35.00,https://appliancepros.netlify.app/subzero/,Enabled,Enabled,Enabled,Refrigerator Repair Core | Exact
SZ_Search_BayArea_Full_PRO,Refrigerator Repair Core,sub zero fridge repairs,Phrase,35.00,https://appliancepros.netlify.app/subzero/,Enabled,Enabled,Enabled,Refrigerator Repair Core | Phrase
SZ_Search_BayArea_Full_PRO,Near Me Core,sub zero fridge repairs near me,Exact,41.00,https://appliancepros.netlify.app/subzero/,Enabled,Enabled,Enabled,Near Me Core | Exact
SZ_Search_BayArea_Full_PRO,Near Me Core,sub zero fridge repairs near me,Phrase,41.00,https://appliancepros.netlify.app/subzero/,Enabled,Enabled,Enabled,Near Me Core | Phrase
SZ_Search_BayArea_Full_PRO,Refrigerator Repair Core,sub zero fridge repairs perth,Exact,35.00,https://appliancepros.netlify.app/subzero/,Enabled,Enabled,Enabled,Refrigerator Repair Core | Exact
SZ_Search_BayArea_Full_PRO,Refrigerator Repair Core,sub zero fridge repairs perth,Phrase,35.00,https://appliancepros.netlify.app/subzero/,Enabled,Enabled,Enabled,Refrigerator Repair Core | Phrase
SZ_Search_BayArea_Full_PRO,Refrigerator Service Core,sub zero fridge service,Exact,32.00,https://appliancepros.netlify.app/subzero/,Enabled,Enabled,Enabled,Refrigerator Service Core | Exact
SZ_Search_BayArea_Full_PRO,Refrigerator Service Core,sub zero fridge service,Phrase,32.00,https://appliancepros.netlify.app/subzero/,Enabled,Enabled,Enabled,Refrigerator Service Core | Phrase
SZ_Search_BayArea_Full_PRO,Refrigerator Service Core,sub zero fridge service light,Exact,32.00,https://appliancepros.netlify.app/subzero/,Enabled,Enabled,Enabled,Refrigerator Service Core | Exact
SZ_Search_BayArea_Full_PRO,Refrigerator Service Core,sub zero fridge service light,Phrase,32.00,https://appliancepros.netlify.app/subzero/,Enabled,Enabled,Enabled,Refrigerator Service Core | Phrase
SZ_Search_BayArea_Full_PRO,Near Me Core,sub zero fridge service near me,Exact,41.00,https://appliancepros.netlify.app/subzero/,Enabled,Enabled,Enabled,Near Me Core | Exact
SZ_Search_BayArea_Full_PRO,Near Me Core,sub zero fridge service near me,Phrase,41.00,https://appliancepros.netlify.app/subzero/,Enabled,Enabled,Enabled,Near Me Core | Phrase
SZ_Search_BayArea_Full_PRO,Refrigerator Repair Core,sub zero fridge slow ice maker,Exact,35.00,https://appliancepros.netlify.app/subzero/,Enabled,Enabled,Enabled,Refrigerator Repair Core | Exact
SZ_Search_BayArea_Full_PRO,Refrigerator Repair Core,sub zero fridge slow ice maker,Phrase,35.00,https://appliancepros.netlify.app/subzero/,Enabled,Enabled,Enabled,Refrigerator Repair Core | Phrase
SZ_Search_BayArea_Full_PRO,Fridge Not Cooling,sub zero fridge stopped cooling,Exact,39.00,https://appliancepros.netlify.app/subzero/,Enabled,Enabled,Enabled,Fridge Not Cooling | Exact
SZ_Search_BayArea_Full_PRO,Fridge Not Cooling,sub zero fridge stopped cooling,Phrase,39.00,https://appliancepros.netlify.app/subzero/,Enabled,Enabled,Enabled,Fridge Not Cooling | Phrase
SZ_Search_BayArea_Full_PRO,Refrigerator Repair Core,sub zero fridge stopped making ice,Exact,35.00,https://appliancepros.netlify.app/subzero/,Enabled,Enabled,Enabled,Refrigerator Repair Core | Exact
SZ_Search_BayArea_Full_PRO,Refrigerator Repair Core,sub zero fridge stopped making ice,Phrase,35.00,https://appliancepros.netlify.app/subzero/,Enabled,Enabled,Enabled,Refrigerator Repair Core | Phrase
SZ_Search_BayArea_Full_PRO,Refrigerator Repair Core,sub zero fridge stopped working,Exact,35.00,https://appliancepros.netlify.app/subzero/,Enabled,Enabled,Enabled,Refrigerator Repair Core | Exact
SZ_Search_BayArea_Full_PRO,Refrigerator Repair Core,sub zero fridge stopped working,Phrase,35.00,https://appliancepros.netlify.app/subzero/,Enabled,Enabled,Enabled,Refrigerator Repair Core | Phrase
SZ_Search_BayArea_Full_PRO,Technician Request,sub zero fridge technician,Exact,35.00,https://appliancepros.netlify.app/subzero/,Enabled,Enabled,Enabled,Technician Request | Exact
SZ_Search_BayArea_Full_PRO,Technician Request,sub zero fridge technician,Phrase,35.00,https://appliancepros.netlify.app/subzero/,Enabled,Enabled,Enabled,Technician Request | Phrase
SZ_Search_BayArea_Full_PRO,Refrigerator Repair Core,sub zero fridge too cold,Exact,35.00,https://appliancepros.netlify.app/subzero/,Enabled,Enabled,Enabled,Refrigerator Repair Core | Exact
SZ_Search_BayArea_Full_PRO,Refrigerator Repair Core,sub zero fridge too cold,Phrase,35.00,https://appliancepros.netlify.app/subzero/,Enabled,Enabled,Enabled,Refrigerator Repair Core | Phrase
SZ_Search_BayArea_Full_PRO,Fridge Warm Freezer Cold,sub zero fridge warm freezer cold,Exact,35.00,https://appliancepros.netlify.app/subzero/,Enabled,Enabled,Enabled,Fridge Warm Freezer Cold | Exact
SZ_Search_BayArea_Full_PRO,Fridge Warm Freezer Cold,sub zero fridge warm freezer cold,Phrase,35.00,https://appliancepros.netlify.app/subzero/,Enabled,Enabled,Enabled,Fridge Warm Freezer Cold | Phrase
SZ_Search_BayArea_Full_PRO,Water Dispenser Repair,sub zero fridge water dispenser not working,Exact,35.00,https://appliancepros.netlify.app/subzero/,Enabled,Enabled,Enabled,Water Dispenser Repair | Exact
SZ_Search_BayArea_Full_PRO,Water Dispenser Repair,sub zero fridge water dispenser not working,Phrase,35.00,https://appliancepros.netlify.app/subzero/,Enabled,Enabled,Enabled,Water Dispenser Repair | Phrase
SZ_Search_BayArea_Full_PRO,Water Leak Repair,sub zero fridge water leak,Exact,39.00,https://appliancepros.netlify.app/subzero/,Enabled,Enabled,Enabled,Water Leak Repair | Exact
SZ_Search_BayArea_Full_PRO,Water Leak Repair,sub zero fridge water leak,Phrase,39.00,https://appliancepros.netlify.app/subzero/,Enabled,Enabled,Enabled,Water Leak Repair | Phrase
SZ_Search_BayArea_Full_PRO,Water Leak Repair,sub zero fridge water leaking on floor,Exact,39.00,https://appliancepros.netlify.app/subzero/,Enabled,Enabled,Enabled,Water Leak Repair | Exact
SZ_Search_BayArea_Full_PRO,Water Leak Repair,sub zero fridge water leaking on floor,Phrase,39.00,https://appliancepros.netlify.app/subzero/,Enabled,Enabled,Enabled,Water Leak Repair | Phrase
SZ_Search_BayArea_Full_PRO,Fridge Not Cooling,sub zero fridge water not cold,Exact,39.00,https://appliancepros.netlify.app/subzero/,Enabled,Enabled,Enabled,Fridge Not Cooling | Exact
SZ_Search_BayArea_Full_PRO,Fridge Not Cooling,sub zero fridge water not cold,Phrase,39.00,https://appliancepros.netlify.app/subzero/,Enabled,Enabled,Enabled,Fridge Not Cooling | Phrase
SZ_Search_BayArea_Full_PRO,Refrigerator Repair Core,sub zero fridge water not working,Exact,35.00,https://appliancepros.netlify.app/subzero/,Enabled,Enabled,Enabled,Refrigerator Repair Core | Exact
SZ_Search_BayArea_Full_PRO,Refrigerator Repair Core,sub zero fridge water not working,Phrase,35.00,https://appliancepros.netlify.app/subzero/,Enabled,Enabled,Enabled,Refrigerator Repair Core | Phrase
SZ_Search_BayArea_Full_PRO,Refrigerator Repair Core,sub zero fridge wont make ice,Exact,35.00,https://appliancepros.netlify.app/subzero/,Enabled,Enabled,Enabled,Refrigerator Repair Core | Exact
SZ_Search_BayArea_Full_PRO,Refrigerator Repair Core,sub zero fridge wont make ice,Phrase,35.00,https://appliancepros.netlify.app/subzero/,Enabled,Enabled,Enabled,Refrigerator Repair Core | Phrase
SZ_Search_BayArea_Full_PRO,Refrigerator Repair Core,sub zero gate opener repair,Exact,35.00,https://appliancepros.netlify.app/subzero/,Enabled,Enabled,Enabled,Refrigerator Repair Core | Exact
SZ_Search_BayArea_Full_PRO,Refrigerator Repair Core,sub zero gate opener repair,Phrase,35.00,https://appliancepros.netlify.app/subzero/,Enabled,Enabled,Enabled,Refrigerator Repair Core | Phrase
SZ_Search_BayArea_Full_PRO,Refrigerator Repair Core,sub zero gate repair,Exact,35.00,https://appliancepros.netlify.app/subzero/,Enabled,Enabled,Enabled,Refrigerator Repair Core | Exact
SZ_Search_BayArea_Full_PRO,Refrigerator Repair Core,sub zero gate repair,Phrase,35.00,https://appliancepros.netlify.app/subzero/,Enabled,Enabled,Enabled,Refrigerator Repair Core | Phrase
SZ_Search_BayArea_Full_PRO,Appliance Repair Core,sub zero home appliance repair,Exact,35.00,https://appliancepros.netlify.app/subzero/,Enabled,Enabled,Enabled,Appliance Repair Core | Exact
SZ_Search_BayArea_Full_PRO,Appliance Repair Core,sub zero home appliance repair,Phrase,35.00,https://appliancepros.netlify.app/subzero/,Enabled,Enabled,Enabled,Appliance Repair Core | Phrase
SZ_Search_BayArea_Full_PRO,Refrigerator Repair Core,sub zero ice buildup in refrigerator,Exact,35.00,https://appliancepros.netlify.app/subzero/,Enabled,Enabled,Enabled,Refrigerator Repair Core | Exact
SZ_Search_BayArea_Full_PRO,Refrigerator Repair Core,sub zero ice buildup in refrigerator,Phrase,35.00,https://appliancepros.netlify.app/subzero/,Enabled,Enabled,Enabled,Refrigerator Repair Core | Phrase
SZ_Search_BayArea_Full_PRO,Refrigerator Repair Core,sub zero ice crusher not working,Exact,35.00,https://appliancepros.netlify.app/subzero/,Enabled,Enabled,Enabled,Refrigerator Repair Core | Exact
SZ_Search_BayArea_Full_PRO,Refrigerator Repair Core,sub zero ice crusher not working,Phrase,35.00,https://appliancepros.netlify.app/subzero/,Enabled,Enabled,Enabled,Refrigerator Repair Core | Phrase
SZ_Search_BayArea_Full_PRO,Refrigerator Repair Core,sub zero ice cube maker not working,Exact,35.00,https://appliancepros.netlify.app/subzero/,Enabled,Enabled,Enabled,Refrigerator Repair Core | Exact
SZ_Search_BayArea_Full_PRO,Refrigerator Repair Core,sub zero ice cube maker not working,Phrase,35.00,https://appliancepros.netlify.app/subzero/,Enabled,Enabled,Enabled,Refrigerator Repair Core | Phrase
SZ_Search_BayArea_Full_PRO,Ice Maker Not Working,sub zero ice dispenser not working,Exact,39.00,https://appliancepros.netlify.app/subzero/,Enabled,Enabled,Enabled,Ice Maker Not Working | Exact
SZ_Search_BayArea_Full_PRO,Ice Maker Not Working,sub zero ice dispenser not working,Phrase,39.00,https://appliancepros.netlify.app/subzero/,Enabled,Enabled,Enabled,Ice Maker Not Working | Phrase
SZ_Search_BayArea_Full_PRO,Water Dispenser Repair,sub zero ice dispenser not working but water dispenser is,Exact,35.00,https://appliancepros.netlify.app/subzero/,Enabled,Enabled,Enabled,Water Dispenser Repair | Exact
SZ_Search_BayArea_Full_PRO,Water Dispenser Repair,sub zero ice dispenser not working but water dispenser is,Phrase,35.00,https://appliancepros.netlify.app/subzero/,Enabled,Enabled,Enabled,Water Dispenser Repair | Phrase
SZ_Search_BayArea_Full_PRO,Refrigerator Repair Core,sub zero ice dispenser problem,Exact,35.00,https://appliancepros.netlify.app/subzero/,Enabled,Enabled,Enabled,Refrigerator Repair Core | Exact
SZ_Search_BayArea_Full_PRO,Refrigerator Repair Core,sub zero ice dispenser problem,Phrase,35.00,https://appliancepros.netlify.app/subzero/,Enabled,Enabled,Enabled,Refrigerator Repair Core | Phrase
SZ_Search_BayArea_Full_PRO,Refrigerator Repair Core,sub zero ice dispenser sticking,Exact,35.00,https://appliancepros.netlify.app/subzero/,Enabled,Enabled,Enabled,Refrigerator Repair Core | Exact
SZ_Search_BayArea_Full_PRO,Refrigerator Repair Core,sub zero ice dispenser sticking,Phrase,35.00,https://appliancepros.netlify.app/subzero/,Enabled,Enabled,Enabled,Refrigerator Repair Core | Phrase
SZ_Search_BayArea_Full_PRO,Refrigerator Repair Core,sub zero ice drawer problems,Exact,35.00,https://appliancepros.netlify.app/subzero/,Enabled,Enabled,Enabled,Refrigerator Repair Core | Exact
SZ_Search_BayArea_Full_PRO,Refrigerator Repair Core,sub zero ice drawer problems,Phrase,35.00,https://appliancepros.netlify.app/subzero/,Enabled,Enabled,Enabled,Refrigerator Repair Core | Phrase
SZ_Search_BayArea_Full_PRO,Refrigerator Repair Core,sub zero ice flap repair,Exact,35.00,https://appliancepros.netlify.app/subzero/,Enabled,Enabled,Enabled,Refrigerator Repair Core | Exact
SZ_Search_BayArea_Full_PRO,Refrigerator Repair Core,sub zero ice flap repair,Phrase,35.00,https://appliancepros.netlify.app/subzero/,Enabled,Enabled,Enabled,Refrigerator Repair Core | Phrase
SZ_Search_BayArea_Full_PRO,Ice Not Making,sub zero ice machine not making ice,Exact,39.00,https://appliancepros.netlify.app/subzero/,Enabled,Enabled,Enabled,Ice Not Making | Exact
SZ_Search_BayArea_Full_PRO,Ice Not Making,sub zero ice machine not making ice,Phrase,39.00,https://appliancepros.netlify.app/subzero/,Enabled,Enabled,Enabled,Ice Not Making | Phrase
SZ_Search_BayArea_Full_PRO,Refrigerator Repair Core,sub zero ice machine not working,Exact,35.00,https://appliancepros.netlify.app/subzero/,Enabled,Enabled,Enabled,Refrigerator Repair Core | Exact
SZ_Search_BayArea_Full_PRO,Refrigerator Repair Core,sub zero ice machine not working,Phrase,35.00,https://appliancepros.netlify.app/subzero/,Enabled,Enabled,Enabled,Refrigerator Repair Core | Phrase
SZ_Search_BayArea_Full_PRO,Refrigerator Repair Core,sub zero ice machine repair,Exact,35.00,https://appliancepros.netlify.app/subzero/,Enabled,Enabled,Enabled,Refrigerator Repair Core | Exact
SZ_Search_BayArea_Full_PRO,Refrigerator Repair Core,sub zero ice machine repair,Phrase,35.00,https://appliancepros.netlify.app/subzero/,Enabled,Enabled,Enabled,Refrigerator Repair Core | Phrase
SZ_Search_BayArea_Full_PRO,Refrigerator Repair Core,sub zero ice maker auger not working,Exact,35.00,https://appliancepros.netlify.app/subzero/,Enabled,Enabled,Enabled,Refrigerator Repair Core | Exact
SZ_Search_BayArea_Full_PRO,Refrigerator Repair Core,sub zero ice maker auger not working,Phrase,35.00,https://appliancepros.netlify.app/subzero/,Enabled,Enabled,Enabled,Refrigerator Repair Core | Phrase
SZ_Search_BayArea_Full_PRO,Refrigerator Repair Core,sub zero ice maker freezing up,Exact,35.00,https://appliancepros.netlify.app/subzero/,Enabled,Enabled,Enabled,Refrigerator Repair Core | Exact
SZ_Search_BayArea_Full_PRO,Refrigerator Repair Core,sub zero ice maker freezing up,Phrase,35.00,https://appliancepros.netlify.app/subzero/,Enabled,Enabled,Enabled,Refrigerator Repair Core | Phrase
SZ_Search_BayArea_Full_PRO,Refrigerator Repair Core,sub zero ice maker in door not working,Exact,35.00,https://appliancepros.netlify.app/subzero/,Enabled,Enabled,Enabled,Refrigerator Repair Core | Exact
SZ_Search_BayArea_Full_PRO,Refrigerator Repair Core,sub zero ice maker in door not working,Phrase,35.00,https://appliancepros.netlify.app/subzero/,Enabled,Enabled,Enabled,Refrigerator Repair Core | Phrase
SZ_Search_BayArea_Full_PRO,Water Leak Repair,sub zero ice maker leaking,Exact,39.00,https://appliancepros.netlify.app/subzero/,Enabled,Enabled,Enabled,Water Leak Repair | Exact
SZ_Search_BayArea_Full_PRO,Water Leak Repair,sub zero ice maker leaking,Phrase,39.00,https://appliancepros.netlify.app/subzero/,Enabled,Enabled,Enabled,Water Leak Repair | Phrase
SZ_Search_BayArea_Full_PRO,Water Leak Repair,sub zero ice maker leaking into bin,Exact,39.00,https://appliancepros.netlify.app/subzero/,Enabled,Enabled,Enabled,Water Leak Repair | Exact
SZ_Search_BayArea_Full_PRO,Water Leak Repair,sub zero ice maker leaking into bin,Phrase,39.00,https://appliancepros.netlify.app/subzero/,Enabled,Enabled,Enabled,Water Leak Repair | Phrase
SZ_Search_BayArea_Full_PRO,Refrigerator Repair Core,sub zero ice maker makes too much ice,Exact,35.00,https://appliancepros.netlify.app/subzero/,Enabled,Enabled,Enabled,Refrigerator Repair Core | Exact
SZ_Search_BayArea_Full_PRO,Refrigerator Repair Core,sub zero ice maker makes too much ice,Phrase,35.00,https://appliancepros.netlify.app/subzero/,Enabled,Enabled,Enabled,Refrigerator Repair Core | Phrase
SZ_Search_BayArea_Full_PRO,Refrigerator Repair Core,sub zero ice maker making ice but not dispensing,Exact,35.00,https://appliancepros.netlify.app/subzero/,Enabled,Enabled,Enabled,Refrigerator Repair Core | Exact
SZ_Search_BayArea_Full_PRO,Refrigerator Repair Core,sub zero ice maker making ice but not dispensing,Phrase,35.00,https://appliancepros.netlify.app/subzero/,Enabled,Enabled,Enabled,Refrigerator Repair Core | Phrase
SZ_Search_BayArea_Full_PRO,Refrigerator Repair Core,sub zero ice maker making too much ice,Exact,35.00,https://appliancepros.netlify.app/subzero/,Enabled,Enabled,Enabled,Refrigerator Repair Core | Exact
SZ_Search_BayArea_Full_PRO,Refrigerator Repair Core,sub zero ice maker making too much ice,Phrase,35.00,https://appliancepros.netlify.app/subzero/,Enabled,Enabled,Enabled,Refrigerator Repair Core | Phrase
SZ_Search_BayArea_Full_PRO,Refrigerator Repair Core,sub zero ice maker no water,Exact,35.00,https://appliancepros.netlify.app/subzero/,Enabled,Enabled,Enabled,Refrigerator Repair Core | Exact
SZ_Search_BayArea_Full_PRO,Refrigerator Repair Core,sub zero ice maker no water,Phrase,35.00,https://appliancepros.netlify.app/subzero/,Enabled,Enabled,Enabled,Refrigerator Repair Core | Phrase
SZ_Search_BayArea_Full_PRO,Refrigerator Repair Core,sub zero ice maker not crushing ice,Exact,35.00,https://appliancepros.netlify.app/subzero/,Enabled,Enabled,Enabled,Refrigerator Repair Core | Exact
SZ_Search_BayArea_Full_PRO,Refrigerator Repair Core,sub zero ice maker not crushing ice,Phrase,35.00,https://appliancepros.netlify.app/subzero/,Enabled,Enabled,Enabled,Refrigerator Repair Core | Phrase
SZ_Search_BayArea_Full_PRO,Refrigerator Repair Core,sub zero ice maker not dispensing,Exact,35.00,https://appliancepros.netlify.app/subzero/,Enabled,Enabled,Enabled,Refrigerator Repair Core | Exact
SZ_Search_BayArea_Full_PRO,Refrigerator Repair Core,sub zero ice maker not dispensing,Phrase,35.00,https://appliancepros.netlify.app/subzero/,Enabled,Enabled,Enabled,Refrigerator Repair Core | Phrase
SZ_Search_BayArea_Full_PRO,Refrigerator Repair Core,sub zero ice maker not dispensing ice,Exact,35.00,https://appliancepros.netlify.app/subzero/,Enabled,Enabled,Enabled,Refrigerator Repair Core | Exact
SZ_Search_BayArea_Full_PRO,Refrigerator Repair Core,sub zero ice maker not dispensing ice,Phrase,35.00,https://appliancepros.netlify.app/subzero/,Enabled,Enabled,Enabled,Refrigerator Repair Core | Phrase
SZ_Search_BayArea_Full_PRO,Refrigerator Repair Core,sub zero ice maker not dumping ice,Exact,35.00,https://appliancepros.netlify.app/subzero/,Enabled,Enabled,Enabled,Refrigerator Repair Core | Exact
SZ_Search_BayArea_Full_PRO,Refrigerator Repair Core,sub zero ice maker not dumping ice,Phrase,35.00,https://appliancepros.netlify.app/subzero/,Enabled,Enabled,Enabled,Refrigerator Repair Core | Phrase
SZ_Search_BayArea_Full_PRO,Refrigerator Repair Core,sub zero ice maker not ejecting ice,Exact,35.00,https://appliancepros.netlify.app/subzero/,Enabled,Enabled,Enabled,Refrigerator Repair Core | Exact
SZ_Search_BayArea_Full_PRO,Refrigerator Repair Core,sub zero ice maker not ejecting ice,Phrase,35.00,https://appliancepros.netlify.app/subzero/,Enabled,Enabled,Enabled,Refrigerator Repair Core | Phrase
SZ_Search_BayArea_Full_PRO,Refrigerator Repair Core,sub zero ice maker not filling with water,Exact,35.00,https://appliancepros.netlify.app/subzero/,Enabled,Enabled,Enabled,Refrigerator Repair Core | Exact
SZ_Search_BayArea_Full_PRO,Refrigerator Repair Core,sub zero ice maker not filling with water,Phrase,35.00,https://appliancepros.netlify.app/subzero/,Enabled,Enabled,Enabled,Refrigerator Repair Core | Phrase
SZ_Search_BayArea_Full_PRO,Fridge Not Cooling,sub zero ice maker not getting cold,Exact,39.00,https://appliancepros.netlify.app/subzero/,Enabled,Enabled,Enabled,Fridge Not Cooling | Exact
SZ_Search_BayArea_Full_PRO,Fridge Not Cooling,sub zero ice maker not getting cold,Phrase,39.00,https://appliancepros.netlify.app/subzero/,Enabled,Enabled,Enabled,Fridge Not Cooling | Phrase
SZ_Search_BayArea_Full_PRO,Refrigerator Repair Core,sub zero ice maker not getting water,Exact,35.00,https://appliancepros.netlify.app/subzero/,Enabled,Enabled,Enabled,Refrigerator Repair Core | Exact
SZ_Search_BayArea_Full_PRO,Refrigerator Repair Core,sub zero ice maker not getting water,Phrase,35.00,https://appliancepros.netlify.app/subzero/,Enabled,Enabled,Enabled,Refrigerator Repair Core | Phrase
SZ_Search_BayArea_Full_PRO,Refrigerator Repair Core,sub zero ice maker not making enough ice,Exact,35.00,https://appliancepros.netlify.app/subzero/,Enabled,Enabled,Enabled,Refrigerator Repair Core | Exact
SZ_Search_BayArea_Full_PRO,Refrigerator Repair Core,sub zero ice maker not making enough ice,Phrase,35.00,https://appliancepros.netlify.app/subzero/,Enabled,Enabled,Enabled,Refrigerator Repair Core | Phrase
SZ_Search_BayArea_Full_PRO,Ice Not Making,sub zero ice maker not making ice,Exact,39.00,https://appliancepros.netlify.app/subzero/,Enabled,Enabled,Enabled,Ice Not Making | Exact
SZ_Search_BayArea_Full_PRO,Ice Not Making,sub zero ice maker not making ice,Phrase,39.00,https://appliancepros.netlify.app/subzero/,Enabled,Enabled,Enabled,Ice Not Making | Phrase
SZ_Search_BayArea_Full_PRO,Ice Not Making,sub zero ice maker not making ice but water works,Exact,39.00,https://appliancepros.netlify.app/subzero/,Enabled,Enabled,Enabled,Ice Not Making | Exact
SZ_Search_BayArea_Full_PRO,Ice Not Making,sub zero ice maker not making ice but water works,Phrase,39.00,https://appliancepros.netlify.app/subzero/,Enabled,Enabled,Enabled,Ice Not Making | Phrase
SZ_Search_BayArea_Full_PRO,Ice Not Making,sub zero ice maker not making ice french door,Exact,39.00,https://appliancepros.netlify.app/subzero/,Enabled,Enabled,Enabled,Ice Not Making | Exact
SZ_Search_BayArea_Full_PRO,Ice Not Making,sub zero ice maker not making ice french door,Phrase,39.00,https://appliancepros.netlify.app/subzero/,Enabled,Enabled,Enabled,Ice Not Making | Phrase
SZ_Search_BayArea_Full_PRO,Ice Maker Not Working,sub zero ice maker not working,Exact,39.00,https://appliancepros.netlify.app/subzero/,Enabled,Enabled,Enabled,Ice Maker Not Working | Exact
SZ_Search_BayArea_Full_PRO,Ice Maker Not Working,sub zero ice maker not working,Phrase,39.00,https://appliancepros.netlify.app/subzero/,Enabled,Enabled,Enabled,Ice Maker Not Working | Phrase
SZ_Search_BayArea_Full_PRO,Ice Maker Not Working,sub zero ice maker not working bottom freezer,Exact,39.00,https://appliancepros.netlify.app/subzero/,Enabled,Enabled,Enabled,Ice Maker Not Working | Exact
SZ_Search_BayArea_Full_PRO,Ice Maker Not Working,sub zero ice maker not working bottom freezer,Phrase,39.00,https://appliancepros.netlify.app/subzero/,Enabled,Enabled,Enabled,Ice Maker Not Working | Phrase
SZ_Search_BayArea_Full_PRO,Water Dispenser Repair,sub zero ice maker not working but water dispenser is,Exact,35.00,https://appliancepros.netlify.app/subzero/,Enabled,Enabled,Enabled,Water Dispenser Repair | Exact
SZ_Search_BayArea_Full_PRO,Water Dispenser Repair,sub zero ice maker not working but water dispenser is,Phrase,35.00,https://appliancepros.netlify.app/subzero/,Enabled,Enabled,Enabled,Water Dispenser Repair | Phrase
SZ_Search_BayArea_Full_PRO,Ice Maker Not Working,sub zero ice maker not working but water does,Exact,39.00,https://appliancepros.netlify.app/subzero/,Enabled,Enabled,Enabled,Ice Maker Not Working | Exact
SZ_Search_BayArea_Full_PRO,Ice Maker Not Working,sub zero ice maker not working but water does,Phrase,39.00,https://appliancepros.netlify.app/subzero/,Enabled,Enabled,Enabled,Ice Maker Not Working | Phrase
SZ_Search_BayArea_Full_PRO,Refrigerator Repair Core,sub zero ice maker pouring out water,Exact,35.00,https://appliancepros.netlify.app/subzero/,Enabled,Enabled,Enabled,Refrigerator Repair Core | Exact
SZ_Search_BayArea_Full_PRO,Refrigerator Repair Core,sub zero ice maker pouring out water,Phrase,35.00,https://appliancepros.netlify.app/subzero/,Enabled,Enabled,Enabled,Refrigerator Repair Core | Phrase
SZ_Search_BayArea_Full_PRO,Refrigerator Repair Core,sub zero ice maker problem,Exact,35.00,https://appliancepros.netlify.app/subzero/,Enabled,Enabled,Enabled,Refrigerator Repair Core | Exact
SZ_Search_BayArea_Full_PRO,Refrigerator Repair Core,sub zero ice maker problem,Phrase,35.00,https://appliancepros.netlify.app/subzero/,Enabled,Enabled,Enabled,Refrigerator Repair Core | Phrase
SZ_Search_BayArea_Full_PRO,Refrigerator Repair Core,sub zero ice maker problems,Exact,35.00,https://appliancepros.netlify.app/subzero/,Enabled,Enabled,Enabled,Refrigerator Repair Core | Exact
SZ_Search_BayArea_Full_PRO,Refrigerator Repair Core,sub zero ice maker problems,Phrase,35.00,https://appliancepros.netlify.app/subzero/,Enabled,Enabled,Enabled,Refrigerator Repair Core | Phrase
SZ_Search_BayArea_Full_PRO,Refrigerator Repair Core,sub zero ice maker quit working,Exact,35.00,https://appliancepros.netlify.app/subzero/,Enabled,Enabled,Enabled,Refrigerator Repair Core | Exact
SZ_Search_BayArea_Full_PRO,Refrigerator Repair Core,sub zero ice maker quit working,Phrase,35.00,https://appliancepros.netlify.app/subzero/,Enabled,Enabled,Enabled,Refrigerator Repair Core | Phrase
SZ_Search_BayArea_Full_PRO,Geo Berkeley Repair,sub zero ice maker repair in berkeley,Exact,38.00,https://appliancepros.netlify.app/subzero/,Enabled,Enabled,Enabled,Geo Berkeley Repair | Exact
SZ_Search_BayArea_Full_PRO,Geo Berkeley Repair,sub zero ice maker repair in berkeley,Phrase,38.00,https://appliancepros.netlify.app/subzero/,Enabled,Enabled,Enabled,Geo Berkeley Repair | Phrase
SZ_Search_BayArea_Full_PRO,Geo Fremont Repair,sub zero ice maker repair in fremont,Exact,38.00,https://appliancepros.netlify.app/subzero/,Enabled,Enabled,Enabled,Geo Fremont Repair | Exact
SZ_Search_BayArea_Full_PRO,Geo Fremont Repair,sub zero ice maker repair in fremont,Phrase,38.00,https://appliancepros.netlify.app/subzero/,Enabled,Enabled,Enabled,Geo Fremont Repair | Phrase
SZ_Search_BayArea_Full_PRO,Geo MtnView Repair,sub zero ice maker repair in mountain view,Exact,38.00,https://appliancepros.netlify.app/subzero/,Enabled,Enabled,Enabled,Geo MtnView Repair | Exact
SZ_Search_BayArea_Full_PRO,Geo MtnView Repair,sub zero ice maker repair in mountain view,Phrase,38.00,https://appliancepros.netlify.app/subzero/,Enabled,Enabled,Enabled,Geo MtnView Repair | Phrase
SZ_Search_BayArea_Full_PRO,Geo Oakland Repair,sub zero ice maker repair in oakland,Exact,38.00,https://appliancepros.netlify.app/subzero/,Enabled,Enabled,Enabled,Geo Oakland Repair | Exact
SZ_Search_BayArea_Full_PRO,Geo Oakland Repair,sub zero ice maker repair in oakland,Phrase,38.00,https://appliancepros.netlify.app/subzero/,Enabled,Enabled,Enabled,Geo Oakland Repair | Phrase
SZ_Search_BayArea_Full_PRO,Geo PaloAlto Repair,sub zero ice maker repair in palo alto,Exact,38.00,https://appliancepros.netlify.app/subzero/,Enabled,Enabled,Enabled,Geo PaloAlto Repair | Exact
SZ_Search_BayArea_Full_PRO,Geo PaloAlto Repair,sub zero ice maker repair in palo alto,Phrase,38.00,https://appliancepros.netlify.app/subzero/,Enabled,Enabled,Enabled,Geo PaloAlto Repair | Phrase
SZ_Search_BayArea_Full_PRO,Geo Redwood Repair,sub zero ice maker repair in redwood city,Exact,38.00,https://appliancepros.netlify.app/subzero/,Enabled,Enabled,Enabled,Geo Redwood Repair | Exact
SZ_Search_BayArea_Full_PRO,Geo Redwood Repair,sub zero ice maker repair in redwood city,Phrase,38.00,https://appliancepros.netlify.app/subzero/,Enabled,Enabled,Enabled,Geo Redwood Repair | Phrase
SZ_Search_BayArea_Full_PRO,Geo SF Repair,sub zero ice maker repair in san francisco,Exact,38.00,https://appliancepros.netlify.app/subzero/,Enabled,Enabled,Enabled,Geo SF Repair | Exact
SZ_Search_BayArea_Full_PRO,Geo SF Repair,sub zero ice maker repair in san francisco,Phrase,38.00,https://appliancepros.netlify.app/subzero/,Enabled,Enabled,Enabled,Geo SF Repair | Phrase
SZ_Search_BayArea_Full_PRO,Geo SJ Repair,sub zero ice maker repair in san jose,Exact,38.00,https://appliancepros.netlify.app/subzero/,Enabled,Enabled,Enabled,Geo SJ Repair | Exact
SZ_Search_BayArea_Full_PRO,Geo SJ Repair,sub zero ice maker repair in san jose,Phrase,38.00,https://appliancepros.netlify.app/subzero/,Enabled,Enabled,Enabled,Geo SJ Repair | Phrase
SZ_Search_BayArea_Full_PRO,Geo SanMateo Repair,sub zero ice maker repair in san mateo,Exact,38.00,https://appliancepros.netlify.app/subzero/,Enabled,Enabled,Enabled,Geo SanMateo Repair | Exact
SZ_Search_BayArea_Full_PRO,Geo SanMateo Repair,sub zero ice maker repair in san mateo,Phrase,38.00,https://appliancepros.netlify.app/subzero/,Enabled,Enabled,Enabled,Geo SanMateo Repair | Phrase
SZ_Search_BayArea_Full_PRO,Geo SantaClara Repair,sub zero ice maker repair in santa clara,Exact,38.00,https://appliancepros.netlify.app/subzero/,Enabled,Enabled,Enabled,Geo SantaClara Repair | Exact
SZ_Search_BayArea_Full_PRO,Geo SantaClara Repair,sub zero ice maker repair in santa clara,Phrase,38.00,https://appliancepros.netlify.app/subzero/,Enabled,Enabled,Enabled,Geo SantaClara Repair | Phrase
SZ_Search_BayArea_Full_PRO,Geo Sunnyvale Repair,sub zero ice maker repair in sunnyvale,Exact,38.00,https://appliancepros.netlify.app/subzero/,Enabled,Enabled,Enabled,Geo Sunnyvale Repair | Exact
SZ_Search_BayArea_Full_PRO,Geo Sunnyvale Repair,sub zero ice maker repair in sunnyvale,Phrase,38.00,https://appliancepros.netlify.app/subzero/,Enabled,Enabled,Enabled,Geo Sunnyvale Repair | Phrase
SZ_Search_BayArea_Full_PRO,Geo WalnutCrk Repair,sub zero ice maker repair in walnut creek,Exact,38.00,https://appliancepros.netlify.app/subzero/,Enabled,Enabled,Enabled,Geo WalnutCrk Repair | Exact
SZ_Search_BayArea_Full_PRO,Geo WalnutCrk Repair,sub zero ice maker repair in walnut creek,Phrase,38.00,https://appliancepros.netlify.app/subzero/,Enabled,Enabled,Enabled,Geo WalnutCrk Repair | Phrase
SZ_Search_BayArea_Full_PRO,Near Me Core,sub zero ice maker repair near me,Exact,41.00,https://appliancepros.netlify.app/subzero/,Enabled,Enabled,Enabled,Near Me Core | Exact
SZ_Search_BayArea_Full_PRO,Near Me Core,sub zero ice maker repair near me,Phrase,41.00,https://appliancepros.netlify.app/subzero/,Enabled,Enabled,Enabled,Near Me Core | Phrase
SZ_Search_BayArea_Full_PRO,Refrigerator Repair Core,sub zero ice maker repair service,Exact,35.00,https://appliancepros.netlify.app/subzero/,Enabled,Enabled,Enabled,Refrigerator Repair Core | Exact
SZ_Search_BayArea_Full_PRO,Refrigerator Repair Core,sub zero ice maker repair service,Phrase,35.00,https://appliancepros.netlify.app/subzero/,Enabled,Enabled,Enabled,Refrigerator Repair Core | Phrase
SZ_Search_BayArea_Full_PRO,Refrigerator Repair Core,sub zero ice maker slow,Exact,35.00,https://appliancepros.netlify.app/subzero/,Enabled,Enabled,Enabled,Refrigerator Repair Core | Exact
SZ_Search_BayArea_Full_PRO,Refrigerator Repair Core,sub zero ice maker slow,Phrase,35.00,https://appliancepros.netlify.app/subzero/,Enabled,Enabled,Enabled,Refrigerator Repair Core | Phrase
SZ_Search_BayArea_Full_PRO,Refrigerator Repair Core,sub zero ice maker slow making ice,Exact,35.00,https://appliancepros.netlify.app/subzero/,Enabled,Enabled,Enabled,Refrigerator Repair Core | Exact
SZ_Search_BayArea_Full_PRO,Refrigerator Repair Core,sub zero ice maker slow making ice,Phrase,35.00,https://appliancepros.netlify.app/subzero/,Enabled,Enabled,Enabled,Refrigerator Repair Core | Phrase
SZ_Search_BayArea_Full_PRO,Refrigerator Repair Core,sub zero ice maker slow to make ice,Exact,35.00,https://appliancepros.netlify.app/subzero/,Enabled,Enabled,Enabled,Refrigerator Repair Core | Exact
SZ_Search_BayArea_Full_PRO,Refrigerator Repair Core,sub zero ice maker slow to make ice,Phrase,35.00,https://appliancepros.netlify.app/subzero/,Enabled,Enabled,Enabled,Refrigerator Repair Core | Phrase
SZ_Search_BayArea_Full_PRO,Refrigerator Repair Core,sub zero ice maker stopped making ice,Exact,35.00,https://appliancepros.netlify.app/subzero/,Enabled,Enabled,Enabled,Refrigerator Repair Core | Exact
SZ_Search_BayArea_Full_PRO,Refrigerator Repair Core,sub zero ice maker stopped making ice,Phrase,35.00,https://appliancepros.netlify.app/subzero/,Enabled,Enabled,Enabled,Refrigerator Repair Core | Phrase
SZ_Search_BayArea_Full_PRO,Refrigerator Repair Core,sub zero ice maker stopped working,Exact,35.00,https://appliancepros.netlify.app/subzero/,Enabled,Enabled,Enabled,Refrigerator Repair Core | Exact
SZ_Search_BayArea_Full_PRO,Refrigerator Repair Core,sub zero ice maker stopped working,Phrase,35.00,https://appliancepros.netlify.app/subzero/,Enabled,Enabled,Enabled,Refrigerator Repair Core | Phrase
SZ_Search_BayArea_Full_PRO,Ice Not Making,sub zero ice not making ice,Exact,39.00,https://appliancepros.netlify.app/subzero/,Enabled,Enabled,Enabled,Ice Not Making | Exact
SZ_Search_BayArea_Full_PRO,Ice Not Making,sub zero ice not making ice,Phrase,39.00,https://appliancepros.netlify.app/subzero/,Enabled,Enabled,Enabled,Ice Not Making | Phrase
SZ_Search_BayArea_Full_PRO,Refrigerator Repair Core,sub zero ice repair,Exact,35.00,https://appliancepros.netlify.app/subzero/,Enabled,Enabled,Enabled,Refrigerator Repair Core | Exact
SZ_Search_BayArea_Full_PRO,Refrigerator Repair Core,sub zero ice repair,Phrase,35.00,https://appliancepros.netlify.app/subzero/,Enabled,Enabled,Enabled,Refrigerator Repair Core | Phrase
SZ_Search_BayArea_Full_PRO,Refrigerator Repair Core,sub zero ice repairs,Exact,35.00,https://appliancepros.netlify.app/subzero/,Enabled,Enabled,Enabled,Refrigerator Repair Core | Exact
SZ_Search_BayArea_Full_PRO,Refrigerator Repair Core,sub zero ice repairs,Phrase,35.00,https://appliancepros.netlify.app/subzero/,Enabled,Enabled,Enabled,Refrigerator Repair Core | Phrase
SZ_Search_BayArea_Full_PRO,Refrigerator Repair Core,sub zero ice service,Exact,35.00,https://appliancepros.netlify.app/subzero/,Enabled,Enabled,Enabled,Refrigerator Repair Core | Exact
SZ_Search_BayArea_Full_PRO,Refrigerator Repair Core,sub zero ice service,Phrase,35.00,https://appliancepros.netlify.app/subzero/,Enabled,Enabled,Enabled,Refrigerator Repair Core | Phrase
SZ_Search_BayArea_Full_PRO,Refrigerator Repair Core,sub zero ice service message,Exact,35.00,https://appliancepros.netlify.app/subzero/,Enabled,Enabled,Enabled,Refrigerator Repair Core | Exact
SZ_Search_BayArea_Full_PRO,Refrigerator Repair Core,sub zero ice service message,Phrase,35.00,https://appliancepros.netlify.app/subzero/,Enabled,Enabled,Enabled,Refrigerator Repair Core | Phrase
SZ_Search_BayArea_Full_PRO,Refrigerator Repair Core,sub zero ice services,Exact,35.00,https://appliancepros.netlify.app/subzero/,Enabled,Enabled,Enabled,Refrigerator Repair Core | Exact
SZ_Search_BayArea_Full_PRO,Refrigerator Repair Core,sub zero ice services,Phrase,35.00,https://appliancepros.netlify.app/subzero/,Enabled,Enabled,Enabled,Refrigerator Repair Core | Phrase
SZ_Search_BayArea_Full_PRO,Refrigerator Repair Core,sub zero icemaker not getting water,Exact,35.00,https://appliancepros.netlify.app/subzero/,Enabled,Enabled,Enabled,Refrigerator Repair Core | Exact
SZ_Search_BayArea_Full_PRO,Refrigerator Repair Core,sub zero icemaker not getting water,Phrase,35.00,https://appliancepros.netlify.app/subzero/,Enabled,Enabled,Enabled,Refrigerator Repair Core | Phrase
SZ_Search_BayArea_Full_PRO,Ice Not Making,sub zero icemaker not making ice,Exact,39.00,https://appliancepros.netlify.app/subzero/,Enabled,Enabled,Enabled,Ice Not Making | Exact
SZ_Search_BayArea_Full_PRO,Ice Not Making,sub zero icemaker not making ice,Phrase,39.00,https://appliancepros.netlify.app/subzero/,Enabled,Enabled,Enabled,Ice Not Making | Phrase
SZ_Search_BayArea_Full_PRO,Refrigerator Repair Core,sub zero icemaker not working,Exact,35.00,https://appliancepros.netlify.app/subzero/,Enabled,Enabled,Enabled,Refrigerator Repair Core | Exact
SZ_Search_BayArea_Full_PRO,Refrigerator Repair Core,sub zero icemaker not working,Phrase,35.00,https://appliancepros.netlify.app/subzero/,Enabled,Enabled,Enabled,Refrigerator Repair Core | Phrase
SZ_Search_BayArea_Full_PRO,Refrigerator Repair Core,sub zero icemaker stopped working,Exact,35.00,https://appliancepros.netlify.app/subzero/,Enabled,Enabled,Enabled,Refrigerator Repair Core | Exact
SZ_Search_BayArea_Full_PRO,Refrigerator Repair Core,sub zero icemaker stopped working,Phrase,35.00,https://appliancepros.netlify.app/subzero/,Enabled,Enabled,Enabled,Refrigerator Repair Core | Phrase
SZ_Search_BayArea_Full_PRO,Fridge Not Cooling,sub zero imperial series refrigerator not cooling,Exact,39.00,https://appliancepros.netlify.app/subzero/,Enabled,Enabled,Enabled,Fridge Not Cooling | Exact
SZ_Search_BayArea_Full_PRO,Fridge Not Cooling,sub zero imperial series refrigerator not cooling,Phrase,39.00,https://appliancepros.netlify.app/subzero/,Enabled,Enabled,Enabled,Fridge Not Cooling | Phrase
SZ_Search_BayArea_Full_PRO,Ice Not Making,sub zero in door ice maker not making ice,Exact,39.00,https://appliancepros.netlify.app/subzero/,Enabled,Enabled,Enabled,Ice Not Making | Exact
SZ_Search_BayArea_Full_PRO,Ice Not Making,sub zero in door ice maker not making ice,Phrase,39.00,https://appliancepros.netlify.app/subzero/,Enabled,Enabled,Enabled,Ice Not Making | Phrase
SZ_Search_BayArea_Full_PRO,Ice Maker Not Working,sub zero in door ice maker not working,Exact,39.00,https://appliancepros.netlify.app/subzero/,Enabled,Enabled,Enabled,Ice Maker Not Working | Exact
SZ_Search_BayArea_Full_PRO,Ice Maker Not Working,sub zero in door ice maker not working,Phrase,39.00,https://appliancepros.netlify.app/subzero/,Enabled,Enabled,Enabled,Ice Maker Not Working | Phrase
SZ_Search_BayArea_Full_PRO,Water Leak Repair,sub zero leaking,Exact,39.00,https://appliancepros.netlify.app/subzero/,Enabled,Enabled,Enabled,Water Leak Repair | Exact
SZ_Search_BayArea_Full_PRO,Water Leak Repair,sub zero leaking,Phrase,39.00,https://appliancepros.netlify.app/subzero/,Enabled,Enabled,Enabled,Water Leak Repair | Phrase
SZ_Search_BayArea_Full_PRO,Water Leak Repair,sub zero leaking water,Exact,39.00,https://appliancepros.netlify.app/subzero/,Enabled,Enabled,Enabled,Water Leak Repair | Exact
SZ_Search_BayArea_Full_PRO,Water Leak Repair,sub zero leaking water,Phrase,39.00,https://appliancepros.netlify.app/subzero/,Enabled,Enabled,Enabled,Water Leak Repair | Phrase
SZ_Search_BayArea_Full_PRO,Water Leak Repair,sub zero leaking water from bottom,Exact,39.00,https://appliancepros.netlify.app/subzero/,Enabled,Enabled,Enabled,Water Leak Repair | Exact
SZ_Search_BayArea_Full_PRO,Water Leak Repair,sub zero leaking water from bottom,Phrase,39.00,https://appliancepros.netlify.app/subzero/,Enabled,Enabled,Enabled,Water Leak Repair | Phrase
SZ_Search_BayArea_Full_PRO,Refrigerator Repair Core,sub zero light not working,Exact,35.00,https://appliancepros.netlify.app/subzero/,Enabled,Enabled,Enabled,Refrigerator Repair Core | Exact
SZ_Search_BayArea_Full_PRO,Refrigerator Repair Core,sub zero light not working,Phrase,35.00,https://appliancepros.netlify.app/subzero/,Enabled,Enabled,Enabled,Refrigerator Repair Core | Phrase
SZ_Search_BayArea_Full_PRO,Refrigerator Repair Core,sub zero light switch repair,Exact,35.00,https://appliancepros.netlify.app/subzero/,Enabled,Enabled,Enabled,Refrigerator Repair Core | Exact
SZ_Search_BayArea_Full_PRO,Refrigerator Repair Core,sub zero light switch repair,Phrase,35.00,https://appliancepros.netlify.app/subzero/,Enabled,Enabled,Enabled,Refrigerator Repair Core | Phrase
SZ_Search_BayArea_Full_PRO,Refrigerator Service Core,sub zero maintenance,Exact,32.00,https://appliancepros.netlify.app/subzero/,Enabled,Enabled,Enabled,Refrigerator Service Core | Exact
SZ_Search_BayArea_Full_PRO,Refrigerator Service Core,sub zero maintenance,Phrase,32.00,https://appliancepros.netlify.app/subzero/,Enabled,Enabled,Enabled,Refrigerator Service Core | Phrase
SZ_Search_BayArea_Full_PRO,Repair Cost Quote,sub zero maintenance cost,Exact,32.00,https://appliancepros.netlify.app/subzero/,Enabled,Enabled,Enabled,Repair Cost Quote | Exact
SZ_Search_BayArea_Full_PRO,Repair Cost Quote,sub zero maintenance cost,Phrase,32.00,https://appliancepros.netlify.app/subzero/,Enabled,Enabled,Enabled,Repair Cost Quote | Phrase
SZ_Search_BayArea_Full_PRO,Near Me Core,sub zero maintenance near me,Exact,41.00,https://appliancepros.netlify.app/subzero/,Enabled,Enabled,Enabled,Near Me Core | Exact
SZ_Search_BayArea_Full_PRO,Near Me Core,sub zero maintenance near me,Phrase,41.00,https://appliancepros.netlify.app/subzero/,Enabled,Enabled,Enabled,Near Me Core | Phrase
SZ_Search_BayArea_Full_PRO,Refrigerator Service Core,sub zero maintenance services,Exact,32.00,https://appliancepros.netlify.app/subzero/,Enabled,Enabled,Enabled,Refrigerator Service Core | Exact
SZ_Search_BayArea_Full_PRO,Refrigerator Service Core,sub zero maintenance services,Phrase,32.00,https://appliancepros.netlify.app/subzero/,Enabled,Enabled,Enabled,Refrigerator Service Core | Phrase
SZ_Search_BayArea_Full_PRO,Freezer Not Freezing,sub zero mini fridge freezer not freezing,Exact,39.00,https://appliancepros.netlify.app/subzero/,Enabled,Enabled,Enabled,Freezer Not Freezing | Exact
SZ_Search_BayArea_Full_PRO,Freezer Not Freezing,sub zero mini fridge freezer not freezing,Phrase,39.00,https://appliancepros.netlify.app/subzero/,Enabled,Enabled,Enabled,Freezer Not Freezing | Phrase
SZ_Search_BayArea_Full_PRO,Freezer Not Working,sub zero mini fridge freezer not working,Exact,35.00,https://appliancepros.netlify.app/subzero/,Enabled,Enabled,Enabled,Freezer Not Working | Exact
SZ_Search_BayArea_Full_PRO,Freezer Not Working,sub zero mini fridge freezer not working,Phrase,35.00,https://appliancepros.netlify.app/subzero/,Enabled,Enabled,Enabled,Freezer Not Working | Phrase
SZ_Search_BayArea_Full_PRO,Fridge Not Cooling,sub zero mini fridge not cooling,Exact,39.00,https://appliancepros.netlify.app/subzero/,Enabled,Enabled,Enabled,Fridge Not Cooling | Exact
SZ_Search_BayArea_Full_PRO,Fridge Not Cooling,sub zero mini fridge not cooling,Phrase,39.00,https://appliancepros.netlify.app/subzero/,Enabled,Enabled,Enabled,Fridge Not Cooling | Phrase
SZ_Search_BayArea_Full_PRO,Fridge Not Cooling,sub zero mini fridge with freezer not cooling,Exact,39.00,https://appliancepros.netlify.app/subzero/,Enabled,Enabled,Enabled,Fridge Not Cooling | Exact
SZ_Search_BayArea_Full_PRO,Fridge Not Cooling,sub zero mini fridge with freezer not cooling,Phrase,39.00,https://appliancepros.netlify.app/subzero/,Enabled,Enabled,Enabled,Fridge Not Cooling | Phrase
SZ_Search_BayArea_Full_PRO,Fridge Not Cooling,sub zero not cold,Exact,39.00,https://appliancepros.netlify.app/subzero/,Enabled,Enabled,Enabled,Fridge Not Cooling | Exact
SZ_Search_BayArea_Full_PRO,Fridge Not Cooling,sub zero not cold,Phrase,39.00,https://appliancepros.netlify.app/subzero/,Enabled,Enabled,Enabled,Fridge Not Cooling | Phrase
SZ_Search_BayArea_Full_PRO,Fridge Not Cooling,sub zero not cold enough,Exact,39.00,https://appliancepros.netlify.app/subzero/,Enabled,Enabled,Enabled,Fridge Not Cooling | Exact
SZ_Search_BayArea_Full_PRO,Fridge Not Cooling,sub zero not cold enough,Phrase,39.00,https://appliancepros.netlify.app/subzero/,Enabled,Enabled,Enabled,Fridge Not Cooling | Phrase
SZ_Search_BayArea_Full_PRO,Fridge Not Cooling,sub zero not cooling,Exact,39.00,https://appliancepros.netlify.app/subzero/,Enabled,Enabled,Enabled,Fridge Not Cooling | Exact
SZ_Search_BayArea_Full_PRO,Fridge Not Cooling,sub zero not cooling,Phrase,39.00,https://appliancepros.netlify.app/subzero/,Enabled,Enabled,Enabled,Fridge Not Cooling | Phrase
SZ_Search_BayArea_Full_PRO,Geo Berkeley Repair,sub zero not cooling repair in berkeley,Exact,38.00,https://appliancepros.netlify.app/subzero/,Enabled,Enabled,Enabled,Geo Berkeley Repair | Exact
SZ_Search_BayArea_Full_PRO,Geo Berkeley Repair,sub zero not cooling repair in berkeley,Phrase,38.00,https://appliancepros.netlify.app/subzero/,Enabled,Enabled,Enabled,Geo Berkeley Repair | Phrase
SZ_Search_BayArea_Full_PRO,Geo Fremont Repair,sub zero not cooling repair in fremont,Exact,38.00,https://appliancepros.netlify.app/subzero/,Enabled,Enabled,Enabled,Geo Fremont Repair | Exact
SZ_Search_BayArea_Full_PRO,Geo Fremont Repair,sub zero not cooling repair in fremont,Phrase,38.00,https://appliancepros.netlify.app/subzero/,Enabled,Enabled,Enabled,Geo Fremont Repair | Phrase
SZ_Search_BayArea_Full_PRO,Geo MtnView Repair,sub zero not cooling repair in mountain view,Exact,38.00,https://appliancepros.netlify.app/subzero/,Enabled,Enabled,Enabled,Geo MtnView Repair | Exact
SZ_Search_BayArea_Full_PRO,Geo MtnView Repair,sub zero not cooling repair in mountain view,Phrase,38.00,https://appliancepros.netlify.app/subzero/,Enabled,Enabled,Enabled,Geo MtnView Repair | Phrase
SZ_Search_BayArea_Full_PRO,Geo Oakland Repair,sub zero not cooling repair in oakland,Exact,38.00,https://appliancepros.netlify.app/subzero/,Enabled,Enabled,Enabled,Geo Oakland Repair | Exact
SZ_Search_BayArea_Full_PRO,Geo Oakland Repair,sub zero not cooling repair in oakland,Phrase,38.00,https://appliancepros.netlify.app/subzero/,Enabled,Enabled,Enabled,Geo Oakland Repair | Phrase
SZ_Search_BayArea_Full_PRO,Geo PaloAlto Repair,sub zero not cooling repair in palo alto,Exact,38.00,https://appliancepros.netlify.app/subzero/,Enabled,Enabled,Enabled,Geo PaloAlto Repair | Exact
SZ_Search_BayArea_Full_PRO,Geo PaloAlto Repair,sub zero not cooling repair in palo alto,Phrase,38.00,https://appliancepros.netlify.app/subzero/,Enabled,Enabled,Enabled,Geo PaloAlto Repair | Phrase
SZ_Search_BayArea_Full_PRO,Geo Redwood Repair,sub zero not cooling repair in redwood city,Exact,38.00,https://appliancepros.netlify.app/subzero/,Enabled,Enabled,Enabled,Geo Redwood Repair | Exact
SZ_Search_BayArea_Full_PRO,Geo Redwood Repair,sub zero not cooling repair in redwood city,Phrase,38.00,https://appliancepros.netlify.app/subzero/,Enabled,Enabled,Enabled,Geo Redwood Repair | Phrase
SZ_Search_BayArea_Full_PRO,Geo SF Repair,sub zero not cooling repair in san francisco,Exact,38.00,https://appliancepros.netlify.app/subzero/,Enabled,Enabled,Enabled,Geo SF Repair | Exact
SZ_Search_BayArea_Full_PRO,Geo SF Repair,sub zero not cooling repair in san francisco,Phrase,38.00,https://appliancepros.netlify.app/subzero/,Enabled,Enabled,Enabled,Geo SF Repair | Phrase
SZ_Search_BayArea_Full_PRO,Geo SJ Repair,sub zero not cooling repair in san jose,Exact,38.00,https://appliancepros.netlify.app/subzero/,Enabled,Enabled,Enabled,Geo SJ Repair | Exact
SZ_Search_BayArea_Full_PRO,Geo SJ Repair,sub zero not cooling repair in san jose,Phrase,38.00,https://appliancepros.netlify.app/subzero/,Enabled,Enabled,Enabled,Geo SJ Repair | Phrase
SZ_Search_BayArea_Full_PRO,Geo SanMateo Repair,sub zero not cooling repair in san mateo,Exact,38.00,https://appliancepros.netlify.app/subzero/,Enabled,Enabled,Enabled,Geo SanMateo Repair | Exact
SZ_Search_BayArea_Full_PRO,Geo SanMateo Repair,sub zero not cooling repair in san mateo,Phrase,38.00,https://appliancepros.netlify.app/subzero/,Enabled,Enabled,Enabled,Geo SanMateo Repair | Phrase
SZ_Search_BayArea_Full_PRO,Geo SantaClara Repair,sub zero not cooling repair in santa clara,Exact,38.00,https://appliancepros.netlify.app/subzero/,Enabled,Enabled,Enabled,Geo SantaClara Repair | Exact
SZ_Search_BayArea_Full_PRO,Geo SantaClara Repair,sub zero not cooling repair in santa clara,Phrase,38.00,https://appliancepros.netlify.app/subzero/,Enabled,Enabled,Enabled,Geo SantaClara Repair | Phrase
SZ_Search_BayArea_Full_PRO,Geo Sunnyvale Repair,sub zero not cooling repair in sunnyvale,Exact,38.00,https://appliancepros.netlify.app/subzero/,Enabled,Enabled,Enabled,Geo Sunnyvale Repair | Exact
SZ_Search_BayArea_Full_PRO,Geo Sunnyvale Repair,sub zero not cooling repair in sunnyvale,Phrase,38.00,https://appliancepros.netlify.app/subzero/,Enabled,Enabled,Enabled,Geo Sunnyvale Repair | Phrase
SZ_Search_BayArea_Full_PRO,Geo WalnutCrk Repair,sub zero not cooling repair in walnut creek,Exact,38.00,https://appliancepros.netlify.app/subzero/,Enabled,Enabled,Enabled,Geo WalnutCrk Repair | Exact
SZ_Search_BayArea_Full_PRO,Geo WalnutCrk Repair,sub zero not cooling repair in walnut creek,Phrase,38.00,https://appliancepros.netlify.app/subzero/,Enabled,Enabled,Enabled,Geo WalnutCrk Repair | Phrase
SZ_Search_BayArea_Full_PRO,Freezer Not Freezing,sub zero not freezing,Exact,39.00,https://appliancepros.netlify.app/subzero/,Enabled,Enabled,Enabled,Freezer Not Freezing | Exact
SZ_Search_BayArea_Full_PRO,Freezer Not Freezing,sub zero not freezing,Phrase,39.00,https://appliancepros.netlify.app/subzero/,Enabled,Enabled,Enabled,Freezer Not Freezing | Phrase
SZ_Search_BayArea_Full_PRO,Fridge Not Cooling,sub zero not getting cold,Exact,39.00,https://appliancepros.netlify.app/subzero/,Enabled,Enabled,Enabled,Fridge Not Cooling | Exact
SZ_Search_BayArea_Full_PRO,Fridge Not Cooling,sub zero not getting cold,Phrase,39.00,https://appliancepros.netlify.app/subzero/,Enabled,Enabled,Enabled,Fridge Not Cooling | Phrase
SZ_Search_BayArea_Full_PRO,Ice Not Making,sub zero not making ice,Exact,39.00,https://appliancepros.netlify.app/subzero/,Enabled,Enabled,Enabled,Ice Not Making | Exact
SZ_Search_BayArea_Full_PRO,Ice Not Making,sub zero not making ice,Phrase,39.00,https://appliancepros.netlify.app/subzero/,Enabled,Enabled,Enabled,Ice Not Making | Phrase
SZ_Search_BayArea_Full_PRO,Ice Not Making,sub zero not making ice after filter change,Exact,39.00,https://appliancepros.netlify.app/subzero/,Enabled,Enabled,Enabled,Ice Not Making | Exact
SZ_Search_BayArea_Full_PRO,Ice Not Making,sub zero not making ice after filter change,Phrase,39.00,https://appliancepros.netlify.app/subzero/,Enabled,Enabled,Enabled,Ice Not Making | Phrase
SZ_Search_BayArea_Full_PRO,Refrigerator Repair Core,sub zero not working after power outage,Exact,35.00,https://appliancepros.netlify.app/subzero/,Enabled,Enabled,Enabled,Refrigerator Repair Core | Exact
SZ_Search_BayArea_Full_PRO,Refrigerator Repair Core,sub zero not working after power outage,Phrase,35.00,https://appliancepros.netlify.app/subzero/,Enabled,Enabled,Enabled,Refrigerator Repair Core | Phrase
SZ_Search_BayArea_Full_PRO,Ice Maker Not Working,sub zero performance ice maker not working,Exact,39.00,https://appliancepros.netlify.app/subzero/,Enabled,Enabled,Enabled,Ice Maker Not Working | Exact
SZ_Search_BayArea_Full_PRO,Ice Maker Not Working,sub zero performance ice maker not working,Phrase,39.00,https://appliancepros.netlify.app/subzero/,Enabled,Enabled,Enabled,Ice Maker Not Working | Phrase
SZ_Search_BayArea_Full_PRO,Ice Maker Not Working,sub zero performance refrigerator ice maker not working,Exact,39.00,https://appliancepros.netlify.app/subzero/,Enabled,Enabled,Enabled,Ice Maker Not Working | Exact
SZ_Search_BayArea_Full_PRO,Ice Maker Not Working,sub zero performance refrigerator ice maker not working,Phrase,39.00,https://appliancepros.netlify.app/subzero/,Enabled,Enabled,Enabled,Ice Maker Not Working | Phrase
SZ_Search_BayArea_Full_PRO,Refrigerator Repair Core,sub zero problems refrigerator,Exact,35.00,https://appliancepros.netlify.app/subzero/,Enabled,Enabled,Enabled,Refrigerator Repair Core | Exact
SZ_Search_BayArea_Full_PRO,Refrigerator Repair Core,sub zero problems refrigerator,Phrase,35.00,https://appliancepros.netlify.app/subzero/,Enabled,Enabled,Enabled,Refrigerator Repair Core | Phrase
SZ_Search_BayArea_Full_PRO,Refrigerator Repair Core,sub zero qualified repair service specialists,Exact,35.00,https://appliancepros.netlify.app/subzero/,Enabled,Enabled,Enabled,Refrigerator Repair Core | Exact
SZ_Search_BayArea_Full_PRO,Refrigerator Repair Core,sub zero qualified repair service specialists,Phrase,35.00,https://appliancepros.netlify.app/subzero/,Enabled,Enabled,Enabled,Refrigerator Repair Core | Phrase
SZ_Search_BayArea_Full_PRO,Fridge Not Cooling,sub zero refridgerator not cooling,Exact,39.00,https://appliancepros.netlify.app/subzero/,Enabled,Enabled,Enabled,Fridge Not Cooling | Exact
SZ_Search_BayArea_Full_PRO,Fridge Not Cooling,sub zero refridgerator not cooling,Phrase,39.00,https://appliancepros.netlify.app/subzero/,Enabled,Enabled,Enabled,Fridge Not Cooling | Phrase
SZ_Search_BayArea_Full_PRO,Refrigerator Repair Core,sub zero refrigeration repair,Exact,35.00,https://appliancepros.netlify.app/subzero/,Enabled,Enabled,Enabled,Refrigerator Repair Core | Exact
SZ_Search_BayArea_Full_PRO,Refrigerator Repair Core,sub zero refrigeration repair,Phrase,35.00,https://appliancepros.netlify.app/subzero/,Enabled,Enabled,Enabled,Refrigerator Repair Core | Phrase
SZ_Search_BayArea_Full_PRO,Refrigerator Repair Core,sub zero refrigeration repairs,Exact,35.00,https://appliancepros.netlify.app/subzero/,Enabled,Enabled,Enabled,Refrigerator Repair Core | Exact
SZ_Search_BayArea_Full_PRO,Refrigerator Repair Core,sub zero refrigeration repairs,Phrase,35.00,https://appliancepros.netlify.app/subzero/,Enabled,Enabled,Enabled,Refrigerator Repair Core | Phrase
SZ_Search_BayArea_Full_PRO,Door Ajar Beeping,sub zero refrigerator alarm keeps beeping,Exact,35.00,https://appliancepros.netlify.app/subzero/,Enabled,Enabled,Enabled,Door Ajar Beeping | Exact
SZ_Search_BayArea_Full_PRO,Door Ajar Beeping,sub zero refrigerator alarm keeps beeping,Phrase,35.00,https://appliancepros.netlify.app/subzero/,Enabled,Enabled,Enabled,Door Ajar Beeping | Phrase
SZ_Search_BayArea_Full_PRO,Fridge Not Cooling,sub zero refrigerator and freezer not cooling,Exact,39.00,https://appliancepros.netlify.app/subzero/,Enabled,Enabled,Enabled,Fridge Not Cooling | Exact
SZ_Search_BayArea_Full_PRO,Fridge Not Cooling,sub zero refrigerator and freezer not cooling,Phrase,39.00,https://appliancepros.netlify.app/subzero/,Enabled,Enabled,Enabled,Fridge Not Cooling | Phrase
SZ_Search_BayArea_Full_PRO,Door Ajar Beeping,sub zero refrigerator beeping,Exact,35.00,https://appliancepros.netlify.app/subzero/,Enabled,Enabled,Enabled,Door Ajar Beeping | Exact
SZ_Search_BayArea_Full_PRO,Door Ajar Beeping,sub zero refrigerator beeping,Phrase,35.00,https://appliancepros.netlify.app/subzero/,Enabled,Enabled,Enabled,Door Ajar Beeping | Phrase
SZ_Search_BayArea_Full_PRO,Ice Maker Not Working,sub zero refrigerator bottom freezer ice maker not working,Exact,39.00,https://appliancepros.netlify.app/subzero/,Enabled,Enabled,Enabled,Ice Maker Not Working | Exact
SZ_Search_BayArea_Full_PRO,Ice Maker Not Working,sub zero refrigerator bottom freezer ice maker not working,Phrase,39.00,https://appliancepros.netlify.app/subzero/,Enabled,Enabled,Enabled,Ice Maker Not Working | Phrase
SZ_Search_BayArea_Full_PRO,Freezer Not Freezing,sub zero refrigerator bottom freezer not freezing,Exact,39.00,https://appliancepros.netlify.app/subzero/,Enabled,Enabled,Enabled,Freezer Not Freezing | Exact
SZ_Search_BayArea_Full_PRO,Freezer Not Freezing,sub zero refrigerator bottom freezer not freezing,Phrase,39.00,https://appliancepros.netlify.app/subzero/,Enabled,Enabled,Enabled,Freezer Not Freezing | Phrase
SZ_Search_BayArea_Full_PRO,Fridge Not Cooling,sub zero refrigerator bottom not cooling,Exact,39.00,https://appliancepros.netlify.app/subzero/,Enabled,Enabled,Enabled,Fridge Not Cooling | Exact
SZ_Search_BayArea_Full_PRO,Fridge Not Cooling,sub zero refrigerator bottom not cooling,Phrase,39.00,https://appliancepros.netlify.app/subzero/,Enabled,Enabled,Enabled,Fridge Not Cooling | Phrase
SZ_Search_BayArea_Full_PRO,Compressor Fan Motor,sub zero refrigerator compressor not running,Exact,35.00,https://appliancepros.netlify.app/subzero/,Enabled,Enabled,Enabled,Compressor Fan Motor | Exact
SZ_Search_BayArea_Full_PRO,Compressor Fan Motor,sub zero refrigerator compressor not running,Phrase,35.00,https://appliancepros.netlify.app/subzero/,Enabled,Enabled,Enabled,Compressor Fan Motor | Phrase
SZ_Search_BayArea_Full_PRO,Compressor Fan Motor,sub zero refrigerator compressor running but not cooling,Exact,35.00,https://appliancepros.netlify.app/subzero/,Enabled,Enabled,Enabled,Compressor Fan Motor | Exact
SZ_Search_BayArea_Full_PRO,Compressor Fan Motor,sub zero refrigerator compressor running but not cooling,Phrase,35.00,https://appliancepros.netlify.app/subzero/,Enabled,Enabled,Enabled,Compressor Fan Motor | Phrase
SZ_Search_BayArea_Full_PRO,Refrigerator Repair Core,sub zero refrigerator control panel not working,Exact,35.00,https://appliancepros.netlify.app/subzero/,Enabled,Enabled,Enabled,Refrigerator Repair Core | Exact
SZ_Search_BayArea_Full_PRO,Refrigerator Repair Core,sub zero refrigerator control panel not working,Phrase,35.00,https://appliancepros.netlify.app/subzero/,Enabled,Enabled,Enabled,Refrigerator Repair Core | Phrase
SZ_Search_BayArea_Full_PRO,Refrigerator Repair Core,sub zero refrigerator cooling off,Exact,35.00,https://appliancepros.netlify.app/subzero/,Enabled,Enabled,Enabled,Refrigerator Repair Core | Exact
SZ_Search_BayArea_Full_PRO,Refrigerator Repair Core,sub zero refrigerator cooling off,Phrase,35.00,https://appliancepros.netlify.app/subzero/,Enabled,Enabled,Enabled,Refrigerator Repair Core | Phrase
SZ_Search_BayArea_Full_PRO,Refrigerator Repair Core,sub zero refrigerator cooling problem,Exact,35.00,https://appliancepros.netlify.app/subzero/,Enabled,Enabled,Enabled,Refrigerator Repair Core | Exact
SZ_Search_BayArea_Full_PRO,Refrigerator Repair Core,sub zero refrigerator cooling problem,Phrase,35.00,https://appliancepros.netlify.app/subzero/,Enabled,Enabled,Enabled,Refrigerator Repair Core | Phrase
SZ_Search_BayArea_Full_PRO,Refrigerator Repair Core,sub zero refrigerator defrost problem,Exact,35.00,https://appliancepros.netlify.app/subzero/,Enabled,Enabled,Enabled,Refrigerator Repair Core | Exact
SZ_Search_BayArea_Full_PRO,Refrigerator Repair Core,sub zero refrigerator defrost problem,Phrase,35.00,https://appliancepros.netlify.app/subzero/,Enabled,Enabled,Enabled,Refrigerator Repair Core | Phrase
SZ_Search_BayArea_Full_PRO,Refrigerator Repair Core,sub zero refrigerator defrost problems,Exact,35.00,https://appliancepros.netlify.app/subzero/,Enabled,Enabled,Enabled,Refrigerator Repair Core | Exact
SZ_Search_BayArea_Full_PRO,Refrigerator Repair Core,sub zero refrigerator defrost problems,Phrase,35.00,https://appliancepros.netlify.app/subzero/,Enabled,Enabled,Enabled,Refrigerator Repair Core | Phrase
SZ_Search_BayArea_Full_PRO,Refrigerator Repair Core,sub zero refrigerator display not working,Exact,35.00,https://appliancepros.netlify.app/subzero/,Enabled,Enabled,Enabled,Refrigerator Repair Core | Exact
SZ_Search_BayArea_Full_PRO,Refrigerator Repair Core,sub zero refrigerator display not working,Phrase,35.00,https://appliancepros.netlify.app/subzero/,Enabled,Enabled,Enabled,Refrigerator Repair Core | Phrase
SZ_Search_BayArea_Full_PRO,Refrigerator Repair Core,sub zero refrigerator display problems,Exact,35.00,https://appliancepros.netlify.app/subzero/,Enabled,Enabled,Enabled,Refrigerator Repair Core | Exact
SZ_Search_BayArea_Full_PRO,Refrigerator Repair Core,sub zero refrigerator display problems,Phrase,35.00,https://appliancepros.netlify.app/subzero/,Enabled,Enabled,Enabled,Refrigerator Repair Core | Phrase
SZ_Search_BayArea_Full_PRO,Refrigerator Repair Core,sub zero refrigerator does not cool,Exact,35.00,https://appliancepros.netlify.app/subzero/,Enabled,Enabled,Enabled,Refrigerator Repair Core | Exact
SZ_Search_BayArea_Full_PRO,Refrigerator Repair Core,sub zero refrigerator does not cool,Phrase,35.00,https://appliancepros.netlify.app/subzero/,Enabled,Enabled,Enabled,Refrigerator Repair Core | Phrase
SZ_Search_BayArea_Full_PRO,Ice Not Making,sub zero refrigerator does not make ice,Exact,39.00,https://appliancepros.netlify.app/subzero/,Enabled,Enabled,Enabled,Ice Not Making | Exact
SZ_Search_BayArea_Full_PRO,Ice Not Making,sub zero refrigerator does not make ice,Phrase,39.00,https://appliancepros.netlify.app/subzero/,Enabled,Enabled,Enabled,Ice Not Making | Phrase
SZ_Search_BayArea_Full_PRO,Refrigerator Repair Core,sub zero refrigerator doesn t cool,Exact,35.00,https://appliancepros.netlify.app/subzero/,Enabled,Enabled,Enabled,Refrigerator Repair Core | Exact
SZ_Search_BayArea_Full_PRO,Refrigerator Repair Core,sub zero refrigerator doesn t cool,Phrase,35.00,https://appliancepros.netlify.app/subzero/,Enabled,Enabled,Enabled,Refrigerator Repair Core | Phrase
SZ_Search_BayArea_Full_PRO,Door Ajar Beeping,sub zero refrigerator door ajar light stays on,Exact,35.00,https://appliancepros.netlify.app/subzero/,Enabled,Enabled,Enabled,Door Ajar Beeping | Exact
SZ_Search_BayArea_Full_PRO,Door Ajar Beeping,sub zero refrigerator door ajar light stays on,Phrase,35.00,https://appliancepros.netlify.app/subzero/,Enabled,Enabled,Enabled,Door Ajar Beeping | Phrase
SZ_Search_BayArea_Full_PRO,Door Gasket Repair,sub zero refrigerator door gasket repair,Exact,35.00,https://appliancepros.netlify.app/subzero/,Enabled,Enabled,Enabled,Door Gasket Repair | Exact
SZ_Search_BayArea_Full_PRO,Door Gasket Repair,sub zero refrigerator door gasket repair,Phrase,35.00,https://appliancepros.netlify.app/subzero/,Enabled,Enabled,Enabled,Door Gasket Repair | Phrase
SZ_Search_BayArea_Full_PRO,Refrigerator Repair Core,sub zero refrigerator door handle loose,Exact,35.00,https://appliancepros.netlify.app/subzero/,Enabled,Enabled,Enabled,Refrigerator Repair Core | Exact
SZ_Search_BayArea_Full_PRO,Refrigerator Repair Core,sub zero refrigerator door handle loose,Phrase,35.00,https://appliancepros.netlify.app/subzero/,Enabled,Enabled,Enabled,Refrigerator Repair Core | Phrase
SZ_Search_BayArea_Full_PRO,Appliance Repair Core,sub zero refrigerator door hinsub zero repair,Exact,35.00,https://appliancepros.netlify.app/subzero/,Enabled,Enabled,Enabled,Appliance Repair Core | Exact
SZ_Search_BayArea_Full_PRO,Appliance Repair Core,sub zero refrigerator door hinsub zero repair,Phrase,35.00,https://appliancepros.netlify.app/subzero/,Enabled,Enabled,Enabled,Appliance Repair Core | Phrase
SZ_Search_BayArea_Full_PRO,Refrigerator Repair Core,sub zero refrigerator door not closing,Exact,35.00,https://appliancepros.netlify.app/subzero/,Enabled,Enabled,Enabled,Refrigerator Repair Core | Exact
SZ_Search_BayArea_Full_PRO,Refrigerator Repair Core,sub zero refrigerator door not closing,Phrase,35.00,https://appliancepros.netlify.app/subzero/,Enabled,Enabled,Enabled,Refrigerator Repair Core | Phrase
SZ_Search_BayArea_Full_PRO,Refrigerator Repair Core,sub zero refrigerator door not closing properly,Exact,35.00,https://appliancepros.netlify.app/subzero/,Enabled,Enabled,Enabled,Refrigerator Repair Core | Exact
SZ_Search_BayArea_Full_PRO,Refrigerator Repair Core,sub zero refrigerator door not closing properly,Phrase,35.00,https://appliancepros.netlify.app/subzero/,Enabled,Enabled,Enabled,Refrigerator Repair Core | Phrase
SZ_Search_BayArea_Full_PRO,Refrigerator Repair Core,sub zero refrigerator door problems,Exact,35.00,https://appliancepros.netlify.app/subzero/,Enabled,Enabled,Enabled,Refrigerator Repair Core | Exact
SZ_Search_BayArea_Full_PRO,Refrigerator Repair Core,sub zero refrigerator door problems,Phrase,35.00,https://appliancepros.netlify.app/subzero/,Enabled,Enabled,Enabled,Refrigerator Repair Core | Phrase
SZ_Search_BayArea_Full_PRO,Door Gasket Repair,sub zero refrigerator door seal repair,Exact,35.00,https://appliancepros.netlify.app/subzero/,Enabled,Enabled,Enabled,Door Gasket Repair | Exact
SZ_Search_BayArea_Full_PRO,Door Gasket Repair,sub zero refrigerator door seal repair,Phrase,35.00,https://appliancepros.netlify.app/subzero/,Enabled,Enabled,Enabled,Door Gasket Repair | Phrase
SZ_Search_BayArea_Full_PRO,Door Gasket Repair,sub zero refrigerator door seal service,Exact,35.00,https://appliancepros.netlify.app/subzero/,Enabled,Enabled,Enabled,Door Gasket Repair | Exact
SZ_Search_BayArea_Full_PRO,Door Gasket Repair,sub zero refrigerator door seal service,Phrase,35.00,https://appliancepros.netlify.app/subzero/,Enabled,Enabled,Enabled,Door Gasket Repair | Phrase
SZ_Search_BayArea_Full_PRO,Fridge Not Cooling,sub zero refrigerator double door not cooling,Exact,39.00,https://appliancepros.netlify.app/subzero/,Enabled,Enabled,Enabled,Fridge Not Cooling | Exact
SZ_Search_BayArea_Full_PRO,Fridge Not Cooling,sub zero refrigerator double door not cooling,Phrase,39.00,https://appliancepros.netlify.app/subzero/,Enabled,Enabled,Enabled,Fridge Not Cooling | Phrase
SZ_Search_BayArea_Full_PRO,Refrigerator Repair Core,sub zero refrigerator double door repair,Exact,35.00,https://appliancepros.netlify.app/subzero/,Enabled,Enabled,Enabled,Refrigerator Repair Core | Exact
SZ_Search_BayArea_Full_PRO,Refrigerator Repair Core,sub zero refrigerator double door repair,Phrase,35.00,https://appliancepros.netlify.app/subzero/,Enabled,Enabled,Enabled,Refrigerator Repair Core | Phrase
SZ_Search_BayArea_Full_PRO,Fridge Not Cooling,sub zero refrigerator drawers not cooling,Exact,39.00,https://appliancepros.netlify.app/subzero/,Enabled,Enabled,Enabled,Fridge Not Cooling | Exact
SZ_Search_BayArea_Full_PRO,Fridge Not Cooling,sub zero refrigerator drawers not cooling,Phrase,39.00,https://appliancepros.netlify.app/subzero/,Enabled,Enabled,Enabled,Fridge Not Cooling | Phrase
SZ_Search_BayArea_Full_PRO,Refrigerator Repair Core,sub zero refrigerator drip pan overflow,Exact,35.00,https://appliancepros.netlify.app/subzero/,Enabled,Enabled,Enabled,Refrigerator Repair Core | Exact
SZ_Search_BayArea_Full_PRO,Refrigerator Repair Core,sub zero refrigerator drip pan overflow,Phrase,35.00,https://appliancepros.netlify.app/subzero/,Enabled,Enabled,Enabled,Refrigerator Repair Core | Phrase
SZ_Search_BayArea_Full_PRO,Refrigerator Repair Core,sub zero refrigerator dripping water,Exact,35.00,https://appliancepros.netlify.app/subzero/,Enabled,Enabled,Enabled,Refrigerator Repair Core | Exact
SZ_Search_BayArea_Full_PRO,Refrigerator Repair Core,sub zero refrigerator dripping water,Phrase,35.00,https://appliancepros.netlify.app/subzero/,Enabled,Enabled,Enabled,Refrigerator Repair Core | Phrase
SZ_Search_BayArea_Full_PRO,Noise And Fan Repair,sub zero refrigerator evaporator fan not working,Exact,35.00,https://appliancepros.netlify.app/subzero/,Enabled,Enabled,Enabled,Noise And Fan Repair | Exact
SZ_Search_BayArea_Full_PRO,Noise And Fan Repair,sub zero refrigerator evaporator fan not working,Phrase,35.00,https://appliancepros.netlify.app/subzero/,Enabled,Enabled,Enabled,Noise And Fan Repair | Phrase
SZ_Search_BayArea_Full_PRO,Refrigerator Repair Core,sub zero refrigerator fan noise,Exact,35.00,https://appliancepros.netlify.app/subzero/,Enabled,Enabled,Enabled,Refrigerator Repair Core | Exact
SZ_Search_BayArea_Full_PRO,Refrigerator Repair Core,sub zero refrigerator fan noise,Phrase,35.00,https://appliancepros.netlify.app/subzero/,Enabled,Enabled,Enabled,Refrigerator Repair Core | Phrase
SZ_Search_BayArea_Full_PRO,Refrigerator Repair Core,sub zero refrigerator fan not running,Exact,35.00,https://appliancepros.netlify.app/subzero/,Enabled,Enabled,Enabled,Refrigerator Repair Core | Exact
SZ_Search_BayArea_Full_PRO,Refrigerator Repair Core,sub zero refrigerator fan not running,Phrase,35.00,https://appliancepros.netlify.app/subzero/,Enabled,Enabled,Enabled,Refrigerator Repair Core | Phrase
SZ_Search_BayArea_Full_PRO,Noise And Fan Repair,sub zero refrigerator fan not working,Exact,35.00,https://appliancepros.netlify.app/subzero/,Enabled,Enabled,Enabled,Noise And Fan Repair | Exact
SZ_Search_BayArea_Full_PRO,Noise And Fan Repair,sub zero refrigerator fan not working,Phrase,35.00,https://appliancepros.netlify.app/subzero/,Enabled,Enabled,Enabled,Noise And Fan Repair | Phrase
SZ_Search_BayArea_Full_PRO,Refrigerator Repair Core,sub zero refrigerator fix,Exact,35.00,https://appliancepros.netlify.app/subzero/,Enabled,Enabled,Enabled,Refrigerator Repair Core | Exact
SZ_Search_BayArea_Full_PRO,Refrigerator Repair Core,sub zero refrigerator fix,Phrase,35.00,https://appliancepros.netlify.app/subzero/,Enabled,Enabled,Enabled,Refrigerator Repair Core | Phrase
SZ_Search_BayArea_Full_PRO,Freezer Not Freezing,sub zero refrigerator freezer cold but not freezing,Exact,39.00,https://appliancepros.netlify.app/subzero/,Enabled,Enabled,Enabled,Freezer Not Freezing | Exact
SZ_Search_BayArea_Full_PRO,Freezer Not Freezing,sub zero refrigerator freezer cold but not freezing,Phrase,39.00,https://appliancepros.netlify.app/subzero/,Enabled,Enabled,Enabled,Freezer Not Freezing | Phrase
SZ_Search_BayArea_Full_PRO,Freezer Service Core,sub zero refrigerator freezer door broken,Exact,32.00,https://appliancepros.netlify.app/subzero/,Enabled,Enabled,Enabled,Freezer Service Core | Exact
SZ_Search_BayArea_Full_PRO,Freezer Service Core,sub zero refrigerator freezer door broken,Phrase,32.00,https://appliancepros.netlify.app/subzero/,Enabled,Enabled,Enabled,Freezer Service Core | Phrase
SZ_Search_BayArea_Full_PRO,Freezer Service Core,sub zero refrigerator freezer door handle loose,Exact,32.00,https://appliancepros.netlify.app/subzero/,Enabled,Enabled,Enabled,Freezer Service Core | Exact
SZ_Search_BayArea_Full_PRO,Freezer Service Core,sub zero refrigerator freezer door handle loose,Phrase,32.00,https://appliancepros.netlify.app/subzero/,Enabled,Enabled,Enabled,Freezer Service Core | Phrase
SZ_Search_BayArea_Full_PRO,Freezer Repair Core,sub zero refrigerator freezer drawer handle repair,Exact,35.00,https://appliancepros.netlify.app/subzero/,Enabled,Enabled,Enabled,Freezer Repair Core | Exact
SZ_Search_BayArea_Full_PRO,Freezer Repair Core,sub zero refrigerator freezer drawer handle repair,Phrase,35.00,https://appliancepros.netlify.app/subzero/,Enabled,Enabled,Enabled,Freezer Repair Core | Phrase
SZ_Search_BayArea_Full_PRO,Ice Maker Not Working,sub zero refrigerator freezer ice maker not working,Exact,39.00,https://appliancepros.netlify.app/subzero/,Enabled,Enabled,Enabled,Ice Maker Not Working | Exact
SZ_Search_BayArea_Full_PRO,Ice Maker Not Working,sub zero refrigerator freezer ice maker not working,Phrase,39.00,https://appliancepros.netlify.app/subzero/,Enabled,Enabled,Enabled,Ice Maker Not Working | Phrase
SZ_Search_BayArea_Full_PRO,Freezer Service Core,sub zero refrigerator freezer is cold but refrigerator is warm,Exact,32.00,https://appliancepros.netlify.app/subzero/,Enabled,Enabled,Enabled,Freezer Service Core | Exact
SZ_Search_BayArea_Full_PRO,Freezer Service Core,sub zero refrigerator freezer is cold but refrigerator is warm,Phrase,32.00,https://appliancepros.netlify.app/subzero/,Enabled,Enabled,Enabled,Freezer Service Core | Phrase
SZ_Search_BayArea_Full_PRO,Freezer Service Core,sub zero refrigerator freezer light not working,Exact,32.00,https://appliancepros.netlify.app/subzero/,Enabled,Enabled,Enabled,Freezer Service Core | Exact
SZ_Search_BayArea_Full_PRO,Freezer Service Core,sub zero refrigerator freezer light not working,Phrase,32.00,https://appliancepros.netlify.app/subzero/,Enabled,Enabled,Enabled,Freezer Service Core | Phrase
SZ_Search_BayArea_Full_PRO,Fridge Not Cooling,sub zero refrigerator freezer not cold,Exact,39.00,https://appliancepros.netlify.app/subzero/,Enabled,Enabled,Enabled,Fridge Not Cooling | Exact
SZ_Search_BayArea_Full_PRO,Fridge Not Cooling,sub zero refrigerator freezer not cold,Phrase,39.00,https://appliancepros.netlify.app/subzero/,Enabled,Enabled,Enabled,Fridge Not Cooling | Phrase
SZ_Search_BayArea_Full_PRO,Fridge Not Cooling,sub zero refrigerator freezer not cold enough,Exact,39.00,https://appliancepros.netlify.app/subzero/,Enabled,Enabled,Enabled,Fridge Not Cooling | Exact
SZ_Search_BayArea_Full_PRO,Fridge Not Cooling,sub zero refrigerator freezer not cold enough,Phrase,39.00,https://appliancepros.netlify.app/subzero/,Enabled,Enabled,Enabled,Fridge Not Cooling | Phrase
SZ_Search_BayArea_Full_PRO,Fridge Not Cooling,sub zero refrigerator freezer not cooling,Exact,39.00,https://appliancepros.netlify.app/subzero/,Enabled,Enabled,Enabled,Fridge Not Cooling | Exact
SZ_Search_BayArea_Full_PRO,Fridge Not Cooling,sub zero refrigerator freezer not cooling,Phrase,39.00,https://appliancepros.netlify.app/subzero/,Enabled,Enabled,Enabled,Fridge Not Cooling | Phrase
SZ_Search_BayArea_Full_PRO,Freezer Service Core,sub zero refrigerator freezer not defrosting,Exact,32.00,https://appliancepros.netlify.app/subzero/,Enabled,Enabled,Enabled,Freezer Service Core | Exact
SZ_Search_BayArea_Full_PRO,Freezer Service Core,sub zero refrigerator freezer not defrosting,Phrase,32.00,https://appliancepros.netlify.app/subzero/,Enabled,Enabled,Enabled,Freezer Service Core | Phrase
SZ_Search_BayArea_Full_PRO,Freezer Not Freezing,sub zero refrigerator freezer not freezing,Exact,39.00,https://appliancepros.netlify.app/subzero/,Enabled,Enabled,Enabled,Freezer Not Freezing | Exact
SZ_Search_BayArea_Full_PRO,Freezer Not Freezing,sub zero refrigerator freezer not freezing,Phrase,39.00,https://appliancepros.netlify.app/subzero/,Enabled,Enabled,Enabled,Freezer Not Freezing | Phrase
SZ_Search_BayArea_Full_PRO,Freezer Not Working,sub zero refrigerator freezer not working,Exact,35.00,https://appliancepros.netlify.app/subzero/,Enabled,Enabled,Enabled,Freezer Not Working | Exact
SZ_Search_BayArea_Full_PRO,Freezer Not Working,sub zero refrigerator freezer not working,Phrase,35.00,https://appliancepros.netlify.app/subzero/,Enabled,Enabled,Enabled,Freezer Not Working | Phrase
SZ_Search_BayArea_Full_PRO,Freezer Service Core,sub zero refrigerator freezer too cold,Exact,32.00,https://appliancepros.netlify.app/subzero/,Enabled,Enabled,Enabled,Freezer Service Core | Exact
SZ_Search_BayArea_Full_PRO,Freezer Service Core,sub zero refrigerator freezer too cold,Phrase,32.00,https://appliancepros.netlify.app/subzero/,Enabled,Enabled,Enabled,Freezer Service Core | Phrase
SZ_Search_BayArea_Full_PRO,Freezer Service Core,sub zero refrigerator freezer working but not fridge,Exact,32.00,https://appliancepros.netlify.app/subzero/,Enabled,Enabled,Enabled,Freezer Service Core | Exact
SZ_Search_BayArea_Full_PRO,Freezer Service Core,sub zero refrigerator freezer working but not fridge,Phrase,32.00,https://appliancepros.netlify.app/subzero/,Enabled,Enabled,Enabled,Freezer Service Core | Phrase
SZ_Search_BayArea_Full_PRO,Freezer Service Core,sub zero refrigerator freezer working fridge not,Exact,32.00,https://appliancepros.netlify.app/subzero/,Enabled,Enabled,Enabled,Freezer Service Core | Exact
SZ_Search_BayArea_Full_PRO,Freezer Service Core,sub zero refrigerator freezer working fridge not,Phrase,32.00,https://appliancepros.netlify.app/subzero/,Enabled,Enabled,Enabled,Freezer Service Core | Phrase
SZ_Search_BayArea_Full_PRO,Refrigerator Repair Core,sub zero refrigerator freezing up,Exact,35.00,https://appliancepros.netlify.app/subzero/,Enabled,Enabled,Enabled,Refrigerator Repair Core | Exact
SZ_Search_BayArea_Full_PRO,Refrigerator Repair Core,sub zero refrigerator freezing up,Phrase,35.00,https://appliancepros.netlify.app/subzero/,Enabled,Enabled,Enabled,Refrigerator Repair Core | Phrase
SZ_Search_BayArea_Full_PRO,Ice Maker Not Working,sub zero refrigerator french door ice maker not working,Exact,39.00,https://appliancepros.netlify.app/subzero/,Enabled,Enabled,Enabled,Ice Maker Not Working | Exact
SZ_Search_BayArea_Full_PRO,Ice Maker Not Working,sub zero refrigerator french door ice maker not working,Phrase,39.00,https://appliancepros.netlify.app/subzero/,Enabled,Enabled,Enabled,Ice Maker Not Working | Phrase
SZ_Search_BayArea_Full_PRO,Refrigerator Repair Core,sub zero refrigerator french door problems,Exact,35.00,https://appliancepros.netlify.app/subzero/,Enabled,Enabled,Enabled,Refrigerator Repair Core | Exact
SZ_Search_BayArea_Full_PRO,Refrigerator Repair Core,sub zero refrigerator french door problems,Phrase,35.00,https://appliancepros.netlify.app/subzero/,Enabled,Enabled,Enabled,Refrigerator Repair Core | Phrase
SZ_Search_BayArea_Full_PRO,Refrigerator Repair Core,sub zero refrigerator ice build up,Exact,35.00,https://appliancepros.netlify.app/subzero/,Enabled,Enabled,Enabled,Refrigerator Repair Core | Exact
SZ_Search_BayArea_Full_PRO,Refrigerator Repair Core,sub zero refrigerator ice build up,Phrase,35.00,https://appliancepros.netlify.app/subzero/,Enabled,Enabled,Enabled,Refrigerator Repair Core | Phrase
SZ_Search_BayArea_Full_PRO,Freezer Service Core,sub zero refrigerator ice buildup in freezer,Exact,32.00,https://appliancepros.netlify.app/subzero/,Enabled,Enabled,Enabled,Freezer Service Core | Exact
SZ_Search_BayArea_Full_PRO,Freezer Service Core,sub zero refrigerator ice buildup in freezer,Phrase,32.00,https://appliancepros.netlify.app/subzero/,Enabled,Enabled,Enabled,Freezer Service Core | Phrase
SZ_Search_BayArea_Full_PRO,Refrigerator Repair Core,sub zero refrigerator ice dispenser door repair,Exact,35.00,https://appliancepros.netlify.app/subzero/,Enabled,Enabled,Enabled,Refrigerator Repair Core | Exact
SZ_Search_BayArea_Full_PRO,Refrigerator Repair Core,sub zero refrigerator ice dispenser door repair,Phrase,35.00,https://appliancepros.netlify.app/subzero/,Enabled,Enabled,Enabled,Refrigerator Repair Core | Phrase
SZ_Search_BayArea_Full_PRO,Ice Maker Not Working,sub zero refrigerator ice dispenser not working,Exact,39.00,https://appliancepros.netlify.app/subzero/,Enabled,Enabled,Enabled,Ice Maker Not Working | Exact
SZ_Search_BayArea_Full_PRO,Ice Maker Not Working,sub zero refrigerator ice dispenser not working,Phrase,39.00,https://appliancepros.netlify.app/subzero/,Enabled,Enabled,Enabled,Ice Maker Not Working | Phrase
SZ_Search_BayArea_Full_PRO,Refrigerator Repair Core,sub zero refrigerator ice machine not working,Exact,35.00,https://appliancepros.netlify.app/subzero/,Enabled,Enabled,Enabled,Refrigerator Repair Core | Exact
SZ_Search_BayArea_Full_PRO,Refrigerator Repair Core,sub zero refrigerator ice machine not working,Phrase,35.00,https://appliancepros.netlify.app/subzero/,Enabled,Enabled,Enabled,Refrigerator Repair Core | Phrase
SZ_Search_BayArea_Full_PRO,Refrigerator Repair Core,sub zero refrigerator ice maker doesn t work,Exact,35.00,https://appliancepros.netlify.app/subzero/,Enabled,Enabled,Enabled,Refrigerator Repair Core | Exact
SZ_Search_BayArea_Full_PRO,Refrigerator Repair Core,sub zero refrigerator ice maker doesn t work,Phrase,35.00,https://appliancepros.netlify.app/subzero/,Enabled,Enabled,Enabled,Refrigerator Repair Core | Phrase
SZ_Search_BayArea_Full_PRO,Refrigerator Repair Core,sub zero refrigerator ice maker freezing up,Exact,35.00,https://appliancepros.netlify.app/subzero/,Enabled,Enabled,Enabled,Refrigerator Repair Core | Exact
SZ_Search_BayArea_Full_PRO,Refrigerator Repair Core,sub zero refrigerator ice maker freezing up,Phrase,35.00,https://appliancepros.netlify.app/subzero/,Enabled,Enabled,Enabled,Refrigerator Repair Core | Phrase
SZ_Search_BayArea_Full_PRO,Water Leak Repair,sub zero refrigerator ice maker leaking,Exact,39.00,https://appliancepros.netlify.app/subzero/,Enabled,Enabled,Enabled,Water Leak Repair | Exact
SZ_Search_BayArea_Full_PRO,Water Leak Repair,sub zero refrigerator ice maker leaking,Phrase,39.00,https://appliancepros.netlify.app/subzero/,Enabled,Enabled,Enabled,Water Leak Repair | Phrase
SZ_Search_BayArea_Full_PRO,Water Leak Repair,sub zero refrigerator ice maker leaking water,Exact,39.00,https://appliancepros.netlify.app/subzero/,Enabled,Enabled,Enabled,Water Leak Repair | Exact
SZ_Search_BayArea_Full_PRO,Water Leak Repair,sub zero refrigerator ice maker leaking water,Phrase,39.00,https://appliancepros.netlify.app/subzero/,Enabled,Enabled,Enabled,Water Leak Repair | Phrase
SZ_Search_BayArea_Full_PRO,Refrigerator Repair Core,sub zero refrigerator ice maker no water,Exact,35.00,https://appliancepros.netlify.app/subzero/,Enabled,Enabled,Enabled,Refrigerator Repair Core | Exact
SZ_Search_BayArea_Full_PRO,Refrigerator Repair Core,sub zero refrigerator ice maker no water,Phrase,35.00,https://appliancepros.netlify.app/subzero/,Enabled,Enabled,Enabled,Refrigerator Repair Core | Phrase
SZ_Search_BayArea_Full_PRO,Refrigerator Repair Core,sub zero refrigerator ice maker not dispensing,Exact,35.00,https://appliancepros.netlify.app/subzero/,Enabled,Enabled,Enabled,Refrigerator Repair Core | Exact
SZ_Search_BayArea_Full_PRO,Refrigerator Repair Core,sub zero refrigerator ice maker not dispensing,Phrase,35.00,https://appliancepros.netlify.app/subzero/,Enabled,Enabled,Enabled,Refrigerator Repair Core | Phrase
SZ_Search_BayArea_Full_PRO,Refrigerator Repair Core,sub zero refrigerator ice maker not dispensing ice,Exact,35.00,https://appliancepros.netlify.app/subzero/,Enabled,Enabled,Enabled,Refrigerator Repair Core | Exact
SZ_Search_BayArea_Full_PRO,Refrigerator Repair Core,sub zero refrigerator ice maker not dispensing ice,Phrase,35.00,https://appliancepros.netlify.app/subzero/,Enabled,Enabled,Enabled,Refrigerator Repair Core | Phrase
SZ_Search_BayArea_Full_PRO,Refrigerator Repair Core,sub zero refrigerator ice maker not dumping ice,Exact,35.00,https://appliancepros.netlify.app/subzero/,Enabled,Enabled,Enabled,Refrigerator Repair Core | Exact
SZ_Search_BayArea_Full_PRO,Refrigerator Repair Core,sub zero refrigerator ice maker not dumping ice,Phrase,35.00,https://appliancepros.netlify.app/subzero/,Enabled,Enabled,Enabled,Refrigerator Repair Core | Phrase
SZ_Search_BayArea_Full_PRO,Refrigerator Repair Core,sub zero refrigerator ice maker not getting water,Exact,35.00,https://appliancepros.netlify.app/subzero/,Enabled,Enabled,Enabled,Refrigerator Repair Core | Exact
SZ_Search_BayArea_Full_PRO,Refrigerator Repair Core,sub zero refrigerator ice maker not getting water,Phrase,35.00,https://appliancepros.netlify.app/subzero/,Enabled,Enabled,Enabled,Refrigerator Repair Core | Phrase
SZ_Search_BayArea_Full_PRO,Ice Not Making,sub zero refrigerator ice maker not making ice,Exact,39.00,https://appliancepros.netlify.app/subzero/,Enabled,Enabled,Enabled,Ice Not Making | Exact
SZ_Search_BayArea_Full_PRO,Ice Not Making,sub zero refrigerator ice maker not making ice,Phrase,39.00,https://appliancepros.netlify.app/subzero/,Enabled,Enabled,Enabled,Ice Not Making | Phrase
SZ_Search_BayArea_Full_PRO,Refrigerator Repair Core,sub zero refrigerator ice maker problems,Exact,35.00,https://appliancepros.netlify.app/subzero/,Enabled,Enabled,Enabled,Refrigerator Repair Core | Exact
SZ_Search_BayArea_Full_PRO,Refrigerator Repair Core,sub zero refrigerator ice maker problems,Phrase,35.00,https://appliancepros.netlify.app/subzero/,Enabled,Enabled,Enabled,Refrigerator Repair Core | Phrase
SZ_Search_BayArea_Full_PRO,Refrigerator Repair Core,sub zero refrigerator ice maker quit working,Exact,35.00,https://appliancepros.netlify.app/subzero/,Enabled,Enabled,Enabled,Refrigerator Repair Core | Exact
SZ_Search_BayArea_Full_PRO,Refrigerator Repair Core,sub zero refrigerator ice maker quit working,Phrase,35.00,https://appliancepros.netlify.app/subzero/,Enabled,Enabled,Enabled,Refrigerator Repair Core | Phrase
SZ_Search_BayArea_Full_PRO,Refrigerator Repair Core,sub zero refrigerator ice maker repair,Exact,35.00,https://appliancepros.netlify.app/subzero/,Enabled,Enabled,Enabled,Refrigerator Repair Core | Exact
SZ_Search_BayArea_Full_PRO,Refrigerator Repair Core,sub zero refrigerator ice maker repair,Phrase,35.00,https://appliancepros.netlify.app/subzero/,Enabled,Enabled,Enabled,Refrigerator Repair Core | Phrase
SZ_Search_BayArea_Full_PRO,Near Me Core,sub zero refrigerator ice maker repair near me,Exact,41.00,https://appliancepros.netlify.app/subzero/,Enabled,Enabled,Enabled,Near Me Core | Exact
SZ_Search_BayArea_Full_PRO,Near Me Core,sub zero refrigerator ice maker repair near me,Phrase,41.00,https://appliancepros.netlify.app/subzero/,Enabled,Enabled,Enabled,Near Me Core | Phrase
SZ_Search_BayArea_Full_PRO,Refrigerator Repair Core,sub zero refrigerator ice maker slow,Exact,35.00,https://appliancepros.netlify.app/subzero/,Enabled,Enabled,Enabled,Refrigerator Repair Core | Exact
SZ_Search_BayArea_Full_PRO,Refrigerator Repair Core,sub zero refrigerator ice maker slow,Phrase,35.00,https://appliancepros.netlify.app/subzero/,Enabled,Enabled,Enabled,Refrigerator Repair Core | Phrase
SZ_Search_BayArea_Full_PRO,Refrigerator Repair Core,sub zero refrigerator ice maker slow to make ice,Exact,35.00,https://appliancepros.netlify.app/subzero/,Enabled,Enabled,Enabled,Refrigerator Repair Core | Exact
SZ_Search_BayArea_Full_PRO,Refrigerator Repair Core,sub zero refrigerator ice maker slow to make ice,Phrase,35.00,https://appliancepros.netlify.app/subzero/,Enabled,Enabled,Enabled,Refrigerator Repair Core | Phrase
SZ_Search_BayArea_Full_PRO,Refrigerator Repair Core,sub zero refrigerator ice maker stopped making ice,Exact,35.00,https://appliancepros.netlify.app/subzero/,Enabled,Enabled,Enabled,Refrigerator Repair Core | Exact
SZ_Search_BayArea_Full_PRO,Refrigerator Repair Core,sub zero refrigerator ice maker stopped making ice,Phrase,35.00,https://appliancepros.netlify.app/subzero/,Enabled,Enabled,Enabled,Refrigerator Repair Core | Phrase
SZ_Search_BayArea_Full_PRO,Refrigerator Repair Core,sub zero refrigerator ice maker stopped working,Exact,35.00,https://appliancepros.netlify.app/subzero/,Enabled,Enabled,Enabled,Refrigerator Repair Core | Exact
SZ_Search_BayArea_Full_PRO,Refrigerator Repair Core,sub zero refrigerator ice maker stopped working,Phrase,35.00,https://appliancepros.netlify.app/subzero/,Enabled,Enabled,Enabled,Refrigerator Repair Core | Phrase
SZ_Search_BayArea_Full_PRO,Refrigerator Repair Core,sub zero refrigerator icemaker not working,Exact,35.00,https://appliancepros.netlify.app/subzero/,Enabled,Enabled,Enabled,Refrigerator Repair Core | Exact
SZ_Search_BayArea_Full_PRO,Refrigerator Repair Core,sub zero refrigerator icemaker not working,Phrase,35.00,https://appliancepros.netlify.app/subzero/,Enabled,Enabled,Enabled,Refrigerator Repair Core | Phrase
SZ_Search_BayArea_Full_PRO,Ice Maker Not Working,sub zero refrigerator in door ice maker not working,Exact,39.00,https://appliancepros.netlify.app/subzero/,Enabled,Enabled,Enabled,Ice Maker Not Working | Exact
SZ_Search_BayArea_Full_PRO,Ice Maker Not Working,sub zero refrigerator in door ice maker not working,Phrase,39.00,https://appliancepros.netlify.app/subzero/,Enabled,Enabled,Enabled,Ice Maker Not Working | Phrase
SZ_Search_BayArea_Full_PRO,Fridge Not Cooling,sub zero refrigerator is not cooling,Exact,39.00,https://appliancepros.netlify.app/subzero/,Enabled,Enabled,Enabled,Fridge Not Cooling | Exact
SZ_Search_BayArea_Full_PRO,Fridge Not Cooling,sub zero refrigerator is not cooling,Phrase,39.00,https://appliancepros.netlify.app/subzero/,Enabled,Enabled,Enabled,Fridge Not Cooling | Phrase
SZ_Search_BayArea_Full_PRO,Fridge Not Cooling,sub zero refrigerator is not cooling properly,Exact,39.00,https://appliancepros.netlify.app/subzero/,Enabled,Enabled,Enabled,Fridge Not Cooling | Exact
SZ_Search_BayArea_Full_PRO,Fridge Not Cooling,sub zero refrigerator is not cooling properly,Phrase,39.00,https://appliancepros.netlify.app/subzero/,Enabled,Enabled,Enabled,Fridge Not Cooling | Phrase
SZ_Search_BayArea_Full_PRO,Fridge Not Cooling,sub zero refrigerator is not getting cold,Exact,39.00,https://appliancepros.netlify.app/subzero/,Enabled,Enabled,Enabled,Fridge Not Cooling | Exact
SZ_Search_BayArea_Full_PRO,Fridge Not Cooling,sub zero refrigerator is not getting cold,Phrase,39.00,https://appliancepros.netlify.app/subzero/,Enabled,Enabled,Enabled,Fridge Not Cooling | Phrase
SZ_Search_BayArea_Full_PRO,Ice Not Making,sub zero refrigerator is not making ice,Exact,39.00,https://appliancepros.netlify.app/subzero/,Enabled,Enabled,Enabled,Ice Not Making | Exact
SZ_Search_BayArea_Full_PRO,Ice Not Making,sub zero refrigerator is not making ice,Phrase,39.00,https://appliancepros.netlify.app/subzero/,Enabled,Enabled,Enabled,Ice Not Making | Phrase
SZ_Search_BayArea_Full_PRO,Refrigerator Repair Core,sub zero refrigerator issues,Exact,35.00,https://appliancepros.netlify.app/subzero/,Enabled,Enabled,Enabled,Refrigerator Repair Core | Exact
SZ_Search_BayArea_Full_PRO,Refrigerator Repair Core,sub zero refrigerator issues,Phrase,35.00,https://appliancepros.netlify.app/subzero/,Enabled,Enabled,Enabled,Refrigerator Repair Core | Phrase
SZ_Search_BayArea_Full_PRO,Refrigerator Repair Core,sub zero refrigerator keeps freezing food,Exact,35.00,https://appliancepros.netlify.app/subzero/,Enabled,Enabled,Enabled,Refrigerator Repair Core | Exact
SZ_Search_BayArea_Full_PRO,Refrigerator Repair Core,sub zero refrigerator keeps freezing food,Phrase,35.00,https://appliancepros.netlify.app/subzero/,Enabled,Enabled,Enabled,Refrigerator Repair Core | Phrase
SZ_Search_BayArea_Full_PRO,Water Leak Repair,sub zero refrigerator leaking,Exact,39.00,https://appliancepros.netlify.app/subzero/,Enabled,Enabled,Enabled,Water Leak Repair | Exact
SZ_Search_BayArea_Full_PRO,Water Leak Repair,sub zero refrigerator leaking,Phrase,39.00,https://appliancepros.netlify.app/subzero/,Enabled,Enabled,Enabled,Water Leak Repair | Phrase
SZ_Search_BayArea_Full_PRO,Water Leak Repair,sub zero refrigerator leaking from bottom,Exact,39.00,https://appliancepros.netlify.app/subzero/,Enabled,Enabled,Enabled,Water Leak Repair | Exact
SZ_Search_BayArea_Full_PRO,Water Leak Repair,sub zero refrigerator leaking from bottom,Phrase,39.00,https://appliancepros.netlify.app/subzero/,Enabled,Enabled,Enabled,Water Leak Repair | Phrase
SZ_Search_BayArea_Full_PRO,Water Leak Repair,sub zero refrigerator leaking on floor,Exact,39.00,https://appliancepros.netlify.app/subzero/,Enabled,Enabled,Enabled,Water Leak Repair | Exact
SZ_Search_BayArea_Full_PRO,Water Leak Repair,sub zero refrigerator leaking on floor,Phrase,39.00,https://appliancepros.netlify.app/subzero/,Enabled,Enabled,Enabled,Water Leak Repair | Phrase
SZ_Search_BayArea_Full_PRO,Water Leak Repair,sub zero refrigerator leaking water,Exact,39.00,https://appliancepros.netlify.app/subzero/,Enabled,Enabled,Enabled,Water Leak Repair | Exact
SZ_Search_BayArea_Full_PRO,Water Leak Repair,sub zero refrigerator leaking water,Phrase,39.00,https://appliancepros.netlify.app/subzero/,Enabled,Enabled,Enabled,Water Leak Repair | Phrase
SZ_Search_BayArea_Full_PRO,Water Leak Repair,sub zero refrigerator leaking water from bottom,Exact,39.00,https://appliancepros.netlify.app/subzero/,Enabled,Enabled,Enabled,Water Leak Repair | Exact
SZ_Search_BayArea_Full_PRO,Water Leak Repair,sub zero refrigerator leaking water from bottom,Phrase,39.00,https://appliancepros.netlify.app/subzero/,Enabled,Enabled,Enabled,Water Leak Repair | Phrase
SZ_Search_BayArea_Full_PRO,Water Leak Repair,sub zero refrigerator leaking water from ice maker,Exact,39.00,https://appliancepros.netlify.app/subzero/,Enabled,Enabled,Enabled,Water Leak Repair | Exact
SZ_Search_BayArea_Full_PRO,Water Leak Repair,sub zero refrigerator leaking water from ice maker,Phrase,39.00,https://appliancepros.netlify.app/subzero/,Enabled,Enabled,Enabled,Water Leak Repair | Phrase
SZ_Search_BayArea_Full_PRO,Water Leak Repair,sub zero refrigerator leaking water from top,Exact,39.00,https://appliancepros.netlify.app/subzero/,Enabled,Enabled,Enabled,Water Leak Repair | Exact
SZ_Search_BayArea_Full_PRO,Water Leak Repair,sub zero refrigerator leaking water from top,Phrase,39.00,https://appliancepros.netlify.app/subzero/,Enabled,Enabled,Enabled,Water Leak Repair | Phrase
SZ_Search_BayArea_Full_PRO,Water Leak Repair,sub zero refrigerator leaking water on floor,Exact,39.00,https://appliancepros.netlify.app/subzero/,Enabled,Enabled,Enabled,Water Leak Repair | Exact
SZ_Search_BayArea_Full_PRO,Water Leak Repair,sub zero refrigerator leaking water on floor,Phrase,39.00,https://appliancepros.netlify.app/subzero/,Enabled,Enabled,Enabled,Water Leak Repair | Phrase
SZ_Search_BayArea_Full_PRO,Water Leak Repair,sub zero refrigerator leaking water on the floor,Exact,39.00,https://appliancepros.netlify.app/subzero/,Enabled,Enabled,Enabled,Water Leak Repair | Exact
SZ_Search_BayArea_Full_PRO,Water Leak Repair,sub zero refrigerator leaking water on the floor,Phrase,39.00,https://appliancepros.netlify.app/subzero/,Enabled,Enabled,Enabled,Water Leak Repair | Phrase
SZ_Search_BayArea_Full_PRO,Refrigerator Repair Core,sub zero refrigerator led lights not working,Exact,35.00,https://appliancepros.netlify.app/subzero/,Enabled,Enabled,Enabled,Refrigerator Repair Core | Exact
SZ_Search_BayArea_Full_PRO,Refrigerator Repair Core,sub zero refrigerator led lights not working,Phrase,35.00,https://appliancepros.netlify.app/subzero/,Enabled,Enabled,Enabled,Refrigerator Repair Core | Phrase
SZ_Search_BayArea_Full_PRO,Refrigerator Repair Core,sub zero refrigerator light bulb not working,Exact,35.00,https://appliancepros.netlify.app/subzero/,Enabled,Enabled,Enabled,Refrigerator Repair Core | Exact
SZ_Search_BayArea_Full_PRO,Refrigerator Repair Core,sub zero refrigerator light bulb not working,Phrase,35.00,https://appliancepros.netlify.app/subzero/,Enabled,Enabled,Enabled,Refrigerator Repair Core | Phrase
SZ_Search_BayArea_Full_PRO,Refrigerator Repair Core,sub zero refrigerator light not working,Exact,35.00,https://appliancepros.netlify.app/subzero/,Enabled,Enabled,Enabled,Refrigerator Repair Core | Exact
SZ_Search_BayArea_Full_PRO,Refrigerator Repair Core,sub zero refrigerator light not working,Phrase,35.00,https://appliancepros.netlify.app/subzero/,Enabled,Enabled,Enabled,Refrigerator Repair Core | Phrase
SZ_Search_BayArea_Full_PRO,Refrigerator Repair Core,sub zero refrigerator light problems,Exact,35.00,https://appliancepros.netlify.app/subzero/,Enabled,Enabled,Enabled,Refrigerator Repair Core | Exact
SZ_Search_BayArea_Full_PRO,Refrigerator Repair Core,sub zero refrigerator light problems,Phrase,35.00,https://appliancepros.netlify.app/subzero/,Enabled,Enabled,Enabled,Refrigerator Repair Core | Phrase
SZ_Search_BayArea_Full_PRO,Refrigerator Repair Core,sub zero refrigerator light wont come on,Exact,35.00,https://appliancepros.netlify.app/subzero/,Enabled,Enabled,Enabled,Refrigerator Repair Core | Exact
SZ_Search_BayArea_Full_PRO,Refrigerator Repair Core,sub zero refrigerator light wont come on,Phrase,35.00,https://appliancepros.netlify.app/subzero/,Enabled,Enabled,Enabled,Refrigerator Repair Core | Phrase
SZ_Search_BayArea_Full_PRO,Refrigerator Service Core,sub zero refrigerator maintenance,Exact,32.00,https://appliancepros.netlify.app/subzero/,Enabled,Enabled,Enabled,Refrigerator Service Core | Exact
SZ_Search_BayArea_Full_PRO,Refrigerator Service Core,sub zero refrigerator maintenance,Phrase,32.00,https://appliancepros.netlify.app/subzero/,Enabled,Enabled,Enabled,Refrigerator Service Core | Phrase
SZ_Search_BayArea_Full_PRO,Noise And Fan Repair,sub zero refrigerator making loud noise,Exact,35.00,https://appliancepros.netlify.app/subzero/,Enabled,Enabled,Enabled,Noise And Fan Repair | Exact
SZ_Search_BayArea_Full_PRO,Noise And Fan Repair,sub zero refrigerator making loud noise,Phrase,35.00,https://appliancepros.netlify.app/subzero/,Enabled,Enabled,Enabled,Noise And Fan Repair | Phrase
SZ_Search_BayArea_Full_PRO,Near Me Core,sub zero refrigerator mechanic near me,Exact,41.00,https://appliancepros.netlify.app/subzero/,Enabled,Enabled,Enabled,Near Me Core | Exact
SZ_Search_BayArea_Full_PRO,Near Me Core,sub zero refrigerator mechanic near me,Phrase,41.00,https://appliancepros.netlify.app/subzero/,Enabled,Enabled,Enabled,Near Me Core | Phrase
SZ_Search_BayArea_Full_PRO,Refrigerator Repair Core,sub zero refrigerator mullion repair,Exact,35.00,https://appliancepros.netlify.app/subzero/,Enabled,Enabled,Enabled,Refrigerator Repair Core | Exact
SZ_Search_BayArea_Full_PRO,Refrigerator Repair Core,sub zero refrigerator mullion repair,Phrase,35.00,https://appliancepros.netlify.app/subzero/,Enabled,Enabled,Enabled,Refrigerator Repair Core | Phrase
SZ_Search_BayArea_Full_PRO,Ice Not Making,sub zero refrigerator no ice,Exact,39.00,https://appliancepros.netlify.app/subzero/,Enabled,Enabled,Enabled,Ice Not Making | Exact
SZ_Search_BayArea_Full_PRO,Ice Not Making,sub zero refrigerator no ice,Phrase,39.00,https://appliancepros.netlify.app/subzero/,Enabled,Enabled,Enabled,Ice Not Making | Phrase
SZ_Search_BayArea_Full_PRO,Refrigerator Repair Core,sub zero refrigerator no power,Exact,35.00,https://appliancepros.netlify.app/subzero/,Enabled,Enabled,Enabled,Refrigerator Repair Core | Exact
SZ_Search_BayArea_Full_PRO,Refrigerator Repair Core,sub zero refrigerator no power,Phrase,35.00,https://appliancepros.netlify.app/subzero/,Enabled,Enabled,Enabled,Refrigerator Repair Core | Phrase
SZ_Search_BayArea_Full_PRO,Refrigerator Repair Core,sub zero refrigerator noise problem,Exact,35.00,https://appliancepros.netlify.app/subzero/,Enabled,Enabled,Enabled,Refrigerator Repair Core | Exact
SZ_Search_BayArea_Full_PRO,Refrigerator Repair Core,sub zero refrigerator noise problem,Phrase,35.00,https://appliancepros.netlify.app/subzero/,Enabled,Enabled,Enabled,Refrigerator Repair Core | Phrase
SZ_Search_BayArea_Full_PRO,Refrigerator Repair Core,sub zero refrigerator noise problems,Exact,35.00,https://appliancepros.netlify.app/subzero/,Enabled,Enabled,Enabled,Refrigerator Repair Core | Exact
SZ_Search_BayArea_Full_PRO,Refrigerator Repair Core,sub zero refrigerator noise problems,Phrase,35.00,https://appliancepros.netlify.app/subzero/,Enabled,Enabled,Enabled,Refrigerator Repair Core | Phrase
SZ_Search_BayArea_Full_PRO,Refrigerator Repair Core,sub zero refrigerator not,Exact,35.00,https://appliancepros.netlify.app/subzero/,Enabled,Enabled,Enabled,Refrigerator Repair Core | Exact
SZ_Search_BayArea_Full_PRO,Refrigerator Repair Core,sub zero refrigerator not,Phrase,35.00,https://appliancepros.netlify.app/subzero/,Enabled,Enabled,Enabled,Refrigerator Repair Core | Phrase
SZ_Search_BayArea_Full_PRO,Refrigerator Repair Core,sub zero refrigerator not blowing cold air,Exact,35.00,https://appliancepros.netlify.app/subzero/,Enabled,Enabled,Enabled,Refrigerator Repair Core | Exact
SZ_Search_BayArea_Full_PRO,Refrigerator Repair Core,sub zero refrigerator not blowing cold air,Phrase,35.00,https://appliancepros.netlify.app/subzero/,Enabled,Enabled,Enabled,Refrigerator Repair Core | Phrase
SZ_Search_BayArea_Full_PRO,Fridge Not Cooling,sub zero refrigerator not cold,Exact,39.00,https://appliancepros.netlify.app/subzero/,Enabled,Enabled,Enabled,Fridge Not Cooling | Exact
SZ_Search_BayArea_Full_PRO,Fridge Not Cooling,sub zero refrigerator not cold,Phrase,39.00,https://appliancepros.netlify.app/subzero/,Enabled,Enabled,Enabled,Fridge Not Cooling | Phrase
SZ_Search_BayArea_Full_PRO,Fridge Not Cooling,sub zero refrigerator not cold but freezer is,Exact,39.00,https://appliancepros.netlify.app/subzero/,Enabled,Enabled,Enabled,Fridge Not Cooling | Exact
SZ_Search_BayArea_Full_PRO,Fridge Not Cooling,sub zero refrigerator not cold but freezer is,Phrase,39.00,https://appliancepros.netlify.app/subzero/,Enabled,Enabled,Enabled,Fridge Not Cooling | Phrase
SZ_Search_BayArea_Full_PRO,Fridge Not Cooling,sub zero refrigerator not cold enough,Exact,39.00,https://appliancepros.netlify.app/subzero/,Enabled,Enabled,Enabled,Fridge Not Cooling | Exact
SZ_Search_BayArea_Full_PRO,Fridge Not Cooling,sub zero refrigerator not cold enough,Phrase,39.00,https://appliancepros.netlify.app/subzero/,Enabled,Enabled,Enabled,Fridge Not Cooling | Phrase
SZ_Search_BayArea_Full_PRO,Fridge Not Cooling,sub zero refrigerator not cold freezer working,Exact,39.00,https://appliancepros.netlify.app/subzero/,Enabled,Enabled,Enabled,Fridge Not Cooling | Exact
SZ_Search_BayArea_Full_PRO,Fridge Not Cooling,sub zero refrigerator not cold freezer working,Phrase,39.00,https://appliancepros.netlify.app/subzero/,Enabled,Enabled,Enabled,Fridge Not Cooling | Phrase
SZ_Search_BayArea_Full_PRO,Fridge Not Cooling,sub zero refrigerator not cooling,Exact,39.00,https://appliancepros.netlify.app/subzero/,Enabled,Enabled,Enabled,Fridge Not Cooling | Exact
SZ_Search_BayArea_Full_PRO,Fridge Not Cooling,sub zero refrigerator not cooling,Phrase,39.00,https://appliancepros.netlify.app/subzero/,Enabled,Enabled,Enabled,Fridge Not Cooling | Phrase
SZ_Search_BayArea_Full_PRO,Fridge Not Cooling,sub zero refrigerator not cooling after power outage,Exact,39.00,https://appliancepros.netlify.app/subzero/,Enabled,Enabled,Enabled,Fridge Not Cooling | Exact
SZ_Search_BayArea_Full_PRO,Fridge Not Cooling,sub zero refrigerator not cooling after power outage,Phrase,39.00,https://appliancepros.netlify.app/subzero/,Enabled,Enabled,Enabled,Fridge Not Cooling | Phrase
SZ_Search_BayArea_Full_PRO,Door Ajar Beeping,sub zero refrigerator not cooling beeping,Exact,35.00,https://appliancepros.netlify.app/subzero/,Enabled,Enabled,Enabled,Door Ajar Beeping | Exact
SZ_Search_BayArea_Full_PRO,Door Ajar Beeping,sub zero refrigerator not cooling beeping,Phrase,35.00,https://appliancepros.netlify.app/subzero/,Enabled,Enabled,Enabled,Door Ajar Beeping | Phrase
SZ_Search_BayArea_Full_PRO,Fridge Not Cooling,sub zero refrigerator not cooling but bottom freezer is working,Exact,39.00,https://appliancepros.netlify.app/subzero/,Enabled,Enabled,Enabled,Fridge Not Cooling | Exact
SZ_Search_BayArea_Full_PRO,Fridge Not Cooling,sub zero refrigerator not cooling but bottom freezer is working,Phrase,39.00,https://appliancepros.netlify.app/subzero/,Enabled,Enabled,Enabled,Fridge Not Cooling | Phrase
SZ_Search_BayArea_Full_PRO,Fridge Not Cooling,sub zero refrigerator not cooling but freezer is fine,Exact,39.00,https://appliancepros.netlify.app/subzero/,Enabled,Enabled,Enabled,Fridge Not Cooling | Exact
SZ_Search_BayArea_Full_PRO,Fridge Not Cooling,sub zero refrigerator not cooling but freezer is fine,Phrase,39.00,https://appliancepros.netlify.app/subzero/,Enabled,Enabled,Enabled,Fridge Not Cooling | Phrase
SZ_Search_BayArea_Full_PRO,Fridge Not Cooling,sub zero refrigerator not cooling but freezer is working,Exact,39.00,https://appliancepros.netlify.app/subzero/,Enabled,Enabled,Enabled,Fridge Not Cooling | Exact
SZ_Search_BayArea_Full_PRO,Fridge Not Cooling,sub zero refrigerator not cooling but freezer is working,Phrase,39.00,https://appliancepros.netlify.app/subzero/,Enabled,Enabled,Enabled,Fridge Not Cooling | Phrase
SZ_Search_BayArea_Full_PRO,Fridge Warm Freezer Cold,sub zero refrigerator not cooling but freezer works,Exact,35.00,https://appliancepros.netlify.app/subzero/,Enabled,Enabled,Enabled,Fridge Warm Freezer Cold | Exact
SZ_Search_BayArea_Full_PRO,Fridge Warm Freezer Cold,sub zero refrigerator not cooling but freezer works,Phrase,35.00,https://appliancepros.netlify.app/subzero/,Enabled,Enabled,Enabled,Fridge Warm Freezer Cold | Phrase
SZ_Search_BayArea_Full_PRO,Fridge Not Cooling,sub zero refrigerator not cooling enough,Exact,39.00,https://appliancepros.netlify.app/subzero/,Enabled,Enabled,Enabled,Fridge Not Cooling | Exact
SZ_Search_BayArea_Full_PRO,Fridge Not Cooling,sub zero refrigerator not cooling enough,Phrase,39.00,https://appliancepros.netlify.app/subzero/,Enabled,Enabled,Enabled,Fridge Not Cooling | Phrase
SZ_Search_BayArea_Full_PRO,Fridge Not Cooling,sub zero refrigerator not cooling freezer working,Exact,39.00,https://appliancepros.netlify.app/subzero/,Enabled,Enabled,Enabled,Fridge Not Cooling | Exact
SZ_Search_BayArea_Full_PRO,Fridge Not Cooling,sub zero refrigerator not cooling freezer working,Phrase,39.00,https://appliancepros.netlify.app/subzero/,Enabled,Enabled,Enabled,Fridge Not Cooling | Phrase
SZ_Search_BayArea_Full_PRO,Fridge Not Cooling,sub zero refrigerator not cooling or freezing,Exact,39.00,https://appliancepros.netlify.app/subzero/,Enabled,Enabled,Enabled,Fridge Not Cooling | Exact
SZ_Search_BayArea_Full_PRO,Fridge Not Cooling,sub zero refrigerator not cooling or freezing,Phrase,39.00,https://appliancepros.netlify.app/subzero/,Enabled,Enabled,Enabled,Fridge Not Cooling | Phrase
SZ_Search_BayArea_Full_PRO,Fridge Not Cooling,sub zero refrigerator not cooling properly,Exact,39.00,https://appliancepros.netlify.app/subzero/,Enabled,Enabled,Enabled,Fridge Not Cooling | Exact
SZ_Search_BayArea_Full_PRO,Fridge Not Cooling,sub zero refrigerator not cooling properly,Phrase,39.00,https://appliancepros.netlify.app/subzero/,Enabled,Enabled,Enabled,Fridge Not Cooling | Phrase
SZ_Search_BayArea_Full_PRO,Refrigerator Repair Core,sub zero refrigerator not defrosting,Exact,35.00,https://appliancepros.netlify.app/subzero/,Enabled,Enabled,Enabled,Refrigerator Repair Core | Exact
SZ_Search_BayArea_Full_PRO,Refrigerator Repair Core,sub zero refrigerator not defrosting,Phrase,35.00,https://appliancepros.netlify.app/subzero/,Enabled,Enabled,Enabled,Refrigerator Repair Core | Phrase
SZ_Search_BayArea_Full_PRO,Freezer Not Freezing,sub zero refrigerator not freezing,Exact,39.00,https://appliancepros.netlify.app/subzero/,Enabled,Enabled,Enabled,Freezer Not Freezing | Exact
SZ_Search_BayArea_Full_PRO,Freezer Not Freezing,sub zero refrigerator not freezing,Phrase,39.00,https://appliancepros.netlify.app/subzero/,Enabled,Enabled,Enabled,Freezer Not Freezing | Phrase
SZ_Search_BayArea_Full_PRO,Fridge Not Cooling,sub zero refrigerator not getting cold,Exact,39.00,https://appliancepros.netlify.app/subzero/,Enabled,Enabled,Enabled,Fridge Not Cooling | Exact
SZ_Search_BayArea_Full_PRO,Fridge Not Cooling,sub zero refrigerator not getting cold,Phrase,39.00,https://appliancepros.netlify.app/subzero/,Enabled,Enabled,Enabled,Fridge Not Cooling | Phrase
SZ_Search_BayArea_Full_PRO,Fridge Not Cooling,sub zero refrigerator not getting cold enough,Exact,39.00,https://appliancepros.netlify.app/subzero/,Enabled,Enabled,Enabled,Fridge Not Cooling | Exact
SZ_Search_BayArea_Full_PRO,Fridge Not Cooling,sub zero refrigerator not getting cold enough,Phrase,39.00,https://appliancepros.netlify.app/subzero/,Enabled,Enabled,Enabled,Fridge Not Cooling | Phrase
SZ_Search_BayArea_Full_PRO,Refrigerator Repair Core,sub zero refrigerator not getting water to ice maker,Exact,35.00,https://appliancepros.netlify.app/subzero/,Enabled,Enabled,Enabled,Refrigerator Repair Core | Exact
SZ_Search_BayArea_Full_PRO,Refrigerator Repair Core,sub zero refrigerator not getting water to ice maker,Phrase,35.00,https://appliancepros.netlify.app/subzero/,Enabled,Enabled,Enabled,Refrigerator Repair Core | Phrase
SZ_Search_BayArea_Full_PRO,Ice Not Making,sub zero refrigerator not making ice,Exact,39.00,https://appliancepros.netlify.app/subzero/,Enabled,Enabled,Enabled,Ice Not Making | Exact
SZ_Search_BayArea_Full_PRO,Ice Not Making,sub zero refrigerator not making ice,Phrase,39.00,https://appliancepros.netlify.app/subzero/,Enabled,Enabled,Enabled,Ice Not Making | Phrase
SZ_Search_BayArea_Full_PRO,Ice Not Making,sub zero refrigerator not making ice but water works,Exact,39.00,https://appliancepros.netlify.app/subzero/,Enabled,Enabled,Enabled,Ice Not Making | Exact
SZ_Search_BayArea_Full_PRO,Ice Not Making,sub zero refrigerator not making ice but water works,Phrase,39.00,https://appliancepros.netlify.app/subzero/,Enabled,Enabled,Enabled,Ice Not Making | Phrase
SZ_Search_BayArea_Full_PRO,Ice Not Making,sub zero refrigerator not making ice or water,Exact,39.00,https://appliancepros.netlify.app/subzero/,Enabled,Enabled,Enabled,Ice Not Making | Exact
SZ_Search_BayArea_Full_PRO,Ice Not Making,sub zero refrigerator not making ice or water,Phrase,39.00,https://appliancepros.netlify.app/subzero/,Enabled,Enabled,Enabled,Ice Not Making | Phrase
SZ_Search_BayArea_Full_PRO,Refrigerator Not Working,sub zero refrigerator not working but freezer is,Exact,35.00,https://appliancepros.netlify.app/subzero/,Enabled,Enabled,Enabled,Refrigerator Not Working | Exact
SZ_Search_BayArea_Full_PRO,Refrigerator Not Working,sub zero refrigerator not working but freezer is,Phrase,35.00,https://appliancepros.netlify.app/subzero/,Enabled,Enabled,Enabled,Refrigerator Not Working | Phrase
SZ_Search_BayArea_Full_PRO,Refrigerator Repair Core,sub zero refrigerator open door assist not working,Exact,35.00,https://appliancepros.netlify.app/subzero/,Enabled,Enabled,Enabled,Refrigerator Repair Core | Exact
SZ_Search_BayArea_Full_PRO,Refrigerator Repair Core,sub zero refrigerator open door assist not working,Phrase,35.00,https://appliancepros.netlify.app/subzero/,Enabled,Enabled,Enabled,Refrigerator Repair Core | Phrase
SZ_Search_BayArea_Full_PRO,Refrigerator Repair Core,sub zero refrigerator panel not working,Exact,35.00,https://appliancepros.netlify.app/subzero/,Enabled,Enabled,Enabled,Refrigerator Repair Core | Exact
SZ_Search_BayArea_Full_PRO,Refrigerator Repair Core,sub zero refrigerator panel not working,Phrase,35.00,https://appliancepros.netlify.app/subzero/,Enabled,Enabled,Enabled,Refrigerator Repair Core | Phrase
SZ_Search_BayArea_Full_PRO,Refrigerator Repair Core,sub zero refrigerator problems temperature,Exact,35.00,https://appliancepros.netlify.app/subzero/,Enabled,Enabled,Enabled,Refrigerator Repair Core | Exact
SZ_Search_BayArea_Full_PRO,Refrigerator Repair Core,sub zero refrigerator problems temperature,Phrase,35.00,https://appliancepros.netlify.app/subzero/,Enabled,Enabled,Enabled,Refrigerator Repair Core | Phrase
SZ_Search_BayArea_Full_PRO,Refrigerator Repair Core,sub zero refrigerator repair,Exact,35.00,https://appliancepros.netlify.app/subzero/,Enabled,Enabled,Enabled,Refrigerator Repair Core | Exact
SZ_Search_BayArea_Full_PRO,Refrigerator Repair Core,sub zero refrigerator repair,Phrase,35.00,https://appliancepros.netlify.app/subzero/,Enabled,Enabled,Enabled,Refrigerator Repair Core | Phrase
SZ_Search_BayArea_Full_PRO,Refrigerator Repair Core,sub zero refrigerator repair help,Exact,35.00,https://appliancepros.netlify.app/subzero/,Enabled,Enabled,Enabled,Refrigerator Repair Core | Exact
SZ_Search_BayArea_Full_PRO,Refrigerator Repair Core,sub zero refrigerator repair help,Phrase,35.00,https://appliancepros.netlify.app/subzero/,Enabled,Enabled,Enabled,Refrigerator Repair Core | Phrase
SZ_Search_BayArea_Full_PRO,Refrigerator Repair Core,sub zero refrigerator repair ice maker,Exact,35.00,https://appliancepros.netlify.app/subzero/,Enabled,Enabled,Enabled,Refrigerator Repair Core | Exact
SZ_Search_BayArea_Full_PRO,Refrigerator Repair Core,sub zero refrigerator repair ice maker,Phrase,35.00,https://appliancepros.netlify.app/subzero/,Enabled,Enabled,Enabled,Refrigerator Repair Core | Phrase
SZ_Search_BayArea_Full_PRO,Geo Alameda Repair,sub zero refrigerator repair in alameda,Exact,38.00,https://appliancepros.netlify.app/subzero/,Enabled,Enabled,Enabled,Geo Alameda Repair | Exact
SZ_Search_BayArea_Full_PRO,Geo Alameda Repair,sub zero refrigerator repair in alameda,Phrase,38.00,https://appliancepros.netlify.app/subzero/,Enabled,Enabled,Enabled,Geo Alameda Repair | Phrase
SZ_Search_BayArea_Full_PRO,Geo Belmont Repair,sub zero refrigerator repair in belmont,Exact,38.00,https://appliancepros.netlify.app/subzero/,Enabled,Enabled,Enabled,Geo Belmont Repair | Exact
SZ_Search_BayArea_Full_PRO,Geo Belmont Repair,sub zero refrigerator repair in belmont,Phrase,38.00,https://appliancepros.netlify.app/subzero/,Enabled,Enabled,Enabled,Geo Belmont Repair | Phrase
SZ_Search_BayArea_Full_PRO,Geo Berkeley Repair,sub zero refrigerator repair in berkeley,Exact,38.00,https://appliancepros.netlify.app/subzero/,Enabled,Enabled,Enabled,Geo Berkeley Repair | Exact
SZ_Search_BayArea_Full_PRO,Geo Berkeley Repair,sub zero refrigerator repair in berkeley,Phrase,38.00,https://appliancepros.netlify.app/subzero/,Enabled,Enabled,Enabled,Geo Berkeley Repair | Phrase
SZ_Search_BayArea_Full_PRO,Geo Burlingame Repair,sub zero refrigerator repair in burlingame,Exact,38.00,https://appliancepros.netlify.app/subzero/,Enabled,Enabled,Enabled,Geo Burlingame Repair | Exact
SZ_Search_BayArea_Full_PRO,Geo Burlingame Repair,sub zero refrigerator repair in burlingame,Phrase,38.00,https://appliancepros.netlify.app/subzero/,Enabled,Enabled,Enabled,Geo Burlingame Repair | Phrase
SZ_Search_BayArea_Full_PRO,Geo Campbell Repair,sub zero refrigerator repair in campbell,Exact,38.00,https://appliancepros.netlify.app/subzero/,Enabled,Enabled,Enabled,Geo Campbell Repair | Exact
SZ_Search_BayArea_Full_PRO,Geo Campbell Repair,sub zero refrigerator repair in campbell,Phrase,38.00,https://appliancepros.netlify.app/subzero/,Enabled,Enabled,Enabled,Geo Campbell Repair | Phrase
SZ_Search_BayArea_Full_PRO,Geo CastroValley Rep,sub zero refrigerator repair in castro valley,Exact,38.00,https://appliancepros.netlify.app/subzero/,Enabled,Enabled,Enabled,Geo CastroValley Rep | Exact
SZ_Search_BayArea_Full_PRO,Geo CastroValley Rep,sub zero refrigerator repair in castro valley,Phrase,38.00,https://appliancepros.netlify.app/subzero/,Enabled,Enabled,Enabled,Geo CastroValley Rep | Phrase
SZ_Search_BayArea_Full_PRO,Geo Concord Repair,sub zero refrigerator repair in concord,Exact,38.00,https://appliancepros.netlify.app/subzero/,Enabled,Enabled,Enabled,Geo Concord Repair | Exact
SZ_Search_BayArea_Full_PRO,Geo Concord Repair,sub zero refrigerator repair in concord,Phrase,38.00,https://appliancepros.netlify.app/subzero/,Enabled,Enabled,Enabled,Geo Concord Repair | Phrase
SZ_Search_BayArea_Full_PRO,Geo Cupertino Repair,sub zero refrigerator repair in cupertino,Exact,38.00,https://appliancepros.netlify.app/subzero/,Enabled,Enabled,Enabled,Geo Cupertino Repair | Exact
SZ_Search_BayArea_Full_PRO,Geo Cupertino Repair,sub zero refrigerator repair in cupertino,Phrase,38.00,https://appliancepros.netlify.app/subzero/,Enabled,Enabled,Enabled,Geo Cupertino Repair | Phrase
SZ_Search_BayArea_Full_PRO,Geo DalyCity Repair,sub zero refrigerator repair in daly city,Exact,38.00,https://appliancepros.netlify.app/subzero/,Enabled,Enabled,Enabled,Geo DalyCity Repair | Exact
SZ_Search_BayArea_Full_PRO,Geo DalyCity Repair,sub zero refrigerator repair in daly city,Phrase,38.00,https://appliancepros.netlify.app/subzero/,Enabled,Enabled,Enabled,Geo DalyCity Repair | Phrase
SZ_Search_BayArea_Full_PRO,Geo Emeryville Repair,sub zero refrigerator repair in emeryville,Exact,38.00,https://appliancepros.netlify.app/subzero/,Enabled,Enabled,Enabled,Geo Emeryville Repair | Exact
SZ_Search_BayArea_Full_PRO,Geo Emeryville Repair,sub zero refrigerator repair in emeryville,Phrase,38.00,https://appliancepros.netlify.app/subzero/,Enabled,Enabled,Enabled,Geo Emeryville Repair | Phrase
SZ_Search_BayArea_Full_PRO,Geo FosterCity Repair,sub zero refrigerator repair in foster city,Exact,38.00,https://appliancepros.netlify.app/subzero/,Enabled,Enabled,Enabled,Geo FosterCity Repair | Exact
SZ_Search_BayArea_Full_PRO,Geo FosterCity Repair,sub zero refrigerator repair in foster city,Phrase,38.00,https://appliancepros.netlify.app/subzero/,Enabled,Enabled,Enabled,Geo FosterCity Repair | Phrase
SZ_Search_BayArea_Full_PRO,Geo Fremont Repair,sub zero refrigerator repair in fremont,Exact,38.00,https://appliancepros.netlify.app/subzero/,Enabled,Enabled,Enabled,Geo Fremont Repair | Exact
SZ_Search_BayArea_Full_PRO,Geo Fremont Repair,sub zero refrigerator repair in fremont,Phrase,38.00,https://appliancepros.netlify.app/subzero/,Enabled,Enabled,Enabled,Geo Fremont Repair | Phrase
SZ_Search_BayArea_Full_PRO,Geo Hayward Repair,sub zero refrigerator repair in hayward,Exact,38.00,https://appliancepros.netlify.app/subzero/,Enabled,Enabled,Enabled,Geo Hayward Repair | Exact
SZ_Search_BayArea_Full_PRO,Geo Hayward Repair,sub zero refrigerator repair in hayward,Phrase,38.00,https://appliancepros.netlify.app/subzero/,Enabled,Enabled,Enabled,Geo Hayward Repair | Phrase
SZ_Search_BayArea_Full_PRO,Geo Livermore Repair,sub zero refrigerator repair in livermore,Exact,38.00,https://appliancepros.netlify.app/subzero/,Enabled,Enabled,Enabled,Geo Livermore Repair | Exact
SZ_Search_BayArea_Full_PRO,Geo Livermore Repair,sub zero refrigerator repair in livermore,Phrase,38.00,https://appliancepros.netlify.app/subzero/,Enabled,Enabled,Enabled,Geo Livermore Repair | Phrase
SZ_Search_BayArea_Full_PRO,Geo LosAltos Repair,sub zero refrigerator repair in los altos,Exact,38.00,https://appliancepros.netlify.app/subzero/,Enabled,Enabled,Enabled,Geo LosAltos Repair | Exact
SZ_Search_BayArea_Full_PRO,Geo LosAltos Repair,sub zero refrigerator repair in los altos,Phrase,38.00,https://appliancepros.netlify.app/subzero/,Enabled,Enabled,Enabled,Geo LosAltos Repair | Phrase
SZ_Search_BayArea_Full_PRO,Geo LosGatos Repair,sub zero refrigerator repair in los gatos,Exact,38.00,https://appliancepros.netlify.app/subzero/,Enabled,Enabled,Enabled,Geo LosGatos Repair | Exact
SZ_Search_BayArea_Full_PRO,Geo LosGatos Repair,sub zero refrigerator repair in los gatos,Phrase,38.00,https://appliancepros.netlify.app/subzero/,Enabled,Enabled,Enabled,Geo LosGatos Repair | Phrase
SZ_Search_BayArea_Full_PRO,Geo MenloPark Repair,sub zero refrigerator repair in menlo park,Exact,38.00,https://appliancepros.netlify.app/subzero/,Enabled,Enabled,Enabled,Geo MenloPark Repair | Exact
SZ_Search_BayArea_Full_PRO,Geo MenloPark Repair,sub zero refrigerator repair in menlo park,Phrase,38.00,https://appliancepros.netlify.app/subzero/,Enabled,Enabled,Enabled,Geo MenloPark Repair | Phrase
SZ_Search_BayArea_Full_PRO,Geo Millbrae Repair,sub zero refrigerator repair in millbrae,Exact,38.00,https://appliancepros.netlify.app/subzero/,Enabled,Enabled,Enabled,Geo Millbrae Repair | Exact
SZ_Search_BayArea_Full_PRO,Geo Millbrae Repair,sub zero refrigerator repair in millbrae,Phrase,38.00,https://appliancepros.netlify.app/subzero/,Enabled,Enabled,Enabled,Geo Millbrae Repair | Phrase
SZ_Search_BayArea_Full_PRO,Geo Milpitas Repair,sub zero refrigerator repair in milpitas,Exact,38.00,https://appliancepros.netlify.app/subzero/,Enabled,Enabled,Enabled,Geo Milpitas Repair | Exact
SZ_Search_BayArea_Full_PRO,Geo Milpitas Repair,sub zero refrigerator repair in milpitas,Phrase,38.00,https://appliancepros.netlify.app/subzero/,Enabled,Enabled,Enabled,Geo Milpitas Repair | Phrase
SZ_Search_BayArea_Full_PRO,Geo MtnView Repair,sub zero refrigerator repair in mountain view,Exact,38.00,https://appliancepros.netlify.app/subzero/,Enabled,Enabled,Enabled,Geo MtnView Repair | Exact
SZ_Search_BayArea_Full_PRO,Geo MtnView Repair,sub zero refrigerator repair in mountain view,Phrase,38.00,https://appliancepros.netlify.app/subzero/,Enabled,Enabled,Enabled,Geo MtnView Repair | Phrase
SZ_Search_BayArea_Full_PRO,Refrigerator Repair Core,sub zero refrigerator repair in my area,Exact,35.00,https://appliancepros.netlify.app/subzero/,Enabled,Enabled,Enabled,Refrigerator Repair Core | Exact
SZ_Search_BayArea_Full_PRO,Refrigerator Repair Core,sub zero refrigerator repair in my area,Phrase,35.00,https://appliancepros.netlify.app/subzero/,Enabled,Enabled,Enabled,Refrigerator Repair Core | Phrase
SZ_Search_BayArea_Full_PRO,Geo Novato Repair,sub zero refrigerator repair in novato,Exact,38.00,https://appliancepros.netlify.app/subzero/,Enabled,Enabled,Enabled,Geo Novato Repair | Exact
SZ_Search_BayArea_Full_PRO,Geo Novato Repair,sub zero refrigerator repair in novato,Phrase,38.00,https://appliancepros.netlify.app/subzero/,Enabled,Enabled,Enabled,Geo Novato Repair | Phrase
SZ_Search_BayArea_Full_PRO,Geo Oakland Repair,sub zero refrigerator repair in oakland,Exact,38.00,https://appliancepros.netlify.app/subzero/,Enabled,Enabled,Enabled,Geo Oakland Repair | Exact
SZ_Search_BayArea_Full_PRO,Geo Oakland Repair,sub zero refrigerator repair in oakland,Phrase,38.00,https://appliancepros.netlify.app/subzero/,Enabled,Enabled,Enabled,Geo Oakland Repair | Phrase
SZ_Search_BayArea_Full_PRO,Geo PaloAlto Repair,sub zero refrigerator repair in palo alto,Exact,38.00,https://appliancepros.netlify.app/subzero/,Enabled,Enabled,Enabled,Geo PaloAlto Repair | Exact
SZ_Search_BayArea_Full_PRO,Geo PaloAlto Repair,sub zero refrigerator repair in palo alto,Phrase,38.00,https://appliancepros.netlify.app/subzero/,Enabled,Enabled,Enabled,Geo PaloAlto Repair | Phrase
SZ_Search_BayArea_Full_PRO,Geo Pleasanton Repair,sub zero refrigerator repair in pleasanton,Exact,38.00,https://appliancepros.netlify.app/subzero/,Enabled,Enabled,Enabled,Geo Pleasanton Repair | Exact
SZ_Search_BayArea_Full_PRO,Geo Pleasanton Repair,sub zero refrigerator repair in pleasanton,Phrase,38.00,https://appliancepros.netlify.app/subzero/,Enabled,Enabled,Enabled,Geo Pleasanton Repair | Phrase
SZ_Search_BayArea_Full_PRO,Geo Redwood Repair,sub zero refrigerator repair in redwood city,Exact,38.00,https://appliancepros.netlify.app/subzero/,Enabled,Enabled,Enabled,Geo Redwood Repair | Exact
SZ_Search_BayArea_Full_PRO,Geo Redwood Repair,sub zero refrigerator repair in redwood city,Phrase,38.00,https://appliancepros.netlify.app/subzero/,Enabled,Enabled,Enabled,Geo Redwood Repair | Phrase
SZ_Search_BayArea_Full_PRO,Geo Richmond Repair,sub zero refrigerator repair in richmond,Exact,38.00,https://appliancepros.netlify.app/subzero/,Enabled,Enabled,Enabled,Geo Richmond Repair | Exact
SZ_Search_BayArea_Full_PRO,Geo Richmond Repair,sub zero refrigerator repair in richmond,Phrase,38.00,https://appliancepros.netlify.app/subzero/,Enabled,Enabled,Enabled,Geo Richmond Repair | Phrase
SZ_Search_BayArea_Full_PRO,Geo SanBruno Repair,sub zero refrigerator repair in san bruno,Exact,38.00,https://appliancepros.netlify.app/subzero/,Enabled,Enabled,Enabled,Geo SanBruno Repair | Exact
SZ_Search_BayArea_Full_PRO,Geo SanBruno Repair,sub zero refrigerator repair in san bruno,Phrase,38.00,https://appliancepros.netlify.app/subzero/,Enabled,Enabled,Enabled,Geo SanBruno Repair | Phrase
SZ_Search_BayArea_Full_PRO,Geo SF Repair,sub zero refrigerator repair in san francisco,Exact,38.00,https://appliancepros.netlify.app/subzero/,Enabled,Enabled,Enabled,Geo SF Repair | Exact
SZ_Search_BayArea_Full_PRO,Geo SF Repair,sub zero refrigerator repair in san francisco,Phrase,38.00,https://appliancepros.netlify.app/subzero/,Enabled,Enabled,Enabled,Geo SF Repair | Phrase
SZ_Search_BayArea_Full_PRO,Geo SJ Repair,sub zero refrigerator repair in san jose,Exact,38.00,https://appliancepros.netlify.app/subzero/,Enabled,Enabled,Enabled,Geo SJ Repair | Exact
SZ_Search_BayArea_Full_PRO,Geo SJ Repair,sub zero refrigerator repair in san jose,Phrase,38.00,https://appliancepros.netlify.app/subzero/,Enabled,Enabled,Enabled,Geo SJ Repair | Phrase
SZ_Search_BayArea_Full_PRO,Geo SanLeandro Repair,sub zero refrigerator repair in san leandro,Exact,38.00,https://appliancepros.netlify.app/subzero/,Enabled,Enabled,Enabled,Geo SanLeandro Repair | Exact
SZ_Search_BayArea_Full_PRO,Geo SanLeandro Repair,sub zero refrigerator repair in san leandro,Phrase,38.00,https://appliancepros.netlify.app/subzero/,Enabled,Enabled,Enabled,Geo SanLeandro Repair | Phrase
SZ_Search_BayArea_Full_PRO,Geo SanMateo Repair,sub zero refrigerator repair in san mateo,Exact,38.00,https://appliancepros.netlify.app/subzero/,Enabled,Enabled,Enabled,Geo SanMateo Repair | Exact
SZ_Search_BayArea_Full_PRO,Geo SanMateo Repair,sub zero refrigerator repair in san mateo,Phrase,38.00,https://appliancepros.netlify.app/subzero/,Enabled,Enabled,Enabled,Geo SanMateo Repair | Phrase
SZ_Search_BayArea_Full_PRO,Geo SanRafael Repair,sub zero refrigerator repair in san rafael,Exact,38.00,https://appliancepros.netlify.app/subzero/,Enabled,Enabled,Enabled,Geo SanRafael Repair | Exact
SZ_Search_BayArea_Full_PRO,Geo SanRafael Repair,sub zero refrigerator repair in san rafael,Phrase,38.00,https://appliancepros.netlify.app/subzero/,Enabled,Enabled,Enabled,Geo SanRafael Repair | Phrase
SZ_Search_BayArea_Full_PRO,Geo SantaClara Repair,sub zero refrigerator repair in santa clara,Exact,38.00,https://appliancepros.netlify.app/subzero/,Enabled,Enabled,Enabled,Geo SantaClara Repair | Exact
SZ_Search_BayArea_Full_PRO,Geo SantaClara Repair,sub zero refrigerator repair in santa clara,Phrase,38.00,https://appliancepros.netlify.app/subzero/,Enabled,Enabled,Enabled,Geo SantaClara Repair | Phrase
SZ_Search_BayArea_Full_PRO,Geo Sunnyvale Repair,sub zero refrigerator repair in sunnyvale,Exact,38.00,https://appliancepros.netlify.app/subzero/,Enabled,Enabled,Enabled,Geo Sunnyvale Repair | Exact
SZ_Search_BayArea_Full_PRO,Geo Sunnyvale Repair,sub zero refrigerator repair in sunnyvale,Phrase,38.00,https://appliancepros.netlify.app/subzero/,Enabled,Enabled,Enabled,Geo Sunnyvale Repair | Phrase
SZ_Search_BayArea_Full_PRO,Geo UnionCity Repair,sub zero refrigerator repair in union city,Exact,38.00,https://appliancepros.netlify.app/subzero/,Enabled,Enabled,Enabled,Geo UnionCity Repair | Exact
SZ_Search_BayArea_Full_PRO,Geo UnionCity Repair,sub zero refrigerator repair in union city,Phrase,38.00,https://appliancepros.netlify.app/subzero/,Enabled,Enabled,Enabled,Geo UnionCity Repair | Phrase
SZ_Search_BayArea_Full_PRO,Geo WalnutCrk Repair,sub zero refrigerator repair in walnut creek,Exact,38.00,https://appliancepros.netlify.app/subzero/,Enabled,Enabled,Enabled,Geo WalnutCrk Repair | Exact
SZ_Search_BayArea_Full_PRO,Geo WalnutCrk Repair,sub zero refrigerator repair in walnut creek,Phrase,38.00,https://appliancepros.netlify.app/subzero/,Enabled,Enabled,Enabled,Geo WalnutCrk Repair | Phrase
SZ_Search_BayArea_Full_PRO,Refrigerator Repair Core,sub zero refrigerator repair marin county,Exact,35.00,https://appliancepros.netlify.app/subzero/,Enabled,Enabled,Enabled,Refrigerator Repair Core | Exact
SZ_Search_BayArea_Full_PRO,Refrigerator Repair Core,sub zero refrigerator repair marin county,Phrase,35.00,https://appliancepros.netlify.app/subzero/,Enabled,Enabled,Enabled,Refrigerator Repair Core | Phrase
SZ_Search_BayArea_Full_PRO,Near Me Core,sub zero refrigerator repair near me,Exact,41.00,https://appliancepros.netlify.app/subzero/,Enabled,Enabled,Enabled,Near Me Core | Exact
SZ_Search_BayArea_Full_PRO,Near Me Core,sub zero refrigerator repair near me,Phrase,41.00,https://appliancepros.netlify.app/subzero/,Enabled,Enabled,Enabled,Near Me Core | Phrase
SZ_Search_BayArea_Full_PRO,Geo SF Repair,sub zero refrigerator repair san francisco,Exact,38.00,https://appliancepros.netlify.app/subzero/,Enabled,Enabled,Enabled,Geo SF Repair | Exact
SZ_Search_BayArea_Full_PRO,Geo SF Repair,sub zero refrigerator repair san francisco,Phrase,38.00,https://appliancepros.netlify.app/subzero/,Enabled,Enabled,Enabled,Geo SF Repair | Phrase
SZ_Search_BayArea_Full_PRO,Geo SJ Repair,sub zero refrigerator repair san jose ca,Exact,38.00,https://appliancepros.netlify.app/subzero/,Enabled,Enabled,Enabled,Geo SJ Repair | Exact
SZ_Search_BayArea_Full_PRO,Geo SJ Repair,sub zero refrigerator repair san jose ca,Phrase,38.00,https://appliancepros.netlify.app/subzero/,Enabled,Enabled,Enabled,Geo SJ Repair | Phrase
SZ_Search_BayArea_Full_PRO,Refrigerator Repair Core,sub zero refrigerator repair santa cruz,Exact,35.00,https://appliancepros.netlify.app/subzero/,Enabled,Enabled,Enabled,Refrigerator Repair Core | Exact
SZ_Search_BayArea_Full_PRO,Refrigerator Repair Core,sub zero refrigerator repair santa cruz,Phrase,35.00,https://appliancepros.netlify.app/subzero/,Enabled,Enabled,Enabled,Refrigerator Repair Core | Phrase
SZ_Search_BayArea_Full_PRO,Refrigerator Repair Core,sub zero refrigerator repair santa cruz ca,Exact,35.00,https://appliancepros.netlify.app/subzero/,Enabled,Enabled,Enabled,Refrigerator Repair Core | Exact
SZ_Search_BayArea_Full_PRO,Refrigerator Repair Core,sub zero refrigerator repair santa cruz ca,Phrase,35.00,https://appliancepros.netlify.app/subzero/,Enabled,Enabled,Enabled,Refrigerator Repair Core | Phrase
SZ_Search_BayArea_Full_PRO,Refrigerator Repair Core,sub zero refrigerator repair service,Exact,35.00,https://appliancepros.netlify.app/subzero/,Enabled,Enabled,Enabled,Refrigerator Repair Core | Exact
SZ_Search_BayArea_Full_PRO,Refrigerator Repair Core,sub zero refrigerator repair service,Phrase,35.00,https://appliancepros.netlify.app/subzero/,Enabled,Enabled,Enabled,Refrigerator Repair Core | Phrase
SZ_Search_BayArea_Full_PRO,Near Me Core,sub zero refrigerator repair service near me,Exact,41.00,https://appliancepros.netlify.app/subzero/,Enabled,Enabled,Enabled,Near Me Core | Exact
SZ_Search_BayArea_Full_PRO,Near Me Core,sub zero refrigerator repair service near me,Phrase,41.00,https://appliancepros.netlify.app/subzero/,Enabled,Enabled,Enabled,Near Me Core | Phrase
SZ_Search_BayArea_Full_PRO,Refrigerator Repair Core,sub zero refrigerator repair sf,Exact,35.00,https://appliancepros.netlify.app/subzero/,Enabled,Enabled,Enabled,Refrigerator Repair Core | Exact
SZ_Search_BayArea_Full_PRO,Refrigerator Repair Core,sub zero refrigerator repair sf,Phrase,35.00,https://appliancepros.netlify.app/subzero/,Enabled,Enabled,Enabled,Refrigerator Repair Core | Phrase
SZ_Search_BayArea_Full_PRO,Technician Request,sub zero refrigerator repairman,Exact,35.00,https://appliancepros.netlify.app/subzero/,Enabled,Enabled,Enabled,Technician Request | Exact
SZ_Search_BayArea_Full_PRO,Technician Request,sub zero refrigerator repairman,Phrase,35.00,https://appliancepros.netlify.app/subzero/,Enabled,Enabled,Enabled,Technician Request | Phrase
SZ_Search_BayArea_Full_PRO,Near Me Core,sub zero refrigerator repairman near me,Exact,41.00,https://appliancepros.netlify.app/subzero/,Enabled,Enabled,Enabled,Near Me Core | Exact
SZ_Search_BayArea_Full_PRO,Near Me Core,sub zero refrigerator repairman near me,Phrase,41.00,https://appliancepros.netlify.app/subzero/,Enabled,Enabled,Enabled,Near Me Core | Phrase
SZ_Search_BayArea_Full_PRO,Refrigerator Repair Core,sub zero refrigerator repairs,Exact,35.00,https://appliancepros.netlify.app/subzero/,Enabled,Enabled,Enabled,Refrigerator Repair Core | Exact
SZ_Search_BayArea_Full_PRO,Refrigerator Repair Core,sub zero refrigerator repairs,Phrase,35.00,https://appliancepros.netlify.app/subzero/,Enabled,Enabled,Enabled,Refrigerator Repair Core | Phrase
SZ_Search_BayArea_Full_PRO,Near Me Core,sub zero refrigerator repairs near me,Exact,41.00,https://appliancepros.netlify.app/subzero/,Enabled,Enabled,Enabled,Near Me Core | Exact
SZ_Search_BayArea_Full_PRO,Near Me Core,sub zero refrigerator repairs near me,Phrase,41.00,https://appliancepros.netlify.app/subzero/,Enabled,Enabled,Enabled,Near Me Core | Phrase
SZ_Search_BayArea_Full_PRO,Refrigerator Repair Core,sub zero refrigerator runs continuously,Exact,35.00,https://appliancepros.netlify.app/subzero/,Enabled,Enabled,Enabled,Refrigerator Repair Core | Exact
SZ_Search_BayArea_Full_PRO,Refrigerator Repair Core,sub zero refrigerator runs continuously,Phrase,35.00,https://appliancepros.netlify.app/subzero/,Enabled,Enabled,Enabled,Refrigerator Repair Core | Phrase
SZ_Search_BayArea_Full_PRO,Refrigerator Service Core,sub zero refrigerator service,Exact,32.00,https://appliancepros.netlify.app/subzero/,Enabled,Enabled,Enabled,Refrigerator Service Core | Exact
SZ_Search_BayArea_Full_PRO,Refrigerator Service Core,sub zero refrigerator service,Phrase,32.00,https://appliancepros.netlify.app/subzero/,Enabled,Enabled,Enabled,Refrigerator Service Core | Phrase
SZ_Search_BayArea_Full_PRO,Refrigerator Service Core,sub zero refrigerator service call,Exact,32.00,https://appliancepros.netlify.app/subzero/,Enabled,Enabled,Enabled,Refrigerator Service Core | Exact
SZ_Search_BayArea_Full_PRO,Refrigerator Service Core,sub zero refrigerator service call,Phrase,32.00,https://appliancepros.netlify.app/subzero/,Enabled,Enabled,Enabled,Refrigerator Service Core | Phrase
SZ_Search_BayArea_Full_PRO,Refrigerator Service Core,sub zero refrigerator service light,Exact,32.00,https://appliancepros.netlify.app/subzero/,Enabled,Enabled,Enabled,Refrigerator Service Core | Exact
SZ_Search_BayArea_Full_PRO,Refrigerator Service Core,sub zero refrigerator service light,Phrase,32.00,https://appliancepros.netlify.app/subzero/,Enabled,Enabled,Enabled,Refrigerator Service Core | Phrase
SZ_Search_BayArea_Full_PRO,Refrigerator Service Core,sub zero refrigerator service light flashing,Exact,32.00,https://appliancepros.netlify.app/subzero/,Enabled,Enabled,Enabled,Refrigerator Service Core | Exact
SZ_Search_BayArea_Full_PRO,Refrigerator Service Core,sub zero refrigerator service light flashing,Phrase,32.00,https://appliancepros.netlify.app/subzero/,Enabled,Enabled,Enabled,Refrigerator Service Core | Phrase
SZ_Search_BayArea_Full_PRO,Near Me Core,sub zero refrigerator service near me,Exact,41.00,https://appliancepros.netlify.app/subzero/,Enabled,Enabled,Enabled,Near Me Core | Exact
SZ_Search_BayArea_Full_PRO,Near Me Core,sub zero refrigerator service near me,Phrase,41.00,https://appliancepros.netlify.app/subzero/,Enabled,Enabled,Enabled,Near Me Core | Phrase
SZ_Search_BayArea_Full_PRO,Refrigerator Service Core,sub zero refrigerator service number,Exact,32.00,https://appliancepros.netlify.app/subzero/,Enabled,Enabled,Enabled,Refrigerator Service Core | Exact
SZ_Search_BayArea_Full_PRO,Refrigerator Service Core,sub zero refrigerator service number,Phrase,32.00,https://appliancepros.netlify.app/subzero/,Enabled,Enabled,Enabled,Refrigerator Service Core | Phrase
SZ_Search_BayArea_Full_PRO,Refrigerator Repair Core,sub zero refrigerator servicing,Exact,35.00,https://appliancepros.netlify.app/subzero/,Enabled,Enabled,Enabled,Refrigerator Repair Core | Exact
SZ_Search_BayArea_Full_PRO,Refrigerator Repair Core,sub zero refrigerator servicing,Phrase,35.00,https://appliancepros.netlify.app/subzero/,Enabled,Enabled,Enabled,Refrigerator Repair Core | Phrase
SZ_Search_BayArea_Full_PRO,Fridge Not Cooling,sub zero refrigerator stopped cooling,Exact,39.00,https://appliancepros.netlify.app/subzero/,Enabled,Enabled,Enabled,Fridge Not Cooling | Exact
SZ_Search_BayArea_Full_PRO,Fridge Not Cooling,sub zero refrigerator stopped cooling,Phrase,39.00,https://appliancepros.netlify.app/subzero/,Enabled,Enabled,Enabled,Fridge Not Cooling | Phrase
SZ_Search_BayArea_Full_PRO,Refrigerator Repair Core,sub zero refrigerator stopped making ice,Exact,35.00,https://appliancepros.netlify.app/subzero/,Enabled,Enabled,Enabled,Refrigerator Repair Core | Exact
SZ_Search_BayArea_Full_PRO,Refrigerator Repair Core,sub zero refrigerator stopped making ice,Phrase,35.00,https://appliancepros.netlify.app/subzero/,Enabled,Enabled,Enabled,Refrigerator Repair Core | Phrase
SZ_Search_BayArea_Full_PRO,Refrigerator Repair Core,sub zero refrigerator stopped working,Exact,35.00,https://appliancepros.netlify.app/subzero/,Enabled,Enabled,Enabled,Refrigerator Repair Core | Exact
SZ_Search_BayArea_Full_PRO,Refrigerator Repair Core,sub zero refrigerator stopped working,Phrase,35.00,https://appliancepros.netlify.app/subzero/,Enabled,Enabled,Enabled,Refrigerator Repair Core | Phrase
SZ_Search_BayArea_Full_PRO,Technician Request,sub zero refrigerator technician,Exact,35.00,https://appliancepros.netlify.app/subzero/,Enabled,Enabled,Enabled,Technician Request | Exact
SZ_Search_BayArea_Full_PRO,Technician Request,sub zero refrigerator technician,Phrase,35.00,https://appliancepros.netlify.app/subzero/,Enabled,Enabled,Enabled,Technician Request | Phrase
SZ_Search_BayArea_Full_PRO,Temperature Control,sub zero refrigerator temperature control not working,Exact,35.00,https://appliancepros.netlify.app/subzero/,Enabled,Enabled,Enabled,Temperature Control | Exact
SZ_Search_BayArea_Full_PRO,Temperature Control,sub zero refrigerator temperature control not working,Phrase,35.00,https://appliancepros.netlify.app/subzero/,Enabled,Enabled,Enabled,Temperature Control | Phrase
SZ_Search_BayArea_Full_PRO,Temperature Control,sub zero refrigerator temperature control problem,Exact,35.00,https://appliancepros.netlify.app/subzero/,Enabled,Enabled,Enabled,Temperature Control | Exact
SZ_Search_BayArea_Full_PRO,Temperature Control,sub zero refrigerator temperature control problem,Phrase,35.00,https://appliancepros.netlify.app/subzero/,Enabled,Enabled,Enabled,Temperature Control | Phrase
SZ_Search_BayArea_Full_PRO,Refrigerator Repair Core,sub zero refrigerator temperature fluctuates,Exact,35.00,https://appliancepros.netlify.app/subzero/,Enabled,Enabled,Enabled,Refrigerator Repair Core | Exact
SZ_Search_BayArea_Full_PRO,Refrigerator Repair Core,sub zero refrigerator temperature fluctuates,Phrase,35.00,https://appliancepros.netlify.app/subzero/,Enabled,Enabled,Enabled,Refrigerator Repair Core | Phrase
SZ_Search_BayArea_Full_PRO,Refrigerator Repair Core,sub zero refrigerator temperature problem,Exact,35.00,https://appliancepros.netlify.app/subzero/,Enabled,Enabled,Enabled,Refrigerator Repair Core | Exact
SZ_Search_BayArea_Full_PRO,Refrigerator Repair Core,sub zero refrigerator temperature problem,Phrase,35.00,https://appliancepros.netlify.app/subzero/,Enabled,Enabled,Enabled,Refrigerator Repair Core | Phrase
SZ_Search_BayArea_Full_PRO,Refrigerator Repair Core,sub zero refrigerator temperature problems,Exact,35.00,https://appliancepros.netlify.app/subzero/,Enabled,Enabled,Enabled,Refrigerator Repair Core | Exact
SZ_Search_BayArea_Full_PRO,Refrigerator Repair Core,sub zero refrigerator temperature problems,Phrase,35.00,https://appliancepros.netlify.app/subzero/,Enabled,Enabled,Enabled,Refrigerator Repair Core | Phrase
SZ_Search_BayArea_Full_PRO,Refrigerator Repair Core,sub zero refrigerator temperature too cold,Exact,35.00,https://appliancepros.netlify.app/subzero/,Enabled,Enabled,Enabled,Refrigerator Repair Core | Exact
SZ_Search_BayArea_Full_PRO,Refrigerator Repair Core,sub zero refrigerator temperature too cold,Phrase,35.00,https://appliancepros.netlify.app/subzero/,Enabled,Enabled,Enabled,Refrigerator Repair Core | Phrase
SZ_Search_BayArea_Full_PRO,Refrigerator Repair Core,sub zero refrigerator temperature too warm,Exact,35.00,https://appliancepros.netlify.app/subzero/,Enabled,Enabled,Enabled,Refrigerator Repair Core | Exact
SZ_Search_BayArea_Full_PRO,Refrigerator Repair Core,sub zero refrigerator temperature too warm,Phrase,35.00,https://appliancepros.netlify.app/subzero/,Enabled,Enabled,Enabled,Refrigerator Repair Core | Phrase
SZ_Search_BayArea_Full_PRO,Refrigerator Repair Core,sub zero refrigerator too cold,Exact,35.00,https://appliancepros.netlify.app/subzero/,Enabled,Enabled,Enabled,Refrigerator Repair Core | Exact
SZ_Search_BayArea_Full_PRO,Refrigerator Repair Core,sub zero refrigerator too cold,Phrase,35.00,https://appliancepros.netlify.app/subzero/,Enabled,Enabled,Enabled,Refrigerator Repair Core | Phrase
SZ_Search_BayArea_Full_PRO,Freezer Not Freezing,sub zero refrigerator top freezer not freezing,Exact,39.00,https://appliancepros.netlify.app/subzero/,Enabled,Enabled,Enabled,Freezer Not Freezing | Exact
SZ_Search_BayArea_Full_PRO,Freezer Not Freezing,sub zero refrigerator top freezer not freezing,Phrase,39.00,https://appliancepros.netlify.app/subzero/,Enabled,Enabled,Enabled,Freezer Not Freezing | Phrase
SZ_Search_BayArea_Full_PRO,Fridge Warm Freezer Cold,sub zero refrigerator warm freezer cold,Exact,35.00,https://appliancepros.netlify.app/subzero/,Enabled,Enabled,Enabled,Fridge Warm Freezer Cold | Exact
SZ_Search_BayArea_Full_PRO,Fridge Warm Freezer Cold,sub zero refrigerator warm freezer cold,Phrase,35.00,https://appliancepros.netlify.app/subzero/,Enabled,Enabled,Enabled,Fridge Warm Freezer Cold | Phrase
SZ_Search_BayArea_Full_PRO,Ice Maker Not Working,sub zero refrigerator water and ice dispenser not working,Exact,39.00,https://appliancepros.netlify.app/subzero/,Enabled,Enabled,Enabled,Ice Maker Not Working | Exact
SZ_Search_BayArea_Full_PRO,Ice Maker Not Working,sub zero refrigerator water and ice dispenser not working,Phrase,39.00,https://appliancepros.netlify.app/subzero/,Enabled,Enabled,Enabled,Ice Maker Not Working | Phrase
SZ_Search_BayArea_Full_PRO,Water Dispenser Repair,sub zero refrigerator water dispenser leaking,Exact,35.00,https://appliancepros.netlify.app/subzero/,Enabled,Enabled,Enabled,Water Dispenser Repair | Exact
SZ_Search_BayArea_Full_PRO,Water Dispenser Repair,sub zero refrigerator water dispenser leaking,Phrase,35.00,https://appliancepros.netlify.app/subzero/,Enabled,Enabled,Enabled,Water Dispenser Repair | Phrase
SZ_Search_BayArea_Full_PRO,Water Dispenser Repair,sub zero refrigerator water dispenser not working,Exact,35.00,https://appliancepros.netlify.app/subzero/,Enabled,Enabled,Enabled,Water Dispenser Repair | Exact
SZ_Search_BayArea_Full_PRO,Water Dispenser Repair,sub zero refrigerator water dispenser not working,Phrase,35.00,https://appliancepros.netlify.app/subzero/,Enabled,Enabled,Enabled,Water Dispenser Repair | Phrase
SZ_Search_BayArea_Full_PRO,Water Dispenser Repair,sub zero refrigerator water dispenser quit working,Exact,35.00,https://appliancepros.netlify.app/subzero/,Enabled,Enabled,Enabled,Water Dispenser Repair | Exact
SZ_Search_BayArea_Full_PRO,Water Dispenser Repair,sub zero refrigerator water dispenser quit working,Phrase,35.00,https://appliancepros.netlify.app/subzero/,Enabled,Enabled,Enabled,Water Dispenser Repair | Phrase
SZ_Search_BayArea_Full_PRO,Water Leak Repair,sub zero refrigerator water filter leaking,Exact,39.00,https://appliancepros.netlify.app/subzero/,Enabled,Enabled,Enabled,Water Leak Repair | Exact
SZ_Search_BayArea_Full_PRO,Water Leak Repair,sub zero refrigerator water filter leaking,Phrase,39.00,https://appliancepros.netlify.app/subzero/,Enabled,Enabled,Enabled,Water Leak Repair | Phrase
SZ_Search_BayArea_Full_PRO,Water Leak Repair,sub zero refrigerator water leaking on floor,Exact,39.00,https://appliancepros.netlify.app/subzero/,Enabled,Enabled,Enabled,Water Leak Repair | Exact
SZ_Search_BayArea_Full_PRO,Water Leak Repair,sub zero refrigerator water leaking on floor,Phrase,39.00,https://appliancepros.netlify.app/subzero/,Enabled,Enabled,Enabled,Water Leak Repair | Phrase
SZ_Search_BayArea_Full_PRO,Refrigerator Repair Core,sub zero refrigerator water not working,Exact,35.00,https://appliancepros.netlify.app/subzero/,Enabled,Enabled,Enabled,Refrigerator Repair Core | Exact
SZ_Search_BayArea_Full_PRO,Refrigerator Repair Core,sub zero refrigerator water not working,Phrase,35.00,https://appliancepros.netlify.app/subzero/,Enabled,Enabled,Enabled,Refrigerator Repair Core | Phrase
SZ_Search_BayArea_Full_PRO,Refrigerator Repair Core,sub zero refrigerator won t cool,Exact,35.00,https://appliancepros.netlify.app/subzero/,Enabled,Enabled,Enabled,Refrigerator Repair Core | Exact
SZ_Search_BayArea_Full_PRO,Refrigerator Repair Core,sub zero refrigerator won t cool,Phrase,35.00,https://appliancepros.netlify.app/subzero/,Enabled,Enabled,Enabled,Refrigerator Repair Core | Phrase
SZ_Search_BayArea_Full_PRO,Refrigerator Repair Core,sub zero refrigerator won t get cold,Exact,35.00,https://appliancepros.netlify.app/subzero/,Enabled,Enabled,Enabled,Refrigerator Repair Core | Exact
SZ_Search_BayArea_Full_PRO,Refrigerator Repair Core,sub zero refrigerator won t get cold,Phrase,35.00,https://appliancepros.netlify.app/subzero/,Enabled,Enabled,Enabled,Refrigerator Repair Core | Phrase
SZ_Search_BayArea_Full_PRO,Door Ajar Beeping,sub zero refrigerator won t stop beeping,Exact,35.00,https://appliancepros.netlify.app/subzero/,Enabled,Enabled,Enabled,Door Ajar Beeping | Exact
SZ_Search_BayArea_Full_PRO,Door Ajar Beeping,sub zero refrigerator won t stop beeping,Phrase,35.00,https://appliancepros.netlify.app/subzero/,Enabled,Enabled,Enabled,Door Ajar Beeping | Phrase
SZ_Search_BayArea_Full_PRO,Refrigerator Repair Core,sub zero refrigerator wont cool,Exact,35.00,https://appliancepros.netlify.app/subzero/,Enabled,Enabled,Enabled,Refrigerator Repair Core | Exact
SZ_Search_BayArea_Full_PRO,Refrigerator Repair Core,sub zero refrigerator wont cool,Phrase,35.00,https://appliancepros.netlify.app/subzero/,Enabled,Enabled,Enabled,Refrigerator Repair Core | Phrase
SZ_Search_BayArea_Full_PRO,Refrigerator Repair Core,sub zero refrigerator wont get cold,Exact,35.00,https://appliancepros.netlify.app/subzero/,Enabled,Enabled,Enabled,Refrigerator Repair Core | Exact
SZ_Search_BayArea_Full_PRO,Refrigerator Repair Core,sub zero refrigerator wont get cold,Phrase,35.00,https://appliancepros.netlify.app/subzero/,Enabled,Enabled,Enabled,Refrigerator Repair Core | Phrase
SZ_Search_BayArea_Full_PRO,Appliance Repair Core,sub zero repair,Exact,35.00,https://appliancepros.netlify.app/subzero/,Enabled,Enabled,Enabled,Appliance Repair Core | Exact
SZ_Search_BayArea_Full_PRO,Appliance Repair Core,sub zero repair,Phrase,35.00,https://appliancepros.netlify.app/subzero/,Enabled,Enabled,Enabled,Appliance Repair Core | Phrase
SZ_Search_BayArea_Full_PRO,Appliance Repair Core,sub zero repair and service,Exact,35.00,https://appliancepros.netlify.app/subzero/,Enabled,Enabled,Enabled,Appliance Repair Core | Exact
SZ_Search_BayArea_Full_PRO,Appliance Repair Core,sub zero repair and service,Phrase,35.00,https://appliancepros.netlify.app/subzero/,Enabled,Enabled,Enabled,Appliance Repair Core | Phrase
SZ_Search_BayArea_Full_PRO,Appliance Repair Core,sub zero repair bay area,Exact,35.00,https://appliancepros.netlify.app/subzero/,Enabled,Enabled,Enabled,Appliance Repair Core | Exact
SZ_Search_BayArea_Full_PRO,Appliance Repair Core,sub zero repair bay area,Phrase,35.00,https://appliancepros.netlify.app/subzero/,Enabled,Enabled,Enabled,Appliance Repair Core | Phrase
SZ_Search_BayArea_Full_PRO,Appliance Repair Core,sub zero repair center,Exact,35.00,https://appliancepros.netlify.app/subzero/,Enabled,Enabled,Enabled,Appliance Repair Core | Exact
SZ_Search_BayArea_Full_PRO,Appliance Repair Core,sub zero repair center,Phrase,35.00,https://appliancepros.netlify.app/subzero/,Enabled,Enabled,Enabled,Appliance Repair Core | Phrase
SZ_Search_BayArea_Full_PRO,Near Me Core,sub zero repair center near me,Exact,41.00,https://appliancepros.netlify.app/subzero/,Enabled,Enabled,Enabled,Near Me Core | Exact
SZ_Search_BayArea_Full_PRO,Near Me Core,sub zero repair center near me,Phrase,41.00,https://appliancepros.netlify.app/subzero/,Enabled,Enabled,Enabled,Near Me Core | Phrase
SZ_Search_BayArea_Full_PRO,Appliance Repair Core,sub zero repair company,Exact,35.00,https://appliancepros.netlify.app/subzero/,Enabled,Enabled,Enabled,Appliance Repair Core | Exact
SZ_Search_BayArea_Full_PRO,Appliance Repair Core,sub zero repair company,Phrase,35.00,https://appliancepros.netlify.app/subzero/,Enabled,Enabled,Enabled,Appliance Repair Core | Phrase
SZ_Search_BayArea_Full_PRO,Repair Cost Quote,sub zero repair cost,Exact,32.00,https://appliancepros.netlify.app/subzero/,Enabled,Enabled,Enabled,Repair Cost Quote | Exact
SZ_Search_BayArea_Full_PRO,Repair Cost Quote,sub zero repair cost,Phrase,32.00,https://appliancepros.netlify.app/subzero/,Enabled,Enabled,Enabled,Repair Cost Quote | Phrase
SZ_Search_BayArea_Full_PRO,Appliance Repair Core,sub zero repair dc,Exact,35.00,https://appliancepros.netlify.app/subzero/,Enabled,Enabled,Enabled,Appliance Repair Core | Exact
SZ_Search_BayArea_Full_PRO,Appliance Repair Core,sub zero repair dc,Phrase,35.00,https://appliancepros.netlify.app/subzero/,Enabled,Enabled,Enabled,Appliance Repair Core | Phrase
SZ_Search_BayArea_Full_PRO,Appliance Repair Core,sub zero repair expert,Exact,35.00,https://appliancepros.netlify.app/subzero/,Enabled,Enabled,Enabled,Appliance Repair Core | Exact
SZ_Search_BayArea_Full_PRO,Appliance Repair Core,sub zero repair expert,Phrase,35.00,https://appliancepros.netlify.app/subzero/,Enabled,Enabled,Enabled,Appliance Repair Core | Phrase
SZ_Search_BayArea_Full_PRO,Appliance Repair Core,sub zero repair ice maker,Exact,35.00,https://appliancepros.netlify.app/subzero/,Enabled,Enabled,Enabled,Appliance Repair Core | Exact
SZ_Search_BayArea_Full_PRO,Appliance Repair Core,sub zero repair ice maker,Phrase,35.00,https://appliancepros.netlify.app/subzero/,Enabled,Enabled,Enabled,Appliance Repair Core | Phrase
SZ_Search_BayArea_Full_PRO,Geo Alameda Repair,sub zero repair in alameda,Exact,38.00,https://appliancepros.netlify.app/subzero/,Enabled,Enabled,Enabled,Geo Alameda Repair | Exact
SZ_Search_BayArea_Full_PRO,Geo Alameda Repair,sub zero repair in alameda,Phrase,38.00,https://appliancepros.netlify.app/subzero/,Enabled,Enabled,Enabled,Geo Alameda Repair | Phrase
SZ_Search_BayArea_Full_PRO,Geo Belmont Repair,sub zero repair in belmont,Exact,38.00,https://appliancepros.netlify.app/subzero/,Enabled,Enabled,Enabled,Geo Belmont Repair | Exact
SZ_Search_BayArea_Full_PRO,Geo Belmont Repair,sub zero repair in belmont,Phrase,38.00,https://appliancepros.netlify.app/subzero/,Enabled,Enabled,Enabled,Geo Belmont Repair | Phrase
SZ_Search_BayArea_Full_PRO,Geo Berkeley Repair,sub zero repair in berkeley,Exact,38.00,https://appliancepros.netlify.app/subzero/,Enabled,Enabled,Enabled,Geo Berkeley Repair | Exact
SZ_Search_BayArea_Full_PRO,Geo Berkeley Repair,sub zero repair in berkeley,Phrase,38.00,https://appliancepros.netlify.app/subzero/,Enabled,Enabled,Enabled,Geo Berkeley Repair | Phrase
SZ_Search_BayArea_Full_PRO,Geo Burlingame Repair,sub zero repair in burlingame,Exact,38.00,https://appliancepros.netlify.app/subzero/,Enabled,Enabled,Enabled,Geo Burlingame Repair | Exact
SZ_Search_BayArea_Full_PRO,Geo Burlingame Repair,sub zero repair in burlingame,Phrase,38.00,https://appliancepros.netlify.app/subzero/,Enabled,Enabled,Enabled,Geo Burlingame Repair | Phrase
SZ_Search_BayArea_Full_PRO,Geo Burlingame Repair,sub zero repair in burlingame ca,Exact,38.00,https://appliancepros.netlify.app/subzero/,Enabled,Enabled,Enabled,Geo Burlingame Repair | Exact
SZ_Search_BayArea_Full_PRO,Geo Burlingame Repair,sub zero repair in burlingame ca,Phrase,38.00,https://appliancepros.netlify.app/subzero/,Enabled,Enabled,Enabled,Geo Burlingame Repair | Phrase
SZ_Search_BayArea_Full_PRO,Geo Campbell Repair,sub zero repair in campbell,Exact,38.00,https://appliancepros.netlify.app/subzero/,Enabled,Enabled,Enabled,Geo Campbell Repair | Exact
SZ_Search_BayArea_Full_PRO,Geo Campbell Repair,sub zero repair in campbell,Phrase,38.00,https://appliancepros.netlify.app/subzero/,Enabled,Enabled,Enabled,Geo Campbell Repair | Phrase
SZ_Search_BayArea_Full_PRO,Geo CastroValley Rep,sub zero repair in castro valley,Exact,38.00,https://appliancepros.netlify.app/subzero/,Enabled,Enabled,Enabled,Geo CastroValley Rep | Exact
SZ_Search_BayArea_Full_PRO,Geo CastroValley Rep,sub zero repair in castro valley,Phrase,38.00,https://appliancepros.netlify.app/subzero/,Enabled,Enabled,Enabled,Geo CastroValley Rep | Phrase
SZ_Search_BayArea_Full_PRO,Geo Concord Repair,sub zero repair in concord,Exact,38.00,https://appliancepros.netlify.app/subzero/,Enabled,Enabled,Enabled,Geo Concord Repair | Exact
SZ_Search_BayArea_Full_PRO,Geo Concord Repair,sub zero repair in concord,Phrase,38.00,https://appliancepros.netlify.app/subzero/,Enabled,Enabled,Enabled,Geo Concord Repair | Phrase
SZ_Search_BayArea_Full_PRO,Geo Cupertino Repair,sub zero repair in cupertino,Exact,38.00,https://appliancepros.netlify.app/subzero/,Enabled,Enabled,Enabled,Geo Cupertino Repair | Exact
SZ_Search_BayArea_Full_PRO,Geo Cupertino Repair,sub zero repair in cupertino,Phrase,38.00,https://appliancepros.netlify.app/subzero/,Enabled,Enabled,Enabled,Geo Cupertino Repair | Phrase
SZ_Search_BayArea_Full_PRO,Geo DalyCity Repair,sub zero repair in daly city,Exact,38.00,https://appliancepros.netlify.app/subzero/,Enabled,Enabled,Enabled,Geo DalyCity Repair | Exact
SZ_Search_BayArea_Full_PRO,Geo DalyCity Repair,sub zero repair in daly city,Phrase,38.00,https://appliancepros.netlify.app/subzero/,Enabled,Enabled,Enabled,Geo DalyCity Repair | Phrase
SZ_Search_BayArea_Full_PRO,Geo Emeryville Repair,sub zero repair in emeryville,Exact,38.00,https://appliancepros.netlify.app/subzero/,Enabled,Enabled,Enabled,Geo Emeryville Repair | Exact
SZ_Search_BayArea_Full_PRO,Geo Emeryville Repair,sub zero repair in emeryville,Phrase,38.00,https://appliancepros.netlify.app/subzero/,Enabled,Enabled,Enabled,Geo Emeryville Repair | Phrase
SZ_Search_BayArea_Full_PRO,Geo FosterCity Repair,sub zero repair in foster city,Exact,38.00,https://appliancepros.netlify.app/subzero/,Enabled,Enabled,Enabled,Geo FosterCity Repair | Exact
SZ_Search_BayArea_Full_PRO,Geo FosterCity Repair,sub zero repair in foster city,Phrase,38.00,https://appliancepros.netlify.app/subzero/,Enabled,Enabled,Enabled,Geo FosterCity Repair | Phrase
SZ_Search_BayArea_Full_PRO,Geo Fremont Repair,sub zero repair in fremont,Exact,38.00,https://appliancepros.netlify.app/subzero/,Enabled,Enabled,Enabled,Geo Fremont Repair | Exact
SZ_Search_BayArea_Full_PRO,Geo Fremont Repair,sub zero repair in fremont,Phrase,38.00,https://appliancepros.netlify.app/subzero/,Enabled,Enabled,Enabled,Geo Fremont Repair | Phrase
SZ_Search_BayArea_Full_PRO,Geo Hayward Repair,sub zero repair in hayward,Exact,38.00,https://appliancepros.netlify.app/subzero/,Enabled,Enabled,Enabled,Geo Hayward Repair | Exact
SZ_Search_BayArea_Full_PRO,Geo Hayward Repair,sub zero repair in hayward,Phrase,38.00,https://appliancepros.netlify.app/subzero/,Enabled,Enabled,Enabled,Geo Hayward Repair | Phrase
SZ_Search_BayArea_Full_PRO,Geo Livermore Repair,sub zero repair in livermore,Exact,38.00,https://appliancepros.netlify.app/subzero/,Enabled,Enabled,Enabled,Geo Livermore Repair | Exact
SZ_Search_BayArea_Full_PRO,Geo Livermore Repair,sub zero repair in livermore,Phrase,38.00,https://appliancepros.netlify.app/subzero/,Enabled,Enabled,Enabled,Geo Livermore Repair | Phrase
SZ_Search_BayArea_Full_PRO,Geo LosAltos Repair,sub zero repair in los altos,Exact,38.00,https://appliancepros.netlify.app/subzero/,Enabled,Enabled,Enabled,Geo LosAltos Repair | Exact
SZ_Search_BayArea_Full_PRO,Geo LosAltos Repair,sub zero repair in los altos,Phrase,38.00,https://appliancepros.netlify.app/subzero/,Enabled,Enabled,Enabled,Geo LosAltos Repair | Phrase
SZ_Search_BayArea_Full_PRO,Geo LosGatos Repair,sub zero repair in los gatos,Exact,38.00,https://appliancepros.netlify.app/subzero/,Enabled,Enabled,Enabled,Geo LosGatos Repair | Exact
SZ_Search_BayArea_Full_PRO,Geo LosGatos Repair,sub zero repair in los gatos,Phrase,38.00,https://appliancepros.netlify.app/subzero/,Enabled,Enabled,Enabled,Geo LosGatos Repair | Phrase
SZ_Search_BayArea_Full_PRO,Geo MenloPark Repair,sub zero repair in menlo park,Exact,38.00,https://appliancepros.netlify.app/subzero/,Enabled,Enabled,Enabled,Geo MenloPark Repair | Exact
SZ_Search_BayArea_Full_PRO,Geo MenloPark Repair,sub zero repair in menlo park,Phrase,38.00,https://appliancepros.netlify.app/subzero/,Enabled,Enabled,Enabled,Geo MenloPark Repair | Phrase
SZ_Search_BayArea_Full_PRO,Geo Millbrae Repair,sub zero repair in millbrae,Exact,38.00,https://appliancepros.netlify.app/subzero/,Enabled,Enabled,Enabled,Geo Millbrae Repair | Exact
SZ_Search_BayArea_Full_PRO,Geo Millbrae Repair,sub zero repair in millbrae,Phrase,38.00,https://appliancepros.netlify.app/subzero/,Enabled,Enabled,Enabled,Geo Millbrae Repair | Phrase
SZ_Search_BayArea_Full_PRO,Geo Milpitas Repair,sub zero repair in milpitas,Exact,38.00,https://appliancepros.netlify.app/subzero/,Enabled,Enabled,Enabled,Geo Milpitas Repair | Exact
SZ_Search_BayArea_Full_PRO,Geo Milpitas Repair,sub zero repair in milpitas,Phrase,38.00,https://appliancepros.netlify.app/subzero/,Enabled,Enabled,Enabled,Geo Milpitas Repair | Phrase
SZ_Search_BayArea_Full_PRO,Geo MtnView Repair,sub zero repair in mountain view,Exact,38.00,https://appliancepros.netlify.app/subzero/,Enabled,Enabled,Enabled,Geo MtnView Repair | Exact
SZ_Search_BayArea_Full_PRO,Geo MtnView Repair,sub zero repair in mountain view,Phrase,38.00,https://appliancepros.netlify.app/subzero/,Enabled,Enabled,Enabled,Geo MtnView Repair | Phrase
SZ_Search_BayArea_Full_PRO,Appliance Repair Core,sub zero repair in my area,Exact,35.00,https://appliancepros.netlify.app/subzero/,Enabled,Enabled,Enabled,Appliance Repair Core | Exact
SZ_Search_BayArea_Full_PRO,Appliance Repair Core,sub zero repair in my area,Phrase,35.00,https://appliancepros.netlify.app/subzero/,Enabled,Enabled,Enabled,Appliance Repair Core | Phrase
SZ_Search_BayArea_Full_PRO,Geo Novato Repair,sub zero repair in novato,Exact,38.00,https://appliancepros.netlify.app/subzero/,Enabled,Enabled,Enabled,Geo Novato Repair | Exact
SZ_Search_BayArea_Full_PRO,Geo Novato Repair,sub zero repair in novato,Phrase,38.00,https://appliancepros.netlify.app/subzero/,Enabled,Enabled,Enabled,Geo Novato Repair | Phrase
SZ_Search_BayArea_Full_PRO,Geo Oakland Repair,sub zero repair in oakland,Exact,38.00,https://appliancepros.netlify.app/subzero/,Enabled,Enabled,Enabled,Geo Oakland Repair | Exact
SZ_Search_BayArea_Full_PRO,Geo Oakland Repair,sub zero repair in oakland,Phrase,38.00,https://appliancepros.netlify.app/subzero/,Enabled,Enabled,Enabled,Geo Oakland Repair | Phrase
SZ_Search_BayArea_Full_PRO,Geo PaloAlto Repair,sub zero repair in palo alto,Exact,38.00,https://appliancepros.netlify.app/subzero/,Enabled,Enabled,Enabled,Geo PaloAlto Repair | Exact
SZ_Search_BayArea_Full_PRO,Geo PaloAlto Repair,sub zero repair in palo alto,Phrase,38.00,https://appliancepros.netlify.app/subzero/,Enabled,Enabled,Enabled,Geo PaloAlto Repair | Phrase
SZ_Search_BayArea_Full_PRO,Geo Pleasanton Repair,sub zero repair in pleasanton,Exact,38.00,https://appliancepros.netlify.app/subzero/,Enabled,Enabled,Enabled,Geo Pleasanton Repair | Exact
SZ_Search_BayArea_Full_PRO,Geo Pleasanton Repair,sub zero repair in pleasanton,Phrase,38.00,https://appliancepros.netlify.app/subzero/,Enabled,Enabled,Enabled,Geo Pleasanton Repair | Phrase
SZ_Search_BayArea_Full_PRO,Geo Redwood Repair,sub zero repair in redwood city,Exact,38.00,https://appliancepros.netlify.app/subzero/,Enabled,Enabled,Enabled,Geo Redwood Repair | Exact
SZ_Search_BayArea_Full_PRO,Geo Redwood Repair,sub zero repair in redwood city,Phrase,38.00,https://appliancepros.netlify.app/subzero/,Enabled,Enabled,Enabled,Geo Redwood Repair | Phrase
SZ_Search_BayArea_Full_PRO,Geo Richmond Repair,sub zero repair in richmond,Exact,38.00,https://appliancepros.netlify.app/subzero/,Enabled,Enabled,Enabled,Geo Richmond Repair | Exact
SZ_Search_BayArea_Full_PRO,Geo Richmond Repair,sub zero repair in richmond,Phrase,38.00,https://appliancepros.netlify.app/subzero/,Enabled,Enabled,Enabled,Geo Richmond Repair | Phrase
SZ_Search_BayArea_Full_PRO,Geo SanBruno Repair,sub zero repair in san bruno,Exact,38.00,https://appliancepros.netlify.app/subzero/,Enabled,Enabled,Enabled,Geo SanBruno Repair | Exact
SZ_Search_BayArea_Full_PRO,Geo SanBruno Repair,sub zero repair in san bruno,Phrase,38.00,https://appliancepros.netlify.app/subzero/,Enabled,Enabled,Enabled,Geo SanBruno Repair | Phrase
SZ_Search_BayArea_Full_PRO,Geo SF Repair,sub zero repair in san francisco,Exact,38.00,https://appliancepros.netlify.app/subzero/,Enabled,Enabled,Enabled,Geo SF Repair | Exact
SZ_Search_BayArea_Full_PRO,Geo SF Repair,sub zero repair in san francisco,Phrase,38.00,https://appliancepros.netlify.app/subzero/,Enabled,Enabled,Enabled,Geo SF Repair | Phrase
SZ_Search_BayArea_Full_PRO,Geo SF Repair,sub zero repair in san francisco ca,Exact,38.00,https://appliancepros.netlify.app/subzero/,Enabled,Enabled,Enabled,Geo SF Repair | Exact
SZ_Search_BayArea_Full_PRO,Geo SF Repair,sub zero repair in san francisco ca,Phrase,38.00,https://appliancepros.netlify.app/subzero/,Enabled,Enabled,Enabled,Geo SF Repair | Phrase
SZ_Search_BayArea_Full_PRO,Geo SJ Repair,sub zero repair in san jose,Exact,38.00,https://appliancepros.netlify.app/subzero/,Enabled,Enabled,Enabled,Geo SJ Repair | Exact
SZ_Search_BayArea_Full_PRO,Geo SJ Repair,sub zero repair in san jose,Phrase,38.00,https://appliancepros.netlify.app/subzero/,Enabled,Enabled,Enabled,Geo SJ Repair | Phrase
SZ_Search_BayArea_Full_PRO,Geo SanLeandro Repair,sub zero repair in san leandro,Exact,38.00,https://appliancepros.netlify.app/subzero/,Enabled,Enabled,Enabled,Geo SanLeandro Repair | Exact
SZ_Search_BayArea_Full_PRO,Geo SanLeandro Repair,sub zero repair in san leandro,Phrase,38.00,https://appliancepros.netlify.app/subzero/,Enabled,Enabled,Enabled,Geo SanLeandro Repair | Phrase
SZ_Search_BayArea_Full_PRO,Geo SanMateo Repair,sub zero repair in san mateo,Exact,38.00,https://appliancepros.netlify.app/subzero/,Enabled,Enabled,Enabled,Geo SanMateo Repair | Exact
SZ_Search_BayArea_Full_PRO,Geo SanMateo Repair,sub zero repair in san mateo,Phrase,38.00,https://appliancepros.netlify.app/subzero/,Enabled,Enabled,Enabled,Geo SanMateo Repair | Phrase
SZ_Search_BayArea_Full_PRO,Geo SanRafael Repair,sub zero repair in san rafael,Exact,38.00,https://appliancepros.netlify.app/subzero/,Enabled,Enabled,Enabled,Geo SanRafael Repair | Exact
SZ_Search_BayArea_Full_PRO,Geo SanRafael Repair,sub zero repair in san rafael,Phrase,38.00,https://appliancepros.netlify.app/subzero/,Enabled,Enabled,Enabled,Geo SanRafael Repair | Phrase
SZ_Search_BayArea_Full_PRO,Geo SantaClara Repair,sub zero repair in santa clara,Exact,38.00,https://appliancepros.netlify.app/subzero/,Enabled,Enabled,Enabled,Geo SantaClara Repair | Exact
SZ_Search_BayArea_Full_PRO,Geo SantaClara Repair,sub zero repair in santa clara,Phrase,38.00,https://appliancepros.netlify.app/subzero/,Enabled,Enabled,Enabled,Geo SantaClara Repair | Phrase
SZ_Search_BayArea_Full_PRO,Appliance Repair Core,sub zero repair in sf,Exact,35.00,https://appliancepros.netlify.app/subzero/,Enabled,Enabled,Enabled,Appliance Repair Core | Exact
SZ_Search_BayArea_Full_PRO,Appliance Repair Core,sub zero repair in sf,Phrase,35.00,https://appliancepros.netlify.app/subzero/,Enabled,Enabled,Enabled,Appliance Repair Core | Phrase
SZ_Search_BayArea_Full_PRO,Geo Sunnyvale Repair,sub zero repair in sunnyvale,Exact,38.00,https://appliancepros.netlify.app/subzero/,Enabled,Enabled,Enabled,Geo Sunnyvale Repair | Exact
SZ_Search_BayArea_Full_PRO,Geo Sunnyvale Repair,sub zero repair in sunnyvale,Phrase,38.00,https://appliancepros.netlify.app/subzero/,Enabled,Enabled,Enabled,Geo Sunnyvale Repair | Phrase
SZ_Search_BayArea_Full_PRO,Geo UnionCity Repair,sub zero repair in union city,Exact,38.00,https://appliancepros.netlify.app/subzero/,Enabled,Enabled,Enabled,Geo UnionCity Repair | Exact
SZ_Search_BayArea_Full_PRO,Geo UnionCity Repair,sub zero repair in union city,Phrase,38.00,https://appliancepros.netlify.app/subzero/,Enabled,Enabled,Enabled,Geo UnionCity Repair | Phrase
SZ_Search_BayArea_Full_PRO,Geo WalnutCrk Repair,sub zero repair in walnut creek,Exact,38.00,https://appliancepros.netlify.app/subzero/,Enabled,Enabled,Enabled,Geo WalnutCrk Repair | Exact
SZ_Search_BayArea_Full_PRO,Geo WalnutCrk Repair,sub zero repair in walnut creek,Phrase,38.00,https://appliancepros.netlify.app/subzero/,Enabled,Enabled,Enabled,Geo WalnutCrk Repair | Phrase
SZ_Search_BayArea_Full_PRO,Appliance Repair Core,sub zero repair marin county,Exact,35.00,https://appliancepros.netlify.app/subzero/,Enabled,Enabled,Enabled,Appliance Repair Core | Exact
SZ_Search_BayArea_Full_PRO,Appliance Repair Core,sub zero repair marin county,Phrase,35.00,https://appliancepros.netlify.app/subzero/,Enabled,Enabled,Enabled,Appliance Repair Core | Phrase
SZ_Search_BayArea_Full_PRO,Geo MtnView Repair,sub zero repair mountain view,Exact,38.00,https://appliancepros.netlify.app/subzero/,Enabled,Enabled,Enabled,Geo MtnView Repair | Exact
SZ_Search_BayArea_Full_PRO,Geo MtnView Repair,sub zero repair mountain view,Phrase,38.00,https://appliancepros.netlify.app/subzero/,Enabled,Enabled,Enabled,Geo MtnView Repair | Phrase
SZ_Search_BayArea_Full_PRO,Near Me Core,sub zero repair near me,Exact,41.00,https://appliancepros.netlify.app/subzero/,Enabled,Enabled,Enabled,Near Me Core | Exact
SZ_Search_BayArea_Full_PRO,Near Me Core,sub zero repair near me,Phrase,41.00,https://appliancepros.netlify.app/subzero/,Enabled,Enabled,Enabled,Near Me Core | Phrase
SZ_Search_BayArea_Full_PRO,Geo PaloAlto Repair,sub zero repair palo alto,Exact,38.00,https://appliancepros.netlify.app/subzero/,Enabled,Enabled,Enabled,Geo PaloAlto Repair | Exact
SZ_Search_BayArea_Full_PRO,Geo PaloAlto Repair,sub zero repair palo alto,Phrase,38.00,https://appliancepros.netlify.app/subzero/,Enabled,Enabled,Enabled,Geo PaloAlto Repair | Phrase
SZ_Search_BayArea_Full_PRO,Geo PaloAlto Repair,sub zero repair palo alto ca,Exact,38.00,https://appliancepros.netlify.app/subzero/,Enabled,Enabled,Enabled,Geo PaloAlto Repair | Exact
SZ_Search_BayArea_Full_PRO,Geo PaloAlto Repair,sub zero repair palo alto ca,Phrase,38.00,https://appliancepros.netlify.app/subzero/,Enabled,Enabled,Enabled,Geo PaloAlto Repair | Phrase
SZ_Search_BayArea_Full_PRO,Appliance Repair Core,sub zero repair phone number,Exact,35.00,https://appliancepros.netlify.app/subzero/,Enabled,Enabled,Enabled,Appliance Repair Core | Exact
SZ_Search_BayArea_Full_PRO,Appliance Repair Core,sub zero repair phone number,Phrase,35.00,https://appliancepros.netlify.app/subzero/,Enabled,Enabled,Enabled,Appliance Repair Core | Phrase
SZ_Search_BayArea_Full_PRO,Appliance Repair Core,sub zero repair pro,Exact,35.00,https://appliancepros.netlify.app/subzero/,Enabled,Enabled,Enabled,Appliance Repair Core | Exact
SZ_Search_BayArea_Full_PRO,Appliance Repair Core,sub zero repair pro,Phrase,35.00,https://appliancepros.netlify.app/subzero/,Enabled,Enabled,Enabled,Appliance Repair Core | Phrase
SZ_Search_BayArea_Full_PRO,Geo SF Repair,sub zero repair san francisco,Exact,38.00,https://appliancepros.netlify.app/subzero/,Enabled,Enabled,Enabled,Geo SF Repair | Exact
SZ_Search_BayArea_Full_PRO,Geo SF Repair,sub zero repair san francisco,Phrase,38.00,https://appliancepros.netlify.app/subzero/,Enabled,Enabled,Enabled,Geo SF Repair | Phrase
SZ_Search_BayArea_Full_PRO,Geo SJ Repair,sub zero repair san jose ca,Exact,38.00,https://appliancepros.netlify.app/subzero/,Enabled,Enabled,Enabled,Geo SJ Repair | Exact
SZ_Search_BayArea_Full_PRO,Geo SJ Repair,sub zero repair san jose ca,Phrase,38.00,https://appliancepros.netlify.app/subzero/,Enabled,Enabled,Enabled,Geo SJ Repair | Phrase
SZ_Search_BayArea_Full_PRO,Geo SanMateo Repair,sub zero repair san mateo,Exact,38.00,https://appliancepros.netlify.app/subzero/,Enabled,Enabled,Enabled,Geo SanMateo Repair | Exact
SZ_Search_BayArea_Full_PRO,Geo SanMateo Repair,sub zero repair san mateo,Phrase,38.00,https://appliancepros.netlify.app/subzero/,Enabled,Enabled,Enabled,Geo SanMateo Repair | Phrase
SZ_Search_BayArea_Full_PRO,Appliance Repair Core,sub zero repair service,Exact,35.00,https://appliancepros.netlify.app/subzero/,Enabled,Enabled,Enabled,Appliance Repair Core | Exact
SZ_Search_BayArea_Full_PRO,Appliance Repair Core,sub zero repair service,Phrase,35.00,https://appliancepros.netlify.app/subzero/,Enabled,Enabled,Enabled,Appliance Repair Core | Phrase
SZ_Search_BayArea_Full_PRO,Appliance Repair Core,sub zero repair service center,Exact,35.00,https://appliancepros.netlify.app/subzero/,Enabled,Enabled,Enabled,Appliance Repair Core | Exact
SZ_Search_BayArea_Full_PRO,Appliance Repair Core,sub zero repair service center,Phrase,35.00,https://appliancepros.netlify.app/subzero/,Enabled,Enabled,Enabled,Appliance Repair Core | Phrase
SZ_Search_BayArea_Full_PRO,Near Me Core,sub zero repair service near me,Exact,41.00,https://appliancepros.netlify.app/subzero/,Enabled,Enabled,Enabled,Near Me Core | Exact
SZ_Search_BayArea_Full_PRO,Near Me Core,sub zero repair service near me,Phrase,41.00,https://appliancepros.netlify.app/subzero/,Enabled,Enabled,Enabled,Near Me Core | Phrase
SZ_Search_BayArea_Full_PRO,Appliance Repair Core,sub zero repair service woodside ca,Exact,35.00,https://appliancepros.netlify.app/subzero/,Enabled,Enabled,Enabled,Appliance Repair Core | Exact
SZ_Search_BayArea_Full_PRO,Appliance Repair Core,sub zero repair service woodside ca,Phrase,35.00,https://appliancepros.netlify.app/subzero/,Enabled,Enabled,Enabled,Appliance Repair Core | Phrase
SZ_Search_BayArea_Full_PRO,Appliance Repair Core,sub zero repair services,Exact,35.00,https://appliancepros.netlify.app/subzero/,Enabled,Enabled,Enabled,Appliance Repair Core | Exact
SZ_Search_BayArea_Full_PRO,Appliance Repair Core,sub zero repair services,Phrase,35.00,https://appliancepros.netlify.app/subzero/,Enabled,Enabled,Enabled,Appliance Repair Core | Phrase
SZ_Search_BayArea_Full_PRO,Appliance Repair Core,sub zero repair sf,Exact,35.00,https://appliancepros.netlify.app/subzero/,Enabled,Enabled,Enabled,Appliance Repair Core | Exact
SZ_Search_BayArea_Full_PRO,Appliance Repair Core,sub zero repair sf,Phrase,35.00,https://appliancepros.netlify.app/subzero/,Enabled,Enabled,Enabled,Appliance Repair Core | Phrase
SZ_Search_BayArea_Full_PRO,Technician Request,sub zero repairman,Exact,35.00,https://appliancepros.netlify.app/subzero/,Enabled,Enabled,Enabled,Technician Request | Exact
SZ_Search_BayArea_Full_PRO,Technician Request,sub zero repairman,Phrase,35.00,https://appliancepros.netlify.app/subzero/,Enabled,Enabled,Enabled,Technician Request | Phrase
SZ_Search_BayArea_Full_PRO,Technician Request,sub zero repairman for refrigerator,Exact,35.00,https://appliancepros.netlify.app/subzero/,Enabled,Enabled,Enabled,Technician Request | Exact
SZ_Search_BayArea_Full_PRO,Technician Request,sub zero repairman for refrigerator,Phrase,35.00,https://appliancepros.netlify.app/subzero/,Enabled,Enabled,Enabled,Technician Request | Phrase
SZ_Search_BayArea_Full_PRO,Near Me Core,sub zero repairman near me,Exact,41.00,https://appliancepros.netlify.app/subzero/,Enabled,Enabled,Enabled,Near Me Core | Exact
SZ_Search_BayArea_Full_PRO,Near Me Core,sub zero repairman near me,Phrase,41.00,https://appliancepros.netlify.app/subzero/,Enabled,Enabled,Enabled,Near Me Core | Phrase
SZ_Search_BayArea_Full_PRO,Appliance Repair Core,sub zero repairs,Exact,35.00,https://appliancepros.netlify.app/subzero/,Enabled,Enabled,Enabled,Appliance Repair Core | Exact
SZ_Search_BayArea_Full_PRO,Appliance Repair Core,sub zero repairs,Phrase,35.00,https://appliancepros.netlify.app/subzero/,Enabled,Enabled,Enabled,Appliance Repair Core | Phrase
SZ_Search_BayArea_Full_PRO,Near Me Core,sub zero repairs near me,Exact,41.00,https://appliancepros.netlify.app/subzero/,Enabled,Enabled,Enabled,Near Me Core | Exact
SZ_Search_BayArea_Full_PRO,Near Me Core,sub zero repairs near me,Phrase,41.00,https://appliancepros.netlify.app/subzero/,Enabled,Enabled,Enabled,Near Me Core | Phrase
SZ_Search_BayArea_Full_PRO,Fridge Not Cooling,sub zero rv refrigerator not cooling,Exact,39.00,https://appliancepros.netlify.app/subzero/,Enabled,Enabled,Enabled,Fridge Not Cooling | Exact
SZ_Search_BayArea_Full_PRO,Fridge Not Cooling,sub zero rv refrigerator not cooling,Phrase,39.00,https://appliancepros.netlify.app/subzero/,Enabled,Enabled,Enabled,Fridge Not Cooling | Phrase
SZ_Search_BayArea_Full_PRO,Refrigerator Repair Core,sub zero schedule service,Exact,35.00,https://appliancepros.netlify.app/subzero/,Enabled,Enabled,Enabled,Refrigerator Repair Core | Exact
SZ_Search_BayArea_Full_PRO,Refrigerator Repair Core,sub zero schedule service,Phrase,35.00,https://appliancepros.netlify.app/subzero/,Enabled,Enabled,Enabled,Refrigerator Repair Core | Phrase
SZ_Search_BayArea_Full_PRO,Appliance Repair Core,sub zero service,Exact,35.00,https://appliancepros.netlify.app/subzero/,Enabled,Enabled,Enabled,Appliance Repair Core | Exact
SZ_Search_BayArea_Full_PRO,Appliance Repair Core,sub zero service,Phrase,35.00,https://appliancepros.netlify.app/subzero/,Enabled,Enabled,Enabled,Appliance Repair Core | Phrase
SZ_Search_BayArea_Full_PRO,Appliance Repair Core,sub zero service and repair,Exact,35.00,https://appliancepros.netlify.app/subzero/,Enabled,Enabled,Enabled,Appliance Repair Core | Exact
SZ_Search_BayArea_Full_PRO,Appliance Repair Core,sub zero service and repair,Phrase,35.00,https://appliancepros.netlify.app/subzero/,Enabled,Enabled,Enabled,Appliance Repair Core | Phrase
SZ_Search_BayArea_Full_PRO,Appliance Repair Core,sub zero service appointment,Exact,35.00,https://appliancepros.netlify.app/subzero/,Enabled,Enabled,Enabled,Appliance Repair Core | Exact
SZ_Search_BayArea_Full_PRO,Appliance Repair Core,sub zero service appointment,Phrase,35.00,https://appliancepros.netlify.app/subzero/,Enabled,Enabled,Enabled,Appliance Repair Core | Phrase
SZ_Search_BayArea_Full_PRO,Refrigerator Service Core,sub zero service call,Exact,32.00,https://appliancepros.netlify.app/subzero/,Enabled,Enabled,Enabled,Refrigerator Service Core | Exact
SZ_Search_BayArea_Full_PRO,Refrigerator Service Core,sub zero service call,Phrase,32.00,https://appliancepros.netlify.app/subzero/,Enabled,Enabled,Enabled,Refrigerator Service Core | Phrase
SZ_Search_BayArea_Full_PRO,Repair Cost Quote,sub zero service call cost,Exact,32.00,https://appliancepros.netlify.app/subzero/,Enabled,Enabled,Enabled,Repair Cost Quote | Exact
SZ_Search_BayArea_Full_PRO,Repair Cost Quote,sub zero service call cost,Phrase,32.00,https://appliancepros.netlify.app/subzero/,Enabled,Enabled,Enabled,Repair Cost Quote | Phrase
SZ_Search_BayArea_Full_PRO,Appliance Repair Core,sub zero service center,Exact,35.00,https://appliancepros.netlify.app/subzero/,Enabled,Enabled,Enabled,Appliance Repair Core | Exact
SZ_Search_BayArea_Full_PRO,Appliance Repair Core,sub zero service center,Phrase,35.00,https://appliancepros.netlify.app/subzero/,Enabled,Enabled,Enabled,Appliance Repair Core | Phrase
SZ_Search_BayArea_Full_PRO,Near Me Core,sub zero service center near me,Exact,41.00,https://appliancepros.netlify.app/subzero/,Enabled,Enabled,Enabled,Near Me Core | Exact
SZ_Search_BayArea_Full_PRO,Near Me Core,sub zero service center near me,Phrase,41.00,https://appliancepros.netlify.app/subzero/,Enabled,Enabled,Enabled,Near Me Core | Phrase
SZ_Search_BayArea_Full_PRO,Appliance Repair Core,sub zero service central,Exact,35.00,https://appliancepros.netlify.app/subzero/,Enabled,Enabled,Enabled,Appliance Repair Core | Exact
SZ_Search_BayArea_Full_PRO,Appliance Repair Core,sub zero service central,Phrase,35.00,https://appliancepros.netlify.app/subzero/,Enabled,Enabled,Enabled,Appliance Repair Core | Phrase
SZ_Search_BayArea_Full_PRO,Appliance Repair Core,sub zero service ec,Exact,35.00,https://appliancepros.netlify.app/subzero/,Enabled,Enabled,Enabled,Appliance Repair Core | Exact
SZ_Search_BayArea_Full_PRO,Appliance Repair Core,sub zero service ec,Phrase,35.00,https://appliancepros.netlify.app/subzero/,Enabled,Enabled,Enabled,Appliance Repair Core | Phrase
SZ_Search_BayArea_Full_PRO,Appliance Repair Core,sub zero service error,Exact,35.00,https://appliancepros.netlify.app/subzero/,Enabled,Enabled,Enabled,Appliance Repair Core | Exact
SZ_Search_BayArea_Full_PRO,Appliance Repair Core,sub zero service error,Phrase,35.00,https://appliancepros.netlify.app/subzero/,Enabled,Enabled,Enabled,Appliance Repair Core | Phrase
SZ_Search_BayArea_Full_PRO,Appliance Repair Core,sub zero service ice,Exact,35.00,https://appliancepros.netlify.app/subzero/,Enabled,Enabled,Enabled,Appliance Repair Core | Exact
SZ_Search_BayArea_Full_PRO,Appliance Repair Core,sub zero service ice,Phrase,35.00,https://appliancepros.netlify.app/subzero/,Enabled,Enabled,Enabled,Appliance Repair Core | Phrase
SZ_Search_BayArea_Full_PRO,Appliance Repair Core,sub zero service ice maker,Exact,35.00,https://appliancepros.netlify.app/subzero/,Enabled,Enabled,Enabled,Appliance Repair Core | Exact
SZ_Search_BayArea_Full_PRO,Appliance Repair Core,sub zero service ice maker,Phrase,35.00,https://appliancepros.netlify.app/subzero/,Enabled,Enabled,Enabled,Appliance Repair Core | Phrase
SZ_Search_BayArea_Full_PRO,Appliance Repair Core,sub zero service ice message,Exact,35.00,https://appliancepros.netlify.app/subzero/,Enabled,Enabled,Enabled,Appliance Repair Core | Exact
SZ_Search_BayArea_Full_PRO,Appliance Repair Core,sub zero service ice message,Phrase,35.00,https://appliancepros.netlify.app/subzero/,Enabled,Enabled,Enabled,Appliance Repair Core | Phrase
SZ_Search_BayArea_Full_PRO,Geo Alameda Repair,sub zero service in alameda,Exact,38.00,https://appliancepros.netlify.app/subzero/,Enabled,Enabled,Enabled,Geo Alameda Repair | Exact
SZ_Search_BayArea_Full_PRO,Geo Alameda Repair,sub zero service in alameda,Phrase,38.00,https://appliancepros.netlify.app/subzero/,Enabled,Enabled,Enabled,Geo Alameda Repair | Phrase
SZ_Search_BayArea_Full_PRO,Geo Belmont Repair,sub zero service in belmont,Exact,38.00,https://appliancepros.netlify.app/subzero/,Enabled,Enabled,Enabled,Geo Belmont Repair | Exact
SZ_Search_BayArea_Full_PRO,Geo Belmont Repair,sub zero service in belmont,Phrase,38.00,https://appliancepros.netlify.app/subzero/,Enabled,Enabled,Enabled,Geo Belmont Repair | Phrase
SZ_Search_BayArea_Full_PRO,Geo Berkeley Repair,sub zero service in berkeley,Exact,38.00,https://appliancepros.netlify.app/subzero/,Enabled,Enabled,Enabled,Geo Berkeley Repair | Exact
SZ_Search_BayArea_Full_PRO,Geo Berkeley Repair,sub zero service in berkeley,Phrase,38.00,https://appliancepros.netlify.app/subzero/,Enabled,Enabled,Enabled,Geo Berkeley Repair | Phrase
SZ_Search_BayArea_Full_PRO,Geo Burlingame Repair,sub zero service in burlingame,Exact,38.00,https://appliancepros.netlify.app/subzero/,Enabled,Enabled,Enabled,Geo Burlingame Repair | Exact
SZ_Search_BayArea_Full_PRO,Geo Burlingame Repair,sub zero service in burlingame,Phrase,38.00,https://appliancepros.netlify.app/subzero/,Enabled,Enabled,Enabled,Geo Burlingame Repair | Phrase
SZ_Search_BayArea_Full_PRO,Geo Campbell Repair,sub zero service in campbell,Exact,38.00,https://appliancepros.netlify.app/subzero/,Enabled,Enabled,Enabled,Geo Campbell Repair | Exact
SZ_Search_BayArea_Full_PRO,Geo Campbell Repair,sub zero service in campbell,Phrase,38.00,https://appliancepros.netlify.app/subzero/,Enabled,Enabled,Enabled,Geo Campbell Repair | Phrase
SZ_Search_BayArea_Full_PRO,Geo CastroValley Rep,sub zero service in castro valley,Exact,38.00,https://appliancepros.netlify.app/subzero/,Enabled,Enabled,Enabled,Geo CastroValley Rep | Exact
SZ_Search_BayArea_Full_PRO,Geo CastroValley Rep,sub zero service in castro valley,Phrase,38.00,https://appliancepros.netlify.app/subzero/,Enabled,Enabled,Enabled,Geo CastroValley Rep | Phrase
SZ_Search_BayArea_Full_PRO,Geo Concord Repair,sub zero service in concord,Exact,38.00,https://appliancepros.netlify.app/subzero/,Enabled,Enabled,Enabled,Geo Concord Repair | Exact
SZ_Search_BayArea_Full_PRO,Geo Concord Repair,sub zero service in concord,Phrase,38.00,https://appliancepros.netlify.app/subzero/,Enabled,Enabled,Enabled,Geo Concord Repair | Phrase
SZ_Search_BayArea_Full_PRO,Geo Cupertino Repair,sub zero service in cupertino,Exact,38.00,https://appliancepros.netlify.app/subzero/,Enabled,Enabled,Enabled,Geo Cupertino Repair | Exact
SZ_Search_BayArea_Full_PRO,Geo Cupertino Repair,sub zero service in cupertino,Phrase,38.00,https://appliancepros.netlify.app/subzero/,Enabled,Enabled,Enabled,Geo Cupertino Repair | Phrase
SZ_Search_BayArea_Full_PRO,Geo DalyCity Repair,sub zero service in daly city,Exact,38.00,https://appliancepros.netlify.app/subzero/,Enabled,Enabled,Enabled,Geo DalyCity Repair | Exact
SZ_Search_BayArea_Full_PRO,Geo DalyCity Repair,sub zero service in daly city,Phrase,38.00,https://appliancepros.netlify.app/subzero/,Enabled,Enabled,Enabled,Geo DalyCity Repair | Phrase
SZ_Search_BayArea_Full_PRO,Geo Emeryville Repair,sub zero service in emeryville,Exact,38.00,https://appliancepros.netlify.app/subzero/,Enabled,Enabled,Enabled,Geo Emeryville Repair | Exact
SZ_Search_BayArea_Full_PRO,Geo Emeryville Repair,sub zero service in emeryville,Phrase,38.00,https://appliancepros.netlify.app/subzero/,Enabled,Enabled,Enabled,Geo Emeryville Repair | Phrase
SZ_Search_BayArea_Full_PRO,Geo FosterCity Repair,sub zero service in foster city,Exact,38.00,https://appliancepros.netlify.app/subzero/,Enabled,Enabled,Enabled,Geo FosterCity Repair | Exact
SZ_Search_BayArea_Full_PRO,Geo FosterCity Repair,sub zero service in foster city,Phrase,38.00,https://appliancepros.netlify.app/subzero/,Enabled,Enabled,Enabled,Geo FosterCity Repair | Phrase
SZ_Search_BayArea_Full_PRO,Geo Fremont Repair,sub zero service in fremont,Exact,38.00,https://appliancepros.netlify.app/subzero/,Enabled,Enabled,Enabled,Geo Fremont Repair | Exact
SZ_Search_BayArea_Full_PRO,Geo Fremont Repair,sub zero service in fremont,Phrase,38.00,https://appliancepros.netlify.app/subzero/,Enabled,Enabled,Enabled,Geo Fremont Repair | Phrase
SZ_Search_BayArea_Full_PRO,Geo Hayward Repair,sub zero service in hayward,Exact,38.00,https://appliancepros.netlify.app/subzero/,Enabled,Enabled,Enabled,Geo Hayward Repair | Exact
SZ_Search_BayArea_Full_PRO,Geo Hayward Repair,sub zero service in hayward,Phrase,38.00,https://appliancepros.netlify.app/subzero/,Enabled,Enabled,Enabled,Geo Hayward Repair | Phrase
SZ_Search_BayArea_Full_PRO,Geo Livermore Repair,sub zero service in livermore,Exact,38.00,https://appliancepros.netlify.app/subzero/,Enabled,Enabled,Enabled,Geo Livermore Repair | Exact
SZ_Search_BayArea_Full_PRO,Geo Livermore Repair,sub zero service in livermore,Phrase,38.00,https://appliancepros.netlify.app/subzero/,Enabled,Enabled,Enabled,Geo Livermore Repair | Phrase
SZ_Search_BayArea_Full_PRO,Geo LosAltos Repair,sub zero service in los altos,Exact,38.00,https://appliancepros.netlify.app/subzero/,Enabled,Enabled,Enabled,Geo LosAltos Repair | Exact
SZ_Search_BayArea_Full_PRO,Geo LosAltos Repair,sub zero service in los altos,Phrase,38.00,https://appliancepros.netlify.app/subzero/,Enabled,Enabled,Enabled,Geo LosAltos Repair | Phrase
SZ_Search_BayArea_Full_PRO,Geo LosGatos Repair,sub zero service in los gatos,Exact,38.00,https://appliancepros.netlify.app/subzero/,Enabled,Enabled,Enabled,Geo LosGatos Repair | Exact
SZ_Search_BayArea_Full_PRO,Geo LosGatos Repair,sub zero service in los gatos,Phrase,38.00,https://appliancepros.netlify.app/subzero/,Enabled,Enabled,Enabled,Geo LosGatos Repair | Phrase
SZ_Search_BayArea_Full_PRO,Geo MenloPark Repair,sub zero service in menlo park,Exact,38.00,https://appliancepros.netlify.app/subzero/,Enabled,Enabled,Enabled,Geo MenloPark Repair | Exact
SZ_Search_BayArea_Full_PRO,Geo MenloPark Repair,sub zero service in menlo park,Phrase,38.00,https://appliancepros.netlify.app/subzero/,Enabled,Enabled,Enabled,Geo MenloPark Repair | Phrase
SZ_Search_BayArea_Full_PRO,Geo Millbrae Repair,sub zero service in millbrae,Exact,38.00,https://appliancepros.netlify.app/subzero/,Enabled,Enabled,Enabled,Geo Millbrae Repair | Exact
SZ_Search_BayArea_Full_PRO,Geo Millbrae Repair,sub zero service in millbrae,Phrase,38.00,https://appliancepros.netlify.app/subzero/,Enabled,Enabled,Enabled,Geo Millbrae Repair | Phrase
SZ_Search_BayArea_Full_PRO,Geo Milpitas Repair,sub zero service in milpitas,Exact,38.00,https://appliancepros.netlify.app/subzero/,Enabled,Enabled,Enabled,Geo Milpitas Repair | Exact
SZ_Search_BayArea_Full_PRO,Geo Milpitas Repair,sub zero service in milpitas,Phrase,38.00,https://appliancepros.netlify.app/subzero/,Enabled,Enabled,Enabled,Geo Milpitas Repair | Phrase
SZ_Search_BayArea_Full_PRO,Geo MtnView Repair,sub zero service in mountain view,Exact,38.00,https://appliancepros.netlify.app/subzero/,Enabled,Enabled,Enabled,Geo MtnView Repair | Exact
SZ_Search_BayArea_Full_PRO,Geo MtnView Repair,sub zero service in mountain view,Phrase,38.00,https://appliancepros.netlify.app/subzero/,Enabled,Enabled,Enabled,Geo MtnView Repair | Phrase
SZ_Search_BayArea_Full_PRO,Appliance Repair Core,sub zero service in my area,Exact,35.00,https://appliancepros.netlify.app/subzero/,Enabled,Enabled,Enabled,Appliance Repair Core | Exact
SZ_Search_BayArea_Full_PRO,Appliance Repair Core,sub zero service in my area,Phrase,35.00,https://appliancepros.netlify.app/subzero/,Enabled,Enabled,Enabled,Appliance Repair Core | Phrase
SZ_Search_BayArea_Full_PRO,Geo Novato Repair,sub zero service in novato,Exact,38.00,https://appliancepros.netlify.app/subzero/,Enabled,Enabled,Enabled,Geo Novato Repair | Exact
SZ_Search_BayArea_Full_PRO,Geo Novato Repair,sub zero service in novato,Phrase,38.00,https://appliancepros.netlify.app/subzero/,Enabled,Enabled,Enabled,Geo Novato Repair | Phrase
SZ_Search_BayArea_Full_PRO,Geo Oakland Repair,sub zero service in oakland,Exact,38.00,https://appliancepros.netlify.app/subzero/,Enabled,Enabled,Enabled,Geo Oakland Repair | Exact
SZ_Search_BayArea_Full_PRO,Geo Oakland Repair,sub zero service in oakland,Phrase,38.00,https://appliancepros.netlify.app/subzero/,Enabled,Enabled,Enabled,Geo Oakland Repair | Phrase
SZ_Search_BayArea_Full_PRO,Geo PaloAlto Repair,sub zero service in palo alto,Exact,38.00,https://appliancepros.netlify.app/subzero/,Enabled,Enabled,Enabled,Geo PaloAlto Repair | Exact
SZ_Search_BayArea_Full_PRO,Geo PaloAlto Repair,sub zero service in palo alto,Phrase,38.00,https://appliancepros.netlify.app/subzero/,Enabled,Enabled,Enabled,Geo PaloAlto Repair | Phrase
SZ_Search_BayArea_Full_PRO,Geo Pleasanton Repair,sub zero service in pleasanton,Exact,38.00,https://appliancepros.netlify.app/subzero/,Enabled,Enabled,Enabled,Geo Pleasanton Repair | Exact
SZ_Search_BayArea_Full_PRO,Geo Pleasanton Repair,sub zero service in pleasanton,Phrase,38.00,https://appliancepros.netlify.app/subzero/,Enabled,Enabled,Enabled,Geo Pleasanton Repair | Phrase
SZ_Search_BayArea_Full_PRO,Geo Redwood Repair,sub zero service in redwood city,Exact,38.00,https://appliancepros.netlify.app/subzero/,Enabled,Enabled,Enabled,Geo Redwood Repair | Exact
SZ_Search_BayArea_Full_PRO,Geo Redwood Repair,sub zero service in redwood city,Phrase,38.00,https://appliancepros.netlify.app/subzero/,Enabled,Enabled,Enabled,Geo Redwood Repair | Phrase
SZ_Search_BayArea_Full_PRO,Geo Richmond Repair,sub zero service in richmond,Exact,38.00,https://appliancepros.netlify.app/subzero/,Enabled,Enabled,Enabled,Geo Richmond Repair | Exact
SZ_Search_BayArea_Full_PRO,Geo Richmond Repair,sub zero service in richmond,Phrase,38.00,https://appliancepros.netlify.app/subzero/,Enabled,Enabled,Enabled,Geo Richmond Repair | Phrase
SZ_Search_BayArea_Full_PRO,Geo SanBruno Repair,sub zero service in san bruno,Exact,38.00,https://appliancepros.netlify.app/subzero/,Enabled,Enabled,Enabled,Geo SanBruno Repair | Exact
SZ_Search_BayArea_Full_PRO,Geo SanBruno Repair,sub zero service in san bruno,Phrase,38.00,https://appliancepros.netlify.app/subzero/,Enabled,Enabled,Enabled,Geo SanBruno Repair | Phrase
SZ_Search_BayArea_Full_PRO,Geo SF Repair,sub zero service in san francisco,Exact,38.00,https://appliancepros.netlify.app/subzero/,Enabled,Enabled,Enabled,Geo SF Repair | Exact
SZ_Search_BayArea_Full_PRO,Geo SF Repair,sub zero service in san francisco,Phrase,38.00,https://appliancepros.netlify.app/subzero/,Enabled,Enabled,Enabled,Geo SF Repair | Phrase
SZ_Search_BayArea_Full_PRO,Geo SF Repair,sub zero service in san francisco ca,Exact,38.00,https://appliancepros.netlify.app/subzero/,Enabled,Enabled,Enabled,Geo SF Repair | Exact
SZ_Search_BayArea_Full_PRO,Geo SF Repair,sub zero service in san francisco ca,Phrase,38.00,https://appliancepros.netlify.app/subzero/,Enabled,Enabled,Enabled,Geo SF Repair | Phrase
SZ_Search_BayArea_Full_PRO,Geo SJ Repair,sub zero service in san jose,Exact,38.00,https://appliancepros.netlify.app/subzero/,Enabled,Enabled,Enabled,Geo SJ Repair | Exact
SZ_Search_BayArea_Full_PRO,Geo SJ Repair,sub zero service in san jose,Phrase,38.00,https://appliancepros.netlify.app/subzero/,Enabled,Enabled,Enabled,Geo SJ Repair | Phrase
SZ_Search_BayArea_Full_PRO,Geo SanLeandro Repair,sub zero service in san leandro,Exact,38.00,https://appliancepros.netlify.app/subzero/,Enabled,Enabled,Enabled,Geo SanLeandro Repair | Exact
SZ_Search_BayArea_Full_PRO,Geo SanLeandro Repair,sub zero service in san leandro,Phrase,38.00,https://appliancepros.netlify.app/subzero/,Enabled,Enabled,Enabled,Geo SanLeandro Repair | Phrase
SZ_Search_BayArea_Full_PRO,Geo SanMateo Repair,sub zero service in san mateo,Exact,38.00,https://appliancepros.netlify.app/subzero/,Enabled,Enabled,Enabled,Geo SanMateo Repair | Exact
SZ_Search_BayArea_Full_PRO,Geo SanMateo Repair,sub zero service in san mateo,Phrase,38.00,https://appliancepros.netlify.app/subzero/,Enabled,Enabled,Enabled,Geo SanMateo Repair | Phrase
SZ_Search_BayArea_Full_PRO,Geo SanRafael Repair,sub zero service in san rafael,Exact,38.00,https://appliancepros.netlify.app/subzero/,Enabled,Enabled,Enabled,Geo SanRafael Repair | Exact
SZ_Search_BayArea_Full_PRO,Geo SanRafael Repair,sub zero service in san rafael,Phrase,38.00,https://appliancepros.netlify.app/subzero/,Enabled,Enabled,Enabled,Geo SanRafael Repair | Phrase
SZ_Search_BayArea_Full_PRO,Geo SantaClara Repair,sub zero service in santa clara,Exact,38.00,https://appliancepros.netlify.app/subzero/,Enabled,Enabled,Enabled,Geo SantaClara Repair | Exact
SZ_Search_BayArea_Full_PRO,Geo SantaClara Repair,sub zero service in santa clara,Phrase,38.00,https://appliancepros.netlify.app/subzero/,Enabled,Enabled,Enabled,Geo SantaClara Repair | Phrase
SZ_Search_BayArea_Full_PRO,Geo Sunnyvale Repair,sub zero service in sunnyvale,Exact,38.00,https://appliancepros.netlify.app/subzero/,Enabled,Enabled,Enabled,Geo Sunnyvale Repair | Exact
SZ_Search_BayArea_Full_PRO,Geo Sunnyvale Repair,sub zero service in sunnyvale,Phrase,38.00,https://appliancepros.netlify.app/subzero/,Enabled,Enabled,Enabled,Geo Sunnyvale Repair | Phrase
SZ_Search_BayArea_Full_PRO,Geo UnionCity Repair,sub zero service in union city,Exact,38.00,https://appliancepros.netlify.app/subzero/,Enabled,Enabled,Enabled,Geo UnionCity Repair | Exact
SZ_Search_BayArea_Full_PRO,Geo UnionCity Repair,sub zero service in union city,Phrase,38.00,https://appliancepros.netlify.app/subzero/,Enabled,Enabled,Enabled,Geo UnionCity Repair | Phrase
SZ_Search_BayArea_Full_PRO,Geo WalnutCrk Repair,sub zero service in walnut creek,Exact,38.00,https://appliancepros.netlify.app/subzero/,Enabled,Enabled,Enabled,Geo WalnutCrk Repair | Exact
SZ_Search_BayArea_Full_PRO,Geo WalnutCrk Repair,sub zero service in walnut creek,Phrase,38.00,https://appliancepros.netlify.app/subzero/,Enabled,Enabled,Enabled,Geo WalnutCrk Repair | Phrase
SZ_Search_BayArea_Full_PRO,Appliance Repair Core,sub zero service light,Exact,35.00,https://appliancepros.netlify.app/subzero/,Enabled,Enabled,Enabled,Appliance Repair Core | Exact
SZ_Search_BayArea_Full_PRO,Appliance Repair Core,sub zero service light,Phrase,35.00,https://appliancepros.netlify.app/subzero/,Enabled,Enabled,Enabled,Appliance Repair Core | Phrase
SZ_Search_BayArea_Full_PRO,Appliance Repair Core,sub zero service light flashing,Exact,35.00,https://appliancepros.netlify.app/subzero/,Enabled,Enabled,Enabled,Appliance Repair Core | Exact
SZ_Search_BayArea_Full_PRO,Appliance Repair Core,sub zero service light flashing,Phrase,35.00,https://appliancepros.netlify.app/subzero/,Enabled,Enabled,Enabled,Appliance Repair Core | Phrase
SZ_Search_BayArea_Full_PRO,Appliance Repair Core,sub zero service locator,Exact,35.00,https://appliancepros.netlify.app/subzero/,Enabled,Enabled,Enabled,Appliance Repair Core | Exact
SZ_Search_BayArea_Full_PRO,Appliance Repair Core,sub zero service locator,Phrase,35.00,https://appliancepros.netlify.app/subzero/,Enabled,Enabled,Enabled,Appliance Repair Core | Phrase
SZ_Search_BayArea_Full_PRO,Near Me Core,sub zero service near me,Exact,41.00,https://appliancepros.netlify.app/subzero/,Enabled,Enabled,Enabled,Near Me Core | Exact
SZ_Search_BayArea_Full_PRO,Near Me Core,sub zero service near me,Phrase,41.00,https://appliancepros.netlify.app/subzero/,Enabled,Enabled,Enabled,Near Me Core | Phrase
SZ_Search_BayArea_Full_PRO,Geo PaloAlto Repair,sub zero service palo alto,Exact,38.00,https://appliancepros.netlify.app/subzero/,Enabled,Enabled,Enabled,Geo PaloAlto Repair | Exact
SZ_Search_BayArea_Full_PRO,Geo PaloAlto Repair,sub zero service palo alto,Phrase,38.00,https://appliancepros.netlify.app/subzero/,Enabled,Enabled,Enabled,Geo PaloAlto Repair | Phrase
SZ_Search_BayArea_Full_PRO,Geo PaloAlto Repair,sub zero service palo alto ca,Exact,38.00,https://appliancepros.netlify.app/subzero/,Enabled,Enabled,Enabled,Geo PaloAlto Repair | Exact
SZ_Search_BayArea_Full_PRO,Geo PaloAlto Repair,sub zero service palo alto ca,Phrase,38.00,https://appliancepros.netlify.app/subzero/,Enabled,Enabled,Enabled,Geo PaloAlto Repair | Phrase
SZ_Search_BayArea_Full_PRO,Appliance Repair Core,sub zero service repair,Exact,35.00,https://appliancepros.netlify.app/subzero/,Enabled,Enabled,Enabled,Appliance Repair Core | Exact
SZ_Search_BayArea_Full_PRO,Appliance Repair Core,sub zero service repair,Phrase,35.00,https://appliancepros.netlify.app/subzero/,Enabled,Enabled,Enabled,Appliance Repair Core | Phrase
SZ_Search_BayArea_Full_PRO,Near Me Core,sub zero service repair near me,Exact,41.00,https://appliancepros.netlify.app/subzero/,Enabled,Enabled,Enabled,Near Me Core | Exact
SZ_Search_BayArea_Full_PRO,Near Me Core,sub zero service repair near me,Phrase,41.00,https://appliancepros.netlify.app/subzero/,Enabled,Enabled,Enabled,Near Me Core | Phrase
SZ_Search_BayArea_Full_PRO,Appliance Repair Core,sub zero service request,Exact,35.00,https://appliancepros.netlify.app/subzero/,Enabled,Enabled,Enabled,Appliance Repair Core | Exact
SZ_Search_BayArea_Full_PRO,Appliance Repair Core,sub zero service request,Phrase,35.00,https://appliancepros.netlify.app/subzero/,Enabled,Enabled,Enabled,Appliance Repair Core | Phrase
SZ_Search_BayArea_Full_PRO,Geo SF Repair,sub zero service san francisco,Exact,38.00,https://appliancepros.netlify.app/subzero/,Enabled,Enabled,Enabled,Geo SF Repair | Exact
SZ_Search_BayArea_Full_PRO,Geo SF Repair,sub zero service san francisco,Phrase,38.00,https://appliancepros.netlify.app/subzero/,Enabled,Enabled,Enabled,Geo SF Repair | Phrase
SZ_Search_BayArea_Full_PRO,Geo SF Repair,sub zero service san francisco ca,Exact,38.00,https://appliancepros.netlify.app/subzero/,Enabled,Enabled,Enabled,Geo SF Repair | Exact
SZ_Search_BayArea_Full_PRO,Geo SF Repair,sub zero service san francisco ca,Phrase,38.00,https://appliancepros.netlify.app/subzero/,Enabled,Enabled,Enabled,Geo SF Repair | Phrase
SZ_Search_BayArea_Full_PRO,Geo SJ Repair,sub zero service san jose,Exact,38.00,https://appliancepros.netlify.app/subzero/,Enabled,Enabled,Enabled,Geo SJ Repair | Exact
SZ_Search_BayArea_Full_PRO,Geo SJ Repair,sub zero service san jose,Phrase,38.00,https://appliancepros.netlify.app/subzero/,Enabled,Enabled,Enabled,Geo SJ Repair | Phrase
SZ_Search_BayArea_Full_PRO,Geo SJ Repair,sub zero service san jose ca,Exact,38.00,https://appliancepros.netlify.app/subzero/,Enabled,Enabled,Enabled,Geo SJ Repair | Exact
SZ_Search_BayArea_Full_PRO,Geo SJ Repair,sub zero service san jose ca,Phrase,38.00,https://appliancepros.netlify.app/subzero/,Enabled,Enabled,Enabled,Geo SJ Repair | Phrase
SZ_Search_BayArea_Full_PRO,Geo SanMateo Repair,sub zero service san mateo,Exact,38.00,https://appliancepros.netlify.app/subzero/,Enabled,Enabled,Enabled,Geo SanMateo Repair | Exact
SZ_Search_BayArea_Full_PRO,Geo SanMateo Repair,sub zero service san mateo,Phrase,38.00,https://appliancepros.netlify.app/subzero/,Enabled,Enabled,Enabled,Geo SanMateo Repair | Phrase
SZ_Search_BayArea_Full_PRO,Geo SanMateo Repair,sub zero service san mateo ca,Exact,38.00,https://appliancepros.netlify.app/subzero/,Enabled,Enabled,Enabled,Geo SanMateo Repair | Exact
SZ_Search_BayArea_Full_PRO,Geo SanMateo Repair,sub zero service san mateo ca,Phrase,38.00,https://appliancepros.netlify.app/subzero/,Enabled,Enabled,Enabled,Geo SanMateo Repair | Phrase
SZ_Search_BayArea_Full_PRO,Technician Request,sub zero service technician,Exact,35.00,https://appliancepros.netlify.app/subzero/,Enabled,Enabled,Enabled,Technician Request | Exact
SZ_Search_BayArea_Full_PRO,Technician Request,sub zero service technician,Phrase,35.00,https://appliancepros.netlify.app/subzero/,Enabled,Enabled,Enabled,Technician Request | Phrase
SZ_Search_BayArea_Full_PRO,Near Me Core,sub zero service technician near me,Exact,41.00,https://appliancepros.netlify.app/subzero/,Enabled,Enabled,Enabled,Near Me Core | Exact
SZ_Search_BayArea_Full_PRO,Near Me Core,sub zero service technician near me,Phrase,41.00,https://appliancepros.netlify.app/subzero/,Enabled,Enabled,Enabled,Near Me Core | Phrase
SZ_Search_BayArea_Full_PRO,Appliance Repair Core,sub zero services,Exact,35.00,https://appliancepros.netlify.app/subzero/,Enabled,Enabled,Enabled,Appliance Repair Core | Exact
SZ_Search_BayArea_Full_PRO,Appliance Repair Core,sub zero services,Phrase,35.00,https://appliancepros.netlify.app/subzero/,Enabled,Enabled,Enabled,Appliance Repair Core | Phrase
SZ_Search_BayArea_Full_PRO,Appliance Repair Core,sub zero services call,Exact,35.00,https://appliancepros.netlify.app/subzero/,Enabled,Enabled,Enabled,Appliance Repair Core | Exact
SZ_Search_BayArea_Full_PRO,Appliance Repair Core,sub zero services call,Phrase,35.00,https://appliancepros.netlify.app/subzero/,Enabled,Enabled,Enabled,Appliance Repair Core | Phrase
SZ_Search_BayArea_Full_PRO,Near Me Core,sub zero services near me,Exact,41.00,https://appliancepros.netlify.app/subzero/,Enabled,Enabled,Enabled,Near Me Core | Exact
SZ_Search_BayArea_Full_PRO,Near Me Core,sub zero services near me,Phrase,41.00,https://appliancepros.netlify.app/subzero/,Enabled,Enabled,Enabled,Near Me Core | Phrase
SZ_Search_BayArea_Full_PRO,Freezer Not Freezing,sub zero stand up freezer not freezing,Exact,39.00,https://appliancepros.netlify.app/subzero/,Enabled,Enabled,Enabled,Freezer Not Freezing | Exact
SZ_Search_BayArea_Full_PRO,Freezer Not Freezing,sub zero stand up freezer not freezing,Phrase,39.00,https://appliancepros.netlify.app/subzero/,Enabled,Enabled,Enabled,Freezer Not Freezing | Phrase
SZ_Search_BayArea_Full_PRO,Fridge Not Cooling,sub zero stopped cooling,Exact,39.00,https://appliancepros.netlify.app/subzero/,Enabled,Enabled,Enabled,Fridge Not Cooling | Exact
SZ_Search_BayArea_Full_PRO,Fridge Not Cooling,sub zero stopped cooling,Phrase,39.00,https://appliancepros.netlify.app/subzero/,Enabled,Enabled,Enabled,Fridge Not Cooling | Phrase
SZ_Search_BayArea_Full_PRO,Refrigerator Repair Core,sub zero stopped making ice,Exact,35.00,https://appliancepros.netlify.app/subzero/,Enabled,Enabled,Enabled,Refrigerator Repair Core | Exact
SZ_Search_BayArea_Full_PRO,Refrigerator Repair Core,sub zero stopped making ice,Phrase,35.00,https://appliancepros.netlify.app/subzero/,Enabled,Enabled,Enabled,Refrigerator Repair Core | Phrase
SZ_Search_BayArea_Full_PRO,Technician Request,sub zero technician,Exact,35.00,https://appliancepros.netlify.app/subzero/,Enabled,Enabled,Enabled,Technician Request | Exact
SZ_Search_BayArea_Full_PRO,Technician Request,sub zero technician,Phrase,35.00,https://appliancepros.netlify.app/subzero/,Enabled,Enabled,Enabled,Technician Request | Phrase
SZ_Search_BayArea_Full_PRO,Near Me Core,sub zero technician near me,Exact,41.00,https://appliancepros.netlify.app/subzero/,Enabled,Enabled,Enabled,Near Me Core | Exact
SZ_Search_BayArea_Full_PRO,Near Me Core,sub zero technician near me,Phrase,41.00,https://appliancepros.netlify.app/subzero/,Enabled,Enabled,Enabled,Near Me Core | Phrase
SZ_Search_BayArea_Full_PRO,Freezer Not Freezing,sub zero top freezer not freezing,Exact,39.00,https://appliancepros.netlify.app/subzero/,Enabled,Enabled,Enabled,Freezer Not Freezing | Exact
SZ_Search_BayArea_Full_PRO,Freezer Not Freezing,sub zero top freezer not freezing,Phrase,39.00,https://appliancepros.netlify.app/subzero/,Enabled,Enabled,Enabled,Freezer Not Freezing | Phrase
SZ_Search_BayArea_Full_PRO,Fridge Not Cooling,sub zero top freezer refrigerator not cooling,Exact,39.00,https://appliancepros.netlify.app/subzero/,Enabled,Enabled,Enabled,Fridge Not Cooling | Exact
SZ_Search_BayArea_Full_PRO,Fridge Not Cooling,sub zero top freezer refrigerator not cooling,Phrase,39.00,https://appliancepros.netlify.app/subzero/,Enabled,Enabled,Enabled,Fridge Not Cooling | Phrase
SZ_Search_BayArea_Full_PRO,Fridge Not Cooling,sub zero undercounter ice maker not getting cold,Exact,39.00,https://appliancepros.netlify.app/subzero/,Enabled,Enabled,Enabled,Fridge Not Cooling | Exact
SZ_Search_BayArea_Full_PRO,Fridge Not Cooling,sub zero undercounter ice maker not getting cold,Phrase,39.00,https://appliancepros.netlify.app/subzero/,Enabled,Enabled,Enabled,Fridge Not Cooling | Phrase
SZ_Search_BayArea_Full_PRO,Ice Not Making,sub zero undercounter ice maker not making ice,Exact,39.00,https://appliancepros.netlify.app/subzero/,Enabled,Enabled,Enabled,Ice Not Making | Exact
SZ_Search_BayArea_Full_PRO,Ice Not Making,sub zero undercounter ice maker not making ice,Phrase,39.00,https://appliancepros.netlify.app/subzero/,Enabled,Enabled,Enabled,Ice Not Making | Phrase
SZ_Search_BayArea_Full_PRO,Ice Maker Not Working,sub zero undercounter ice maker not working,Exact,39.00,https://appliancepros.netlify.app/subzero/,Enabled,Enabled,Enabled,Ice Maker Not Working | Exact
SZ_Search_BayArea_Full_PRO,Ice Maker Not Working,sub zero undercounter ice maker not working,Phrase,39.00,https://appliancepros.netlify.app/subzero/,Enabled,Enabled,Enabled,Ice Maker Not Working | Phrase
SZ_Search_BayArea_Full_PRO,Refrigerator Repair Core,sub zero undercounter ice maker problems,Exact,35.00,https://appliancepros.netlify.app/subzero/,Enabled,Enabled,Enabled,Refrigerator Repair Core | Exact
SZ_Search_BayArea_Full_PRO,Refrigerator Repair Core,sub zero undercounter ice maker problems,Phrase,35.00,https://appliancepros.netlify.app/subzero/,Enabled,Enabled,Enabled,Refrigerator Repair Core | Phrase
SZ_Search_BayArea_Full_PRO,Refrigerator Repair Core,sub zero undercounter ice maker repair,Exact,35.00,https://appliancepros.netlify.app/subzero/,Enabled,Enabled,Enabled,Refrigerator Repair Core | Exact
SZ_Search_BayArea_Full_PRO,Refrigerator Repair Core,sub zero undercounter ice maker repair,Phrase,35.00,https://appliancepros.netlify.app/subzero/,Enabled,Enabled,Enabled,Refrigerator Repair Core | Phrase
SZ_Search_BayArea_Full_PRO,Freezer Service Core,sub zero upright freezer ice build up,Exact,32.00,https://appliancepros.netlify.app/subzero/,Enabled,Enabled,Enabled,Freezer Service Core | Exact
SZ_Search_BayArea_Full_PRO,Freezer Service Core,sub zero upright freezer ice build up,Phrase,32.00,https://appliancepros.netlify.app/subzero/,Enabled,Enabled,Enabled,Freezer Service Core | Phrase
SZ_Search_BayArea_Full_PRO,Fridge Not Cooling,sub zero upright freezer not cooling,Exact,39.00,https://appliancepros.netlify.app/subzero/,Enabled,Enabled,Enabled,Fridge Not Cooling | Exact
SZ_Search_BayArea_Full_PRO,Fridge Not Cooling,sub zero upright freezer not cooling,Phrase,39.00,https://appliancepros.netlify.app/subzero/,Enabled,Enabled,Enabled,Fridge Not Cooling | Phrase
SZ_Search_BayArea_Full_PRO,Freezer Not Freezing,sub zero upright freezer not freezing,Exact,39.00,https://appliancepros.netlify.app/subzero/,Enabled,Enabled,Enabled,Freezer Not Freezing | Exact
SZ_Search_BayArea_Full_PRO,Freezer Not Freezing,sub zero upright freezer not freezing,Phrase,39.00,https://appliancepros.netlify.app/subzero/,Enabled,Enabled,Enabled,Freezer Not Freezing | Phrase
SZ_Search_BayArea_Full_PRO,Freezer Not Working,sub zero upright freezer not working,Exact,35.00,https://appliancepros.netlify.app/subzero/,Enabled,Enabled,Enabled,Freezer Not Working | Exact
SZ_Search_BayArea_Full_PRO,Freezer Not Working,sub zero upright freezer not working,Phrase,35.00,https://appliancepros.netlify.app/subzero/,Enabled,Enabled,Enabled,Freezer Not Working | Phrase
SZ_Search_BayArea_Full_PRO,Freezer Service Core,sub zero upright freezer problems,Exact,32.00,https://appliancepros.netlify.app/subzero/,Enabled,Enabled,Enabled,Freezer Service Core | Exact
SZ_Search_BayArea_Full_PRO,Freezer Service Core,sub zero upright freezer problems,Phrase,32.00,https://appliancepros.netlify.app/subzero/,Enabled,Enabled,Enabled,Freezer Service Core | Phrase
SZ_Search_BayArea_Full_PRO,Freezer Repair Core,sub zero upright freezer repair,Exact,35.00,https://appliancepros.netlify.app/subzero/,Enabled,Enabled,Enabled,Freezer Repair Core | Exact
SZ_Search_BayArea_Full_PRO,Freezer Repair Core,sub zero upright freezer repair,Phrase,35.00,https://appliancepros.netlify.app/subzero/,Enabled,Enabled,Enabled,Freezer Repair Core | Phrase
SZ_Search_BayArea_Full_PRO,Temperature Control,sub zero upright freezer temperature control not working,Exact,35.00,https://appliancepros.netlify.app/subzero/,Enabled,Enabled,Enabled,Temperature Control | Exact
SZ_Search_BayArea_Full_PRO,Temperature Control,sub zero upright freezer temperature control not working,Phrase,35.00,https://appliancepros.netlify.app/subzero/,Enabled,Enabled,Enabled,Temperature Control | Phrase
SZ_Search_BayArea_Full_PRO,Water Dispenser Repair,sub zero water dispenser not cooling,Exact,35.00,https://appliancepros.netlify.app/subzero/,Enabled,Enabled,Enabled,Water Dispenser Repair | Exact
SZ_Search_BayArea_Full_PRO,Water Dispenser Repair,sub zero water dispenser not cooling,Phrase,35.00,https://appliancepros.netlify.app/subzero/,Enabled,Enabled,Enabled,Water Dispenser Repair | Phrase
SZ_Search_BayArea_Full_PRO,Water Dispenser Repair,sub zero water dispenser not working,Exact,35.00,https://appliancepros.netlify.app/subzero/,Enabled,Enabled,Enabled,Water Dispenser Repair | Exact
SZ_Search_BayArea_Full_PRO,Water Dispenser Repair,sub zero water dispenser not working,Phrase,35.00,https://appliancepros.netlify.app/subzero/,Enabled,Enabled,Enabled,Water Dispenser Repair | Phrase
SZ_Search_BayArea_Full_PRO,Water Dispenser Repair,sub zero water dispenser problems,Exact,35.00,https://appliancepros.netlify.app/subzero/,Enabled,Enabled,Enabled,Water Dispenser Repair | Exact
SZ_Search_BayArea_Full_PRO,Water Dispenser Repair,sub zero water dispenser problems,Phrase,35.00,https://appliancepros.netlify.app/subzero/,Enabled,Enabled,Enabled,Water Dispenser Repair | Phrase
SZ_Search_BayArea_Full_PRO,Water Leak Repair,sub zero water leak in the refrigerator,Exact,39.00,https://appliancepros.netlify.app/subzero/,Enabled,Enabled,Enabled,Water Leak Repair | Exact
SZ_Search_BayArea_Full_PRO,Water Leak Repair,sub zero water leak in the refrigerator,Phrase,39.00,https://appliancepros.netlify.app/subzero/,Enabled,Enabled,Enabled,Water Leak Repair | Phrase
SZ_Search_BayArea_Full_PRO,Wine Cooler Repair,sub zero wine cooler repair,Exact,35.00,https://appliancepros.netlify.app/subzero/,Enabled,Enabled,Enabled,Wine Cooler Repair | Exact
SZ_Search_BayArea_Full_PRO,Wine Cooler Repair,sub zero wine cooler repair,Phrase,35.00,https://appliancepros.netlify.app/subzero/,Enabled,Enabled,Enabled,Wine Cooler Repair | Phrase
SZ_Search_BayArea_Full_PRO,Wine Cooler Repair,sub zero wine fridge not cooling,Exact,35.00,https://appliancepros.netlify.app/subzero/,Enabled,Enabled,Enabled,Wine Cooler Repair | Exact
SZ_Search_BayArea_Full_PRO,Wine Cooler Repair,sub zero wine fridge not cooling,Phrase,35.00,https://appliancepros.netlify.app/subzero/,Enabled,Enabled,Enabled,Wine Cooler Repair | Phrase
SZ_Search_BayArea_Full_PRO,Wine Cooler Repair,sub zero wine fridge repair,Exact,35.00,https://appliancepros.netlify.app/subzero/,Enabled,Enabled,Enabled,Wine Cooler Repair | Exact
SZ_Search_BayArea_Full_PRO,Wine Cooler Repair,sub zero wine fridge repair,Phrase,35.00,https://appliancepros.netlify.app/subzero/,Enabled,Enabled,Enabled,Wine Cooler Repair | Phrase
SZ_Search_BayArea_Full_PRO,Wine Cooler Repair,sub zero wine fridge service,Exact,35.00,https://appliancepros.netlify.app/subzero/,Enabled,Enabled,Enabled,Wine Cooler Repair | Exact
SZ_Search_BayArea_Full_PRO,Wine Cooler Repair,sub zero wine fridge service,Phrase,35.00,https://appliancepros.netlify.app/subzero/,Enabled,Enabled,Enabled,Wine Cooler Repair | Phrase
SZ_Search_BayArea_Full_PRO,Refrigerator Repair Core,sub zero won t make ice,Exact,35.00,https://appliancepros.netlify.app/subzero/,Enabled,Enabled,Enabled,Refrigerator Repair Core | Exact
SZ_Search_BayArea_Full_PRO,Refrigerator Repair Core,sub zero won t make ice,Phrase,35.00,https://appliancepros.netlify.app/subzero/,Enabled,Enabled,Enabled,Refrigerator Repair Core | Phrase
SZ_Search_BayArea_Full_PRO,Refrigerator Repair Core,sub zeros services,Exact,35.00,https://appliancepros.netlify.app/subzero/,Enabled,Enabled,Enabled,Refrigerator Repair Core | Exact
SZ_Search_BayArea_Full_PRO,Refrigerator Repair Core,sub zeros services,Phrase,35.00,https://appliancepros.netlify.app/subzero/,Enabled,Enabled,Enabled,Refrigerator Repair Core | Phrase
SZ_Search_BayArea_Full_PRO,Appliance Repair Core,subzero appliance repair,Exact,35.00,https://appliancepros.netlify.app/subzero/,Enabled,Enabled,Enabled,Appliance Repair Core | Exact
SZ_Search_BayArea_Full_PRO,Appliance Repair Core,subzero appliance repair,Phrase,35.00,https://appliancepros.netlify.app/subzero/,Enabled,Enabled,Enabled,Appliance Repair Core | Phrase
SZ_Search_BayArea_Full_PRO,Appliance Repair Core,subzero appliance repair in sf,Exact,35.00,https://appliancepros.netlify.app/subzero/,Enabled,Enabled,Enabled,Appliance Repair Core | Exact
SZ_Search_BayArea_Full_PRO,Appliance Repair Core,subzero appliance repair in sf,Phrase,35.00,https://appliancepros.netlify.app/subzero/,Enabled,Enabled,Enabled,Appliance Repair Core | Phrase
SZ_Search_BayArea_Full_PRO,Geo SF Repair,subzero appliance repair san francisco,Exact,38.00,https://appliancepros.netlify.app/subzero/,Enabled,Enabled,Enabled,Geo SF Repair | Exact
SZ_Search_BayArea_Full_PRO,Geo SF Repair,subzero appliance repair san francisco,Phrase,38.00,https://appliancepros.netlify.app/subzero/,Enabled,Enabled,Enabled,Geo SF Repair | Phrase
SZ_Search_BayArea_Full_PRO,Refrigerator Repair Core,subzero fridge repair,Exact,35.00,https://appliancepros.netlify.app/subzero/,Enabled,Enabled,Enabled,Refrigerator Repair Core | Exact
SZ_Search_BayArea_Full_PRO,Refrigerator Repair Core,subzero fridge repair,Phrase,35.00,https://appliancepros.netlify.app/subzero/,Enabled,Enabled,Enabled,Refrigerator Repair Core | Phrase
SZ_Search_BayArea_Full_PRO,Refrigerator Repair Core,subzero refrigerator repair,Exact,35.00,https://appliancepros.netlify.app/subzero/,Enabled,Enabled,Enabled,Refrigerator Repair Core | Exact
SZ_Search_BayArea_Full_PRO,Refrigerator Repair Core,subzero refrigerator repair,Phrase,35.00,https://appliancepros.netlify.app/subzero/,Enabled,Enabled,Enabled,Refrigerator Repair Core | Phrase
SZ_Search_BayArea_Full_PRO,Geo SF Repair,subzero refrigerator repair san francisco,Exact,38.00,https://appliancepros.netlify.app/subzero/,Enabled,Enabled,Enabled,Geo SF Repair | Exact
SZ_Search_BayArea_Full_PRO,Geo SF Repair,subzero refrigerator repair san francisco,Phrase,38.00,https://appliancepros.netlify.app/subzero/,Enabled,Enabled,Enabled,Geo SF Repair | Phrase
SZ_Search_BayArea_Full_PRO,Appliance Repair Core,subzero repair,Exact,35.00,https://appliancepros.netlify.app/subzero/,Enabled,Enabled,Enabled,Appliance Repair Core | Exact
SZ_Search_BayArea_Full_PRO,Appliance Repair Core,subzero repair,Phrase,35.00,https://appliancepros.netlify.app/subzero/,Enabled,Enabled,Enabled,Appliance Repair Core | Phrase
SZ_Search_BayArea_Full_PRO,Geo SF Repair,subzero repair in san francisco ca,Exact,38.00,https://appliancepros.netlify.app/subzero/,Enabled,Enabled,Enabled,Geo SF Repair | Exact
SZ_Search_BayArea_Full_PRO,Geo SF Repair,subzero repair in san francisco ca,Phrase,38.00,https://appliancepros.netlify.app/subzero/,Enabled,Enabled,Enabled,Geo SF Repair | Phrase
SZ_Search_BayArea_Full_PRO,Appliance Repair Core,subzero repair in sf,Exact,35.00,https://appliancepros.netlify.app/subzero/,Enabled,Enabled,Enabled,Appliance Repair Core | Exact
SZ_Search_BayArea_Full_PRO,Appliance Repair Core,subzero repair in sf,Phrase,35.00,https://appliancepros.netlify.app/subzero/,Enabled,Enabled,Enabled,Appliance Repair Core | Phrase
SZ_Search_BayArea_Full_PRO,Geo SF Repair,subzero repair san francisco,Exact,38.00,https://appliancepros.netlify.app/subzero/,Enabled,Enabled,Enabled,Geo SF Repair | Exact
SZ_Search_BayArea_Full_PRO,Geo SF Repair,subzero repair san francisco,Phrase,38.00,https://appliancepros.netlify.app/subzero/,Enabled,Enabled,Enabled,Geo SF Repair | Phrase
SZ_Search_BayArea_Full_PRO,Appliance Repair Core,subzero repair sf,Exact,35.00,https://appliancepros.netlify.app/subzero/,Enabled,Enabled,Enabled,Appliance Repair Core | Exact
SZ_Search_BayArea_Full_PRO,Appliance Repair Core,subzero repair sf,Phrase,35.00,https://appliancepros.netlify.app/subzero/,Enabled,Enabled,Enabled,Appliance Repair Core | Phrase
SZ_Search_BayArea_Full_PRO,Water Dispenser Repair,water dispenser not working on sub zero fridge,Exact,35.00,https://appliancepros.netlify.app/subzero/,Enabled,Enabled,Enabled,Water Dispenser Repair | Exact
SZ_Search_BayArea_Full_PRO,Water Dispenser Repair,water dispenser not working on sub zero fridge,Phrase,35.00,https://appliancepros.netlify.app/subzero/,Enabled,Enabled,Enabled,Water Dispenser Repair | Phrase
SZ_Search_BayArea_Full_PRO,Refrigerator Repair Core,water not coming out of sub zero refrigerator,Exact,35.00,https://appliancepros.netlify.app/subzero/,Enabled,Enabled,Enabled,Refrigerator Repair Core | Exact
SZ_Search_BayArea_Full_PRO,Refrigerator Repair Core,water not coming out of sub zero refrigerator,Phrase,35.00,https://appliancepros.netlify.app/subzero/,Enabled,Enabled,Enabled,Refrigerator Repair Core | Phrase
SZ_Search_BayArea_Full_PRO,Near Me Core,who services sub zero refrigerators near me,Exact,41.00,https://appliancepros.netlify.app/subzero/,Enabled,Enabled,Enabled,Near Me Core | Exact
SZ_Search_BayArea_Full_PRO,Near Me Core,who services sub zero refrigerators near me,Phrase,41.00,https://appliancepros.netlify.app/subzero/,Enabled,Enabled,Enabled,Near Me Core | Phrase
SZ_Search_BayArea_Full_PRO,Refrigerator Repair Core,why did my sub zero refrigerator stop making ice,Exact,35.00,https://appliancepros.netlify.app/subzero/,Enabled,Enabled,Enabled,Refrigerator Repair Core | Exact
SZ_Search_BayArea_Full_PRO,Refrigerator Repair Core,why did my sub zero refrigerator stop making ice,Phrase,35.00,https://appliancepros.netlify.app/subzero/,Enabled,Enabled,Enabled,Refrigerator Repair Core | Phrase
SZ_Search_BayArea_Full_PRO,Refrigerator Repair Core,why isn t my sub zero ice maker working,Exact,35.00,https://appliancepros.netlify.app/subzero/,Enabled,Enabled,Enabled,Refrigerator Repair Core | Exact
SZ_Search_BayArea_Full_PRO,Refrigerator Repair Core,why isn t my sub zero ice maker working,Phrase,35.00,https://appliancepros.netlify.app/subzero/,Enabled,Enabled,Enabled,Refrigerator Repair Core | Phrase
SZ_Search_BayArea_Full_PRO,Fridge Not Cooling,why my sub zero refrigerator is not cooling,Exact,39.00,https://appliancepros.netlify.app/subzero/,Enabled,Enabled,Enabled,Fridge Not Cooling | Exact
SZ_Search_BayArea_Full_PRO,Fridge Not Cooling,why my sub zero refrigerator is not cooling,Phrase,39.00,https://appliancepros.netlify.app/subzero/,Enabled,Enabled,Enabled,Fridge Not Cooling | Phrase
SZ_Search_BayArea_Full_PRO,Fridge Not Cooling,why sub zero refrigerator not cooling,Exact,39.00,https://appliancepros.netlify.app/subzero/,Enabled,Enabled,Enabled,Fridge Not Cooling | Exact
SZ_Search_BayArea_Full_PRO,Fridge Not Cooling,why sub zero refrigerator not cooling,Phrase,39.00,https://appliancepros.netlify.app/subzero/,Enabled,Enabled,Enabled,Fridge Not Cooling | Phrase
