Campaign,Ad Group,Ad type,Labels,Headline 1,Headline 1 position,Headline 2,Headline 2 position,Headline 3,Headline 3 position,Headline 4,Headline 4 position,Headline 5,Headline 5 position,Headline 6,Headline 6 position,Headline 7,Headline 7 position,Headline 8,Headline 8 position,Headline 9,Headline 9 position,Headline 10,Headline 10 position,Headline 11,Headline 11 position,Headline 12,Headline 12 position,Headline 13,Headline 13 position,Headline 14,Headline 14 position,Headline 15,Headline 15 position,Description 1,Description 1 position,Description 2,Description 2 position,Description 3,Description 3 position,Description 4,Description 4 position,Path 1,Path 2,Final URL,Final mobile URL,Tracking template,Final URL suffix,Custom parameters,Campaign Status,Ad Group Status,Status,Approval Status,Ad strength,Comment
SZ_Search_BayArea_ExactPhrase_2026,Core Brand Repair,Responsive search ad,deep5000_ctr_urgency,Sub-Zero Repair Service,1,subzero repair,,Emergency Slots Open,,Same Day Service Available,,Call Now Book In 60 Sec,,Technician Arrives Today,,Fast In-Home Diagnosis,,Bay Area Local Team,,Stop Cooling Problems Fast,,Priority Service Window,,No Repair Without Approval,,Upfront Quote Before Repair,,Warranty On Repair Work,,Book Online Or Call Now,,Sub-Zero Repair Experts,,Need help now? Book same-day service for Sub-Zero repair and get a confirmed arrival,,"Local tech diagnoses fast, explains options, and repairs only after your approval.",,"We fix cooling, leak, freezer, ice maker, and temperature issues across Bay Area.",,Call now or book online in under a minute to secure the next priority slot.,,sub-zero,core-brand-repa,https://appliancepros.netlify.app/subzero/,,,,,Enabled,Enabled,Enabled,,,CTR/CVR variant: urgency + keyword relevance
SZ_Search_BayArea_ExactPhrase_2026,Core Brand Repair,Responsive search ad,deep5000_ctr_trust,Sub-Zero Repair Service,1,subzero repair,,Trusted Bay Area Service,,Local Sub-Zero Specialists,,Licensed Insured Tech Team,,Clear Diagnosis First,,Transparent Repair Process,,No Hidden Repair Surprises,,Repair With Your Approval,,Warranty On Completed Work,,Book Online Or By Phone,,Experienced Home Technicians,,Flexible Arrival Windows,,Reliable Long Lasting Repair,,Sub-Zero Appliance Repair,,Trusted Sub-Zero specialists with accurate diagnosis for Sub-Zero repair and long-lasting,,You get a clear quote before work starts and approve every repair step.,,"From fridge and freezer faults to leaks and ice issues, we cover major failures.",,Choose a convenient arrival window and get support from first call to final test.,,sub-zero,core-brand-repa,https://appliancepros.netlify.app/subzero/,,,,,Enabled,Enabled,Enabled,,,CTR/CVR variant: trust + keyword relevance
SZ_Search_BayArea_ExactPhrase_2026,Core Brand Repair,Responsive search ad,deep5000_ctr_value,Sub-Zero Repair Service,1,subzero repair,,Upfront Pricing No Surprises,,Repair Cost Quote First,,Same Day Or Next Day Slots,,Book Service In 60 Seconds,,Fix It Before It Gets Worse,,Priority Appointment Options,,No Repair Without Your OK,,Honest Repair Recommendations,,Clear Scope Before Work,,Call Now For Priority Slot,,Sub-Zero Service Near You,,Schedule Today Save Time,,Fast Local Bay Area Response,,Get fast diagnosis and upfront pricing for Sub-Zero repair before damage gets worse.,,Same-day or next-day appointments across Bay Area with transparent service rates.,,"We repair cooling, freezer, leak, and ice maker problems in one service flow.",,Call now for a priority slot or book online in under 60 seconds.,,sub-zero,core-brand-repa,https://appliancepros.netlify.app/subzero/,,,,,Enabled,Enabled,Enabled,,,CTR/CVR variant: value + keyword relevance
SZ_Search_BayArea_ExactPhrase_2026,Core Brand Service,Responsive search ad,deep5000_ctr_urgency,Sub-Zero Service Experts,1,subzero service,,Emergency Slots Open,,Same Day Service Available,,Call Now Book In 60 Sec,,Technician Arrives Today,,Fast In-Home Diagnosis,,Bay Area Local Team,,Stop Cooling Problems Fast,,Priority Service Window,,No Repair Without Approval,,Upfront Quote Before Repair,,Warranty On Repair Work,,Book Online Or Call Now,,Sub-Zero Repair Experts,,Need help now? Book same-day service for Sub-Zero service and get a confirmed arrival,,"Local tech diagnoses fast, explains options, and repairs only after your approval.",,"We fix cooling, leak, freezer, ice maker, and temperature issues across Bay Area.",,Call now or book online in under a minute to secure the next priority slot.,,sub-zero,core-brand-serv,https://appliancepros.netlify.app/subzero/,,,,,Enabled,Enabled,Enabled,,,CTR/CVR variant: urgency + keyword relevance
SZ_Search_BayArea_ExactPhrase_2026,Core Brand Service,Responsive search ad,deep5000_ctr_trust,Sub-Zero Service Experts,1,subzero service,,Trusted Bay Area Service,,Local Sub-Zero Specialists,,Licensed Insured Tech Team,,Clear Diagnosis First,,Transparent Repair Process,,No Hidden Repair Surprises,,Repair With Your Approval,,Warranty On Completed Work,,Book Online Or By Phone,,Experienced Home Technicians,,Flexible Arrival Windows,,Reliable Long Lasting Repair,,Sub-Zero Service Near You,,Trusted Sub-Zero specialists with accurate diagnosis for Sub-Zero service and,,You get a clear quote before work starts and approve every repair step.,,"From fridge and freezer faults to leaks and ice issues, we cover major failures.",,Choose a convenient arrival window and get support from first call to final test.,,sub-zero,core-brand-serv,https://appliancepros.netlify.app/subzero/,,,,,Enabled,Enabled,Enabled,,,CTR/CVR variant: trust + keyword relevance
SZ_Search_BayArea_ExactPhrase_2026,Core Brand Service,Responsive search ad,deep5000_ctr_value,Sub-Zero Service Experts,1,subzero service,,Upfront Pricing No Surprises,,Repair Cost Quote First,,Same Day Or Next Day Slots,,Book Service In 60 Seconds,,Fix It Before It Gets Worse,,Priority Appointment Options,,No Repair Without Your OK,,Honest Repair Recommendations,,Clear Scope Before Work,,Call Now For Priority Slot,,Sub-Zero Service Near You,,Schedule Today Save Time,,Fast Local Bay Area Response,,Get fast diagnosis and upfront pricing for Sub-Zero service before damage gets worse.,,Same-day or next-day appointments across Bay Area with transparent service rates.,,"We repair cooling, freezer, leak, and ice maker problems in one service flow.",,Call now for a priority slot or book online in under 60 seconds.,,sub-zero,core-brand-serv,https://appliancepros.netlify.app/subzero/,,,,,Enabled,Enabled,Enabled,,,CTR/CVR variant: value + keyword relevance
SZ_Search_BayArea_ExactPhrase_2026,Core Cost Quote,Responsive search ad,deep5000_ctr_urgency,Sub-Zero Repair Cost Quote,1,subzero repair cost,,Emergency Slots Open,,Same Day Service Available,,Call Now Book In 60 Sec,,Technician Arrives Today,,Fast In-Home Diagnosis,,Bay Area Local Team,,Stop Cooling Problems Fast,,Priority Service Window,,No Repair Without Approval,,Upfront Quote Before Repair,,Warranty On Repair Work,,Book Online Or Call Now,,Sub-Zero Repair Experts,,Need help now? Book same-day service for clear repair pricing and get a confirmed arrival,,"Local tech diagnoses fast, explains options, and repairs only after your approval.",,"We fix cooling, leak, freezer, ice maker, and temperature issues across Bay Area.",,Call now or book online in under a minute to secure the next priority slot.,,sub-zero,core-cost-quote,https://appliancepros.netlify.app/subzero/,,,,,Enabled,Enabled,Enabled,,,CTR/CVR variant: urgency + keyword relevance
SZ_Search_BayArea_ExactPhrase_2026,Core Cost Quote,Responsive search ad,deep5000_ctr_trust,Sub-Zero Repair Cost Quote,1,subzero repair cost,,Trusted Bay Area Service,,Local Sub-Zero Specialists,,Licensed Insured Tech Team,,Clear Diagnosis First,,Transparent Repair Process,,No Hidden Repair Surprises,,Repair With Your Approval,,Warranty On Completed Work,,Book Online Or By Phone,,Experienced Home Technicians,,Flexible Arrival Windows,,Reliable Long Lasting Repair,,Sub-Zero Repair Estimate,,Trusted Sub-Zero specialists with accurate diagnosis for clear repair pricing and,,You get a clear quote before work starts and approve every repair step.,,"From fridge and freezer faults to leaks and ice issues, we cover major failures.",,Choose a convenient arrival window and get support from first call to final test.,,sub-zero,core-cost-quote,https://appliancepros.netlify.app/subzero/,,,,,Enabled,Enabled,Enabled,,,CTR/CVR variant: trust + keyword relevance
SZ_Search_BayArea_ExactPhrase_2026,Core Cost Quote,Responsive search ad,deep5000_ctr_value,Sub-Zero Repair Cost Quote,1,subzero repair cost,,Upfront Pricing No Surprises,,Repair Cost Quote First,,Same Day Or Next Day Slots,,Book Service In 60 Seconds,,Fix It Before It Gets Worse,,Priority Appointment Options,,No Repair Without Your OK,,Honest Repair Recommendations,,Clear Scope Before Work,,Call Now For Priority Slot,,Sub-Zero Service Near You,,Schedule Today Save Time,,Fast Local Bay Area Response,,Get fast diagnosis and upfront pricing for clear repair pricing before damage gets worse.,,Same-day or next-day appointments across Bay Area with transparent service rates.,,"We repair cooling, freezer, leak, and ice maker problems in one service flow.",,Call now for a priority slot or book online in under 60 seconds.,,sub-zero,core-cost-quote,https://appliancepros.netlify.app/subzero/,,,,,Enabled,Enabled,Enabled,,,CTR/CVR variant: value + keyword relevance
SZ_Search_BayArea_ExactPhrase_2026,Core Emergency,Responsive search ad,deep5000_ctr_urgency,Emergency Sub-Zero Repair,1,subzero same day repair,,Emergency Slots Open,,Same Day Service Available,,Call Now Book In 60 Sec,,Technician Arrives Today,,Fast In-Home Diagnosis,,Bay Area Local Team,,Stop Cooling Problems Fast,,Priority Service Window,,No Repair Without Approval,,Upfront Quote Before Repair,,Warranty On Repair Work,,Book Online Or Call Now,,Sub-Zero Repair Experts,,Need help now? Book same-day service for urgent Sub-Zero issues and get a confirmed,,"Local tech diagnoses fast, explains options, and repairs only after your approval.",,"We fix cooling, leak, freezer, ice maker, and temperature issues across Bay Area.",,Call now or book online in under a minute to secure the next priority slot.,,sub-zero,core-emergency,https://appliancepros.netlify.app/subzero/,,,,,Enabled,Enabled,Enabled,,,CTR/CVR variant: urgency + keyword relevance
SZ_Search_BayArea_ExactPhrase_2026,Core Emergency,Responsive search ad,deep5000_ctr_trust,Emergency Sub-Zero Repair,1,subzero same day repair,,Trusted Bay Area Service,,Local Sub-Zero Specialists,,Licensed Insured Tech Team,,Clear Diagnosis First,,Transparent Repair Process,,No Hidden Repair Surprises,,Repair With Your Approval,,Warranty On Completed Work,,Book Online Or By Phone,,Experienced Home Technicians,,Flexible Arrival Windows,,Reliable Long Lasting Repair,,Same Day Sub-Zero Repair,,Trusted Sub-Zero specialists with accurate diagnosis for urgent Sub-Zero issues and,,You get a clear quote before work starts and approve every repair step.,,"From fridge and freezer faults to leaks and ice issues, we cover major failures.",,Choose a convenient arrival window and get support from first call to final test.,,sub-zero,core-emergency,https://appliancepros.netlify.app/subzero/,,,,,Enabled,Enabled,Enabled,,,CTR/CVR variant: trust + keyword relevance
SZ_Search_BayArea_ExactPhrase_2026,Core Emergency,Responsive search ad,deep5000_ctr_value,Emergency Sub-Zero Repair,1,subzero same day repair,,Upfront Pricing No Surprises,,Repair Cost Quote First,,Same Day Or Next Day Slots,,Book Service In 60 Seconds,,Fix It Before It Gets Worse,,Priority Appointment Options,,No Repair Without Your OK,,Honest Repair Recommendations,,Clear Scope Before Work,,Call Now For Priority Slot,,Sub-Zero Service Near You,,Schedule Today Save Time,,Fast Local Bay Area Response,,Get fast diagnosis and upfront pricing for urgent Sub-Zero issues before damage gets,,Same-day or next-day appointments across Bay Area with transparent service rates.,,"We repair cooling, freezer, leak, and ice maker problems in one service flow.",,Call now for a priority slot or book online in under 60 seconds.,,sub-zero,core-emergency,https://appliancepros.netlify.app/subzero/,,,,,Enabled,Enabled,Enabled,,,CTR/CVR variant: value + keyword relevance
SZ_Search_BayArea_ExactPhrase_2026,Core Near Me,Responsive search ad,deep5000_ctr_urgency,Sub-Zero Repair Near Me,1,subzero repair near me,,Emergency Slots Open,,Same Day Service Available,,Call Now Book In 60 Sec,,Technician Arrives Today,,Fast In-Home Diagnosis,,Bay Area Local Team,,Stop Cooling Problems Fast,,Priority Service Window,,No Repair Without Approval,,Upfront Quote Before Repair,,Warranty On Repair Work,,Book Online Or Call Now,,Sub-Zero Repair Experts,,Need help now? Book same-day service for nearby Sub-Zero repair and get a confirmed,,"Local tech diagnoses fast, explains options, and repairs only after your approval.",,"We fix cooling, leak, freezer, ice maker, and temperature issues across Bay Area.",,Call now or book online in under a minute to secure the next priority slot.,,sub-zero,core-near-me,https://appliancepros.netlify.app/subzero/,,,,,Enabled,Enabled,Enabled,,,CTR/CVR variant: urgency + keyword relevance
SZ_Search_BayArea_ExactPhrase_2026,Core Near Me,Responsive search ad,deep5000_ctr_trust,Sub-Zero Repair Near Me,1,subzero repair near me,,Trusted Bay Area Service,,Local Sub-Zero Specialists,,Licensed Insured Tech Team,,Clear Diagnosis First,,Transparent Repair Process,,No Hidden Repair Surprises,,Repair With Your Approval,,Warranty On Completed Work,,Book Online Or By Phone,,Experienced Home Technicians,,Flexible Arrival Windows,,Reliable Long Lasting Repair,,Local Sub-Zero Repair,,Trusted Sub-Zero specialists with accurate diagnosis for nearby Sub-Zero repair and,,You get a clear quote before work starts and approve every repair step.,,"From fridge and freezer faults to leaks and ice issues, we cover major failures.",,Choose a convenient arrival window and get support from first call to final test.,,sub-zero,core-near-me,https://appliancepros.netlify.app/subzero/,,,,,Enabled,Enabled,Enabled,,,CTR/CVR variant: trust + keyword relevance
SZ_Search_BayArea_ExactPhrase_2026,Core Near Me,Responsive search ad,deep5000_ctr_value,Sub-Zero Repair Near Me,1,subzero repair near me,,Upfront Pricing No Surprises,,Repair Cost Quote First,,Same Day Or Next Day Slots,,Book Service In 60 Seconds,,Fix It Before It Gets Worse,,Priority Appointment Options,,No Repair Without Your OK,,Honest Repair Recommendations,,Clear Scope Before Work,,Call Now For Priority Slot,,Sub-Zero Service Near You,,Schedule Today Save Time,,Fast Local Bay Area Response,,Get fast diagnosis and upfront pricing for nearby Sub-Zero repair before damage gets,,Same-day or next-day appointments across Bay Area with transparent service rates.,,"We repair cooling, freezer, leak, and ice maker problems in one service flow.",,Call now for a priority slot or book online in under 60 seconds.,,sub-zero,core-near-me,https://appliancepros.netlify.app/subzero/,,,,,Enabled,Enabled,Enabled,,,CTR/CVR variant: value + keyword relevance
SZ_Search_BayArea_ExactPhrase_2026,Door Seal Repair,Responsive search ad,deep5000_ctr_urgency,Sub-Zero Door Seal Repair,1,subzero gasket issue repair,,Emergency Slots Open,,Same Day Service Available,,Call Now Book In 60 Sec,,Technician Arrives Today,,Fast In-Home Diagnosis,,Bay Area Local Team,,Stop Cooling Problems Fast,,Priority Service Window,,No Repair Without Approval,,Upfront Quote Before Repair,,Warranty On Repair Work,,Book Online Or Call Now,,Sub-Zero Repair Experts,,Need help now? Book same-day service for door seal issues and get a confirmed arrival,,"Local tech diagnoses fast, explains options, and repairs only after your approval.",,"We fix cooling, leak, freezer, ice maker, and temperature issues across Bay Area.",,Call now or book online in under a minute to secure the next priority slot.,,sub-zero,door-seal-repai,https://appliancepros.netlify.app/subzero/,,,,,Enabled,Enabled,Enabled,,,CTR/CVR variant: urgency + keyword relevance
SZ_Search_BayArea_ExactPhrase_2026,Door Seal Repair,Responsive search ad,deep5000_ctr_trust,Sub-Zero Door Seal Repair,1,subzero gasket issue repair,,Trusted Bay Area Service,,Local Sub-Zero Specialists,,Licensed Insured Tech Team,,Clear Diagnosis First,,Transparent Repair Process,,No Hidden Repair Surprises,,Repair With Your Approval,,Warranty On Completed Work,,Book Online Or By Phone,,Experienced Home Technicians,,Flexible Arrival Windows,,Reliable Long Lasting Repair,,Sub-Zero Gasket Repair,,Trusted Sub-Zero specialists with accurate diagnosis for door seal issues and,,You get a clear quote before work starts and approve every repair step.,,"From fridge and freezer faults to leaks and ice issues, we cover major failures.",,Choose a convenient arrival window and get support from first call to final test.,,sub-zero,door-seal-repai,https://appliancepros.netlify.app/subzero/,,,,,Enabled,Enabled,Enabled,,,CTR/CVR variant: trust + keyword relevance
SZ_Search_BayArea_ExactPhrase_2026,Door Seal Repair,Responsive search ad,deep5000_ctr_value,Sub-Zero Door Seal Repair,1,subzero gasket issue repair,,Upfront Pricing No Surprises,,Repair Cost Quote First,,Same Day Or Next Day Slots,,Book Service In 60 Seconds,,Fix It Before It Gets Worse,,Priority Appointment Options,,No Repair Without Your OK,,Honest Repair Recommendations,,Clear Scope Before Work,,Call Now For Priority Slot,,Sub-Zero Service Near You,,Schedule Today Save Time,,Fast Local Bay Area Response,,Get fast diagnosis and upfront pricing for door seal issues before damage gets worse.,,Same-day or next-day appointments across Bay Area with transparent service rates.,,"We repair cooling, freezer, leak, and ice maker problems in one service flow.",,Call now for a priority slot or book online in under 60 seconds.,,sub-zero,door-seal-repai,https://appliancepros.netlify.app/subzero/,,,,,Enabled,Enabled,Enabled,,,CTR/CVR variant: value + keyword relevance
SZ_Search_BayArea_ExactPhrase_2026,Freezer Repair,Responsive search ad,deep5000_ctr_urgency,Sub-Zero Freezer Repair,1,freezer repair subzero,,Emergency Slots Open,,Same Day Service Available,,Call Now Book In 60 Sec,,Technician Arrives Today,,Fast In-Home Diagnosis,,Bay Area Local Team,,Stop Cooling Problems Fast,,Priority Service Window,,No Repair Without Approval,,Upfront Quote Before Repair,,Warranty On Repair Work,,Book Online Or Call Now,,Sub-Zero Repair Experts,,Need help now? Book same-day service for freezer problems and get a confirmed arrival,,"Local tech diagnoses fast, explains options, and repairs only after your approval.",,"We fix cooling, leak, freezer, ice maker, and temperature issues across Bay Area.",,Call now or book online in under a minute to secure the next priority slot.,,sub-zero,freezer-repair,https://appliancepros.netlify.app/subzero/,,,,,Enabled,Enabled,Enabled,,,CTR/CVR variant: urgency + keyword relevance
SZ_Search_BayArea_ExactPhrase_2026,Freezer Repair,Responsive search ad,deep5000_ctr_trust,Sub-Zero Freezer Repair,1,freezer repair subzero,,Trusted Bay Area Service,,Local Sub-Zero Specialists,,Licensed Insured Tech Team,,Clear Diagnosis First,,Transparent Repair Process,,No Hidden Repair Surprises,,Repair With Your Approval,,Warranty On Completed Work,,Book Online Or By Phone,,Experienced Home Technicians,,Flexible Arrival Windows,,Reliable Long Lasting Repair,,Sub-Zero Freezer Service,,Trusted Sub-Zero specialists with accurate diagnosis for freezer problems and,,You get a clear quote before work starts and approve every repair step.,,"From fridge and freezer faults to leaks and ice issues, we cover major failures.",,Choose a convenient arrival window and get support from first call to final test.,,sub-zero,freezer-repair,https://appliancepros.netlify.app/subzero/,,,,,Enabled,Enabled,Enabled,,,CTR/CVR variant: trust + keyword relevance
SZ_Search_BayArea_ExactPhrase_2026,Freezer Repair,Responsive search ad,deep5000_ctr_value,Sub-Zero Freezer Repair,1,freezer repair subzero,,Upfront Pricing No Surprises,,Repair Cost Quote First,,Same Day Or Next Day Slots,,Book Service In 60 Seconds,,Fix It Before It Gets Worse,,Priority Appointment Options,,No Repair Without Your OK,,Honest Repair Recommendations,,Clear Scope Before Work,,Call Now For Priority Slot,,Sub-Zero Service Near You,,Schedule Today Save Time,,Fast Local Bay Area Response,,Get fast diagnosis and upfront pricing for freezer problems before damage gets worse.,,Same-day or next-day appointments across Bay Area with transparent service rates.,,"We repair cooling, freezer, leak, and ice maker problems in one service flow.",,Call now for a priority slot or book online in under 60 seconds.,,sub-zero,freezer-repair,https://appliancepros.netlify.app/subzero/,,,,,Enabled,Enabled,Enabled,,,CTR/CVR variant: value + keyword relevance
SZ_Search_BayArea_ExactPhrase_2026,Geo Alameda Repair,Responsive search ad,deep5000_ctr_urgency,Sub-Zero Repair Alameda,1,alameda subzero repair,,Emergency Slots Open,,Same Day Service Available,,Call Now Book In 60 Sec,,Technician Arrives Today,,Fast In-Home Diagnosis,,Bay Area Local Team,,Stop Cooling Problems Fast,,Priority Service Window,,No Repair Without Approval,,Upfront Quote Before Repair,,Warranty On Repair Work,,Book Online Or Call Now,,Sub-Zero Repair Experts,,Need help now? Book same-day service in Alameda and get a confirmed arrival window.,,"Local tech diagnoses fast, explains options, and repairs only after your approval.",,"We fix cooling, leak, freezer, ice maker, and temperature issues across Bay Area.",,Call now or book online in under a minute to secure the next priority slot.,,sub-zero,geo-alameda-rep,https://appliancepros.netlify.app/subzero/,,,,,Enabled,Enabled,Enabled,,,CTR/CVR variant: urgency + keyword relevance
SZ_Search_BayArea_ExactPhrase_2026,Geo Alameda Repair,Responsive search ad,deep5000_ctr_trust,Sub-Zero Repair Alameda,1,alameda subzero repair,,Trusted Bay Area Service,,Local Sub-Zero Specialists,,Licensed Insured Tech Team,,Clear Diagnosis First,,Transparent Repair Process,,No Hidden Repair Surprises,,Repair With Your Approval,,Warranty On Completed Work,,Book Online Or By Phone,,Experienced Home Technicians,,Flexible Arrival Windows,,Reliable Long Lasting Repair,,Alameda Sub-Zero Service,,Trusted Sub-Zero specialists with accurate diagnosis in Alameda and long-lasting repair.,,You get a clear quote before work starts and approve every repair step.,,"From fridge and freezer faults to leaks and ice issues, we cover major failures.",,Choose a convenient arrival window and get support from first call to final test.,,sub-zero,geo-alameda-rep,https://appliancepros.netlify.app/subzero/,,,,,Enabled,Enabled,Enabled,,,CTR/CVR variant: trust + keyword relevance
SZ_Search_BayArea_ExactPhrase_2026,Geo Alameda Repair,Responsive search ad,deep5000_ctr_value,Sub-Zero Repair Alameda,1,alameda subzero repair,,Upfront Pricing No Surprises,,Repair Cost Quote First,,Same Day Or Next Day Slots,,Book Service In 60 Seconds,,Fix It Before It Gets Worse,,Priority Appointment Options,,No Repair Without Your OK,,Honest Repair Recommendations,,Clear Scope Before Work,,Call Now For Priority Slot,,Sub-Zero Service Near You,,Schedule Today Save Time,,Fast Local Bay Area Response,,Get fast diagnosis and upfront pricing in Alameda before damage gets worse.,,Same-day or next-day appointments across Bay Area with transparent service rates.,,"We repair cooling, freezer, leak, and ice maker problems in one service flow.",,Call now for a priority slot or book online in under 60 seconds.,,sub-zero,geo-alameda-rep,https://appliancepros.netlify.app/subzero/,,,,,Enabled,Enabled,Enabled,,,CTR/CVR variant: value + keyword relevance
SZ_Search_BayArea_ExactPhrase_2026,Geo Belmont Repair,Responsive search ad,deep5000_ctr_urgency,Sub-Zero Repair Belmont,1,belmont subzero repair,,Emergency Slots Open,,Same Day Service Available,,Call Now Book In 60 Sec,,Technician Arrives Today,,Fast In-Home Diagnosis,,Bay Area Local Team,,Stop Cooling Problems Fast,,Priority Service Window,,No Repair Without Approval,,Upfront Quote Before Repair,,Warranty On Repair Work,,Book Online Or Call Now,,Sub-Zero Repair Experts,,Need help now? Book same-day service in Belmont and get a confirmed arrival window.,,"Local tech diagnoses fast, explains options, and repairs only after your approval.",,"We fix cooling, leak, freezer, ice maker, and temperature issues across Bay Area.",,Call now or book online in under a minute to secure the next priority slot.,,sub-zero,geo-belmont-rep,https://appliancepros.netlify.app/subzero/,,,,,Enabled,Enabled,Enabled,,,CTR/CVR variant: urgency + keyword relevance
SZ_Search_BayArea_ExactPhrase_2026,Geo Belmont Repair,Responsive search ad,deep5000_ctr_trust,Sub-Zero Repair Belmont,1,belmont subzero repair,,Trusted Bay Area Service,,Local Sub-Zero Specialists,,Licensed Insured Tech Team,,Clear Diagnosis First,,Transparent Repair Process,,No Hidden Repair Surprises,,Repair With Your Approval,,Warranty On Completed Work,,Book Online Or By Phone,,Experienced Home Technicians,,Flexible Arrival Windows,,Reliable Long Lasting Repair,,Belmont Sub-Zero Service,,Trusted Sub-Zero specialists with accurate diagnosis in Belmont and long-lasting repair.,,You get a clear quote before work starts and approve every repair step.,,"From fridge and freezer faults to leaks and ice issues, we cover major failures.",,Choose a convenient arrival window and get support from first call to final test.,,sub-zero,geo-belmont-rep,https://appliancepros.netlify.app/subzero/,,,,,Enabled,Enabled,Enabled,,,CTR/CVR variant: trust + keyword relevance
SZ_Search_BayArea_ExactPhrase_2026,Geo Belmont Repair,Responsive search ad,deep5000_ctr_value,Sub-Zero Repair Belmont,1,belmont subzero repair,,Upfront Pricing No Surprises,,Repair Cost Quote First,,Same Day Or Next Day Slots,,Book Service In 60 Seconds,,Fix It Before It Gets Worse,,Priority Appointment Options,,No Repair Without Your OK,,Honest Repair Recommendations,,Clear Scope Before Work,,Call Now For Priority Slot,,Sub-Zero Service Near You,,Schedule Today Save Time,,Fast Local Bay Area Response,,Get fast diagnosis and upfront pricing in Belmont before damage gets worse.,,Same-day or next-day appointments across Bay Area with transparent service rates.,,"We repair cooling, freezer, leak, and ice maker problems in one service flow.",,Call now for a priority slot or book online in under 60 seconds.,,sub-zero,geo-belmont-rep,https://appliancepros.netlify.app/subzero/,,,,,Enabled,Enabled,Enabled,,,CTR/CVR variant: value + keyword relevance
SZ_Search_BayArea_ExactPhrase_2026,Geo Berkeley Repair,Responsive search ad,deep5000_ctr_urgency,Sub-Zero Repair Berkeley,1,subzero repair berkeley,,Emergency Slots Open,,Same Day Service Available,,Call Now Book In 60 Sec,,Technician Arrives Today,,Fast In-Home Diagnosis,,Bay Area Local Team,,Stop Cooling Problems Fast,,Priority Service Window,,No Repair Without Approval,,Upfront Quote Before Repair,,Warranty On Repair Work,,Book Online Or Call Now,,Sub-Zero Repair Experts,,Need help now? Book same-day service in Berkeley and get a confirmed arrival window.,,"Local tech diagnoses fast, explains options, and repairs only after your approval.",,"We fix cooling, leak, freezer, ice maker, and temperature issues across Bay Area.",,Call now or book online in under a minute to secure the next priority slot.,,sub-zero,geo-berkeley-re,https://appliancepros.netlify.app/subzero/,,,,,Enabled,Enabled,Enabled,,,CTR/CVR variant: urgency + keyword relevance
SZ_Search_BayArea_ExactPhrase_2026,Geo Berkeley Repair,Responsive search ad,deep5000_ctr_trust,Sub-Zero Repair Berkeley,1,subzero repair berkeley,,Trusted Bay Area Service,,Local Sub-Zero Specialists,,Licensed Insured Tech Team,,Clear Diagnosis First,,Transparent Repair Process,,No Hidden Repair Surprises,,Repair With Your Approval,,Warranty On Completed Work,,Book Online Or By Phone,,Experienced Home Technicians,,Flexible Arrival Windows,,Reliable Long Lasting Repair,,Berkeley Sub-Zero Service,,Trusted Sub-Zero specialists with accurate diagnosis in Berkeley and long-lasting repair.,,You get a clear quote before work starts and approve every repair step.,,"From fridge and freezer faults to leaks and ice issues, we cover major failures.",,Choose a convenient arrival window and get support from first call to final test.,,sub-zero,geo-berkeley-re,https://appliancepros.netlify.app/subzero/,,,,,Enabled,Enabled,Enabled,,,CTR/CVR variant: trust + keyword relevance
SZ_Search_BayArea_ExactPhrase_2026,Geo Berkeley Repair,Responsive search ad,deep5000_ctr_value,Sub-Zero Repair Berkeley,1,subzero repair berkeley,,Upfront Pricing No Surprises,,Repair Cost Quote First,,Same Day Or Next Day Slots,,Book Service In 60 Seconds,,Fix It Before It Gets Worse,,Priority Appointment Options,,No Repair Without Your OK,,Honest Repair Recommendations,,Clear Scope Before Work,,Call Now For Priority Slot,,Sub-Zero Service Near You,,Schedule Today Save Time,,Fast Local Bay Area Response,,Get fast diagnosis and upfront pricing in Berkeley before damage gets worse.,,Same-day or next-day appointments across Bay Area with transparent service rates.,,"We repair cooling, freezer, leak, and ice maker problems in one service flow.",,Call now for a priority slot or book online in under 60 seconds.,,sub-zero,geo-berkeley-re,https://appliancepros.netlify.app/subzero/,,,,,Enabled,Enabled,Enabled,,,CTR/CVR variant: value + keyword relevance
SZ_Search_BayArea_ExactPhrase_2026,Geo Burlingame Repair,Responsive search ad,deep5000_ctr_urgency,Sub-Zero Repair Burlingame,1,burlingame subzero repair,,Emergency Slots Open,,Same Day Service Available,,Call Now Book In 60 Sec,,Technician Arrives Today,,Fast In-Home Diagnosis,,Bay Area Local Team,,Stop Cooling Problems Fast,,Priority Service Window,,No Repair Without Approval,,Upfront Quote Before Repair,,Warranty On Repair Work,,Book Online Or Call Now,,Sub-Zero Repair Experts,,Need help now? Book same-day service in Burlingame and get a confirmed arrival window.,,"Local tech diagnoses fast, explains options, and repairs only after your approval.",,"We fix cooling, leak, freezer, ice maker, and temperature issues across Bay Area.",,Call now or book online in under a minute to secure the next priority slot.,,sub-zero,geo-burlingame-,https://appliancepros.netlify.app/subzero/,,,,,Enabled,Enabled,Enabled,,,CTR/CVR variant: urgency + keyword relevance
SZ_Search_BayArea_ExactPhrase_2026,Geo Burlingame Repair,Responsive search ad,deep5000_ctr_trust,Sub-Zero Repair Burlingame,1,burlingame subzero repair,,Trusted Bay Area Service,,Local Sub-Zero Specialists,,Licensed Insured Tech Team,,Clear Diagnosis First,,Transparent Repair Process,,No Hidden Repair Surprises,,Repair With Your Approval,,Warranty On Completed Work,,Book Online Or By Phone,,Experienced Home Technicians,,Flexible Arrival Windows,,Reliable Long Lasting Repair,,Burlingame Sub-Zero Service,,Trusted Sub-Zero specialists with accurate diagnosis in Burlingame and long-lasting,,You get a clear quote before work starts and approve every repair step.,,"From fridge and freezer faults to leaks and ice issues, we cover major failures.",,Choose a convenient arrival window and get support from first call to final test.,,sub-zero,geo-burlingame-,https://appliancepros.netlify.app/subzero/,,,,,Enabled,Enabled,Enabled,,,CTR/CVR variant: trust + keyword relevance
SZ_Search_BayArea_ExactPhrase_2026,Geo Burlingame Repair,Responsive search ad,deep5000_ctr_value,Sub-Zero Repair Burlingame,1,burlingame subzero repair,,Upfront Pricing No Surprises,,Repair Cost Quote First,,Same Day Or Next Day Slots,,Book Service In 60 Seconds,,Fix It Before It Gets Worse,,Priority Appointment Options,,No Repair Without Your OK,,Honest Repair Recommendations,,Clear Scope Before Work,,Call Now For Priority Slot,,Sub-Zero Service Near You,,Schedule Today Save Time,,Fast Local Bay Area Response,,Get fast diagnosis and upfront pricing in Burlingame before damage gets worse.,,Same-day or next-day appointments across Bay Area with transparent service rates.,,"We repair cooling, freezer, leak, and ice maker problems in one service flow.",,Call now for a priority slot or book online in under 60 seconds.,,sub-zero,geo-burlingame-,https://appliancepros.netlify.app/subzero/,,,,,Enabled,Enabled,Enabled,,,CTR/CVR variant: value + keyword relevance
SZ_Search_BayArea_ExactPhrase_2026,Geo Campbell Repair,Responsive search ad,deep5000_ctr_urgency,Sub-Zero Repair Campbell,1,campbell subzero repair,,Emergency Slots Open,,Same Day Service Available,,Call Now Book In 60 Sec,,Technician Arrives Today,,Fast In-Home Diagnosis,,Bay Area Local Team,,Stop Cooling Problems Fast,,Priority Service Window,,No Repair Without Approval,,Upfront Quote Before Repair,,Warranty On Repair Work,,Book Online Or Call Now,,Sub-Zero Repair Experts,,Need help now? Book same-day service in Campbell and get a confirmed arrival window.,,"Local tech diagnoses fast, explains options, and repairs only after your approval.",,"We fix cooling, leak, freezer, ice maker, and temperature issues across Bay Area.",,Call now or book online in under a minute to secure the next priority slot.,,sub-zero,geo-campbell-re,https://appliancepros.netlify.app/subzero/,,,,,Enabled,Enabled,Enabled,,,CTR/CVR variant: urgency + keyword relevance
SZ_Search_BayArea_ExactPhrase_2026,Geo Campbell Repair,Responsive search ad,deep5000_ctr_trust,Sub-Zero Repair Campbell,1,campbell subzero repair,,Trusted Bay Area Service,,Local Sub-Zero Specialists,,Licensed Insured Tech Team,,Clear Diagnosis First,,Transparent Repair Process,,No Hidden Repair Surprises,,Repair With Your Approval,,Warranty On Completed Work,,Book Online Or By Phone,,Experienced Home Technicians,,Flexible Arrival Windows,,Reliable Long Lasting Repair,,Campbell Sub-Zero Service,,Trusted Sub-Zero specialists with accurate diagnosis in Campbell and long-lasting repair.,,You get a clear quote before work starts and approve every repair step.,,"From fridge and freezer faults to leaks and ice issues, we cover major failures.",,Choose a convenient arrival window and get support from first call to final test.,,sub-zero,geo-campbell-re,https://appliancepros.netlify.app/subzero/,,,,,Enabled,Enabled,Enabled,,,CTR/CVR variant: trust + keyword relevance
SZ_Search_BayArea_ExactPhrase_2026,Geo Campbell Repair,Responsive search ad,deep5000_ctr_value,Sub-Zero Repair Campbell,1,campbell subzero repair,,Upfront Pricing No Surprises,,Repair Cost Quote First,,Same Day Or Next Day Slots,,Book Service In 60 Seconds,,Fix It Before It Gets Worse,,Priority Appointment Options,,No Repair Without Your OK,,Honest Repair Recommendations,,Clear Scope Before Work,,Call Now For Priority Slot,,Sub-Zero Service Near You,,Schedule Today Save Time,,Fast Local Bay Area Response,,Get fast diagnosis and upfront pricing in Campbell before damage gets worse.,,Same-day or next-day appointments across Bay Area with transparent service rates.,,"We repair cooling, freezer, leak, and ice maker problems in one service flow.",,Call now for a priority slot or book online in under 60 seconds.,,sub-zero,geo-campbell-re,https://appliancepros.netlify.app/subzero/,,,,,Enabled,Enabled,Enabled,,,CTR/CVR variant: value + keyword relevance
SZ_Search_BayArea_ExactPhrase_2026,Geo CastroValley Repair,Responsive search ad,deep5000_ctr_urgency,Sub-Zero Repair Castro Valley,1,castro valley subzero repair,,Emergency Slots Open,,Same Day Service Available,,Call Now Book In 60 Sec,,Technician Arrives Today,,Fast In-Home Diagnosis,,Bay Area Local Team,,Stop Cooling Problems Fast,,Priority Service Window,,No Repair Without Approval,,Upfront Quote Before Repair,,Warranty On Repair Work,,Book Online Or Call Now,,Sub-Zero Repair Experts,,Need help now? Book same-day service in Castro Valley and get a confirmed arrival window.,,"Local tech diagnoses fast, explains options, and repairs only after your approval.",,"We fix cooling, leak, freezer, ice maker, and temperature issues across Bay Area.",,Call now or book online in under a minute to secure the next priority slot.,,sub-zero,geo-castrovalle,https://appliancepros.netlify.app/subzero/,,,,,Enabled,Enabled,Enabled,,,CTR/CVR variant: urgency + keyword relevance
SZ_Search_BayArea_ExactPhrase_2026,Geo CastroValley Repair,Responsive search ad,deep5000_ctr_trust,Sub-Zero Repair Castro Valley,1,castro valley subzero repair,,Trusted Bay Area Service,,Local Sub-Zero Specialists,,Licensed Insured Tech Team,,Clear Diagnosis First,,Transparent Repair Process,,No Hidden Repair Surprises,,Repair With Your Approval,,Warranty On Completed Work,,Book Online Or By Phone,,Experienced Home Technicians,,Flexible Arrival Windows,,Reliable Long Lasting Repair,,Castro Valley Sub-Zero Service,,Trusted Sub-Zero specialists with accurate diagnosis in Castro Valley and long-lasting,,You get a clear quote before work starts and approve every repair step.,,"From fridge and freezer faults to leaks and ice issues, we cover major failures.",,Choose a convenient arrival window and get support from first call to final test.,,sub-zero,geo-castrovalle,https://appliancepros.netlify.app/subzero/,,,,,Enabled,Enabled,Enabled,,,CTR/CVR variant: trust + keyword relevance
SZ_Search_BayArea_ExactPhrase_2026,Geo CastroValley Repair,Responsive search ad,deep5000_ctr_value,Sub-Zero Repair Castro Valley,1,castro valley subzero repair,,Upfront Pricing No Surprises,,Repair Cost Quote First,,Same Day Or Next Day Slots,,Book Service In 60 Seconds,,Fix It Before It Gets Worse,,Priority Appointment Options,,No Repair Without Your OK,,Honest Repair Recommendations,,Clear Scope Before Work,,Call Now For Priority Slot,,Sub-Zero Service Near You,,Schedule Today Save Time,,Fast Local Bay Area Response,,Get fast diagnosis and upfront pricing in Castro Valley before damage gets worse.,,Same-day or next-day appointments across Bay Area with transparent service rates.,,"We repair cooling, freezer, leak, and ice maker problems in one service flow.",,Call now for a priority slot or book online in under 60 seconds.,,sub-zero,geo-castrovalle,https://appliancepros.netlify.app/subzero/,,,,,Enabled,Enabled,Enabled,,,CTR/CVR variant: value + keyword relevance
SZ_Search_BayArea_ExactPhrase_2026,Geo Concord Repair,Responsive search ad,deep5000_ctr_urgency,Sub-Zero Repair Concord,1,subzero repair concord,,Emergency Slots Open,,Same Day Service Available,,Call Now Book In 60 Sec,,Technician Arrives Today,,Fast In-Home Diagnosis,,Bay Area Local Team,,Stop Cooling Problems Fast,,Priority Service Window,,No Repair Without Approval,,Upfront Quote Before Repair,,Warranty On Repair Work,,Book Online Or Call Now,,Sub-Zero Repair Experts,,Need help now? Book same-day service in Concord and get a confirmed arrival window.,,"Local tech diagnoses fast, explains options, and repairs only after your approval.",,"We fix cooling, leak, freezer, ice maker, and temperature issues across Bay Area.",,Call now or book online in under a minute to secure the next priority slot.,,sub-zero,geo-concord-rep,https://appliancepros.netlify.app/subzero/,,,,,Enabled,Enabled,Enabled,,,CTR/CVR variant: urgency + keyword relevance
SZ_Search_BayArea_ExactPhrase_2026,Geo Concord Repair,Responsive search ad,deep5000_ctr_trust,Sub-Zero Repair Concord,1,subzero repair concord,,Trusted Bay Area Service,,Local Sub-Zero Specialists,,Licensed Insured Tech Team,,Clear Diagnosis First,,Transparent Repair Process,,No Hidden Repair Surprises,,Repair With Your Approval,,Warranty On Completed Work,,Book Online Or By Phone,,Experienced Home Technicians,,Flexible Arrival Windows,,Reliable Long Lasting Repair,,Concord Sub-Zero Service,,Trusted Sub-Zero specialists with accurate diagnosis in Concord and long-lasting repair.,,You get a clear quote before work starts and approve every repair step.,,"From fridge and freezer faults to leaks and ice issues, we cover major failures.",,Choose a convenient arrival window and get support from first call to final test.,,sub-zero,geo-concord-rep,https://appliancepros.netlify.app/subzero/,,,,,Enabled,Enabled,Enabled,,,CTR/CVR variant: trust + keyword relevance
SZ_Search_BayArea_ExactPhrase_2026,Geo Concord Repair,Responsive search ad,deep5000_ctr_value,Sub-Zero Repair Concord,1,subzero repair concord,,Upfront Pricing No Surprises,,Repair Cost Quote First,,Same Day Or Next Day Slots,,Book Service In 60 Seconds,,Fix It Before It Gets Worse,,Priority Appointment Options,,No Repair Without Your OK,,Honest Repair Recommendations,,Clear Scope Before Work,,Call Now For Priority Slot,,Sub-Zero Service Near You,,Schedule Today Save Time,,Fast Local Bay Area Response,,Get fast diagnosis and upfront pricing in Concord before damage gets worse.,,Same-day or next-day appointments across Bay Area with transparent service rates.,,"We repair cooling, freezer, leak, and ice maker problems in one service flow.",,Call now for a priority slot or book online in under 60 seconds.,,sub-zero,geo-concord-rep,https://appliancepros.netlify.app/subzero/,,,,,Enabled,Enabled,Enabled,,,CTR/CVR variant: value + keyword relevance
SZ_Search_BayArea_ExactPhrase_2026,Geo Cupertino Repair,Responsive search ad,deep5000_ctr_urgency,Sub-Zero Repair Cupertino,1,cupertino subzero repair,,Emergency Slots Open,,Same Day Service Available,,Call Now Book In 60 Sec,,Technician Arrives Today,,Fast In-Home Diagnosis,,Bay Area Local Team,,Stop Cooling Problems Fast,,Priority Service Window,,No Repair Without Approval,,Upfront Quote Before Repair,,Warranty On Repair Work,,Book Online Or Call Now,,Sub-Zero Repair Experts,,Need help now? Book same-day service in Cupertino and get a confirmed arrival window.,,"Local tech diagnoses fast, explains options, and repairs only after your approval.",,"We fix cooling, leak, freezer, ice maker, and temperature issues across Bay Area.",,Call now or book online in under a minute to secure the next priority slot.,,sub-zero,geo-cupertino-r,https://appliancepros.netlify.app/subzero/,,,,,Enabled,Enabled,Enabled,,,CTR/CVR variant: urgency + keyword relevance
SZ_Search_BayArea_ExactPhrase_2026,Geo Cupertino Repair,Responsive search ad,deep5000_ctr_trust,Sub-Zero Repair Cupertino,1,cupertino subzero repair,,Trusted Bay Area Service,,Local Sub-Zero Specialists,,Licensed Insured Tech Team,,Clear Diagnosis First,,Transparent Repair Process,,No Hidden Repair Surprises,,Repair With Your Approval,,Warranty On Completed Work,,Book Online Or By Phone,,Experienced Home Technicians,,Flexible Arrival Windows,,Reliable Long Lasting Repair,,Cupertino Sub-Zero Service,,Trusted Sub-Zero specialists with accurate diagnosis in Cupertino and long-lasting repair.,,You get a clear quote before work starts and approve every repair step.,,"From fridge and freezer faults to leaks and ice issues, we cover major failures.",,Choose a convenient arrival window and get support from first call to final test.,,sub-zero,geo-cupertino-r,https://appliancepros.netlify.app/subzero/,,,,,Enabled,Enabled,Enabled,,,CTR/CVR variant: trust + keyword relevance
SZ_Search_BayArea_ExactPhrase_2026,Geo Cupertino Repair,Responsive search ad,deep5000_ctr_value,Sub-Zero Repair Cupertino,1,cupertino subzero repair,,Upfront Pricing No Surprises,,Repair Cost Quote First,,Same Day Or Next Day Slots,,Book Service In 60 Seconds,,Fix It Before It Gets Worse,,Priority Appointment Options,,No Repair Without Your OK,,Honest Repair Recommendations,,Clear Scope Before Work,,Call Now For Priority Slot,,Sub-Zero Service Near You,,Schedule Today Save Time,,Fast Local Bay Area Response,,Get fast diagnosis and upfront pricing in Cupertino before damage gets worse.,,Same-day or next-day appointments across Bay Area with transparent service rates.,,"We repair cooling, freezer, leak, and ice maker problems in one service flow.",,Call now for a priority slot or book online in under 60 seconds.,,sub-zero,geo-cupertino-r,https://appliancepros.netlify.app/subzero/,,,,,Enabled,Enabled,Enabled,,,CTR/CVR variant: value + keyword relevance
SZ_Search_BayArea_ExactPhrase_2026,Geo DalyCity Repair,Responsive search ad,deep5000_ctr_urgency,Sub-Zero Repair Daly City,1,subzero repair daly city,,Emergency Slots Open,,Same Day Service Available,,Call Now Book In 60 Sec,,Technician Arrives Today,,Fast In-Home Diagnosis,,Bay Area Local Team,,Stop Cooling Problems Fast,,Priority Service Window,,No Repair Without Approval,,Upfront Quote Before Repair,,Warranty On Repair Work,,Book Online Or Call Now,,Sub-Zero Repair Experts,,Need help now? Book same-day service in Daly City and get a confirmed arrival window.,,"Local tech diagnoses fast, explains options, and repairs only after your approval.",,"We fix cooling, leak, freezer, ice maker, and temperature issues across Bay Area.",,Call now or book online in under a minute to secure the next priority slot.,,sub-zero,geo-dalycity-re,https://appliancepros.netlify.app/subzero/,,,,,Enabled,Enabled,Enabled,,,CTR/CVR variant: urgency + keyword relevance
SZ_Search_BayArea_ExactPhrase_2026,Geo DalyCity Repair,Responsive search ad,deep5000_ctr_trust,Sub-Zero Repair Daly City,1,subzero repair daly city,,Trusted Bay Area Service,,Local Sub-Zero Specialists,,Licensed Insured Tech Team,,Clear Diagnosis First,,Transparent Repair Process,,No Hidden Repair Surprises,,Repair With Your Approval,,Warranty On Completed Work,,Book Online Or By Phone,,Experienced Home Technicians,,Flexible Arrival Windows,,Reliable Long Lasting Repair,,Daly City Sub-Zero Service,,Trusted Sub-Zero specialists with accurate diagnosis in Daly City and long-lasting repair.,,You get a clear quote before work starts and approve every repair step.,,"From fridge and freezer faults to leaks and ice issues, we cover major failures.",,Choose a convenient arrival window and get support from first call to final test.,,sub-zero,geo-dalycity-re,https://appliancepros.netlify.app/subzero/,,,,,Enabled,Enabled,Enabled,,,CTR/CVR variant: trust + keyword relevance
SZ_Search_BayArea_ExactPhrase_2026,Geo DalyCity Repair,Responsive search ad,deep5000_ctr_value,Sub-Zero Repair Daly City,1,subzero repair daly city,,Upfront Pricing No Surprises,,Repair Cost Quote First,,Same Day Or Next Day Slots,,Book Service In 60 Seconds,,Fix It Before It Gets Worse,,Priority Appointment Options,,No Repair Without Your OK,,Honest Repair Recommendations,,Clear Scope Before Work,,Call Now For Priority Slot,,Sub-Zero Service Near You,,Schedule Today Save Time,,Fast Local Bay Area Response,,Get fast diagnosis and upfront pricing in Daly City before damage gets worse.,,Same-day or next-day appointments across Bay Area with transparent service rates.,,"We repair cooling, freezer, leak, and ice maker problems in one service flow.",,Call now for a priority slot or book online in under 60 seconds.,,sub-zero,geo-dalycity-re,https://appliancepros.netlify.app/subzero/,,,,,Enabled,Enabled,Enabled,,,CTR/CVR variant: value + keyword relevance
SZ_Search_BayArea_ExactPhrase_2026,Geo Emeryville Repair,Responsive search ad,deep5000_ctr_urgency,Sub-Zero Repair Emeryville,1,subzero repair emeryville,,Emergency Slots Open,,Same Day Service Available,,Call Now Book In 60 Sec,,Technician Arrives Today,,Fast In-Home Diagnosis,,Bay Area Local Team,,Stop Cooling Problems Fast,,Priority Service Window,,No Repair Without Approval,,Upfront Quote Before Repair,,Warranty On Repair Work,,Book Online Or Call Now,,Sub-Zero Repair Experts,,Need help now? Book same-day service in Emeryville and get a confirmed arrival window.,,"Local tech diagnoses fast, explains options, and repairs only after your approval.",,"We fix cooling, leak, freezer, ice maker, and temperature issues across Bay Area.",,Call now or book online in under a minute to secure the next priority slot.,,sub-zero,geo-emeryville-,https://appliancepros.netlify.app/subzero/,,,,,Enabled,Enabled,Enabled,,,CTR/CVR variant: urgency + keyword relevance
SZ_Search_BayArea_ExactPhrase_2026,Geo Emeryville Repair,Responsive search ad,deep5000_ctr_trust,Sub-Zero Repair Emeryville,1,subzero repair emeryville,,Trusted Bay Area Service,,Local Sub-Zero Specialists,,Licensed Insured Tech Team,,Clear Diagnosis First,,Transparent Repair Process,,No Hidden Repair Surprises,,Repair With Your Approval,,Warranty On Completed Work,,Book Online Or By Phone,,Experienced Home Technicians,,Flexible Arrival Windows,,Reliable Long Lasting Repair,,Emeryville Sub-Zero Service,,Trusted Sub-Zero specialists with accurate diagnosis in Emeryville and long-lasting,,You get a clear quote before work starts and approve every repair step.,,"From fridge and freezer faults to leaks and ice issues, we cover major failures.",,Choose a convenient arrival window and get support from first call to final test.,,sub-zero,geo-emeryville-,https://appliancepros.netlify.app/subzero/,,,,,Enabled,Enabled,Enabled,,,CTR/CVR variant: trust + keyword relevance
SZ_Search_BayArea_ExactPhrase_2026,Geo Emeryville Repair,Responsive search ad,deep5000_ctr_value,Sub-Zero Repair Emeryville,1,subzero repair emeryville,,Upfront Pricing No Surprises,,Repair Cost Quote First,,Same Day Or Next Day Slots,,Book Service In 60 Seconds,,Fix It Before It Gets Worse,,Priority Appointment Options,,No Repair Without Your OK,,Honest Repair Recommendations,,Clear Scope Before Work,,Call Now For Priority Slot,,Sub-Zero Service Near You,,Schedule Today Save Time,,Fast Local Bay Area Response,,Get fast diagnosis and upfront pricing in Emeryville before damage gets worse.,,Same-day or next-day appointments across Bay Area with transparent service rates.,,"We repair cooling, freezer, leak, and ice maker problems in one service flow.",,Call now for a priority slot or book online in under 60 seconds.,,sub-zero,geo-emeryville-,https://appliancepros.netlify.app/subzero/,,,,,Enabled,Enabled,Enabled,,,CTR/CVR variant: value + keyword relevance
SZ_Search_BayArea_ExactPhrase_2026,Geo FosterCity Repair,Responsive search ad,deep5000_ctr_urgency,Sub-Zero Repair Foster City,1,foster city subzero repair,,Emergency Slots Open,,Same Day Service Available,,Call Now Book In 60 Sec,,Technician Arrives Today,,Fast In-Home Diagnosis,,Bay Area Local Team,,Stop Cooling Problems Fast,,Priority Service Window,,No Repair Without Approval,,Upfront Quote Before Repair,,Warranty On Repair Work,,Book Online Or Call Now,,Sub-Zero Repair Experts,,Need help now? Book same-day service in Foster City and get a confirmed arrival window.,,"Local tech diagnoses fast, explains options, and repairs only after your approval.",,"We fix cooling, leak, freezer, ice maker, and temperature issues across Bay Area.",,Call now or book online in under a minute to secure the next priority slot.,,sub-zero,geo-fostercity-,https://appliancepros.netlify.app/subzero/,,,,,Enabled,Enabled,Enabled,,,CTR/CVR variant: urgency + keyword relevance
SZ_Search_BayArea_ExactPhrase_2026,Geo FosterCity Repair,Responsive search ad,deep5000_ctr_trust,Sub-Zero Repair Foster City,1,foster city subzero repair,,Trusted Bay Area Service,,Local Sub-Zero Specialists,,Licensed Insured Tech Team,,Clear Diagnosis First,,Transparent Repair Process,,No Hidden Repair Surprises,,Repair With Your Approval,,Warranty On Completed Work,,Book Online Or By Phone,,Experienced Home Technicians,,Flexible Arrival Windows,,Reliable Long Lasting Repair,,Foster City Sub-Zero Service,,Trusted Sub-Zero specialists with accurate diagnosis in Foster City and long-lasting,,You get a clear quote before work starts and approve every repair step.,,"From fridge and freezer faults to leaks and ice issues, we cover major failures.",,Choose a convenient arrival window and get support from first call to final test.,,sub-zero,geo-fostercity-,https://appliancepros.netlify.app/subzero/,,,,,Enabled,Enabled,Enabled,,,CTR/CVR variant: trust + keyword relevance
SZ_Search_BayArea_ExactPhrase_2026,Geo FosterCity Repair,Responsive search ad,deep5000_ctr_value,Sub-Zero Repair Foster City,1,foster city subzero repair,,Upfront Pricing No Surprises,,Repair Cost Quote First,,Same Day Or Next Day Slots,,Book Service In 60 Seconds,,Fix It Before It Gets Worse,,Priority Appointment Options,,No Repair Without Your OK,,Honest Repair Recommendations,,Clear Scope Before Work,,Call Now For Priority Slot,,Sub-Zero Service Near You,,Schedule Today Save Time,,Fast Local Bay Area Response,,Get fast diagnosis and upfront pricing in Foster City before damage gets worse.,,Same-day or next-day appointments across Bay Area with transparent service rates.,,"We repair cooling, freezer, leak, and ice maker problems in one service flow.",,Call now for a priority slot or book online in under 60 seconds.,,sub-zero,geo-fostercity-,https://appliancepros.netlify.app/subzero/,,,,,Enabled,Enabled,Enabled,,,CTR/CVR variant: value + keyword relevance
SZ_Search_BayArea_ExactPhrase_2026,Geo Fremont Repair,Responsive search ad,deep5000_ctr_urgency,Sub-Zero Repair Fremont,1,fremont subzero repair,,Emergency Slots Open,,Same Day Service Available,,Call Now Book In 60 Sec,,Technician Arrives Today,,Fast In-Home Diagnosis,,Bay Area Local Team,,Stop Cooling Problems Fast,,Priority Service Window,,No Repair Without Approval,,Upfront Quote Before Repair,,Warranty On Repair Work,,Book Online Or Call Now,,Sub-Zero Repair Experts,,Need help now? Book same-day service in Fremont and get a confirmed arrival window.,,"Local tech diagnoses fast, explains options, and repairs only after your approval.",,"We fix cooling, leak, freezer, ice maker, and temperature issues across Bay Area.",,Call now or book online in under a minute to secure the next priority slot.,,sub-zero,geo-fremont-rep,https://appliancepros.netlify.app/subzero/,,,,,Enabled,Enabled,Enabled,,,CTR/CVR variant: urgency + keyword relevance
SZ_Search_BayArea_ExactPhrase_2026,Geo Fremont Repair,Responsive search ad,deep5000_ctr_trust,Sub-Zero Repair Fremont,1,fremont subzero repair,,Trusted Bay Area Service,,Local Sub-Zero Specialists,,Licensed Insured Tech Team,,Clear Diagnosis First,,Transparent Repair Process,,No Hidden Repair Surprises,,Repair With Your Approval,,Warranty On Completed Work,,Book Online Or By Phone,,Experienced Home Technicians,,Flexible Arrival Windows,,Reliable Long Lasting Repair,,Fremont Sub-Zero Service,,Trusted Sub-Zero specialists with accurate diagnosis in Fremont and long-lasting repair.,,You get a clear quote before work starts and approve every repair step.,,"From fridge and freezer faults to leaks and ice issues, we cover major failures.",,Choose a convenient arrival window and get support from first call to final test.,,sub-zero,geo-fremont-rep,https://appliancepros.netlify.app/subzero/,,,,,Enabled,Enabled,Enabled,,,CTR/CVR variant: trust + keyword relevance
SZ_Search_BayArea_ExactPhrase_2026,Geo Fremont Repair,Responsive search ad,deep5000_ctr_value,Sub-Zero Repair Fremont,1,fremont subzero repair,,Upfront Pricing No Surprises,,Repair Cost Quote First,,Same Day Or Next Day Slots,,Book Service In 60 Seconds,,Fix It Before It Gets Worse,,Priority Appointment Options,,No Repair Without Your OK,,Honest Repair Recommendations,,Clear Scope Before Work,,Call Now For Priority Slot,,Sub-Zero Service Near You,,Schedule Today Save Time,,Fast Local Bay Area Response,,Get fast diagnosis and upfront pricing in Fremont before damage gets worse.,,Same-day or next-day appointments across Bay Area with transparent service rates.,,"We repair cooling, freezer, leak, and ice maker problems in one service flow.",,Call now for a priority slot or book online in under 60 seconds.,,sub-zero,geo-fremont-rep,https://appliancepros.netlify.app/subzero/,,,,,Enabled,Enabled,Enabled,,,CTR/CVR variant: value + keyword relevance
SZ_Search_BayArea_ExactPhrase_2026,Geo Hayward Repair,Responsive search ad,deep5000_ctr_urgency,Sub-Zero Repair Hayward,1,hayward subzero repair,,Emergency Slots Open,,Same Day Service Available,,Call Now Book In 60 Sec,,Technician Arrives Today,,Fast In-Home Diagnosis,,Bay Area Local Team,,Stop Cooling Problems Fast,,Priority Service Window,,No Repair Without Approval,,Upfront Quote Before Repair,,Warranty On Repair Work,,Book Online Or Call Now,,Sub-Zero Repair Experts,,Need help now? Book same-day service in Hayward and get a confirmed arrival window.,,"Local tech diagnoses fast, explains options, and repairs only after your approval.",,"We fix cooling, leak, freezer, ice maker, and temperature issues across Bay Area.",,Call now or book online in under a minute to secure the next priority slot.,,sub-zero,geo-hayward-rep,https://appliancepros.netlify.app/subzero/,,,,,Enabled,Enabled,Enabled,,,CTR/CVR variant: urgency + keyword relevance
SZ_Search_BayArea_ExactPhrase_2026,Geo Hayward Repair,Responsive search ad,deep5000_ctr_trust,Sub-Zero Repair Hayward,1,hayward subzero repair,,Trusted Bay Area Service,,Local Sub-Zero Specialists,,Licensed Insured Tech Team,,Clear Diagnosis First,,Transparent Repair Process,,No Hidden Repair Surprises,,Repair With Your Approval,,Warranty On Completed Work,,Book Online Or By Phone,,Experienced Home Technicians,,Flexible Arrival Windows,,Reliable Long Lasting Repair,,Hayward Sub-Zero Service,,Trusted Sub-Zero specialists with accurate diagnosis in Hayward and long-lasting repair.,,You get a clear quote before work starts and approve every repair step.,,"From fridge and freezer faults to leaks and ice issues, we cover major failures.",,Choose a convenient arrival window and get support from first call to final test.,,sub-zero,geo-hayward-rep,https://appliancepros.netlify.app/subzero/,,,,,Enabled,Enabled,Enabled,,,CTR/CVR variant: trust + keyword relevance
SZ_Search_BayArea_ExactPhrase_2026,Geo Hayward Repair,Responsive search ad,deep5000_ctr_value,Sub-Zero Repair Hayward,1,hayward subzero repair,,Upfront Pricing No Surprises,,Repair Cost Quote First,,Same Day Or Next Day Slots,,Book Service In 60 Seconds,,Fix It Before It Gets Worse,,Priority Appointment Options,,No Repair Without Your OK,,Honest Repair Recommendations,,Clear Scope Before Work,,Call Now For Priority Slot,,Sub-Zero Service Near You,,Schedule Today Save Time,,Fast Local Bay Area Response,,Get fast diagnosis and upfront pricing in Hayward before damage gets worse.,,Same-day or next-day appointments across Bay Area with transparent service rates.,,"We repair cooling, freezer, leak, and ice maker problems in one service flow.",,Call now for a priority slot or book online in under 60 seconds.,,sub-zero,geo-hayward-rep,https://appliancepros.netlify.app/subzero/,,,,,Enabled,Enabled,Enabled,,,CTR/CVR variant: value + keyword relevance
SZ_Search_BayArea_ExactPhrase_2026,Geo Livermore Repair,Responsive search ad,deep5000_ctr_urgency,Sub-Zero Repair Livermore,1,subzero repair livermore,,Emergency Slots Open,,Same Day Service Available,,Call Now Book In 60 Sec,,Technician Arrives Today,,Fast In-Home Diagnosis,,Bay Area Local Team,,Stop Cooling Problems Fast,,Priority Service Window,,No Repair Without Approval,,Upfront Quote Before Repair,,Warranty On Repair Work,,Book Online Or Call Now,,Sub-Zero Repair Experts,,Need help now? Book same-day service in Livermore and get a confirmed arrival window.,,"Local tech diagnoses fast, explains options, and repairs only after your approval.",,"We fix cooling, leak, freezer, ice maker, and temperature issues across Bay Area.",,Call now or book online in under a minute to secure the next priority slot.,,sub-zero,geo-livermore-r,https://appliancepros.netlify.app/subzero/,,,,,Enabled,Enabled,Enabled,,,CTR/CVR variant: urgency + keyword relevance
SZ_Search_BayArea_ExactPhrase_2026,Geo Livermore Repair,Responsive search ad,deep5000_ctr_trust,Sub-Zero Repair Livermore,1,subzero repair livermore,,Trusted Bay Area Service,,Local Sub-Zero Specialists,,Licensed Insured Tech Team,,Clear Diagnosis First,,Transparent Repair Process,,No Hidden Repair Surprises,,Repair With Your Approval,,Warranty On Completed Work,,Book Online Or By Phone,,Experienced Home Technicians,,Flexible Arrival Windows,,Reliable Long Lasting Repair,,Livermore Sub-Zero Service,,Trusted Sub-Zero specialists with accurate diagnosis in Livermore and long-lasting repair.,,You get a clear quote before work starts and approve every repair step.,,"From fridge and freezer faults to leaks and ice issues, we cover major failures.",,Choose a convenient arrival window and get support from first call to final test.,,sub-zero,geo-livermore-r,https://appliancepros.netlify.app/subzero/,,,,,Enabled,Enabled,Enabled,,,CTR/CVR variant: trust + keyword relevance
SZ_Search_BayArea_ExactPhrase_2026,Geo Livermore Repair,Responsive search ad,deep5000_ctr_value,Sub-Zero Repair Livermore,1,subzero repair livermore,,Upfront Pricing No Surprises,,Repair Cost Quote First,,Same Day Or Next Day Slots,,Book Service In 60 Seconds,,Fix It Before It Gets Worse,,Priority Appointment Options,,No Repair Without Your OK,,Honest Repair Recommendations,,Clear Scope Before Work,,Call Now For Priority Slot,,Sub-Zero Service Near You,,Schedule Today Save Time,,Fast Local Bay Area Response,,Get fast diagnosis and upfront pricing in Livermore before damage gets worse.,,Same-day or next-day appointments across Bay Area with transparent service rates.,,"We repair cooling, freezer, leak, and ice maker problems in one service flow.",,Call now for a priority slot or book online in under 60 seconds.,,sub-zero,geo-livermore-r,https://appliancepros.netlify.app/subzero/,,,,,Enabled,Enabled,Enabled,,,CTR/CVR variant: value + keyword relevance
SZ_Search_BayArea_ExactPhrase_2026,Geo LosAltos Repair,Responsive search ad,deep5000_ctr_urgency,Sub-Zero Repair Los Altos,1,subzero repair los altos,,Emergency Slots Open,,Same Day Service Available,,Call Now Book In 60 Sec,,Technician Arrives Today,,Fast In-Home Diagnosis,,Bay Area Local Team,,Stop Cooling Problems Fast,,Priority Service Window,,No Repair Without Approval,,Upfront Quote Before Repair,,Warranty On Repair Work,,Book Online Or Call Now,,Sub-Zero Repair Experts,,Need help now? Book same-day service in Los Altos and get a confirmed arrival window.,,"Local tech diagnoses fast, explains options, and repairs only after your approval.",,"We fix cooling, leak, freezer, ice maker, and temperature issues across Bay Area.",,Call now or book online in under a minute to secure the next priority slot.,,sub-zero,geo-losaltos-re,https://appliancepros.netlify.app/subzero/,,,,,Enabled,Enabled,Enabled,,,CTR/CVR variant: urgency + keyword relevance
SZ_Search_BayArea_ExactPhrase_2026,Geo LosAltos Repair,Responsive search ad,deep5000_ctr_trust,Sub-Zero Repair Los Altos,1,subzero repair los altos,,Trusted Bay Area Service,,Local Sub-Zero Specialists,,Licensed Insured Tech Team,,Clear Diagnosis First,,Transparent Repair Process,,No Hidden Repair Surprises,,Repair With Your Approval,,Warranty On Completed Work,,Book Online Or By Phone,,Experienced Home Technicians,,Flexible Arrival Windows,,Reliable Long Lasting Repair,,Los Altos Sub-Zero Service,,Trusted Sub-Zero specialists with accurate diagnosis in Los Altos and long-lasting repair.,,You get a clear quote before work starts and approve every repair step.,,"From fridge and freezer faults to leaks and ice issues, we cover major failures.",,Choose a convenient arrival window and get support from first call to final test.,,sub-zero,geo-losaltos-re,https://appliancepros.netlify.app/subzero/,,,,,Enabled,Enabled,Enabled,,,CTR/CVR variant: trust + keyword relevance
SZ_Search_BayArea_ExactPhrase_2026,Geo LosAltos Repair,Responsive search ad,deep5000_ctr_value,Sub-Zero Repair Los Altos,1,subzero repair los altos,,Upfront Pricing No Surprises,,Repair Cost Quote First,,Same Day Or Next Day Slots,,Book Service In 60 Seconds,,Fix It Before It Gets Worse,,Priority Appointment Options,,No Repair Without Your OK,,Honest Repair Recommendations,,Clear Scope Before Work,,Call Now For Priority Slot,,Sub-Zero Service Near You,,Schedule Today Save Time,,Fast Local Bay Area Response,,Get fast diagnosis and upfront pricing in Los Altos before damage gets worse.,,Same-day or next-day appointments across Bay Area with transparent service rates.,,"We repair cooling, freezer, leak, and ice maker problems in one service flow.",,Call now for a priority slot or book online in under 60 seconds.,,sub-zero,geo-losaltos-re,https://appliancepros.netlify.app/subzero/,,,,,Enabled,Enabled,Enabled,,,CTR/CVR variant: value + keyword relevance
SZ_Search_BayArea_ExactPhrase_2026,Geo LosGatos Repair,Responsive search ad,deep5000_ctr_urgency,Sub-Zero Repair Los Gatos,1,subzero repair los gatos,,Emergency Slots Open,,Same Day Service Available,,Call Now Book In 60 Sec,,Technician Arrives Today,,Fast In-Home Diagnosis,,Bay Area Local Team,,Stop Cooling Problems Fast,,Priority Service Window,,No Repair Without Approval,,Upfront Quote Before Repair,,Warranty On Repair Work,,Book Online Or Call Now,,Sub-Zero Repair Experts,,Need help now? Book same-day service in Los Gatos and get a confirmed arrival window.,,"Local tech diagnoses fast, explains options, and repairs only after your approval.",,"We fix cooling, leak, freezer, ice maker, and temperature issues across Bay Area.",,Call now or book online in under a minute to secure the next priority slot.,,sub-zero,geo-losgatos-re,https://appliancepros.netlify.app/subzero/,,,,,Enabled,Enabled,Enabled,,,CTR/CVR variant: urgency + keyword relevance
SZ_Search_BayArea_ExactPhrase_2026,Geo LosGatos Repair,Responsive search ad,deep5000_ctr_trust,Sub-Zero Repair Los Gatos,1,subzero repair los gatos,,Trusted Bay Area Service,,Local Sub-Zero Specialists,,Licensed Insured Tech Team,,Clear Diagnosis First,,Transparent Repair Process,,No Hidden Repair Surprises,,Repair With Your Approval,,Warranty On Completed Work,,Book Online Or By Phone,,Experienced Home Technicians,,Flexible Arrival Windows,,Reliable Long Lasting Repair,,Los Gatos Sub-Zero Service,,Trusted Sub-Zero specialists with accurate diagnosis in Los Gatos and long-lasting repair.,,You get a clear quote before work starts and approve every repair step.,,"From fridge and freezer faults to leaks and ice issues, we cover major failures.",,Choose a convenient arrival window and get support from first call to final test.,,sub-zero,geo-losgatos-re,https://appliancepros.netlify.app/subzero/,,,,,Enabled,Enabled,Enabled,,,CTR/CVR variant: trust + keyword relevance
SZ_Search_BayArea_ExactPhrase_2026,Geo LosGatos Repair,Responsive search ad,deep5000_ctr_value,Sub-Zero Repair Los Gatos,1,subzero repair los gatos,,Upfront Pricing No Surprises,,Repair Cost Quote First,,Same Day Or Next Day Slots,,Book Service In 60 Seconds,,Fix It Before It Gets Worse,,Priority Appointment Options,,No Repair Without Your OK,,Honest Repair Recommendations,,Clear Scope Before Work,,Call Now For Priority Slot,,Sub-Zero Service Near You,,Schedule Today Save Time,,Fast Local Bay Area Response,,Get fast diagnosis and upfront pricing in Los Gatos before damage gets worse.,,Same-day or next-day appointments across Bay Area with transparent service rates.,,"We repair cooling, freezer, leak, and ice maker problems in one service flow.",,Call now for a priority slot or book online in under 60 seconds.,,sub-zero,geo-losgatos-re,https://appliancepros.netlify.app/subzero/,,,,,Enabled,Enabled,Enabled,,,CTR/CVR variant: value + keyword relevance
SZ_Search_BayArea_ExactPhrase_2026,Geo MenloPark Repair,Responsive search ad,deep5000_ctr_urgency,Sub-Zero Repair Menlo Park,1,subzero repair menlo park,,Emergency Slots Open,,Same Day Service Available,,Call Now Book In 60 Sec,,Technician Arrives Today,,Fast In-Home Diagnosis,,Bay Area Local Team,,Stop Cooling Problems Fast,,Priority Service Window,,No Repair Without Approval,,Upfront Quote Before Repair,,Warranty On Repair Work,,Book Online Or Call Now,,Sub-Zero Repair Experts,,Need help now? Book same-day service in Menlo Park and get a confirmed arrival window.,,"Local tech diagnoses fast, explains options, and repairs only after your approval.",,"We fix cooling, leak, freezer, ice maker, and temperature issues across Bay Area.",,Call now or book online in under a minute to secure the next priority slot.,,sub-zero,geo-menlopark-r,https://appliancepros.netlify.app/subzero/,,,,,Enabled,Enabled,Enabled,,,CTR/CVR variant: urgency + keyword relevance
SZ_Search_BayArea_ExactPhrase_2026,Geo MenloPark Repair,Responsive search ad,deep5000_ctr_trust,Sub-Zero Repair Menlo Park,1,subzero repair menlo park,,Trusted Bay Area Service,,Local Sub-Zero Specialists,,Licensed Insured Tech Team,,Clear Diagnosis First,,Transparent Repair Process,,No Hidden Repair Surprises,,Repair With Your Approval,,Warranty On Completed Work,,Book Online Or By Phone,,Experienced Home Technicians,,Flexible Arrival Windows,,Reliable Long Lasting Repair,,Menlo Park Sub-Zero Service,,Trusted Sub-Zero specialists with accurate diagnosis in Menlo Park and long-lasting,,You get a clear quote before work starts and approve every repair step.,,"From fridge and freezer faults to leaks and ice issues, we cover major failures.",,Choose a convenient arrival window and get support from first call to final test.,,sub-zero,geo-menlopark-r,https://appliancepros.netlify.app/subzero/,,,,,Enabled,Enabled,Enabled,,,CTR/CVR variant: trust + keyword relevance
SZ_Search_BayArea_ExactPhrase_2026,Geo MenloPark Repair,Responsive search ad,deep5000_ctr_value,Sub-Zero Repair Menlo Park,1,subzero repair menlo park,,Upfront Pricing No Surprises,,Repair Cost Quote First,,Same Day Or Next Day Slots,,Book Service In 60 Seconds,,Fix It Before It Gets Worse,,Priority Appointment Options,,No Repair Without Your OK,,Honest Repair Recommendations,,Clear Scope Before Work,,Call Now For Priority Slot,,Sub-Zero Service Near You,,Schedule Today Save Time,,Fast Local Bay Area Response,,Get fast diagnosis and upfront pricing in Menlo Park before damage gets worse.,,Same-day or next-day appointments across Bay Area with transparent service rates.,,"We repair cooling, freezer, leak, and ice maker problems in one service flow.",,Call now for a priority slot or book online in under 60 seconds.,,sub-zero,geo-menlopark-r,https://appliancepros.netlify.app/subzero/,,,,,Enabled,Enabled,Enabled,,,CTR/CVR variant: value + keyword relevance
SZ_Search_BayArea_ExactPhrase_2026,Geo Millbrae Repair,Responsive search ad,deep5000_ctr_urgency,Sub-Zero Repair Millbrae,1,millbrae subzero repair,,Emergency Slots Open,,Same Day Service Available,,Call Now Book In 60 Sec,,Technician Arrives Today,,Fast In-Home Diagnosis,,Bay Area Local Team,,Stop Cooling Problems Fast,,Priority Service Window,,No Repair Without Approval,,Upfront Quote Before Repair,,Warranty On Repair Work,,Book Online Or Call Now,,Sub-Zero Repair Experts,,Need help now? Book same-day service in Millbrae and get a confirmed arrival window.,,"Local tech diagnoses fast, explains options, and repairs only after your approval.",,"We fix cooling, leak, freezer, ice maker, and temperature issues across Bay Area.",,Call now or book online in under a minute to secure the next priority slot.,,sub-zero,geo-millbrae-re,https://appliancepros.netlify.app/subzero/,,,,,Enabled,Enabled,Enabled,,,CTR/CVR variant: urgency + keyword relevance
SZ_Search_BayArea_ExactPhrase_2026,Geo Millbrae Repair,Responsive search ad,deep5000_ctr_trust,Sub-Zero Repair Millbrae,1,millbrae subzero repair,,Trusted Bay Area Service,,Local Sub-Zero Specialists,,Licensed Insured Tech Team,,Clear Diagnosis First,,Transparent Repair Process,,No Hidden Repair Surprises,,Repair With Your Approval,,Warranty On Completed Work,,Book Online Or By Phone,,Experienced Home Technicians,,Flexible Arrival Windows,,Reliable Long Lasting Repair,,Millbrae Sub-Zero Service,,Trusted Sub-Zero specialists with accurate diagnosis in Millbrae and long-lasting repair.,,You get a clear quote before work starts and approve every repair step.,,"From fridge and freezer faults to leaks and ice issues, we cover major failures.",,Choose a convenient arrival window and get support from first call to final test.,,sub-zero,geo-millbrae-re,https://appliancepros.netlify.app/subzero/,,,,,Enabled,Enabled,Enabled,,,CTR/CVR variant: trust + keyword relevance
SZ_Search_BayArea_ExactPhrase_2026,Geo Millbrae Repair,Responsive search ad,deep5000_ctr_value,Sub-Zero Repair Millbrae,1,millbrae subzero repair,,Upfront Pricing No Surprises,,Repair Cost Quote First,,Same Day Or Next Day Slots,,Book Service In 60 Seconds,,Fix It Before It Gets Worse,,Priority Appointment Options,,No Repair Without Your OK,,Honest Repair Recommendations,,Clear Scope Before Work,,Call Now For Priority Slot,,Sub-Zero Service Near You,,Schedule Today Save Time,,Fast Local Bay Area Response,,Get fast diagnosis and upfront pricing in Millbrae before damage gets worse.,,Same-day or next-day appointments across Bay Area with transparent service rates.,,"We repair cooling, freezer, leak, and ice maker problems in one service flow.",,Call now for a priority slot or book online in under 60 seconds.,,sub-zero,geo-millbrae-re,https://appliancepros.netlify.app/subzero/,,,,,Enabled,Enabled,Enabled,,,CTR/CVR variant: value + keyword relevance
SZ_Search_BayArea_ExactPhrase_2026,Geo Milpitas Repair,Responsive search ad,deep5000_ctr_urgency,Sub-Zero Repair Milpitas,1,subzero repair milpitas,,Emergency Slots Open,,Same Day Service Available,,Call Now Book In 60 Sec,,Technician Arrives Today,,Fast In-Home Diagnosis,,Bay Area Local Team,,Stop Cooling Problems Fast,,Priority Service Window,,No Repair Without Approval,,Upfront Quote Before Repair,,Warranty On Repair Work,,Book Online Or Call Now,,Sub-Zero Repair Experts,,Need help now? Book same-day service in Milpitas and get a confirmed arrival window.,,"Local tech diagnoses fast, explains options, and repairs only after your approval.",,"We fix cooling, leak, freezer, ice maker, and temperature issues across Bay Area.",,Call now or book online in under a minute to secure the next priority slot.,,sub-zero,geo-milpitas-re,https://appliancepros.netlify.app/subzero/,,,,,Enabled,Enabled,Enabled,,,CTR/CVR variant: urgency + keyword relevance
SZ_Search_BayArea_ExactPhrase_2026,Geo Milpitas Repair,Responsive search ad,deep5000_ctr_trust,Sub-Zero Repair Milpitas,1,subzero repair milpitas,,Trusted Bay Area Service,,Local Sub-Zero Specialists,,Licensed Insured Tech Team,,Clear Diagnosis First,,Transparent Repair Process,,No Hidden Repair Surprises,,Repair With Your Approval,,Warranty On Completed Work,,Book Online Or By Phone,,Experienced Home Technicians,,Flexible Arrival Windows,,Reliable Long Lasting Repair,,Milpitas Sub-Zero Service,,Trusted Sub-Zero specialists with accurate diagnosis in Milpitas and long-lasting repair.,,You get a clear quote before work starts and approve every repair step.,,"From fridge and freezer faults to leaks and ice issues, we cover major failures.",,Choose a convenient arrival window and get support from first call to final test.,,sub-zero,geo-milpitas-re,https://appliancepros.netlify.app/subzero/,,,,,Enabled,Enabled,Enabled,,,CTR/CVR variant: trust + keyword relevance
SZ_Search_BayArea_ExactPhrase_2026,Geo Milpitas Repair,Responsive search ad,deep5000_ctr_value,Sub-Zero Repair Milpitas,1,subzero repair milpitas,,Upfront Pricing No Surprises,,Repair Cost Quote First,,Same Day Or Next Day Slots,,Book Service In 60 Seconds,,Fix It Before It Gets Worse,,Priority Appointment Options,,No Repair Without Your OK,,Honest Repair Recommendations,,Clear Scope Before Work,,Call Now For Priority Slot,,Sub-Zero Service Near You,,Schedule Today Save Time,,Fast Local Bay Area Response,,Get fast diagnosis and upfront pricing in Milpitas before damage gets worse.,,Same-day or next-day appointments across Bay Area with transparent service rates.,,"We repair cooling, freezer, leak, and ice maker problems in one service flow.",,Call now for a priority slot or book online in under 60 seconds.,,sub-zero,geo-milpitas-re,https://appliancepros.netlify.app/subzero/,,,,,Enabled,Enabled,Enabled,,,CTR/CVR variant: value + keyword relevance
SZ_Search_BayArea_ExactPhrase_2026,Geo MountainView Repair,Responsive search ad,deep5000_ctr_urgency,Sub-Zero Repair Mountain View,1,mountain view subzero repair,,Emergency Slots Open,,Same Day Service Available,,Call Now Book In 60 Sec,,Technician Arrives Today,,Fast In-Home Diagnosis,,Bay Area Local Team,,Stop Cooling Problems Fast,,Priority Service Window,,No Repair Without Approval,,Upfront Quote Before Repair,,Warranty On Repair Work,,Book Online Or Call Now,,Sub-Zero Repair Experts,,Need help now? Book same-day service in Mountain View and get a confirmed arrival window.,,"Local tech diagnoses fast, explains options, and repairs only after your approval.",,"We fix cooling, leak, freezer, ice maker, and temperature issues across Bay Area.",,Call now or book online in under a minute to secure the next priority slot.,,sub-zero,geo-mountainvie,https://appliancepros.netlify.app/subzero/,,,,,Enabled,Enabled,Enabled,,,CTR/CVR variant: urgency + keyword relevance
SZ_Search_BayArea_ExactPhrase_2026,Geo MountainView Repair,Responsive search ad,deep5000_ctr_trust,Sub-Zero Repair Mountain View,1,mountain view subzero repair,,Trusted Bay Area Service,,Local Sub-Zero Specialists,,Licensed Insured Tech Team,,Clear Diagnosis First,,Transparent Repair Process,,No Hidden Repair Surprises,,Repair With Your Approval,,Warranty On Completed Work,,Book Online Or By Phone,,Experienced Home Technicians,,Flexible Arrival Windows,,Reliable Long Lasting Repair,,Mountain View Sub-Zero Service,,Trusted Sub-Zero specialists with accurate diagnosis in Mountain View and long-lasting,,You get a clear quote before work starts and approve every repair step.,,"From fridge and freezer faults to leaks and ice issues, we cover major failures.",,Choose a convenient arrival window and get support from first call to final test.,,sub-zero,geo-mountainvie,https://appliancepros.netlify.app/subzero/,,,,,Enabled,Enabled,Enabled,,,CTR/CVR variant: trust + keyword relevance
SZ_Search_BayArea_ExactPhrase_2026,Geo MountainView Repair,Responsive search ad,deep5000_ctr_value,Sub-Zero Repair Mountain View,1,mountain view subzero repair,,Upfront Pricing No Surprises,,Repair Cost Quote First,,Same Day Or Next Day Slots,,Book Service In 60 Seconds,,Fix It Before It Gets Worse,,Priority Appointment Options,,No Repair Without Your OK,,Honest Repair Recommendations,,Clear Scope Before Work,,Call Now For Priority Slot,,Sub-Zero Service Near You,,Schedule Today Save Time,,Fast Local Bay Area Response,,Get fast diagnosis and upfront pricing in Mountain View before damage gets worse.,,Same-day or next-day appointments across Bay Area with transparent service rates.,,"We repair cooling, freezer, leak, and ice maker problems in one service flow.",,Call now for a priority slot or book online in under 60 seconds.,,sub-zero,geo-mountainvie,https://appliancepros.netlify.app/subzero/,,,,,Enabled,Enabled,Enabled,,,CTR/CVR variant: value + keyword relevance
SZ_Search_BayArea_ExactPhrase_2026,Geo Novato Repair,Responsive search ad,deep5000_ctr_urgency,Sub-Zero Repair Novato,1,subzero repair novato,,Emergency Slots Open,,Same Day Service Available,,Call Now Book In 60 Sec,,Technician Arrives Today,,Fast In-Home Diagnosis,,Bay Area Local Team,,Stop Cooling Problems Fast,,Priority Service Window,,No Repair Without Approval,,Upfront Quote Before Repair,,Warranty On Repair Work,,Book Online Or Call Now,,Sub-Zero Repair Experts,,Need help now? Book same-day service in Novato and get a confirmed arrival window.,,"Local tech diagnoses fast, explains options, and repairs only after your approval.",,"We fix cooling, leak, freezer, ice maker, and temperature issues across Bay Area.",,Call now or book online in under a minute to secure the next priority slot.,,sub-zero,geo-novato-repa,https://appliancepros.netlify.app/subzero/,,,,,Enabled,Enabled,Enabled,,,CTR/CVR variant: urgency + keyword relevance
SZ_Search_BayArea_ExactPhrase_2026,Geo Novato Repair,Responsive search ad,deep5000_ctr_trust,Sub-Zero Repair Novato,1,subzero repair novato,,Trusted Bay Area Service,,Local Sub-Zero Specialists,,Licensed Insured Tech Team,,Clear Diagnosis First,,Transparent Repair Process,,No Hidden Repair Surprises,,Repair With Your Approval,,Warranty On Completed Work,,Book Online Or By Phone,,Experienced Home Technicians,,Flexible Arrival Windows,,Reliable Long Lasting Repair,,Novato Sub-Zero Service,,Trusted Sub-Zero specialists with accurate diagnosis in Novato and long-lasting repair.,,You get a clear quote before work starts and approve every repair step.,,"From fridge and freezer faults to leaks and ice issues, we cover major failures.",,Choose a convenient arrival window and get support from first call to final test.,,sub-zero,geo-novato-repa,https://appliancepros.netlify.app/subzero/,,,,,Enabled,Enabled,Enabled,,,CTR/CVR variant: trust + keyword relevance
SZ_Search_BayArea_ExactPhrase_2026,Geo Novato Repair,Responsive search ad,deep5000_ctr_value,Sub-Zero Repair Novato,1,subzero repair novato,,Upfront Pricing No Surprises,,Repair Cost Quote First,,Same Day Or Next Day Slots,,Book Service In 60 Seconds,,Fix It Before It Gets Worse,,Priority Appointment Options,,No Repair Without Your OK,,Honest Repair Recommendations,,Clear Scope Before Work,,Call Now For Priority Slot,,Sub-Zero Service Near You,,Schedule Today Save Time,,Fast Local Bay Area Response,,Get fast diagnosis and upfront pricing in Novato before damage gets worse.,,Same-day or next-day appointments across Bay Area with transparent service rates.,,"We repair cooling, freezer, leak, and ice maker problems in one service flow.",,Call now for a priority slot or book online in under 60 seconds.,,sub-zero,geo-novato-repa,https://appliancepros.netlify.app/subzero/,,,,,Enabled,Enabled,Enabled,,,CTR/CVR variant: value + keyword relevance
SZ_Search_BayArea_ExactPhrase_2026,Geo Oakland Repair,Responsive search ad,deep5000_ctr_urgency,Sub-Zero Repair Oakland,1,subzero repair oakland,,Emergency Slots Open,,Same Day Service Available,,Call Now Book In 60 Sec,,Technician Arrives Today,,Fast In-Home Diagnosis,,Bay Area Local Team,,Stop Cooling Problems Fast,,Priority Service Window,,No Repair Without Approval,,Upfront Quote Before Repair,,Warranty On Repair Work,,Book Online Or Call Now,,Sub-Zero Repair Experts,,Need help now? Book same-day service in Oakland and get a confirmed arrival window.,,"Local tech diagnoses fast, explains options, and repairs only after your approval.",,"We fix cooling, leak, freezer, ice maker, and temperature issues across Bay Area.",,Call now or book online in under a minute to secure the next priority slot.,,sub-zero,geo-oakland-rep,https://appliancepros.netlify.app/subzero/,,,,,Enabled,Enabled,Enabled,,,CTR/CVR variant: urgency + keyword relevance
SZ_Search_BayArea_ExactPhrase_2026,Geo Oakland Repair,Responsive search ad,deep5000_ctr_trust,Sub-Zero Repair Oakland,1,subzero repair oakland,,Trusted Bay Area Service,,Local Sub-Zero Specialists,,Licensed Insured Tech Team,,Clear Diagnosis First,,Transparent Repair Process,,No Hidden Repair Surprises,,Repair With Your Approval,,Warranty On Completed Work,,Book Online Or By Phone,,Experienced Home Technicians,,Flexible Arrival Windows,,Reliable Long Lasting Repair,,Oakland Sub-Zero Service,,Trusted Sub-Zero specialists with accurate diagnosis in Oakland and long-lasting repair.,,You get a clear quote before work starts and approve every repair step.,,"From fridge and freezer faults to leaks and ice issues, we cover major failures.",,Choose a convenient arrival window and get support from first call to final test.,,sub-zero,geo-oakland-rep,https://appliancepros.netlify.app/subzero/,,,,,Enabled,Enabled,Enabled,,,CTR/CVR variant: trust + keyword relevance
SZ_Search_BayArea_ExactPhrase_2026,Geo Oakland Repair,Responsive search ad,deep5000_ctr_value,Sub-Zero Repair Oakland,1,subzero repair oakland,,Upfront Pricing No Surprises,,Repair Cost Quote First,,Same Day Or Next Day Slots,,Book Service In 60 Seconds,,Fix It Before It Gets Worse,,Priority Appointment Options,,No Repair Without Your OK,,Honest Repair Recommendations,,Clear Scope Before Work,,Call Now For Priority Slot,,Sub-Zero Service Near You,,Schedule Today Save Time,,Fast Local Bay Area Response,,Get fast diagnosis and upfront pricing in Oakland before damage gets worse.,,Same-day or next-day appointments across Bay Area with transparent service rates.,,"We repair cooling, freezer, leak, and ice maker problems in one service flow.",,Call now for a priority slot or book online in under 60 seconds.,,sub-zero,geo-oakland-rep,https://appliancepros.netlify.app/subzero/,,,,,Enabled,Enabled,Enabled,,,CTR/CVR variant: value + keyword relevance
SZ_Search_BayArea_ExactPhrase_2026,Geo PaloAlto Repair,Responsive search ad,deep5000_ctr_urgency,Sub-Zero Repair Palo Alto,1,palo alto subzero repair,,Emergency Slots Open,,Same Day Service Available,,Call Now Book In 60 Sec,,Technician Arrives Today,,Fast In-Home Diagnosis,,Bay Area Local Team,,Stop Cooling Problems Fast,,Priority Service Window,,No Repair Without Approval,,Upfront Quote Before Repair,,Warranty On Repair Work,,Book Online Or Call Now,,Sub-Zero Repair Experts,,Need help now? Book same-day service in Palo Alto and get a confirmed arrival window.,,"Local tech diagnoses fast, explains options, and repairs only after your approval.",,"We fix cooling, leak, freezer, ice maker, and temperature issues across Bay Area.",,Call now or book online in under a minute to secure the next priority slot.,,sub-zero,geo-paloalto-re,https://appliancepros.netlify.app/subzero/,,,,,Enabled,Enabled,Enabled,,,CTR/CVR variant: urgency + keyword relevance
SZ_Search_BayArea_ExactPhrase_2026,Geo PaloAlto Repair,Responsive search ad,deep5000_ctr_trust,Sub-Zero Repair Palo Alto,1,palo alto subzero repair,,Trusted Bay Area Service,,Local Sub-Zero Specialists,,Licensed Insured Tech Team,,Clear Diagnosis First,,Transparent Repair Process,,No Hidden Repair Surprises,,Repair With Your Approval,,Warranty On Completed Work,,Book Online Or By Phone,,Experienced Home Technicians,,Flexible Arrival Windows,,Reliable Long Lasting Repair,,Palo Alto Sub-Zero Service,,Trusted Sub-Zero specialists with accurate diagnosis in Palo Alto and long-lasting repair.,,You get a clear quote before work starts and approve every repair step.,,"From fridge and freezer faults to leaks and ice issues, we cover major failures.",,Choose a convenient arrival window and get support from first call to final test.,,sub-zero,geo-paloalto-re,https://appliancepros.netlify.app/subzero/,,,,,Enabled,Enabled,Enabled,,,CTR/CVR variant: trust + keyword relevance
SZ_Search_BayArea_ExactPhrase_2026,Geo PaloAlto Repair,Responsive search ad,deep5000_ctr_value,Sub-Zero Repair Palo Alto,1,palo alto subzero repair,,Upfront Pricing No Surprises,,Repair Cost Quote First,,Same Day Or Next Day Slots,,Book Service In 60 Seconds,,Fix It Before It Gets Worse,,Priority Appointment Options,,No Repair Without Your OK,,Honest Repair Recommendations,,Clear Scope Before Work,,Call Now For Priority Slot,,Sub-Zero Service Near You,,Schedule Today Save Time,,Fast Local Bay Area Response,,Get fast diagnosis and upfront pricing in Palo Alto before damage gets worse.,,Same-day or next-day appointments across Bay Area with transparent service rates.,,"We repair cooling, freezer, leak, and ice maker problems in one service flow.",,Call now for a priority slot or book online in under 60 seconds.,,sub-zero,geo-paloalto-re,https://appliancepros.netlify.app/subzero/,,,,,Enabled,Enabled,Enabled,,,CTR/CVR variant: value + keyword relevance
SZ_Search_BayArea_ExactPhrase_2026,Geo Pleasanton Repair,Responsive search ad,deep5000_ctr_urgency,Sub-Zero Repair Pleasanton,1,pleasanton subzero repair,,Emergency Slots Open,,Same Day Service Available,,Call Now Book In 60 Sec,,Technician Arrives Today,,Fast In-Home Diagnosis,,Bay Area Local Team,,Stop Cooling Problems Fast,,Priority Service Window,,No Repair Without Approval,,Upfront Quote Before Repair,,Warranty On Repair Work,,Book Online Or Call Now,,Sub-Zero Repair Experts,,Need help now? Book same-day service in Pleasanton and get a confirmed arrival window.,,"Local tech diagnoses fast, explains options, and repairs only after your approval.",,"We fix cooling, leak, freezer, ice maker, and temperature issues across Bay Area.",,Call now or book online in under a minute to secure the next priority slot.,,sub-zero,geo-pleasanton-,https://appliancepros.netlify.app/subzero/,,,,,Enabled,Enabled,Enabled,,,CTR/CVR variant: urgency + keyword relevance
SZ_Search_BayArea_ExactPhrase_2026,Geo Pleasanton Repair,Responsive search ad,deep5000_ctr_trust,Sub-Zero Repair Pleasanton,1,pleasanton subzero repair,,Trusted Bay Area Service,,Local Sub-Zero Specialists,,Licensed Insured Tech Team,,Clear Diagnosis First,,Transparent Repair Process,,No Hidden Repair Surprises,,Repair With Your Approval,,Warranty On Completed Work,,Book Online Or By Phone,,Experienced Home Technicians,,Flexible Arrival Windows,,Reliable Long Lasting Repair,,Pleasanton Sub-Zero Service,,Trusted Sub-Zero specialists with accurate diagnosis in Pleasanton and long-lasting,,You get a clear quote before work starts and approve every repair step.,,"From fridge and freezer faults to leaks and ice issues, we cover major failures.",,Choose a convenient arrival window and get support from first call to final test.,,sub-zero,geo-pleasanton-,https://appliancepros.netlify.app/subzero/,,,,,Enabled,Enabled,Enabled,,,CTR/CVR variant: trust + keyword relevance
SZ_Search_BayArea_ExactPhrase_2026,Geo Pleasanton Repair,Responsive search ad,deep5000_ctr_value,Sub-Zero Repair Pleasanton,1,pleasanton subzero repair,,Upfront Pricing No Surprises,,Repair Cost Quote First,,Same Day Or Next Day Slots,,Book Service In 60 Seconds,,Fix It Before It Gets Worse,,Priority Appointment Options,,No Repair Without Your OK,,Honest Repair Recommendations,,Clear Scope Before Work,,Call Now For Priority Slot,,Sub-Zero Service Near You,,Schedule Today Save Time,,Fast Local Bay Area Response,,Get fast diagnosis and upfront pricing in Pleasanton before damage gets worse.,,Same-day or next-day appointments across Bay Area with transparent service rates.,,"We repair cooling, freezer, leak, and ice maker problems in one service flow.",,Call now for a priority slot or book online in under 60 seconds.,,sub-zero,geo-pleasanton-,https://appliancepros.netlify.app/subzero/,,,,,Enabled,Enabled,Enabled,,,CTR/CVR variant: value + keyword relevance
SZ_Search_BayArea_ExactPhrase_2026,Geo RedwoodCity Repair,Responsive search ad,deep5000_ctr_urgency,Sub-Zero Repair Redwood City,1,subzero repair redwood city,,Emergency Slots Open,,Same Day Service Available,,Call Now Book In 60 Sec,,Technician Arrives Today,,Fast In-Home Diagnosis,,Bay Area Local Team,,Stop Cooling Problems Fast,,Priority Service Window,,No Repair Without Approval,,Upfront Quote Before Repair,,Warranty On Repair Work,,Book Online Or Call Now,,Sub-Zero Repair Experts,,Need help now? Book same-day service in Redwood City and get a confirmed arrival window.,,"Local tech diagnoses fast, explains options, and repairs only after your approval.",,"We fix cooling, leak, freezer, ice maker, and temperature issues across Bay Area.",,Call now or book online in under a minute to secure the next priority slot.,,sub-zero,geo-redwoodcity,https://appliancepros.netlify.app/subzero/,,,,,Enabled,Enabled,Enabled,,,CTR/CVR variant: urgency + keyword relevance
SZ_Search_BayArea_ExactPhrase_2026,Geo RedwoodCity Repair,Responsive search ad,deep5000_ctr_trust,Sub-Zero Repair Redwood City,1,subzero repair redwood city,,Trusted Bay Area Service,,Local Sub-Zero Specialists,,Licensed Insured Tech Team,,Clear Diagnosis First,,Transparent Repair Process,,No Hidden Repair Surprises,,Repair With Your Approval,,Warranty On Completed Work,,Book Online Or By Phone,,Experienced Home Technicians,,Flexible Arrival Windows,,Reliable Long Lasting Repair,,Redwood City Sub-Zero Service,,Trusted Sub-Zero specialists with accurate diagnosis in Redwood City and long-lasting,,You get a clear quote before work starts and approve every repair step.,,"From fridge and freezer faults to leaks and ice issues, we cover major failures.",,Choose a convenient arrival window and get support from first call to final test.,,sub-zero,geo-redwoodcity,https://appliancepros.netlify.app/subzero/,,,,,Enabled,Enabled,Enabled,,,CTR/CVR variant: trust + keyword relevance
SZ_Search_BayArea_ExactPhrase_2026,Geo RedwoodCity Repair,Responsive search ad,deep5000_ctr_value,Sub-Zero Repair Redwood City,1,subzero repair redwood city,,Upfront Pricing No Surprises,,Repair Cost Quote First,,Same Day Or Next Day Slots,,Book Service In 60 Seconds,,Fix It Before It Gets Worse,,Priority Appointment Options,,No Repair Without Your OK,,Honest Repair Recommendations,,Clear Scope Before Work,,Call Now For Priority Slot,,Sub-Zero Service Near You,,Schedule Today Save Time,,Fast Local Bay Area Response,,Get fast diagnosis and upfront pricing in Redwood City before damage gets worse.,,Same-day or next-day appointments across Bay Area with transparent service rates.,,"We repair cooling, freezer, leak, and ice maker problems in one service flow.",,Call now for a priority slot or book online in under 60 seconds.,,sub-zero,geo-redwoodcity,https://appliancepros.netlify.app/subzero/,,,,,Enabled,Enabled,Enabled,,,CTR/CVR variant: value + keyword relevance
SZ_Search_BayArea_ExactPhrase_2026,Geo Richmond Repair,Responsive search ad,deep5000_ctr_urgency,Sub-Zero Repair Richmond,1,richmond subzero repair,,Emergency Slots Open,,Same Day Service Available,,Call Now Book In 60 Sec,,Technician Arrives Today,,Fast In-Home Diagnosis,,Bay Area Local Team,,Stop Cooling Problems Fast,,Priority Service Window,,No Repair Without Approval,,Upfront Quote Before Repair,,Warranty On Repair Work,,Book Online Or Call Now,,Sub-Zero Repair Experts,,Need help now? Book same-day service in Richmond and get a confirmed arrival window.,,"Local tech diagnoses fast, explains options, and repairs only after your approval.",,"We fix cooling, leak, freezer, ice maker, and temperature issues across Bay Area.",,Call now or book online in under a minute to secure the next priority slot.,,sub-zero,geo-richmond-re,https://appliancepros.netlify.app/subzero/,,,,,Enabled,Enabled,Enabled,,,CTR/CVR variant: urgency + keyword relevance
SZ_Search_BayArea_ExactPhrase_2026,Geo Richmond Repair,Responsive search ad,deep5000_ctr_trust,Sub-Zero Repair Richmond,1,richmond subzero repair,,Trusted Bay Area Service,,Local Sub-Zero Specialists,,Licensed Insured Tech Team,,Clear Diagnosis First,,Transparent Repair Process,,No Hidden Repair Surprises,,Repair With Your Approval,,Warranty On Completed Work,,Book Online Or By Phone,,Experienced Home Technicians,,Flexible Arrival Windows,,Reliable Long Lasting Repair,,Richmond Sub-Zero Service,,Trusted Sub-Zero specialists with accurate diagnosis in Richmond and long-lasting repair.,,You get a clear quote before work starts and approve every repair step.,,"From fridge and freezer faults to leaks and ice issues, we cover major failures.",,Choose a convenient arrival window and get support from first call to final test.,,sub-zero,geo-richmond-re,https://appliancepros.netlify.app/subzero/,,,,,Enabled,Enabled,Enabled,,,CTR/CVR variant: trust + keyword relevance
SZ_Search_BayArea_ExactPhrase_2026,Geo Richmond Repair,Responsive search ad,deep5000_ctr_value,Sub-Zero Repair Richmond,1,richmond subzero repair,,Upfront Pricing No Surprises,,Repair Cost Quote First,,Same Day Or Next Day Slots,,Book Service In 60 Seconds,,Fix It Before It Gets Worse,,Priority Appointment Options,,No Repair Without Your OK,,Honest Repair Recommendations,,Clear Scope Before Work,,Call Now For Priority Slot,,Sub-Zero Service Near You,,Schedule Today Save Time,,Fast Local Bay Area Response,,Get fast diagnosis and upfront pricing in Richmond before damage gets worse.,,Same-day or next-day appointments across Bay Area with transparent service rates.,,"We repair cooling, freezer, leak, and ice maker problems in one service flow.",,Call now for a priority slot or book online in under 60 seconds.,,sub-zero,geo-richmond-re,https://appliancepros.netlify.app/subzero/,,,,,Enabled,Enabled,Enabled,,,CTR/CVR variant: value + keyword relevance
SZ_Search_BayArea_ExactPhrase_2026,Geo SanBruno Repair,Responsive search ad,deep5000_ctr_urgency,Sub-Zero Repair San Bruno,1,subzero repair san bruno,,Emergency Slots Open,,Same Day Service Available,,Call Now Book In 60 Sec,,Technician Arrives Today,,Fast In-Home Diagnosis,,Bay Area Local Team,,Stop Cooling Problems Fast,,Priority Service Window,,No Repair Without Approval,,Upfront Quote Before Repair,,Warranty On Repair Work,,Book Online Or Call Now,,Sub-Zero Repair Experts,,Need help now? Book same-day service in San Bruno and get a confirmed arrival window.,,"Local tech diagnoses fast, explains options, and repairs only after your approval.",,"We fix cooling, leak, freezer, ice maker, and temperature issues across Bay Area.",,Call now or book online in under a minute to secure the next priority slot.,,sub-zero,geo-sanbruno-re,https://appliancepros.netlify.app/subzero/,,,,,Enabled,Enabled,Enabled,,,CTR/CVR variant: urgency + keyword relevance
SZ_Search_BayArea_ExactPhrase_2026,Geo SanBruno Repair,Responsive search ad,deep5000_ctr_trust,Sub-Zero Repair San Bruno,1,subzero repair san bruno,,Trusted Bay Area Service,,Local Sub-Zero Specialists,,Licensed Insured Tech Team,,Clear Diagnosis First,,Transparent Repair Process,,No Hidden Repair Surprises,,Repair With Your Approval,,Warranty On Completed Work,,Book Online Or By Phone,,Experienced Home Technicians,,Flexible Arrival Windows,,Reliable Long Lasting Repair,,San Bruno Sub-Zero Service,,Trusted Sub-Zero specialists with accurate diagnosis in San Bruno and long-lasting repair.,,You get a clear quote before work starts and approve every repair step.,,"From fridge and freezer faults to leaks and ice issues, we cover major failures.",,Choose a convenient arrival window and get support from first call to final test.,,sub-zero,geo-sanbruno-re,https://appliancepros.netlify.app/subzero/,,,,,Enabled,Enabled,Enabled,,,CTR/CVR variant: trust + keyword relevance
SZ_Search_BayArea_ExactPhrase_2026,Geo SanBruno Repair,Responsive search ad,deep5000_ctr_value,Sub-Zero Repair San Bruno,1,subzero repair san bruno,,Upfront Pricing No Surprises,,Repair Cost Quote First,,Same Day Or Next Day Slots,,Book Service In 60 Seconds,,Fix It Before It Gets Worse,,Priority Appointment Options,,No Repair Without Your OK,,Honest Repair Recommendations,,Clear Scope Before Work,,Call Now For Priority Slot,,Sub-Zero Service Near You,,Schedule Today Save Time,,Fast Local Bay Area Response,,Get fast diagnosis and upfront pricing in San Bruno before damage gets worse.,,Same-day or next-day appointments across Bay Area with transparent service rates.,,"We repair cooling, freezer, leak, and ice maker problems in one service flow.",,Call now for a priority slot or book online in under 60 seconds.,,sub-zero,geo-sanbruno-re,https://appliancepros.netlify.app/subzero/,,,,,Enabled,Enabled,Enabled,,,CTR/CVR variant: value + keyword relevance
SZ_Search_BayArea_ExactPhrase_2026,Geo SanFrancisco Repair,Responsive search ad,deep5000_ctr_urgency,Sub-Zero Repair San Francisco,1,san francisco subzero repair,,Emergency Slots Open,,Same Day Service Available,,Call Now Book In 60 Sec,,Technician Arrives Today,,Fast In-Home Diagnosis,,Bay Area Local Team,,Stop Cooling Problems Fast,,Priority Service Window,,No Repair Without Approval,,Upfront Quote Before Repair,,Warranty On Repair Work,,Book Online Or Call Now,,Sub-Zero Repair Experts,,Need help now? Book same-day service in San Francisco and get a confirmed arrival window.,,"Local tech diagnoses fast, explains options, and repairs only after your approval.",,"We fix cooling, leak, freezer, ice maker, and temperature issues across Bay Area.",,Call now or book online in under a minute to secure the next priority slot.,,sub-zero,geo-sanfrancisc,https://appliancepros.netlify.app/subzero/,,,,,Enabled,Enabled,Enabled,,,CTR/CVR variant: urgency + keyword relevance
SZ_Search_BayArea_ExactPhrase_2026,Geo SanFrancisco Repair,Responsive search ad,deep5000_ctr_trust,Sub-Zero Repair San Francisco,1,san francisco subzero repair,,Trusted Bay Area Service,,Local Sub-Zero Specialists,,Licensed Insured Tech Team,,Clear Diagnosis First,,Transparent Repair Process,,No Hidden Repair Surprises,,Repair With Your Approval,,Warranty On Completed Work,,Book Online Or By Phone,,Experienced Home Technicians,,Flexible Arrival Windows,,Reliable Long Lasting Repair,,San Francisco Sub-Zero Service,,Trusted Sub-Zero specialists with accurate diagnosis in San Francisco and long-lasting,,You get a clear quote before work starts and approve every repair step.,,"From fridge and freezer faults to leaks and ice issues, we cover major failures.",,Choose a convenient arrival window and get support from first call to final test.,,sub-zero,geo-sanfrancisc,https://appliancepros.netlify.app/subzero/,,,,,Enabled,Enabled,Enabled,,,CTR/CVR variant: trust + keyword relevance
SZ_Search_BayArea_ExactPhrase_2026,Geo SanFrancisco Repair,Responsive search ad,deep5000_ctr_value,Sub-Zero Repair San Francisco,1,san francisco subzero repair,,Upfront Pricing No Surprises,,Repair Cost Quote First,,Same Day Or Next Day Slots,,Book Service In 60 Seconds,,Fix It Before It Gets Worse,,Priority Appointment Options,,No Repair Without Your OK,,Honest Repair Recommendations,,Clear Scope Before Work,,Call Now For Priority Slot,,Sub-Zero Service Near You,,Schedule Today Save Time,,Fast Local Bay Area Response,,Get fast diagnosis and upfront pricing in San Francisco before damage gets worse.,,Same-day or next-day appointments across Bay Area with transparent service rates.,,"We repair cooling, freezer, leak, and ice maker problems in one service flow.",,Call now for a priority slot or book online in under 60 seconds.,,sub-zero,geo-sanfrancisc,https://appliancepros.netlify.app/subzero/,,,,,Enabled,Enabled,Enabled,,,CTR/CVR variant: value + keyword relevance
SZ_Search_BayArea_ExactPhrase_2026,Geo SanJose Repair,Responsive search ad,deep5000_ctr_urgency,Sub-Zero Repair San Jose,1,san jose subzero repair,,Emergency Slots Open,,Same Day Service Available,,Call Now Book In 60 Sec,,Technician Arrives Today,,Fast In-Home Diagnosis,,Bay Area Local Team,,Stop Cooling Problems Fast,,Priority Service Window,,No Repair Without Approval,,Upfront Quote Before Repair,,Warranty On Repair Work,,Book Online Or Call Now,,Sub-Zero Repair Experts,,Need help now? Book same-day service in San Jose and get a confirmed arrival window.,,"Local tech diagnoses fast, explains options, and repairs only after your approval.",,"We fix cooling, leak, freezer, ice maker, and temperature issues across Bay Area.",,Call now or book online in under a minute to secure the next priority slot.,,sub-zero,geo-sanjose-rep,https://appliancepros.netlify.app/subzero/,,,,,Enabled,Enabled,Enabled,,,CTR/CVR variant: urgency + keyword relevance
SZ_Search_BayArea_ExactPhrase_2026,Geo SanJose Repair,Responsive search ad,deep5000_ctr_trust,Sub-Zero Repair San Jose,1,san jose subzero repair,,Trusted Bay Area Service,,Local Sub-Zero Specialists,,Licensed Insured Tech Team,,Clear Diagnosis First,,Transparent Repair Process,,No Hidden Repair Surprises,,Repair With Your Approval,,Warranty On Completed Work,,Book Online Or By Phone,,Experienced Home Technicians,,Flexible Arrival Windows,,Reliable Long Lasting Repair,,San Jose Sub-Zero Service,,Trusted Sub-Zero specialists with accurate diagnosis in San Jose and long-lasting repair.,,You get a clear quote before work starts and approve every repair step.,,"From fridge and freezer faults to leaks and ice issues, we cover major failures.",,Choose a convenient arrival window and get support from first call to final test.,,sub-zero,geo-sanjose-rep,https://appliancepros.netlify.app/subzero/,,,,,Enabled,Enabled,Enabled,,,CTR/CVR variant: trust + keyword relevance
SZ_Search_BayArea_ExactPhrase_2026,Geo SanJose Repair,Responsive search ad,deep5000_ctr_value,Sub-Zero Repair San Jose,1,san jose subzero repair,,Upfront Pricing No Surprises,,Repair Cost Quote First,,Same Day Or Next Day Slots,,Book Service In 60 Seconds,,Fix It Before It Gets Worse,,Priority Appointment Options,,No Repair Without Your OK,,Honest Repair Recommendations,,Clear Scope Before Work,,Call Now For Priority Slot,,Sub-Zero Service Near You,,Schedule Today Save Time,,Fast Local Bay Area Response,,Get fast diagnosis and upfront pricing in San Jose before damage gets worse.,,Same-day or next-day appointments across Bay Area with transparent service rates.,,"We repair cooling, freezer, leak, and ice maker problems in one service flow.",,Call now for a priority slot or book online in under 60 seconds.,,sub-zero,geo-sanjose-rep,https://appliancepros.netlify.app/subzero/,,,,,Enabled,Enabled,Enabled,,,CTR/CVR variant: value + keyword relevance
SZ_Search_BayArea_ExactPhrase_2026,Geo SanLeandro Repair,Responsive search ad,deep5000_ctr_urgency,Sub-Zero Repair San Leandro,1,subzero repair san leandro,,Emergency Slots Open,,Same Day Service Available,,Call Now Book In 60 Sec,,Technician Arrives Today,,Fast In-Home Diagnosis,,Bay Area Local Team,,Stop Cooling Problems Fast,,Priority Service Window,,No Repair Without Approval,,Upfront Quote Before Repair,,Warranty On Repair Work,,Book Online Or Call Now,,Sub-Zero Repair Experts,,Need help now? Book same-day service in San Leandro and get a confirmed arrival window.,,"Local tech diagnoses fast, explains options, and repairs only after your approval.",,"We fix cooling, leak, freezer, ice maker, and temperature issues across Bay Area.",,Call now or book online in under a minute to secure the next priority slot.,,sub-zero,geo-sanleandro-,https://appliancepros.netlify.app/subzero/,,,,,Enabled,Enabled,Enabled,,,CTR/CVR variant: urgency + keyword relevance
SZ_Search_BayArea_ExactPhrase_2026,Geo SanLeandro Repair,Responsive search ad,deep5000_ctr_trust,Sub-Zero Repair San Leandro,1,subzero repair san leandro,,Trusted Bay Area Service,,Local Sub-Zero Specialists,,Licensed Insured Tech Team,,Clear Diagnosis First,,Transparent Repair Process,,No Hidden Repair Surprises,,Repair With Your Approval,,Warranty On Completed Work,,Book Online Or By Phone,,Experienced Home Technicians,,Flexible Arrival Windows,,Reliable Long Lasting Repair,,San Leandro Sub-Zero Service,,Trusted Sub-Zero specialists with accurate diagnosis in San Leandro and long-lasting,,You get a clear quote before work starts and approve every repair step.,,"From fridge and freezer faults to leaks and ice issues, we cover major failures.",,Choose a convenient arrival window and get support from first call to final test.,,sub-zero,geo-sanleandro-,https://appliancepros.netlify.app/subzero/,,,,,Enabled,Enabled,Enabled,,,CTR/CVR variant: trust + keyword relevance
SZ_Search_BayArea_ExactPhrase_2026,Geo SanLeandro Repair,Responsive search ad,deep5000_ctr_value,Sub-Zero Repair San Leandro,1,subzero repair san leandro,,Upfront Pricing No Surprises,,Repair Cost Quote First,,Same Day Or Next Day Slots,,Book Service In 60 Seconds,,Fix It Before It Gets Worse,,Priority Appointment Options,,No Repair Without Your OK,,Honest Repair Recommendations,,Clear Scope Before Work,,Call Now For Priority Slot,,Sub-Zero Service Near You,,Schedule Today Save Time,,Fast Local Bay Area Response,,Get fast diagnosis and upfront pricing in San Leandro before damage gets worse.,,Same-day or next-day appointments across Bay Area with transparent service rates.,,"We repair cooling, freezer, leak, and ice maker problems in one service flow.",,Call now for a priority slot or book online in under 60 seconds.,,sub-zero,geo-sanleandro-,https://appliancepros.netlify.app/subzero/,,,,,Enabled,Enabled,Enabled,,,CTR/CVR variant: value + keyword relevance
SZ_Search_BayArea_ExactPhrase_2026,Geo SanMateo Repair,Responsive search ad,deep5000_ctr_urgency,Sub-Zero Repair San Mateo,1,san mateo subzero repair,,Emergency Slots Open,,Same Day Service Available,,Call Now Book In 60 Sec,,Technician Arrives Today,,Fast In-Home Diagnosis,,Bay Area Local Team,,Stop Cooling Problems Fast,,Priority Service Window,,No Repair Without Approval,,Upfront Quote Before Repair,,Warranty On Repair Work,,Book Online Or Call Now,,Sub-Zero Repair Experts,,Need help now? Book same-day service in San Mateo and get a confirmed arrival window.,,"Local tech diagnoses fast, explains options, and repairs only after your approval.",,"We fix cooling, leak, freezer, ice maker, and temperature issues across Bay Area.",,Call now or book online in under a minute to secure the next priority slot.,,sub-zero,geo-sanmateo-re,https://appliancepros.netlify.app/subzero/,,,,,Enabled,Enabled,Enabled,,,CTR/CVR variant: urgency + keyword relevance
SZ_Search_BayArea_ExactPhrase_2026,Geo SanMateo Repair,Responsive search ad,deep5000_ctr_trust,Sub-Zero Repair San Mateo,1,san mateo subzero repair,,Trusted Bay Area Service,,Local Sub-Zero Specialists,,Licensed Insured Tech Team,,Clear Diagnosis First,,Transparent Repair Process,,No Hidden Repair Surprises,,Repair With Your Approval,,Warranty On Completed Work,,Book Online Or By Phone,,Experienced Home Technicians,,Flexible Arrival Windows,,Reliable Long Lasting Repair,,San Mateo Sub-Zero Service,,Trusted Sub-Zero specialists with accurate diagnosis in San Mateo and long-lasting repair.,,You get a clear quote before work starts and approve every repair step.,,"From fridge and freezer faults to leaks and ice issues, we cover major failures.",,Choose a convenient arrival window and get support from first call to final test.,,sub-zero,geo-sanmateo-re,https://appliancepros.netlify.app/subzero/,,,,,Enabled,Enabled,Enabled,,,CTR/CVR variant: trust + keyword relevance
SZ_Search_BayArea_ExactPhrase_2026,Geo SanMateo Repair,Responsive search ad,deep5000_ctr_value,Sub-Zero Repair San Mateo,1,san mateo subzero repair,,Upfront Pricing No Surprises,,Repair Cost Quote First,,Same Day Or Next Day Slots,,Book Service In 60 Seconds,,Fix It Before It Gets Worse,,Priority Appointment Options,,No Repair Without Your OK,,Honest Repair Recommendations,,Clear Scope Before Work,,Call Now For Priority Slot,,Sub-Zero Service Near You,,Schedule Today Save Time,,Fast Local Bay Area Response,,Get fast diagnosis and upfront pricing in San Mateo before damage gets worse.,,Same-day or next-day appointments across Bay Area with transparent service rates.,,"We repair cooling, freezer, leak, and ice maker problems in one service flow.",,Call now for a priority slot or book online in under 60 seconds.,,sub-zero,geo-sanmateo-re,https://appliancepros.netlify.app/subzero/,,,,,Enabled,Enabled,Enabled,,,CTR/CVR variant: value + keyword relevance
SZ_Search_BayArea_ExactPhrase_2026,Geo SanRafael Repair,Responsive search ad,deep5000_ctr_urgency,Sub-Zero Repair San Rafael,1,san rafael subzero repair,,Emergency Slots Open,,Same Day Service Available,,Call Now Book In 60 Sec,,Technician Arrives Today,,Fast In-Home Diagnosis,,Bay Area Local Team,,Stop Cooling Problems Fast,,Priority Service Window,,No Repair Without Approval,,Upfront Quote Before Repair,,Warranty On Repair Work,,Book Online Or Call Now,,Sub-Zero Repair Experts,,Need help now? Book same-day service in San Rafael and get a confirmed arrival window.,,"Local tech diagnoses fast, explains options, and repairs only after your approval.",,"We fix cooling, leak, freezer, ice maker, and temperature issues across Bay Area.",,Call now or book online in under a minute to secure the next priority slot.,,sub-zero,geo-sanrafael-r,https://appliancepros.netlify.app/subzero/,,,,,Enabled,Enabled,Enabled,,,CTR/CVR variant: urgency + keyword relevance
SZ_Search_BayArea_ExactPhrase_2026,Geo SanRafael Repair,Responsive search ad,deep5000_ctr_trust,Sub-Zero Repair San Rafael,1,san rafael subzero repair,,Trusted Bay Area Service,,Local Sub-Zero Specialists,,Licensed Insured Tech Team,,Clear Diagnosis First,,Transparent Repair Process,,No Hidden Repair Surprises,,Repair With Your Approval,,Warranty On Completed Work,,Book Online Or By Phone,,Experienced Home Technicians,,Flexible Arrival Windows,,Reliable Long Lasting Repair,,San Rafael Sub-Zero Service,,Trusted Sub-Zero specialists with accurate diagnosis in San Rafael and long-lasting,,You get a clear quote before work starts and approve every repair step.,,"From fridge and freezer faults to leaks and ice issues, we cover major failures.",,Choose a convenient arrival window and get support from first call to final test.,,sub-zero,geo-sanrafael-r,https://appliancepros.netlify.app/subzero/,,,,,Enabled,Enabled,Enabled,,,CTR/CVR variant: trust + keyword relevance
SZ_Search_BayArea_ExactPhrase_2026,Geo SanRafael Repair,Responsive search ad,deep5000_ctr_value,Sub-Zero Repair San Rafael,1,san rafael subzero repair,,Upfront Pricing No Surprises,,Repair Cost Quote First,,Same Day Or Next Day Slots,,Book Service In 60 Seconds,,Fix It Before It Gets Worse,,Priority Appointment Options,,No Repair Without Your OK,,Honest Repair Recommendations,,Clear Scope Before Work,,Call Now For Priority Slot,,Sub-Zero Service Near You,,Schedule Today Save Time,,Fast Local Bay Area Response,,Get fast diagnosis and upfront pricing in San Rafael before damage gets worse.,,Same-day or next-day appointments across Bay Area with transparent service rates.,,"We repair cooling, freezer, leak, and ice maker problems in one service flow.",,Call now for a priority slot or book online in under 60 seconds.,,sub-zero,geo-sanrafael-r,https://appliancepros.netlify.app/subzero/,,,,,Enabled,Enabled,Enabled,,,CTR/CVR variant: value + keyword relevance
SZ_Search_BayArea_ExactPhrase_2026,Geo SantaClara Repair,Responsive search ad,deep5000_ctr_urgency,Sub-Zero Repair Santa Clara,1,subzero repair santa clara,,Emergency Slots Open,,Same Day Service Available,,Call Now Book In 60 Sec,,Technician Arrives Today,,Fast In-Home Diagnosis,,Bay Area Local Team,,Stop Cooling Problems Fast,,Priority Service Window,,No Repair Without Approval,,Upfront Quote Before Repair,,Warranty On Repair Work,,Book Online Or Call Now,,Sub-Zero Repair Experts,,Need help now? Book same-day service in Santa Clara and get a confirmed arrival window.,,"Local tech diagnoses fast, explains options, and repairs only after your approval.",,"We fix cooling, leak, freezer, ice maker, and temperature issues across Bay Area.",,Call now or book online in under a minute to secure the next priority slot.,,sub-zero,geo-santaclara-,https://appliancepros.netlify.app/subzero/,,,,,Enabled,Enabled,Enabled,,,CTR/CVR variant: urgency + keyword relevance
SZ_Search_BayArea_ExactPhrase_2026,Geo SantaClara Repair,Responsive search ad,deep5000_ctr_trust,Sub-Zero Repair Santa Clara,1,subzero repair santa clara,,Trusted Bay Area Service,,Local Sub-Zero Specialists,,Licensed Insured Tech Team,,Clear Diagnosis First,,Transparent Repair Process,,No Hidden Repair Surprises,,Repair With Your Approval,,Warranty On Completed Work,,Book Online Or By Phone,,Experienced Home Technicians,,Flexible Arrival Windows,,Reliable Long Lasting Repair,,Santa Clara Sub-Zero Service,,Trusted Sub-Zero specialists with accurate diagnosis in Santa Clara and long-lasting,,You get a clear quote before work starts and approve every repair step.,,"From fridge and freezer faults to leaks and ice issues, we cover major failures.",,Choose a convenient arrival window and get support from first call to final test.,,sub-zero,geo-santaclara-,https://appliancepros.netlify.app/subzero/,,,,,Enabled,Enabled,Enabled,,,CTR/CVR variant: trust + keyword relevance
SZ_Search_BayArea_ExactPhrase_2026,Geo SantaClara Repair,Responsive search ad,deep5000_ctr_value,Sub-Zero Repair Santa Clara,1,subzero repair santa clara,,Upfront Pricing No Surprises,,Repair Cost Quote First,,Same Day Or Next Day Slots,,Book Service In 60 Seconds,,Fix It Before It Gets Worse,,Priority Appointment Options,,No Repair Without Your OK,,Honest Repair Recommendations,,Clear Scope Before Work,,Call Now For Priority Slot,,Sub-Zero Service Near You,,Schedule Today Save Time,,Fast Local Bay Area Response,,Get fast diagnosis and upfront pricing in Santa Clara before damage gets worse.,,Same-day or next-day appointments across Bay Area with transparent service rates.,,"We repair cooling, freezer, leak, and ice maker problems in one service flow.",,Call now for a priority slot or book online in under 60 seconds.,,sub-zero,geo-santaclara-,https://appliancepros.netlify.app/subzero/,,,,,Enabled,Enabled,Enabled,,,CTR/CVR variant: value + keyword relevance
SZ_Search_BayArea_ExactPhrase_2026,Geo Sunnyvale Repair,Responsive search ad,deep5000_ctr_urgency,Sub-Zero Repair Sunnyvale,1,subzero repair sunnyvale,,Emergency Slots Open,,Same Day Service Available,,Call Now Book In 60 Sec,,Technician Arrives Today,,Fast In-Home Diagnosis,,Bay Area Local Team,,Stop Cooling Problems Fast,,Priority Service Window,,No Repair Without Approval,,Upfront Quote Before Repair,,Warranty On Repair Work,,Book Online Or Call Now,,Sub-Zero Repair Experts,,Need help now? Book same-day service in Sunnyvale and get a confirmed arrival window.,,"Local tech diagnoses fast, explains options, and repairs only after your approval.",,"We fix cooling, leak, freezer, ice maker, and temperature issues across Bay Area.",,Call now or book online in under a minute to secure the next priority slot.,,sub-zero,geo-sunnyvale-r,https://appliancepros.netlify.app/subzero/,,,,,Enabled,Enabled,Enabled,,,CTR/CVR variant: urgency + keyword relevance
SZ_Search_BayArea_ExactPhrase_2026,Geo Sunnyvale Repair,Responsive search ad,deep5000_ctr_trust,Sub-Zero Repair Sunnyvale,1,subzero repair sunnyvale,,Trusted Bay Area Service,,Local Sub-Zero Specialists,,Licensed Insured Tech Team,,Clear Diagnosis First,,Transparent Repair Process,,No Hidden Repair Surprises,,Repair With Your Approval,,Warranty On Completed Work,,Book Online Or By Phone,,Experienced Home Technicians,,Flexible Arrival Windows,,Reliable Long Lasting Repair,,Sunnyvale Sub-Zero Service,,Trusted Sub-Zero specialists with accurate diagnosis in Sunnyvale and long-lasting repair.,,You get a clear quote before work starts and approve every repair step.,,"From fridge and freezer faults to leaks and ice issues, we cover major failures.",,Choose a convenient arrival window and get support from first call to final test.,,sub-zero,geo-sunnyvale-r,https://appliancepros.netlify.app/subzero/,,,,,Enabled,Enabled,Enabled,,,CTR/CVR variant: trust + keyword relevance
SZ_Search_BayArea_ExactPhrase_2026,Geo Sunnyvale Repair,Responsive search ad,deep5000_ctr_value,Sub-Zero Repair Sunnyvale,1,subzero repair sunnyvale,,Upfront Pricing No Surprises,,Repair Cost Quote First,,Same Day Or Next Day Slots,,Book Service In 60 Seconds,,Fix It Before It Gets Worse,,Priority Appointment Options,,No Repair Without Your OK,,Honest Repair Recommendations,,Clear Scope Before Work,,Call Now For Priority Slot,,Sub-Zero Service Near You,,Schedule Today Save Time,,Fast Local Bay Area Response,,Get fast diagnosis and upfront pricing in Sunnyvale before damage gets worse.,,Same-day or next-day appointments across Bay Area with transparent service rates.,,"We repair cooling, freezer, leak, and ice maker problems in one service flow.",,Call now for a priority slot or book online in under 60 seconds.,,sub-zero,geo-sunnyvale-r,https://appliancepros.netlify.app/subzero/,,,,,Enabled,Enabled,Enabled,,,CTR/CVR variant: value + keyword relevance
SZ_Search_BayArea_ExactPhrase_2026,Geo UnionCity Repair,Responsive search ad,deep5000_ctr_urgency,Sub-Zero Repair Union City,1,union city subzero repair,,Emergency Slots Open,,Same Day Service Available,,Call Now Book In 60 Sec,,Technician Arrives Today,,Fast In-Home Diagnosis,,Bay Area Local Team,,Stop Cooling Problems Fast,,Priority Service Window,,No Repair Without Approval,,Upfront Quote Before Repair,,Warranty On Repair Work,,Book Online Or Call Now,,Sub-Zero Repair Experts,,Need help now? Book same-day service in Union City and get a confirmed arrival window.,,"Local tech diagnoses fast, explains options, and repairs only after your approval.",,"We fix cooling, leak, freezer, ice maker, and temperature issues across Bay Area.",,Call now or book online in under a minute to secure the next priority slot.,,sub-zero,geo-unioncity-r,https://appliancepros.netlify.app/subzero/,,,,,Enabled,Enabled,Enabled,,,CTR/CVR variant: urgency + keyword relevance
SZ_Search_BayArea_ExactPhrase_2026,Geo UnionCity Repair,Responsive search ad,deep5000_ctr_trust,Sub-Zero Repair Union City,1,union city subzero repair,,Trusted Bay Area Service,,Local Sub-Zero Specialists,,Licensed Insured Tech Team,,Clear Diagnosis First,,Transparent Repair Process,,No Hidden Repair Surprises,,Repair With Your Approval,,Warranty On Completed Work,,Book Online Or By Phone,,Experienced Home Technicians,,Flexible Arrival Windows,,Reliable Long Lasting Repair,,Union City Sub-Zero Service,,Trusted Sub-Zero specialists with accurate diagnosis in Union City and long-lasting,,You get a clear quote before work starts and approve every repair step.,,"From fridge and freezer faults to leaks and ice issues, we cover major failures.",,Choose a convenient arrival window and get support from first call to final test.,,sub-zero,geo-unioncity-r,https://appliancepros.netlify.app/subzero/,,,,,Enabled,Enabled,Enabled,,,CTR/CVR variant: trust + keyword relevance
SZ_Search_BayArea_ExactPhrase_2026,Geo UnionCity Repair,Responsive search ad,deep5000_ctr_value,Sub-Zero Repair Union City,1,union city subzero repair,,Upfront Pricing No Surprises,,Repair Cost Quote First,,Same Day Or Next Day Slots,,Book Service In 60 Seconds,,Fix It Before It Gets Worse,,Priority Appointment Options,,No Repair Without Your OK,,Honest Repair Recommendations,,Clear Scope Before Work,,Call Now For Priority Slot,,Sub-Zero Service Near You,,Schedule Today Save Time,,Fast Local Bay Area Response,,Get fast diagnosis and upfront pricing in Union City before damage gets worse.,,Same-day or next-day appointments across Bay Area with transparent service rates.,,"We repair cooling, freezer, leak, and ice maker problems in one service flow.",,Call now for a priority slot or book online in under 60 seconds.,,sub-zero,geo-unioncity-r,https://appliancepros.netlify.app/subzero/,,,,,Enabled,Enabled,Enabled,,,CTR/CVR variant: value + keyword relevance
SZ_Search_BayArea_ExactPhrase_2026,Geo WalnutCreek Repair,Responsive search ad,deep5000_ctr_urgency,Sub-Zero Repair Walnut Creek,1,subzero repair walnut creek,,Emergency Slots Open,,Same Day Service Available,,Call Now Book In 60 Sec,,Technician Arrives Today,,Fast In-Home Diagnosis,,Bay Area Local Team,,Stop Cooling Problems Fast,,Priority Service Window,,No Repair Without Approval,,Upfront Quote Before Repair,,Warranty On Repair Work,,Book Online Or Call Now,,Sub-Zero Repair Experts,,Need help now? Book same-day service in Walnut Creek and get a confirmed arrival window.,,"Local tech diagnoses fast, explains options, and repairs only after your approval.",,"We fix cooling, leak, freezer, ice maker, and temperature issues across Bay Area.",,Call now or book online in under a minute to secure the next priority slot.,,sub-zero,geo-walnutcreek,https://appliancepros.netlify.app/subzero/,,,,,Enabled,Enabled,Enabled,,,CTR/CVR variant: urgency + keyword relevance
SZ_Search_BayArea_ExactPhrase_2026,Geo WalnutCreek Repair,Responsive search ad,deep5000_ctr_trust,Sub-Zero Repair Walnut Creek,1,subzero repair walnut creek,,Trusted Bay Area Service,,Local Sub-Zero Specialists,,Licensed Insured Tech Team,,Clear Diagnosis First,,Transparent Repair Process,,No Hidden Repair Surprises,,Repair With Your Approval,,Warranty On Completed Work,,Book Online Or By Phone,,Experienced Home Technicians,,Flexible Arrival Windows,,Reliable Long Lasting Repair,,Walnut Creek Sub-Zero Service,,Trusted Sub-Zero specialists with accurate diagnosis in Walnut Creek and long-lasting,,You get a clear quote before work starts and approve every repair step.,,"From fridge and freezer faults to leaks and ice issues, we cover major failures.",,Choose a convenient arrival window and get support from first call to final test.,,sub-zero,geo-walnutcreek,https://appliancepros.netlify.app/subzero/,,,,,Enabled,Enabled,Enabled,,,CTR/CVR variant: trust + keyword relevance
SZ_Search_BayArea_ExactPhrase_2026,Geo WalnutCreek Repair,Responsive search ad,deep5000_ctr_value,Sub-Zero Repair Walnut Creek,1,subzero repair walnut creek,,Upfront Pricing No Surprises,,Repair Cost Quote First,,Same Day Or Next Day Slots,,Book Service In 60 Seconds,,Fix It Before It Gets Worse,,Priority Appointment Options,,No Repair Without Your OK,,Honest Repair Recommendations,,Clear Scope Before Work,,Call Now For Priority Slot,,Sub-Zero Service Near You,,Schedule Today Save Time,,Fast Local Bay Area Response,,Get fast diagnosis and upfront pricing in Walnut Creek before damage gets worse.,,Same-day or next-day appointments across Bay Area with transparent service rates.,,"We repair cooling, freezer, leak, and ice maker problems in one service flow.",,Call now for a priority slot or book online in under 60 seconds.,,sub-zero,geo-walnutcreek,https://appliancepros.netlify.app/subzero/,,,,,Enabled,Enabled,Enabled,,,CTR/CVR variant: value + keyword relevance
SZ_Search_BayArea_ExactPhrase_2026,Ice Maker Repair,Responsive search ad,deep5000_ctr_urgency,Sub-Zero Ice Maker Repair,1,ice maker repair subzero,,Emergency Slots Open,,Same Day Service Available,,Call Now Book In 60 Sec,,Technician Arrives Today,,Fast In-Home Diagnosis,,Bay Area Local Team,,Stop Cooling Problems Fast,,Priority Service Window,,No Repair Without Approval,,Upfront Quote Before Repair,,Warranty On Repair Work,,Book Online Or Call Now,,Sub-Zero Repair Experts,,Need help now? Book same-day service for ice maker problems and get a confirmed arrival,,"Local tech diagnoses fast, explains options, and repairs only after your approval.",,"We fix cooling, leak, freezer, ice maker, and temperature issues across Bay Area.",,Call now or book online in under a minute to secure the next priority slot.,,sub-zero,ice-maker-repai,https://appliancepros.netlify.app/subzero/,,,,,Enabled,Enabled,Enabled,,,CTR/CVR variant: urgency + keyword relevance
SZ_Search_BayArea_ExactPhrase_2026,Ice Maker Repair,Responsive search ad,deep5000_ctr_trust,Sub-Zero Ice Maker Repair,1,ice maker repair subzero,,Trusted Bay Area Service,,Local Sub-Zero Specialists,,Licensed Insured Tech Team,,Clear Diagnosis First,,Transparent Repair Process,,No Hidden Repair Surprises,,Repair With Your Approval,,Warranty On Completed Work,,Book Online Or By Phone,,Experienced Home Technicians,,Flexible Arrival Windows,,Reliable Long Lasting Repair,,Ice Maker Not Working,,Trusted Sub-Zero specialists with accurate diagnosis for ice maker problems and,,You get a clear quote before work starts and approve every repair step.,,"From fridge and freezer faults to leaks and ice issues, we cover major failures.",,Choose a convenient arrival window and get support from first call to final test.,,sub-zero,ice-maker-repai,https://appliancepros.netlify.app/subzero/,,,,,Enabled,Enabled,Enabled,,,CTR/CVR variant: trust + keyword relevance
SZ_Search_BayArea_ExactPhrase_2026,Ice Maker Repair,Responsive search ad,deep5000_ctr_value,Sub-Zero Ice Maker Repair,1,ice maker repair subzero,,Upfront Pricing No Surprises,,Repair Cost Quote First,,Same Day Or Next Day Slots,,Book Service In 60 Seconds,,Fix It Before It Gets Worse,,Priority Appointment Options,,No Repair Without Your OK,,Honest Repair Recommendations,,Clear Scope Before Work,,Call Now For Priority Slot,,Sub-Zero Service Near You,,Schedule Today Save Time,,Fast Local Bay Area Response,,Get fast diagnosis and upfront pricing for ice maker problems before damage gets worse.,,Same-day or next-day appointments across Bay Area with transparent service rates.,,"We repair cooling, freezer, leak, and ice maker problems in one service flow.",,Call now for a priority slot or book online in under 60 seconds.,,sub-zero,ice-maker-repai,https://appliancepros.netlify.app/subzero/,,,,,Enabled,Enabled,Enabled,,,CTR/CVR variant: value + keyword relevance
SZ_Search_BayArea_ExactPhrase_2026,Noise Compressor Fan,Responsive search ad,deep5000_ctr_urgency,Sub-Zero Fan Noise Repair,1,subzero fan noise repair,,Emergency Slots Open,,Same Day Service Available,,Call Now Book In 60 Sec,,Technician Arrives Today,,Fast In-Home Diagnosis,,Bay Area Local Team,,Stop Cooling Problems Fast,,Priority Service Window,,No Repair Without Approval,,Upfront Quote Before Repair,,Warranty On Repair Work,,Book Online Or Call Now,,Sub-Zero Repair Experts,,Need help now? Book same-day service for fan or compressor noise and get a confirmed,,"Local tech diagnoses fast, explains options, and repairs only after your approval.",,"We fix cooling, leak, freezer, ice maker, and temperature issues across Bay Area.",,Call now or book online in under a minute to secure the next priority slot.,,sub-zero,noise-compresso,https://appliancepros.netlify.app/subzero/,,,,,Enabled,Enabled,Enabled,,,CTR/CVR variant: urgency + keyword relevance
SZ_Search_BayArea_ExactPhrase_2026,Noise Compressor Fan,Responsive search ad,deep5000_ctr_trust,Sub-Zero Fan Noise Repair,1,subzero fan noise repair,,Trusted Bay Area Service,,Local Sub-Zero Specialists,,Licensed Insured Tech Team,,Clear Diagnosis First,,Transparent Repair Process,,No Hidden Repair Surprises,,Repair With Your Approval,,Warranty On Completed Work,,Book Online Or By Phone,,Experienced Home Technicians,,Flexible Arrival Windows,,Reliable Long Lasting Repair,,Sub-Zero Compressor Noise,,Trusted Sub-Zero specialists with accurate diagnosis for fan or compressor noise and,,You get a clear quote before work starts and approve every repair step.,,"From fridge and freezer faults to leaks and ice issues, we cover major failures.",,Choose a convenient arrival window and get support from first call to final test.,,sub-zero,noise-compresso,https://appliancepros.netlify.app/subzero/,,,,,Enabled,Enabled,Enabled,,,CTR/CVR variant: trust + keyword relevance
SZ_Search_BayArea_ExactPhrase_2026,Noise Compressor Fan,Responsive search ad,deep5000_ctr_value,Sub-Zero Fan Noise Repair,1,subzero fan noise repair,,Upfront Pricing No Surprises,,Repair Cost Quote First,,Same Day Or Next Day Slots,,Book Service In 60 Seconds,,Fix It Before It Gets Worse,,Priority Appointment Options,,No Repair Without Your OK,,Honest Repair Recommendations,,Clear Scope Before Work,,Call Now For Priority Slot,,Sub-Zero Service Near You,,Schedule Today Save Time,,Fast Local Bay Area Response,,Get fast diagnosis and upfront pricing for fan or compressor noise before damage gets,,Same-day or next-day appointments across Bay Area with transparent service rates.,,"We repair cooling, freezer, leak, and ice maker problems in one service flow.",,Call now for a priority slot or book online in under 60 seconds.,,sub-zero,noise-compresso,https://appliancepros.netlify.app/subzero/,,,,,Enabled,Enabled,Enabled,,,CTR/CVR variant: value + keyword relevance
SZ_Search_BayArea_ExactPhrase_2026,Not Cooling Issues,Responsive search ad,deep5000_ctr_urgency,Sub-Zero Not Cooling Fix,1,subzero not cold repair,,Emergency Slots Open,,Same Day Service Available,,Call Now Book In 60 Sec,,Technician Arrives Today,,Fast In-Home Diagnosis,,Bay Area Local Team,,Stop Cooling Problems Fast,,Priority Service Window,,No Repair Without Approval,,Upfront Quote Before Repair,,Warranty On Repair Work,,Book Online Or Call Now,,Sub-Zero Repair Experts,,Need help now? Book same-day service for cooling failures and get a confirmed arrival,,"Local tech diagnoses fast, explains options, and repairs only after your approval.",,"We fix cooling, leak, freezer, ice maker, and temperature issues across Bay Area.",,Call now or book online in under a minute to secure the next priority slot.,,sub-zero,not-cooling-iss,https://appliancepros.netlify.app/subzero/,,,,,Enabled,Enabled,Enabled,,,CTR/CVR variant: urgency + keyword relevance
SZ_Search_BayArea_ExactPhrase_2026,Not Cooling Issues,Responsive search ad,deep5000_ctr_trust,Sub-Zero Not Cooling Fix,1,subzero not cold repair,,Trusted Bay Area Service,,Local Sub-Zero Specialists,,Licensed Insured Tech Team,,Clear Diagnosis First,,Transparent Repair Process,,No Hidden Repair Surprises,,Repair With Your Approval,,Warranty On Completed Work,,Book Online Or By Phone,,Experienced Home Technicians,,Flexible Arrival Windows,,Reliable Long Lasting Repair,,Fridge Not Cooling Repair,,Trusted Sub-Zero specialists with accurate diagnosis for cooling failures and,,You get a clear quote before work starts and approve every repair step.,,"From fridge and freezer faults to leaks and ice issues, we cover major failures.",,Choose a convenient arrival window and get support from first call to final test.,,sub-zero,not-cooling-iss,https://appliancepros.netlify.app/subzero/,,,,,Enabled,Enabled,Enabled,,,CTR/CVR variant: trust + keyword relevance
SZ_Search_BayArea_ExactPhrase_2026,Not Cooling Issues,Responsive search ad,deep5000_ctr_value,Sub-Zero Not Cooling Fix,1,subzero not cold repair,,Upfront Pricing No Surprises,,Repair Cost Quote First,,Same Day Or Next Day Slots,,Book Service In 60 Seconds,,Fix It Before It Gets Worse,,Priority Appointment Options,,No Repair Without Your OK,,Honest Repair Recommendations,,Clear Scope Before Work,,Call Now For Priority Slot,,Sub-Zero Service Near You,,Schedule Today Save Time,,Fast Local Bay Area Response,,Get fast diagnosis and upfront pricing for cooling failures before damage gets worse.,,Same-day or next-day appointments across Bay Area with transparent service rates.,,"We repair cooling, freezer, leak, and ice maker problems in one service flow.",,Call now for a priority slot or book online in under 60 seconds.,,sub-zero,not-cooling-iss,https://appliancepros.netlify.app/subzero/,,,,,Enabled,Enabled,Enabled,,,CTR/CVR variant: value + keyword relevance
SZ_Search_BayArea_ExactPhrase_2026,Not Freezing Issues,Responsive search ad,deep5000_ctr_urgency,Sub-Zero Not Freezing Fix,1,subzero not freezing repair,,Emergency Slots Open,,Same Day Service Available,,Call Now Book In 60 Sec,,Technician Arrives Today,,Fast In-Home Diagnosis,,Bay Area Local Team,,Stop Cooling Problems Fast,,Priority Service Window,,No Repair Without Approval,,Upfront Quote Before Repair,,Warranty On Repair Work,,Book Online Or Call Now,,Sub-Zero Repair Experts,,Need help now? Book same-day service for freezing failures and get a confirmed arrival,,"Local tech diagnoses fast, explains options, and repairs only after your approval.",,"We fix cooling, leak, freezer, ice maker, and temperature issues across Bay Area.",,Call now or book online in under a minute to secure the next priority slot.,,sub-zero,not-freezing-is,https://appliancepros.netlify.app/subzero/,,,,,Enabled,Enabled,Enabled,,,CTR/CVR variant: urgency + keyword relevance
SZ_Search_BayArea_ExactPhrase_2026,Not Freezing Issues,Responsive search ad,deep5000_ctr_trust,Sub-Zero Not Freezing Fix,1,subzero not freezing repair,,Trusted Bay Area Service,,Local Sub-Zero Specialists,,Licensed Insured Tech Team,,Clear Diagnosis First,,Transparent Repair Process,,No Hidden Repair Surprises,,Repair With Your Approval,,Warranty On Completed Work,,Book Online Or By Phone,,Experienced Home Technicians,,Flexible Arrival Windows,,Reliable Long Lasting Repair,,Freezer Not Freezing Repair,,Trusted Sub-Zero specialists with accurate diagnosis for freezing failures and,,You get a clear quote before work starts and approve every repair step.,,"From fridge and freezer faults to leaks and ice issues, we cover major failures.",,Choose a convenient arrival window and get support from first call to final test.,,sub-zero,not-freezing-is,https://appliancepros.netlify.app/subzero/,,,,,Enabled,Enabled,Enabled,,,CTR/CVR variant: trust + keyword relevance
SZ_Search_BayArea_ExactPhrase_2026,Not Freezing Issues,Responsive search ad,deep5000_ctr_value,Sub-Zero Not Freezing Fix,1,subzero not freezing repair,,Upfront Pricing No Surprises,,Repair Cost Quote First,,Same Day Or Next Day Slots,,Book Service In 60 Seconds,,Fix It Before It Gets Worse,,Priority Appointment Options,,No Repair Without Your OK,,Honest Repair Recommendations,,Clear Scope Before Work,,Call Now For Priority Slot,,Sub-Zero Service Near You,,Schedule Today Save Time,,Fast Local Bay Area Response,,Get fast diagnosis and upfront pricing for freezing failures before damage gets worse.,,Same-day or next-day appointments across Bay Area with transparent service rates.,,"We repair cooling, freezer, leak, and ice maker problems in one service flow.",,Call now for a priority slot or book online in under 60 seconds.,,sub-zero,not-freezing-is,https://appliancepros.netlify.app/subzero/,,,,,Enabled,Enabled,Enabled,,,CTR/CVR variant: value + keyword relevance
SZ_Search_BayArea_ExactPhrase_2026,Not Working Issues,Responsive search ad,deep5000_ctr_urgency,Sub-Zero Not Working Fix,1,subzero not working repair,,Emergency Slots Open,,Same Day Service Available,,Call Now Book In 60 Sec,,Technician Arrives Today,,Fast In-Home Diagnosis,,Bay Area Local Team,,Stop Cooling Problems Fast,,Priority Service Window,,No Repair Without Approval,,Upfront Quote Before Repair,,Warranty On Repair Work,,Book Online Or Call Now,,Sub-Zero Repair Experts,,Need help now? Book same-day service for non-working units and get a confirmed arrival,,"Local tech diagnoses fast, explains options, and repairs only after your approval.",,"We fix cooling, leak, freezer, ice maker, and temperature issues across Bay Area.",,Call now or book online in under a minute to secure the next priority slot.,,sub-zero,not-working-iss,https://appliancepros.netlify.app/subzero/,,,,,Enabled,Enabled,Enabled,,,CTR/CVR variant: urgency + keyword relevance
SZ_Search_BayArea_ExactPhrase_2026,Not Working Issues,Responsive search ad,deep5000_ctr_trust,Sub-Zero Not Working Fix,1,subzero not working repair,,Trusted Bay Area Service,,Local Sub-Zero Specialists,,Licensed Insured Tech Team,,Clear Diagnosis First,,Transparent Repair Process,,No Hidden Repair Surprises,,Repair With Your Approval,,Warranty On Completed Work,,Book Online Or By Phone,,Experienced Home Technicians,,Flexible Arrival Windows,,Reliable Long Lasting Repair,,Sub-Zero Appliance Not Working,,Trusted Sub-Zero specialists with accurate diagnosis for non-working units and,,You get a clear quote before work starts and approve every repair step.,,"From fridge and freezer faults to leaks and ice issues, we cover major failures.",,Choose a convenient arrival window and get support from first call to final test.,,sub-zero,not-working-iss,https://appliancepros.netlify.app/subzero/,,,,,Enabled,Enabled,Enabled,,,CTR/CVR variant: trust + keyword relevance
SZ_Search_BayArea_ExactPhrase_2026,Not Working Issues,Responsive search ad,deep5000_ctr_value,Sub-Zero Not Working Fix,1,subzero not working repair,,Upfront Pricing No Surprises,,Repair Cost Quote First,,Same Day Or Next Day Slots,,Book Service In 60 Seconds,,Fix It Before It Gets Worse,,Priority Appointment Options,,No Repair Without Your OK,,Honest Repair Recommendations,,Clear Scope Before Work,,Call Now For Priority Slot,,Sub-Zero Service Near You,,Schedule Today Save Time,,Fast Local Bay Area Response,,Get fast diagnosis and upfront pricing for non-working units before damage gets worse.,,Same-day or next-day appointments across Bay Area with transparent service rates.,,"We repair cooling, freezer, leak, and ice maker problems in one service flow.",,Call now for a priority slot or book online in under 60 seconds.,,sub-zero,not-working-iss,https://appliancepros.netlify.app/subzero/,,,,,Enabled,Enabled,Enabled,,,CTR/CVR variant: value + keyword relevance
SZ_Search_BayArea_ExactPhrase_2026,Technician Request,Responsive search ad,deep5000_ctr_urgency,Sub-Zero Technician Visit,1,technician subzero,,Emergency Slots Open,,Same Day Service Available,,Call Now Book In 60 Sec,,Technician Arrives Today,,Fast In-Home Diagnosis,,Bay Area Local Team,,Stop Cooling Problems Fast,,Priority Service Window,,No Repair Without Approval,,Upfront Quote Before Repair,,Warranty On Repair Work,,Book Online Or Call Now,,Sub-Zero Repair Experts,,Need help now? Book same-day service for technician scheduling and get a confirmed,,"Local tech diagnoses fast, explains options, and repairs only after your approval.",,"We fix cooling, leak, freezer, ice maker, and temperature issues across Bay Area.",,Call now or book online in under a minute to secure the next priority slot.,,sub-zero,technician-requ,https://appliancepros.netlify.app/subzero/,,,,,Enabled,Enabled,Enabled,,,CTR/CVR variant: urgency + keyword relevance
SZ_Search_BayArea_ExactPhrase_2026,Technician Request,Responsive search ad,deep5000_ctr_trust,Sub-Zero Technician Visit,1,technician subzero,,Trusted Bay Area Service,,Local Sub-Zero Specialists,,Licensed Insured Tech Team,,Clear Diagnosis First,,Transparent Repair Process,,No Hidden Repair Surprises,,Repair With Your Approval,,Warranty On Completed Work,,Book Online Or By Phone,,Experienced Home Technicians,,Flexible Arrival Windows,,Reliable Long Lasting Repair,,Book Sub-Zero Technician,,Trusted Sub-Zero specialists with accurate diagnosis for technician scheduling and,,You get a clear quote before work starts and approve every repair step.,,"From fridge and freezer faults to leaks and ice issues, we cover major failures.",,Choose a convenient arrival window and get support from first call to final test.,,sub-zero,technician-requ,https://appliancepros.netlify.app/subzero/,,,,,Enabled,Enabled,Enabled,,,CTR/CVR variant: trust + keyword relevance
SZ_Search_BayArea_ExactPhrase_2026,Technician Request,Responsive search ad,deep5000_ctr_value,Sub-Zero Technician Visit,1,technician subzero,,Upfront Pricing No Surprises,,Repair Cost Quote First,,Same Day Or Next Day Slots,,Book Service In 60 Seconds,,Fix It Before It Gets Worse,,Priority Appointment Options,,No Repair Without Your OK,,Honest Repair Recommendations,,Clear Scope Before Work,,Call Now For Priority Slot,,Sub-Zero Service Near You,,Schedule Today Save Time,,Fast Local Bay Area Response,,Get fast diagnosis and upfront pricing for technician scheduling before damage gets worse.,,Same-day or next-day appointments across Bay Area with transparent service rates.,,"We repair cooling, freezer, leak, and ice maker problems in one service flow.",,Call now for a priority slot or book online in under 60 seconds.,,sub-zero,technician-requ,https://appliancepros.netlify.app/subzero/,,,,,Enabled,Enabled,Enabled,,,CTR/CVR variant: value + keyword relevance
SZ_Search_BayArea_ExactPhrase_2026,Temperature Issues,Responsive search ad,deep5000_ctr_urgency,Sub-Zero Temperature Repair,1,subzero temperature issue,,Emergency Slots Open,,Same Day Service Available,,Call Now Book In 60 Sec,,Technician Arrives Today,,Fast In-Home Diagnosis,,Bay Area Local Team,,Stop Cooling Problems Fast,,Priority Service Window,,No Repair Without Approval,,Upfront Quote Before Repair,,Warranty On Repair Work,,Book Online Or Call Now,,Sub-Zero Repair Experts,,Need help now? Book same-day service for temperature issues and get a confirmed arrival,,"Local tech diagnoses fast, explains options, and repairs only after your approval.",,"We fix cooling, leak, freezer, ice maker, and temperature issues across Bay Area.",,Call now or book online in under a minute to secure the next priority slot.,,sub-zero,temperature-iss,https://appliancepros.netlify.app/subzero/,,,,,Enabled,Enabled,Enabled,,,CTR/CVR variant: urgency + keyword relevance
SZ_Search_BayArea_ExactPhrase_2026,Temperature Issues,Responsive search ad,deep5000_ctr_trust,Sub-Zero Temperature Repair,1,subzero temperature issue,,Trusted Bay Area Service,,Local Sub-Zero Specialists,,Licensed Insured Tech Team,,Clear Diagnosis First,,Transparent Repair Process,,No Hidden Repair Surprises,,Repair With Your Approval,,Warranty On Completed Work,,Book Online Or By Phone,,Experienced Home Technicians,,Flexible Arrival Windows,,Reliable Long Lasting Repair,,Sub-Zero Temp Control Fix,,Trusted Sub-Zero specialists with accurate diagnosis for temperature issues and,,You get a clear quote before work starts and approve every repair step.,,"From fridge and freezer faults to leaks and ice issues, we cover major failures.",,Choose a convenient arrival window and get support from first call to final test.,,sub-zero,temperature-iss,https://appliancepros.netlify.app/subzero/,,,,,Enabled,Enabled,Enabled,,,CTR/CVR variant: trust + keyword relevance
SZ_Search_BayArea_ExactPhrase_2026,Temperature Issues,Responsive search ad,deep5000_ctr_value,Sub-Zero Temperature Repair,1,subzero temperature issue,,Upfront Pricing No Surprises,,Repair Cost Quote First,,Same Day Or Next Day Slots,,Book Service In 60 Seconds,,Fix It Before It Gets Worse,,Priority Appointment Options,,No Repair Without Your OK,,Honest Repair Recommendations,,Clear Scope Before Work,,Call Now For Priority Slot,,Sub-Zero Service Near You,,Schedule Today Save Time,,Fast Local Bay Area Response,,Get fast diagnosis and upfront pricing for temperature issues before damage gets worse.,,Same-day or next-day appointments across Bay Area with transparent service rates.,,"We repair cooling, freezer, leak, and ice maker problems in one service flow.",,Call now for a priority slot or book online in under 60 seconds.,,sub-zero,temperature-iss,https://appliancepros.netlify.app/subzero/,,,,,Enabled,Enabled,Enabled,,,CTR/CVR variant: value + keyword relevance
SZ_Search_BayArea_ExactPhrase_2026,Water Leak Repair,Responsive search ad,deep5000_ctr_urgency,Sub-Zero Leak Repair,1,subzero water leak repair,,Emergency Slots Open,,Same Day Service Available,,Call Now Book In 60 Sec,,Technician Arrives Today,,Fast In-Home Diagnosis,,Bay Area Local Team,,Stop Cooling Problems Fast,,Priority Service Window,,No Repair Without Approval,,Upfront Quote Before Repair,,Warranty On Repair Work,,Book Online Or Call Now,,Sub-Zero Repair Experts,,Need help now? Book same-day service for water leak issues and get a confirmed arrival,,"Local tech diagnoses fast, explains options, and repairs only after your approval.",,"We fix cooling, leak, freezer, ice maker, and temperature issues across Bay Area.",,Call now or book online in under a minute to secure the next priority slot.,,sub-zero,water-leak-repa,https://appliancepros.netlify.app/subzero/,,,,,Enabled,Enabled,Enabled,,,CTR/CVR variant: urgency + keyword relevance
SZ_Search_BayArea_ExactPhrase_2026,Water Leak Repair,Responsive search ad,deep5000_ctr_trust,Sub-Zero Leak Repair,1,subzero water leak repair,,Trusted Bay Area Service,,Local Sub-Zero Specialists,,Licensed Insured Tech Team,,Clear Diagnosis First,,Transparent Repair Process,,No Hidden Repair Surprises,,Repair With Your Approval,,Warranty On Completed Work,,Book Online Or By Phone,,Experienced Home Technicians,,Flexible Arrival Windows,,Reliable Long Lasting Repair,,Sub-Zero Water Leak Fix,,Trusted Sub-Zero specialists with accurate diagnosis for water leak issues and,,You get a clear quote before work starts and approve every repair step.,,"From fridge and freezer faults to leaks and ice issues, we cover major failures.",,Choose a convenient arrival window and get support from first call to final test.,,sub-zero,water-leak-repa,https://appliancepros.netlify.app/subzero/,,,,,Enabled,Enabled,Enabled,,,CTR/CVR variant: trust + keyword relevance
SZ_Search_BayArea_ExactPhrase_2026,Water Leak Repair,Responsive search ad,deep5000_ctr_value,Sub-Zero Leak Repair,1,subzero water leak repair,,Upfront Pricing No Surprises,,Repair Cost Quote First,,Same Day Or Next Day Slots,,Book Service In 60 Seconds,,Fix It Before It Gets Worse,,Priority Appointment Options,,No Repair Without Your OK,,Honest Repair Recommendations,,Clear Scope Before Work,,Call Now For Priority Slot,,Sub-Zero Service Near You,,Schedule Today Save Time,,Fast Local Bay Area Response,,Get fast diagnosis and upfront pricing for water leak issues before damage gets worse.,,Same-day or next-day appointments across Bay Area with transparent service rates.,,"We repair cooling, freezer, leak, and ice maker problems in one service flow.",,Call now for a priority slot or book online in under 60 seconds.,,sub-zero,water-leak-repa,https://appliancepros.netlify.app/subzero/,,,,,Enabled,Enabled,Enabled,,,CTR/CVR variant: value + keyword relevance
SZ_Search_BayArea_ExactPhrase_2026,Wine Cooler Repair,Responsive search ad,deep5000_ctr_urgency,Sub-Zero Wine Cooler Repair,1,wine cooler repair subzero,,Emergency Slots Open,,Same Day Service Available,,Call Now Book In 60 Sec,,Technician Arrives Today,,Fast In-Home Diagnosis,,Bay Area Local Team,,Stop Cooling Problems Fast,,Priority Service Window,,No Repair Without Approval,,Upfront Quote Before Repair,,Warranty On Repair Work,,Book Online Or Call Now,,Sub-Zero Repair Experts,,Need help now? Book same-day service for wine cooler issues and get a confirmed arrival,,"Local tech diagnoses fast, explains options, and repairs only after your approval.",,"We fix cooling, leak, freezer, ice maker, and temperature issues across Bay Area.",,Call now or book online in under a minute to secure the next priority slot.,,sub-zero,wine-cooler-rep,https://appliancepros.netlify.app/subzero/,,,,,Enabled,Enabled,Enabled,,,CTR/CVR variant: urgency + keyword relevance
SZ_Search_BayArea_ExactPhrase_2026,Wine Cooler Repair,Responsive search ad,deep5000_ctr_trust,Sub-Zero Wine Cooler Repair,1,wine cooler repair subzero,,Trusted Bay Area Service,,Local Sub-Zero Specialists,,Licensed Insured Tech Team,,Clear Diagnosis First,,Transparent Repair Process,,No Hidden Repair Surprises,,Repair With Your Approval,,Warranty On Completed Work,,Book Online Or By Phone,,Experienced Home Technicians,,Flexible Arrival Windows,,Reliable Long Lasting Repair,,Wine Cooler Service,,Trusted Sub-Zero specialists with accurate diagnosis for wine cooler issues and,,You get a clear quote before work starts and approve every repair step.,,"From fridge and freezer faults to leaks and ice issues, we cover major failures.",,Choose a convenient arrival window and get support from first call to final test.,,sub-zero,wine-cooler-rep,https://appliancepros.netlify.app/subzero/,,,,,Enabled,Enabled,Enabled,,,CTR/CVR variant: trust + keyword relevance
SZ_Search_BayArea_ExactPhrase_2026,Wine Cooler Repair,Responsive search ad,deep5000_ctr_value,Sub-Zero Wine Cooler Repair,1,wine cooler repair subzero,,Upfront Pricing No Surprises,,Repair Cost Quote First,,Same Day Or Next Day Slots,,Book Service In 60 Seconds,,Fix It Before It Gets Worse,,Priority Appointment Options,,No Repair Without Your OK,,Honest Repair Recommendations,,Clear Scope Before Work,,Call Now For Priority Slot,,Sub-Zero Service Near You,,Schedule Today Save Time,,Fast Local Bay Area Response,,Get fast diagnosis and upfront pricing for wine cooler issues before damage gets worse.,,Same-day or next-day appointments across Bay Area with transparent service rates.,,"We repair cooling, freezer, leak, and ice maker problems in one service flow.",,Call now for a priority slot or book online in under 60 seconds.,,sub-zero,wine-cooler-rep,https://appliancepros.netlify.app/subzero/,,,,,Enabled,Enabled,Enabled,,,CTR/CVR variant: value + keyword relevance
