Campaign,Keyword,Criterion Type,Type,Comment
SZ_Search_BayArea_ExactPhrase_2026,24 sub zero refrigerator,Exact,Campaign negative,Deep negative filter
SZ_Search_BayArea_ExactPhrase_2026,24 sub zero refrigerator freezer,Exact,Campaign negative,Deep negative filter
SZ_Search_BayArea_ExactPhrase_2026,24 sub zero wine refrigerator,Exact,Campaign negative,Deep negative filter
SZ_Search_BayArea_ExactPhrase_2026,24 subzero fridge,Exact,Campaign negative,Deep negative filter
SZ_Search_BayArea_ExactPhrase_2026,30 in sub zero fridge,Exact,Campaign negative,Deep negative filter
SZ_Search_BayArea_ExactPhrase_2026,30 inch sub zero refrigerator,Exact,Campaign negative,Deep negative filter
SZ_Search_BayArea_ExactPhrase_2026,30 inch subzero,Exact,Campaign negative,Deep negative filter
SZ_Search_BayArea_ExactPhrase_2026,30 subzero fridge,Exact,Campaign negative,Deep negative filter
SZ_Search_BayArea_ExactPhrase_2026,36 built in sub zero refrigerator,Exact,Campaign negative,Deep negative filter
SZ_Search_BayArea_ExactPhrase_2026,36 inch built in refrigerator sub zero,Exact,Campaign negative,Deep negative filter
SZ_Search_BayArea_ExactPhrase_2026,36 inch sub zero refrigerator,Exact,Campaign negative,Deep negative filter
SZ_Search_BayArea_ExactPhrase_2026,36 inch subzero fridge,Exact,Campaign negative,Deep negative filter
SZ_Search_BayArea_ExactPhrase_2026,36 sub zero refrigerator,Exact,Campaign negative,Deep negative filter
SZ_Search_BayArea_ExactPhrase_2026,36 sub zero refrigerator for sale,Exact,Campaign negative,Deep negative filter
SZ_Search_BayArea_ExactPhrase_2026,36 sub zero refrigerator freezer,Exact,Campaign negative,Deep negative filter
SZ_Search_BayArea_ExactPhrase_2026,36 subzero refrigerator,Exact,Campaign negative,Deep negative filter
SZ_Search_BayArea_ExactPhrase_2026,36 wide sub zero refrigerator,Exact,Campaign negative,Deep negative filter
SZ_Search_BayArea_ExactPhrase_2026,42 built in sub zero refrigerator,Exact,Campaign negative,Deep negative filter
SZ_Search_BayArea_ExactPhrase_2026,42 in sub zero refrigerator,Exact,Campaign negative,Deep negative filter
SZ_Search_BayArea_ExactPhrase_2026,42 inch built in refrigerator sub zero,Exact,Campaign negative,Deep negative filter
SZ_Search_BayArea_ExactPhrase_2026,42 inch ge monogram refrigerator,Exact,Campaign negative,Deep negative filter
SZ_Search_BayArea_ExactPhrase_2026,42 inch monogram refrigerator,Exact,Campaign negative,Deep negative filter
SZ_Search_BayArea_ExactPhrase_2026,42 inch sub zero fridge,Exact,Campaign negative,Deep negative filter
SZ_Search_BayArea_ExactPhrase_2026,42 inch sub zero with water dispenser,Exact,Campaign negative,Deep negative filter
SZ_Search_BayArea_ExactPhrase_2026,42 inch subzero,Exact,Campaign negative,Deep negative filter
SZ_Search_BayArea_ExactPhrase_2026,42 inch subzero refrigerator,Exact,Campaign negative,Deep negative filter
SZ_Search_BayArea_ExactPhrase_2026,42 refrigerator sub zero,Exact,Campaign negative,Deep negative filter
SZ_Search_BayArea_ExactPhrase_2026,42 sub zero refrigerator,Exact,Campaign negative,Deep negative filter
SZ_Search_BayArea_ExactPhrase_2026,42 subzero french door refrigerator,Exact,Campaign negative,Deep negative filter
SZ_Search_BayArea_ExactPhrase_2026,42 subzero refrigerator,Exact,Campaign negative,Deep negative filter
SZ_Search_BayArea_ExactPhrase_2026,48 built in refrigerator sub zero,Exact,Campaign negative,Deep negative filter
SZ_Search_BayArea_ExactPhrase_2026,48 in sub zero refrigerator,Exact,Campaign negative,Deep negative filter
SZ_Search_BayArea_ExactPhrase_2026,48 inch 60 inch 48 inch sub zero fridge,Exact,Campaign negative,Deep negative filter
SZ_Search_BayArea_ExactPhrase_2026,48 inch monogram refrigerator,Exact,Campaign negative,Deep negative filter
SZ_Search_BayArea_ExactPhrase_2026,48 inch sub zero,Exact,Campaign negative,Deep negative filter
SZ_Search_BayArea_ExactPhrase_2026,48 inch sub zero fridge,Exact,Campaign negative,Deep negative filter
SZ_Search_BayArea_ExactPhrase_2026,48 inch sub zero refrigerator,Exact,Campaign negative,Deep negative filter
SZ_Search_BayArea_ExactPhrase_2026,48 inch sub zero refrigerator for sale,Exact,Campaign negative,Deep negative filter
SZ_Search_BayArea_ExactPhrase_2026,48 inch subzero,Exact,Campaign negative,Deep negative filter
SZ_Search_BayArea_ExactPhrase_2026,48 inch subzero refrigerator,Exact,Campaign negative,Deep negative filter
SZ_Search_BayArea_ExactPhrase_2026,48 inch thermador range,Exact,Campaign negative,Deep negative filter
SZ_Search_BayArea_ExactPhrase_2026,48 refrigerator sub zero,Exact,Campaign negative,Deep negative filter
SZ_Search_BayArea_ExactPhrase_2026,48 sub zero refrigerator,Exact,Campaign negative,Deep negative filter
SZ_Search_BayArea_ExactPhrase_2026,48 sub zero refrigerator specs,Exact,Campaign negative,Deep negative filter
SZ_Search_BayArea_ExactPhrase_2026,48 sub zero side by side refrigerator,Exact,Campaign negative,Deep negative filter
SZ_Search_BayArea_ExactPhrase_2026,48 subzero refrigerator,Exact,Campaign negative,Deep negative filter
SZ_Search_BayArea_ExactPhrase_2026,48 subzero refrigerators,Exact,Campaign negative,Deep negative filter
SZ_Search_BayArea_ExactPhrase_2026,50s fridge,Phrase,Campaign negative,Deep negative filter
SZ_Search_BayArea_ExactPhrase_2026,60s fridge,Phrase,Campaign negative,Deep negative filter
SZ_Search_BayArea_ExactPhrase_2026,70s fridge,Phrase,Campaign negative,Deep negative filter
SZ_Search_BayArea_ExactPhrase_2026,72 inch sub zero refrigerator,Exact,Campaign negative,Deep negative filter
SZ_Search_BayArea_ExactPhrase_2026,adding freon to sub zero refrigerator,Exact,Campaign negative,Deep negative filter
SZ_Search_BayArea_ExactPhrase_2026,ai fridge,Phrase,Campaign negative,Deep negative filter
SZ_Search_BayArea_ExactPhrase_2026,air force fridge,Phrase,Campaign negative,Deep negative filter
SZ_Search_BayArea_ExactPhrase_2026,air purification cartridge sub zero,Exact,Campaign negative,Deep negative filter
SZ_Search_BayArea_ExactPhrase_2026,alexa fridge,Phrase,Campaign negative,Deep negative filter
SZ_Search_BayArea_ExactPhrase_2026,aluminum fridge,Phrase,Campaign negative,Deep negative filter
SZ_Search_BayArea_ExactPhrase_2026,amana,Broad,Campaign negative,Deep negative filter
SZ_Search_BayArea_ExactPhrase_2026,amana,Phrase,Campaign negative,Deep negative filter
SZ_Search_BayArea_ExactPhrase_2026,amana refrigerator,Phrase,Campaign negative,Deep negative filter
SZ_Search_BayArea_ExactPhrase_2026,amazon,Broad,Campaign negative,Deep negative filter
SZ_Search_BayArea_ExactPhrase_2026,amazon,Phrase,Campaign negative,Deep negative filter
SZ_Search_BayArea_ExactPhrase_2026,antique fridge,Phrase,Campaign negative,Deep negative filter
SZ_Search_BayArea_ExactPhrase_2026,app controlled fridge,Phrase,Campaign negative,Deep negative filter
SZ_Search_BayArea_ExactPhrase_2026,app fridge,Phrase,Campaign negative,Deep negative filter
SZ_Search_BayArea_ExactPhrase_2026,are sub zero fridges worth it,Exact,Campaign negative,Deep negative filter
SZ_Search_BayArea_ExactPhrase_2026,are sub zero refrigerators noisy,Exact,Campaign negative,Deep negative filter
SZ_Search_BayArea_ExactPhrase_2026,are sub zero refrigerators worth it,Exact,Campaign negative,Deep negative filter
SZ_Search_BayArea_ExactPhrase_2026,art fridge,Phrase,Campaign negative,Deep negative filter
SZ_Search_BayArea_ExactPhrase_2026,artistic fridge,Phrase,Campaign negative,Deep negative filter
SZ_Search_BayArea_ExactPhrase_2026,atlanta,Broad,Campaign negative,Deep negative filter
SZ_Search_BayArea_ExactPhrase_2026,attic fridge,Phrase,Campaign negative,Deep negative filter
SZ_Search_BayArea_ExactPhrase_2026,automatic fridge,Phrase,Campaign negative,Deep negative filter
SZ_Search_BayArea_ExactPhrase_2026,banquet fridge,Phrase,Campaign negative,Deep negative filter
SZ_Search_BayArea_ExactPhrase_2026,bar fridge,Phrase,Campaign negative,Deep negative filter
SZ_Search_BayArea_ExactPhrase_2026,barbie fridge,Phrase,Campaign negative,Deep negative filter
SZ_Search_BayArea_ExactPhrase_2026,basement fridge,Phrase,Campaign negative,Deep negative filter
SZ_Search_BayArea_ExactPhrase_2026,bellevue,Broad,Campaign negative,Deep negative filter
SZ_Search_BayArea_ExactPhrase_2026,bertazzoni,Phrase,Campaign negative,Deep negative filter
SZ_Search_BayArea_ExactPhrase_2026,bertazzoni refrigerator,Phrase,Campaign negative,Deep negative filter
SZ_Search_BayArea_ExactPhrase_2026,best fridge,Phrase,Campaign negative,Deep negative filter
SZ_Search_BayArea_ExactPhrase_2026,beverage center sub zero,Exact,Campaign negative,Deep negative filter
SZ_Search_BayArea_ExactPhrase_2026,beverage drawers sub zero,Exact,Campaign negative,Deep negative filter
SZ_Search_BayArea_ExactPhrase_2026,beverage fridge,Phrase,Campaign negative,Deep negative filter
SZ_Search_BayArea_ExactPhrase_2026,bio fridge,Phrase,Campaign negative,Deep negative filter
SZ_Search_BayArea_ExactPhrase_2026,biology fridge,Phrase,Campaign negative,Deep negative filter
SZ_Search_BayArea_ExactPhrase_2026,black fridge,Phrase,Campaign negative,Deep negative filter
SZ_Search_BayArea_ExactPhrase_2026,blue fridge,Phrase,Campaign negative,Deep negative filter
SZ_Search_BayArea_ExactPhrase_2026,bluestar,Phrase,Campaign negative,Deep negative filter
SZ_Search_BayArea_ExactPhrase_2026,bluestar refrigerator,Phrase,Campaign negative,Deep negative filter
SZ_Search_BayArea_ExactPhrase_2026,bluetooth fridge,Phrase,Campaign negative,Deep negative filter
SZ_Search_BayArea_ExactPhrase_2026,boat fridge,Phrase,Campaign negative,Deep negative filter
SZ_Search_BayArea_ExactPhrase_2026,body fridge,Phrase,Campaign negative,Deep negative filter
SZ_Search_BayArea_ExactPhrase_2026,bosch,Broad,Campaign negative,Deep negative filter
SZ_Search_BayArea_ExactPhrase_2026,bosch,Phrase,Campaign negative,Deep negative filter
SZ_Search_BayArea_ExactPhrase_2026,bosch filter,Phrase,Campaign negative,Deep negative filter
SZ_Search_BayArea_ExactPhrase_2026,bosch refrigerator,Phrase,Campaign negative,Deep negative filter
SZ_Search_BayArea_ExactPhrase_2026,broken fridge,Phrase,Campaign negative,Deep negative filter
SZ_Search_BayArea_ExactPhrase_2026,brooklyn,Broad,Campaign negative,Deep negative filter
SZ_Search_BayArea_ExactPhrase_2026,budget,Broad,Campaign negative,Deep negative filter
SZ_Search_BayArea_ExactPhrase_2026,built in fridge sub zero,Exact,Campaign negative,Deep negative filter
SZ_Search_BayArea_ExactPhrase_2026,built in sub zero fridge,Exact,Campaign negative,Deep negative filter
SZ_Search_BayArea_ExactPhrase_2026,built in sub zero refrigerator,Exact,Campaign negative,Deep negative filter
SZ_Search_BayArea_ExactPhrase_2026,butcher fridge,Phrase,Campaign negative,Deep negative filter
SZ_Search_BayArea_ExactPhrase_2026,buy,Broad,Campaign negative,Deep negative filter
SZ_Search_BayArea_ExactPhrase_2026,buy filter,Phrase,Campaign negative,Deep negative filter
SZ_Search_BayArea_ExactPhrase_2026,buy freezer,Phrase,Campaign negative,Deep negative filter
SZ_Search_BayArea_ExactPhrase_2026,buy ice machine,Phrase,Campaign negative,Deep negative filter
SZ_Search_BayArea_ExactPhrase_2026,buy online,Broad,Campaign negative,Deep negative filter
SZ_Search_BayArea_ExactPhrase_2026,buy part,Phrase,Campaign negative,Deep negative filter
SZ_Search_BayArea_ExactPhrase_2026,buy refrigerator,Phrase,Campaign negative,Deep negative filter
SZ_Search_BayArea_ExactPhrase_2026,cabin fridge,Phrase,Campaign negative,Deep negative filter
SZ_Search_BayArea_ExactPhrase_2026,cafe fridge,Phrase,Campaign negative,Deep negative filter
SZ_Search_BayArea_ExactPhrase_2026,call support fridge,Phrase,Campaign negative,Deep negative filter
SZ_Search_BayArea_ExactPhrase_2026,camping fridge,Phrase,Campaign negative,Deep negative filter
SZ_Search_BayArea_ExactPhrase_2026,car fridge,Phrase,Campaign negative,Deep negative filter
SZ_Search_BayArea_ExactPhrase_2026,career,Broad,Campaign negative,Deep negative filter
SZ_Search_BayArea_ExactPhrase_2026,career,Phrase,Campaign negative,Deep negative filter
SZ_Search_BayArea_ExactPhrase_2026,catering fridge,Phrase,Campaign negative,Deep negative filter
SZ_Search_BayArea_ExactPhrase_2026,changing light bulb in sub zero refrigerator,Exact,Campaign negative,Deep negative filter
SZ_Search_BayArea_ExactPhrase_2026,changing water filter on sub zero fridge,Exact,Campaign negative,Deep negative filter
SZ_Search_BayArea_ExactPhrase_2026,charity fridge,Phrase,Campaign negative,Deep negative filter
SZ_Search_BayArea_ExactPhrase_2026,cheese fridge,Phrase,Campaign negative,Deep negative filter
SZ_Search_BayArea_ExactPhrase_2026,chicago,Broad,Campaign negative,Deep negative filter
SZ_Search_BayArea_ExactPhrase_2026,children fridge,Phrase,Campaign negative,Deep negative filter
SZ_Search_BayArea_ExactPhrase_2026,church fridge,Phrase,Campaign negative,Deep negative filter
SZ_Search_BayArea_ExactPhrase_2026,claim fridge,Phrase,Campaign negative,Deep negative filter
SZ_Search_BayArea_ExactPhrase_2026,classic fridge,Phrase,Campaign negative,Deep negative filter
SZ_Search_BayArea_ExactPhrase_2026,clean,Broad,Campaign negative,Deep negative filter
SZ_Search_BayArea_ExactPhrase_2026,clean wolf range top,Exact,Campaign negative,Deep negative filter
SZ_Search_BayArea_ExactPhrase_2026,clean wolf stove top,Exact,Campaign negative,Deep negative filter
SZ_Search_BayArea_ExactPhrase_2026,cleaner,Broad,Campaign negative,Deep negative filter
SZ_Search_BayArea_ExactPhrase_2026,cleaning,Broad,Campaign negative,Deep negative filter
SZ_Search_BayArea_ExactPhrase_2026,cleaning,Phrase,Campaign negative,Deep negative filter
SZ_Search_BayArea_ExactPhrase_2026,clinic fridge,Phrase,Campaign negative,Deep negative filter
SZ_Search_BayArea_ExactPhrase_2026,coil cleaning,Phrase,Campaign negative,Deep negative filter
SZ_Search_BayArea_ExactPhrase_2026,cold storage,Phrase,Campaign negative,Deep negative filter
SZ_Search_BayArea_ExactPhrase_2026,collectible fridge,Phrase,Campaign negative,Deep negative filter
SZ_Search_BayArea_ExactPhrase_2026,college,Broad,Campaign negative,Deep negative filter
SZ_Search_BayArea_ExactPhrase_2026,college fridge,Phrase,Campaign negative,Deep negative filter
SZ_Search_BayArea_ExactPhrase_2026,colorful fridge,Phrase,Campaign negative,Deep negative filter
SZ_Search_BayArea_ExactPhrase_2026,commercial kitchen,Phrase,Campaign negative,Deep negative filter
SZ_Search_BayArea_ExactPhrase_2026,compressor for sale,Phrase,Campaign negative,Deep negative filter
SZ_Search_BayArea_ExactPhrase_2026,compressor for sub zero refrigerator,Exact,Campaign negative,Deep negative filter
SZ_Search_BayArea_ExactPhrase_2026,computer fridge,Phrase,Campaign negative,Deep negative filter
SZ_Search_BayArea_ExactPhrase_2026,condenser cleaning,Phrase,Campaign negative,Deep negative filter
SZ_Search_BayArea_ExactPhrase_2026,congelador sub zero,Exact,Campaign negative,Deep negative filter
SZ_Search_BayArea_ExactPhrase_2026,connected fridge,Phrase,Campaign negative,Deep negative filter
SZ_Search_BayArea_ExactPhrase_2026,container fridge,Phrase,Campaign negative,Deep negative filter
SZ_Search_BayArea_ExactPhrase_2026,copper fridge,Phrase,Campaign negative,Deep negative filter
SZ_Search_BayArea_ExactPhrase_2026,corporate fridge,Phrase,Campaign negative,Deep negative filter
SZ_Search_BayArea_ExactPhrase_2026,cost of a subzero refrigerator,Exact,Campaign negative,Deep negative filter
SZ_Search_BayArea_ExactPhrase_2026,cost of new sub zero refrigerator,Exact,Campaign negative,Deep negative filter
SZ_Search_BayArea_ExactPhrase_2026,cost of sub zero fridge,Exact,Campaign negative,Deep negative filter
SZ_Search_BayArea_ExactPhrase_2026,cost of sub zero pro 48 refrigerator,Exact,Campaign negative,Deep negative filter
SZ_Search_BayArea_ExactPhrase_2026,cost of sub zero refrigerator freezer,Exact,Campaign negative,Deep negative filter
SZ_Search_BayArea_ExactPhrase_2026,cost of subzero refrigerator,Exact,Campaign negative,Deep negative filter
SZ_Search_BayArea_ExactPhrase_2026,cost sub zero refrigerator,Exact,Campaign negative,Deep negative filter
SZ_Search_BayArea_ExactPhrase_2026,cottage fridge,Phrase,Campaign negative,Deep negative filter
SZ_Search_BayArea_ExactPhrase_2026,country fridge,Phrase,Campaign negative,Deep negative filter
SZ_Search_BayArea_ExactPhrase_2026,coupon,Broad,Campaign negative,Deep negative filter
SZ_Search_BayArea_ExactPhrase_2026,coupon,Phrase,Campaign negative,Deep negative filter
SZ_Search_BayArea_ExactPhrase_2026,course,Broad,Campaign negative,Deep negative filter
SZ_Search_BayArea_ExactPhrase_2026,course,Phrase,Campaign negative,Deep negative filter
SZ_Search_BayArea_ExactPhrase_2026,cove subzero wolf,Exact,Campaign negative,Deep negative filter
SZ_Search_BayArea_ExactPhrase_2026,cove wolf sub zero,Exact,Campaign negative,Deep negative filter
SZ_Search_BayArea_ExactPhrase_2026,craigslist,Broad,Campaign negative,Deep negative filter
SZ_Search_BayArea_ExactPhrase_2026,craigslist,Phrase,Campaign negative,Deep negative filter
SZ_Search_BayArea_ExactPhrase_2026,craigslist fridge,Phrase,Campaign negative,Deep negative filter
SZ_Search_BayArea_ExactPhrase_2026,cryogenic,Broad,Campaign negative,Deep negative filter
SZ_Search_BayArea_ExactPhrase_2026,cuanto cuesta un refrigerador sub zero,Exact,Campaign negative,Deep negative filter
SZ_Search_BayArea_ExactPhrase_2026,custom fridge magnet,Phrase,Campaign negative,Deep negative filter
SZ_Search_BayArea_ExactPhrase_2026,custom fridge sticker,Phrase,Campaign negative,Deep negative filter
SZ_Search_BayArea_ExactPhrase_2026,custom panels for sub zero refrigerator,Exact,Campaign negative,Deep negative filter
SZ_Search_BayArea_ExactPhrase_2026,custom wrap fridge,Phrase,Campaign negative,Deep negative filter
SZ_Search_BayArea_ExactPhrase_2026,dacor,Phrase,Campaign negative,Deep negative filter
SZ_Search_BayArea_ExactPhrase_2026,dacor refrigerator,Phrase,Campaign negative,Deep negative filter
SZ_Search_BayArea_ExactPhrase_2026,dairy fridge,Phrase,Campaign negative,Deep negative filter
SZ_Search_BayArea_ExactPhrase_2026,dallas,Broad,Campaign negative,Deep negative filter
SZ_Search_BayArea_ExactPhrase_2026,dead fridge,Phrase,Campaign negative,Deep negative filter
SZ_Search_BayArea_ExactPhrase_2026,decorative fridge sticker,Phrase,Campaign negative,Deep negative filter
SZ_Search_BayArea_ExactPhrase_2026,delivery fridge,Phrase,Campaign negative,Deep negative filter
SZ_Search_BayArea_ExactPhrase_2026,depth,Broad,Campaign negative,Deep negative filter
SZ_Search_BayArea_ExactPhrase_2026,depth,Phrase,Campaign negative,Deep negative filter
SZ_Search_BayArea_ExactPhrase_2026,descale,Broad,Campaign negative,Deep negative filter
SZ_Search_BayArea_ExactPhrase_2026,descale,Phrase,Campaign negative,Deep negative filter
SZ_Search_BayArea_ExactPhrase_2026,designer fridge,Phrase,Campaign negative,Deep negative filter
SZ_Search_BayArea_ExactPhrase_2026,diagram,Broad,Campaign negative,Deep negative filter
SZ_Search_BayArea_ExactPhrase_2026,diamond fridge,Phrase,Campaign negative,Deep negative filter
SZ_Search_BayArea_ExactPhrase_2026,dimensions,Phrase,Campaign negative,Deep negative filter
SZ_Search_BayArea_ExactPhrase_2026,disassemble fridge,Phrase,Campaign negative,Deep negative filter
SZ_Search_BayArea_ExactPhrase_2026,discount code,Phrase,Campaign negative,Deep negative filter
SZ_Search_BayArea_ExactPhrase_2026,dismantle fridge,Phrase,Campaign negative,Deep negative filter
SZ_Search_BayArea_ExactPhrase_2026,display fridge,Phrase,Campaign negative,Deep negative filter
SZ_Search_BayArea_ExactPhrase_2026,disposal fridge,Phrase,Campaign negative,Deep negative filter
SZ_Search_BayArea_ExactPhrase_2026,diy,Broad,Campaign negative,Deep negative filter
SZ_Search_BayArea_ExactPhrase_2026,diy,Phrase,Campaign negative,Deep negative filter
SZ_Search_BayArea_ExactPhrase_2026,diy magnet,Phrase,Campaign negative,Deep negative filter
SZ_Search_BayArea_ExactPhrase_2026,do sub zero refrigerators have ice makers,Exact,Campaign negative,Deep negative filter
SZ_Search_BayArea_ExactPhrase_2026,doctor fridge,Phrase,Campaign negative,Deep negative filter
SZ_Search_BayArea_ExactPhrase_2026,doll fridge,Phrase,Campaign negative,Deep negative filter
SZ_Search_BayArea_ExactPhrase_2026,donation fridge,Phrase,Campaign negative,Deep negative filter
SZ_Search_BayArea_ExactPhrase_2026,door hinge,Phrase,Campaign negative,Deep negative filter
SZ_Search_BayArea_ExactPhrase_2026,dorm fridge,Phrase,Campaign negative,Deep negative filter
SZ_Search_BayArea_ExactPhrase_2026,download manual,Phrase,Campaign negative,Deep negative filter
SZ_Search_BayArea_ExactPhrase_2026,dump fridge,Phrase,Campaign negative,Deep negative filter
SZ_Search_BayArea_ExactPhrase_2026,ebay,Broad,Campaign negative,Deep negative filter
SZ_Search_BayArea_ExactPhrase_2026,ebay,Phrase,Campaign negative,Deep negative filter
SZ_Search_BayArea_ExactPhrase_2026,electrolux,Broad,Campaign negative,Deep negative filter
SZ_Search_BayArea_ExactPhrase_2026,electrolux,Phrase,Campaign negative,Deep negative filter
SZ_Search_BayArea_ExactPhrase_2026,electrolux refrigerator,Phrase,Campaign negative,Deep negative filter
SZ_Search_BayArea_ExactPhrase_2026,electronic fridge,Phrase,Campaign negative,Deep negative filter
SZ_Search_BayArea_ExactPhrase_2026,entertainment fridge,Phrase,Campaign negative,Deep negative filter
SZ_Search_BayArea_ExactPhrase_2026,event fridge,Phrase,Campaign negative,Deep negative filter
SZ_Search_BayArea_ExactPhrase_2026,exchange fridge,Phrase,Campaign negative,Deep negative filter
SZ_Search_BayArea_ExactPhrase_2026,extended warranty fridge,Phrase,Campaign negative,Deep negative filter
SZ_Search_BayArea_ExactPhrase_2026,fake fridge,Phrase,Campaign negative,Deep negative filter
SZ_Search_BayArea_ExactPhrase_2026,fancy fridge,Phrase,Campaign negative,Deep negative filter
SZ_Search_BayArea_ExactPhrase_2026,faq fridge,Phrase,Campaign negative,Deep negative filter
SZ_Search_BayArea_ExactPhrase_2026,farmhouse fridge,Phrase,Campaign negative,Deep negative filter
SZ_Search_BayArea_ExactPhrase_2026,fashion fridge,Phrase,Campaign negative,Deep negative filter
SZ_Search_BayArea_ExactPhrase_2026,filter for sub zero refrigerator,Exact,Campaign negative,Deep negative filter
SZ_Search_BayArea_ExactPhrase_2026,fish fridge,Phrase,Campaign negative,Deep negative filter
SZ_Search_BayArea_ExactPhrase_2026,fisher & paykel,Phrase,Campaign negative,Deep negative filter
SZ_Search_BayArea_ExactPhrase_2026,fisher & paykel refrigerator,Phrase,Campaign negative,Deep negative filter
SZ_Search_BayArea_ExactPhrase_2026,fisher paykel,Phrase,Campaign negative,Deep negative filter
SZ_Search_BayArea_ExactPhrase_2026,fisher paykel refrigerator,Phrase,Campaign negative,Deep negative filter
SZ_Search_BayArea_ExactPhrase_2026,flashing wrench on sub zero fridge,Exact,Campaign negative,Deep negative filter
SZ_Search_BayArea_ExactPhrase_2026,floral fridge,Phrase,Campaign negative,Deep negative filter
SZ_Search_BayArea_ExactPhrase_2026,florida,Broad,Campaign negative,Deep negative filter
SZ_Search_BayArea_ExactPhrase_2026,flower fridge,Phrase,Campaign negative,Deep negative filter
SZ_Search_BayArea_ExactPhrase_2026,for sale,Phrase,Campaign negative,Deep negative filter
SZ_Search_BayArea_ExactPhrase_2026,forge subzero,Exact,Campaign negative,Deep negative filter
SZ_Search_BayArea_ExactPhrase_2026,forum,Broad,Campaign negative,Deep negative filter
SZ_Search_BayArea_ExactPhrase_2026,forum,Phrase,Campaign negative,Deep negative filter
SZ_Search_BayArea_ExactPhrase_2026,free delivery fridge,Phrase,Campaign negative,Deep negative filter
SZ_Search_BayArea_ExactPhrase_2026,free fridge,Phrase,Campaign negative,Deep negative filter
SZ_Search_BayArea_ExactPhrase_2026,free manual,Phrase,Campaign negative,Deep negative filter
SZ_Search_BayArea_ExactPhrase_2026,free pickup fridge,Phrase,Campaign negative,Deep negative filter
SZ_Search_BayArea_ExactPhrase_2026,freezer storage,Phrase,Campaign negative,Deep negative filter
SZ_Search_BayArea_ExactPhrase_2026,french door sub zero fridge,Exact,Campaign negative,Deep negative filter
SZ_Search_BayArea_ExactPhrase_2026,french door sub zero refrigerator,Exact,Campaign negative,Deep negative filter
SZ_Search_BayArea_ExactPhrase_2026,french door subzero fridge,Exact,Campaign negative,Deep negative filter
SZ_Search_BayArea_ExactPhrase_2026,french door subzero refrigerator,Exact,Campaign negative,Deep negative filter
SZ_Search_BayArea_ExactPhrase_2026,fridge art,Phrase,Campaign negative,Deep negative filter
SZ_Search_BayArea_ExactPhrase_2026,fridge cover,Phrase,Campaign negative,Deep negative filter
SZ_Search_BayArea_ExactPhrase_2026,fridge decal,Phrase,Campaign negative,Deep negative filter
SZ_Search_BayArea_ExactPhrase_2026,fridge magnet,Phrase,Campaign negative,Deep negative filter
SZ_Search_BayArea_ExactPhrase_2026,fridge mural,Phrase,Campaign negative,Deep negative filter
SZ_Search_BayArea_ExactPhrase_2026,fridge protector,Phrase,Campaign negative,Deep negative filter
SZ_Search_BayArea_ExactPhrase_2026,fridge skin,Phrase,Campaign negative,Deep negative filter
SZ_Search_BayArea_ExactPhrase_2026,fridge stickers,Phrase,Campaign negative,Deep negative filter
SZ_Search_BayArea_ExactPhrase_2026,fridge sub zero,Exact,Campaign negative,Deep negative filter
SZ_Search_BayArea_ExactPhrase_2026,fridge sub zero prices,Exact,Campaign negative,Deep negative filter
SZ_Search_BayArea_ExactPhrase_2026,fridge subzero,Exact,Campaign negative,Deep negative filter
SZ_Search_BayArea_ExactPhrase_2026,fridge vinyl sticker,Phrase,Campaign negative,Deep negative filter
SZ_Search_BayArea_ExactPhrase_2026,fridge wallpaper,Phrase,Campaign negative,Deep negative filter
SZ_Search_BayArea_ExactPhrase_2026,fridge with camera,Phrase,Campaign negative,Deep negative filter
SZ_Search_BayArea_ExactPhrase_2026,fridge with screen,Phrase,Campaign negative,Deep negative filter
SZ_Search_BayArea_ExactPhrase_2026,fridge with speaker,Phrase,Campaign negative,Deep negative filter
SZ_Search_BayArea_ExactPhrase_2026,frigidaire,Broad,Campaign negative,Deep negative filter
SZ_Search_BayArea_ExactPhrase_2026,frigidaire,Phrase,Campaign negative,Deep negative filter
SZ_Search_BayArea_ExactPhrase_2026,frigidaire refrigerator,Phrase,Campaign negative,Deep negative filter
SZ_Search_BayArea_ExactPhrase_2026,funny fridge,Phrase,Campaign negative,Deep negative filter
SZ_Search_BayArea_ExactPhrase_2026,funny fridge sticker,Phrase,Campaign negative,Deep negative filter
SZ_Search_BayArea_ExactPhrase_2026,funny magnet,Phrase,Campaign negative,Deep negative filter
SZ_Search_BayArea_ExactPhrase_2026,futuristic fridge,Phrase,Campaign negative,Deep negative filter
SZ_Search_BayArea_ExactPhrase_2026,gag fridge,Phrase,Campaign negative,Deep negative filter
SZ_Search_BayArea_ExactPhrase_2026,gamer fridge,Phrase,Campaign negative,Deep negative filter
SZ_Search_BayArea_ExactPhrase_2026,gaming fridge,Phrase,Campaign negative,Deep negative filter
SZ_Search_BayArea_ExactPhrase_2026,garage fridge,Phrase,Campaign negative,Deep negative filter
SZ_Search_BayArea_ExactPhrase_2026,garbage fridge,Phrase,Campaign negative,Deep negative filter
SZ_Search_BayArea_ExactPhrase_2026,ge,Broad,Campaign negative,Deep negative filter
SZ_Search_BayArea_ExactPhrase_2026,ge,Phrase,Campaign negative,Deep negative filter
SZ_Search_BayArea_ExactPhrase_2026,ge 42 inch monogram refrigerator,Exact,Campaign negative,Deep negative filter
SZ_Search_BayArea_ExactPhrase_2026,ge monogram 27 inch double oven,Exact,Campaign negative,Deep negative filter
SZ_Search_BayArea_ExactPhrase_2026,ge monogram 27 inch double wall oven,Exact,Campaign negative,Deep negative filter
SZ_Search_BayArea_ExactPhrase_2026,ge monogram 27 inch wall oven,Exact,Campaign negative,Deep negative filter
SZ_Search_BayArea_ExactPhrase_2026,ge monogram 30 inch double wall oven,Exact,Campaign negative,Deep negative filter
SZ_Search_BayArea_ExactPhrase_2026,ge monogram 30 inch wall oven,Exact,Campaign negative,Deep negative filter
SZ_Search_BayArea_ExactPhrase_2026,ge monogram 42 inch built in refrigerator,Exact,Campaign negative,Deep negative filter
SZ_Search_BayArea_ExactPhrase_2026,ge monogram 42 inch refrigerator,Exact,Campaign negative,Deep negative filter
SZ_Search_BayArea_ExactPhrase_2026,ge monogram 42 inch side by side refrigerator,Exact,Campaign negative,Deep negative filter
SZ_Search_BayArea_ExactPhrase_2026,ge monogram 48 inch refrigerator,Exact,Campaign negative,Deep negative filter
SZ_Search_BayArea_ExactPhrase_2026,ge monogram 48 inch side by side built in refrigerator,Exact,Campaign negative,Deep negative filter
SZ_Search_BayArea_ExactPhrase_2026,ge monogram double oven 27 inch,Exact,Campaign negative,Deep negative filter
SZ_Search_BayArea_ExactPhrase_2026,ge monogram refrigerator 36 inch,Exact,Campaign negative,Deep negative filter
SZ_Search_BayArea_ExactPhrase_2026,ge monogram refrigerator 42 inch,Exact,Campaign negative,Deep negative filter
SZ_Search_BayArea_ExactPhrase_2026,ge monogram refrigerator 42 inch price,Exact,Campaign negative,Deep negative filter
SZ_Search_BayArea_ExactPhrase_2026,ge monogram refrigerator 48 inch,Exact,Campaign negative,Deep negative filter
SZ_Search_BayArea_ExactPhrase_2026,ge monogram sub zero refrigerator,Exact,Campaign negative,Deep negative filter
SZ_Search_BayArea_ExactPhrase_2026,ge parts,Phrase,Campaign negative,Deep negative filter
SZ_Search_BayArea_ExactPhrase_2026,ge refrigerator,Phrase,Campaign negative,Deep negative filter
SZ_Search_BayArea_ExactPhrase_2026,ge sub zero refrigerator,Exact,Campaign negative,Deep negative filter
SZ_Search_BayArea_ExactPhrase_2026,generic,Broad,Campaign negative,Deep negative filter
SZ_Search_BayArea_ExactPhrase_2026,giveaway fridge,Phrase,Campaign negative,Deep negative filter
SZ_Search_BayArea_ExactPhrase_2026,gold fridge,Phrase,Campaign negative,Deep negative filter
SZ_Search_BayArea_ExactPhrase_2026,google fridge,Phrase,Campaign negative,Deep negative filter
SZ_Search_BayArea_ExactPhrase_2026,government fridge,Phrase,Campaign negative,Deep negative filter
SZ_Search_BayArea_ExactPhrase_2026,graffiti fridge,Phrase,Campaign negative,Deep negative filter
SZ_Search_BayArea_ExactPhrase_2026,green fridge,Phrase,Campaign negative,Deep negative filter
SZ_Search_BayArea_ExactPhrase_2026,haier,Phrase,Campaign negative,Deep negative filter
SZ_Search_BayArea_ExactPhrase_2026,haier refrigerator,Phrase,Campaign negative,Deep negative filter
SZ_Search_BayArea_ExactPhrase_2026,haul away fridge,Phrase,Campaign negative,Deep negative filter
SZ_Search_BayArea_ExactPhrase_2026,height,Phrase,Campaign negative,Deep negative filter
SZ_Search_BayArea_ExactPhrase_2026,help fridge,Phrase,Campaign negative,Deep negative filter
SZ_Search_BayArea_ExactPhrase_2026,home depot,Phrase,Campaign negative,Deep negative filter
SZ_Search_BayArea_ExactPhrase_2026,homeless fridge,Phrase,Campaign negative,Deep negative filter
SZ_Search_BayArea_ExactPhrase_2026,hospital fridge,Phrase,Campaign negative,Deep negative filter
SZ_Search_BayArea_ExactPhrase_2026,hotel fridge,Phrase,Campaign negative,Deep negative filter
SZ_Search_BayArea_ExactPhrase_2026,hotline fridge,Phrase,Campaign negative,Deep negative filter
SZ_Search_BayArea_ExactPhrase_2026,hotpoint,Broad,Campaign negative,Deep negative filter
SZ_Search_BayArea_ExactPhrase_2026,hotpoint,Phrase,Campaign negative,Deep negative filter
SZ_Search_BayArea_ExactPhrase_2026,hotpoint refrigerator,Phrase,Campaign negative,Deep negative filter
SZ_Search_BayArea_ExactPhrase_2026,how to,Phrase,Campaign negative,Deep negative filter
SZ_Search_BayArea_ExactPhrase_2026,how to fix,Phrase,Campaign negative,Deep negative filter
SZ_Search_BayArea_ExactPhrase_2026,how to fridge repair,Phrase,Campaign negative,Deep negative filter
SZ_Search_BayArea_ExactPhrase_2026,ice storage,Phrase,Campaign negative,Deep negative filter
SZ_Search_BayArea_ExactPhrase_2026,indianapolis,Broad,Campaign negative,Deep negative filter
SZ_Search_BayArea_ExactPhrase_2026,industrial refrigerator,Phrase,Campaign negative,Deep negative filter
SZ_Search_BayArea_ExactPhrase_2026,install,Broad,Campaign negative,Deep negative filter
SZ_Search_BayArea_ExactPhrase_2026,install,Phrase,Campaign negative,Deep negative filter
SZ_Search_BayArea_ExactPhrase_2026,installation,Broad,Campaign negative,Deep negative filter
SZ_Search_BayArea_ExactPhrase_2026,installation,Phrase,Campaign negative,Deep negative filter
SZ_Search_BayArea_ExactPhrase_2026,installer,Broad,Campaign negative,Deep negative filter
SZ_Search_BayArea_ExactPhrase_2026,installer,Phrase,Campaign negative,Deep negative filter
SZ_Search_BayArea_ExactPhrase_2026,installers,Broad,Campaign negative,Deep negative filter
SZ_Search_BayArea_ExactPhrase_2026,installing sub zero fridge,Exact,Campaign negative,Deep negative filter
SZ_Search_BayArea_ExactPhrase_2026,insurance fridge,Phrase,Campaign negative,Deep negative filter
SZ_Search_BayArea_ExactPhrase_2026,integrated sub zero fridge,Exact,Campaign negative,Deep negative filter
SZ_Search_BayArea_ExactPhrase_2026,interactive fridge,Phrase,Campaign negative,Deep negative filter
SZ_Search_BayArea_ExactPhrase_2026,internet fridge,Phrase,Campaign negative,Deep negative filter
SZ_Search_BayArea_ExactPhrase_2026,internship,Broad,Campaign negative,Deep negative filter
SZ_Search_BayArea_ExactPhrase_2026,internship,Phrase,Campaign negative,Deep negative filter
SZ_Search_BayArea_ExactPhrase_2026,is a sub zero fridge worth it,Exact,Campaign negative,Deep negative filter
SZ_Search_BayArea_ExactPhrase_2026,is sub zero fridge worth it,Exact,Campaign negative,Deep negative filter
SZ_Search_BayArea_ExactPhrase_2026,is sub zero refrigerator worth it,Exact,Campaign negative,Deep negative filter
SZ_Search_BayArea_ExactPhrase_2026,jenn air,Phrase,Campaign negative,Deep negative filter
SZ_Search_BayArea_ExactPhrase_2026,jenn air refrigerator,Phrase,Campaign negative,Deep negative filter
SZ_Search_BayArea_ExactPhrase_2026,jennair,Phrase,Campaign negative,Deep negative filter
SZ_Search_BayArea_ExactPhrase_2026,jennair refrigerator,Phrase,Campaign negative,Deep negative filter
SZ_Search_BayArea_ExactPhrase_2026,job,Broad,Campaign negative,Deep negative filter
SZ_Search_BayArea_ExactPhrase_2026,job,Phrase,Campaign negative,Deep negative filter
SZ_Search_BayArea_ExactPhrase_2026,jobs,Broad,Campaign negative,Deep negative filter
SZ_Search_BayArea_ExactPhrase_2026,jobs,Phrase,Campaign negative,Deep negative filter
SZ_Search_BayArea_ExactPhrase_2026,joke fridge,Phrase,Campaign negative,Deep negative filter
SZ_Search_BayArea_ExactPhrase_2026,junk fridge,Phrase,Campaign negative,Deep negative filter
SZ_Search_BayArea_ExactPhrase_2026,junkyard fridge,Phrase,Campaign negative,Deep negative filter
SZ_Search_BayArea_ExactPhrase_2026,kenmore,Broad,Campaign negative,Deep negative filter
SZ_Search_BayArea_ExactPhrase_2026,kenmore,Phrase,Campaign negative,Deep negative filter
SZ_Search_BayArea_ExactPhrase_2026,kenmore refrigerator,Phrase,Campaign negative,Deep negative filter
SZ_Search_BayArea_ExactPhrase_2026,kids fridge,Phrase,Campaign negative,Deep negative filter
SZ_Search_BayArea_ExactPhrase_2026,kitchenaid,Phrase,Campaign negative,Deep negative filter
SZ_Search_BayArea_ExactPhrase_2026,kitchenaid refrigerator,Phrase,Campaign negative,Deep negative filter
SZ_Search_BayArea_ExactPhrase_2026,kitchenaid sub zero refrigerator,Exact,Campaign negative,Deep negative filter
SZ_Search_BayArea_ExactPhrase_2026,lab refrigerator,Phrase,Campaign negative,Deep negative filter
SZ_Search_BayArea_ExactPhrase_2026,landfill fridge,Phrase,Campaign negative,Deep negative filter
SZ_Search_BayArea_ExactPhrase_2026,large sub zero fridge,Exact,Campaign negative,Deep negative filter
SZ_Search_BayArea_ExactPhrase_2026,lead time for sub zero refrigerator,Exact,Campaign negative,Deep negative filter
SZ_Search_BayArea_ExactPhrase_2026,learn fridge repair,Phrase,Campaign negative,Deep negative filter
SZ_Search_BayArea_ExactPhrase_2026,lease fridge,Phrase,Campaign negative,Deep negative filter
SZ_Search_BayArea_ExactPhrase_2026,led fridge,Phrase,Campaign negative,Deep negative filter
SZ_Search_BayArea_ExactPhrase_2026,lg,Broad,Campaign negative,Deep negative filter
SZ_Search_BayArea_ExactPhrase_2026,lg,Phrase,Campaign negative,Deep negative filter
SZ_Search_BayArea_ExactPhrase_2026,lg filter,Phrase,Campaign negative,Deep negative filter
SZ_Search_BayArea_ExactPhrase_2026,lg refrigerator,Phrase,Campaign negative,Deep negative filter
SZ_Search_BayArea_ExactPhrase_2026,lg smart fridge,Phrase,Campaign negative,Deep negative filter
SZ_Search_BayArea_ExactPhrase_2026,light bulb for sub zero refrigerator,Exact,Campaign negative,Deep negative filter
SZ_Search_BayArea_ExactPhrase_2026,liquid nitrogen,Broad,Campaign negative,Deep negative filter
SZ_Search_BayArea_ExactPhrase_2026,long term fridge rental,Phrase,Campaign negative,Deep negative filter
SZ_Search_BayArea_ExactPhrase_2026,los angeles,Broad,Campaign negative,Deep negative filter
SZ_Search_BayArea_ExactPhrase_2026,lowes,Broad,Campaign negative,Deep negative filter
SZ_Search_BayArea_ExactPhrase_2026,lowes,Phrase,Campaign negative,Deep negative filter
SZ_Search_BayArea_ExactPhrase_2026,luxury fridge,Phrase,Campaign negative,Deep negative filter
SZ_Search_BayArea_ExactPhrase_2026,manual,Broad,Campaign negative,Deep negative filter
SZ_Search_BayArea_ExactPhrase_2026,manual,Phrase,Campaign negative,Deep negative filter
SZ_Search_BayArea_ExactPhrase_2026,manuals,Broad,Campaign negative,Deep negative filter
SZ_Search_BayArea_ExactPhrase_2026,marketing fridge magnet,Phrase,Campaign negative,Deep negative filter
SZ_Search_BayArea_ExactPhrase_2026,marketplace fridge,Phrase,Campaign negative,Deep negative filter
SZ_Search_BayArea_ExactPhrase_2026,maytag,Broad,Campaign negative,Deep negative filter
SZ_Search_BayArea_ExactPhrase_2026,maytag,Phrase,Campaign negative,Deep negative filter
SZ_Search_BayArea_ExactPhrase_2026,maytag refrigerator,Phrase,Campaign negative,Deep negative filter
SZ_Search_BayArea_ExactPhrase_2026,medical fridge,Phrase,Campaign negative,Deep negative filter
SZ_Search_BayArea_ExactPhrase_2026,medidas refrigerador sub zero,Exact,Campaign negative,Deep negative filter
SZ_Search_BayArea_ExactPhrase_2026,meme fridge,Phrase,Campaign negative,Deep negative filter
SZ_Search_BayArea_ExactPhrase_2026,message,Broad,Campaign negative,Deep negative filter
SZ_Search_BayArea_ExactPhrase_2026,metal scrap fridge,Phrase,Campaign negative,Deep negative filter
SZ_Search_BayArea_ExactPhrase_2026,microsoft fridge,Phrase,Campaign negative,Deep negative filter
SZ_Search_BayArea_ExactPhrase_2026,miele,Phrase,Campaign negative,Deep negative filter
SZ_Search_BayArea_ExactPhrase_2026,miele refrigerator,Phrase,Campaign negative,Deep negative filter
SZ_Search_BayArea_ExactPhrase_2026,miele sub zero refrigerator,Exact,Campaign negative,Deep negative filter
SZ_Search_BayArea_ExactPhrase_2026,military fridge,Phrase,Campaign negative,Deep negative filter
SZ_Search_BayArea_ExactPhrase_2026,milwaukee,Broad,Campaign negative,Deep negative filter
SZ_Search_BayArea_ExactPhrase_2026,mini fridge,Phrase,Campaign negative,Deep negative filter
SZ_Search_BayArea_ExactPhrase_2026,mini sub zero fridge,Exact,Campaign negative,Deep negative filter
SZ_Search_BayArea_ExactPhrase_2026,miniature fridge,Phrase,Campaign negative,Deep negative filter
SZ_Search_BayArea_ExactPhrase_2026,model fridge,Phrase,Campaign negative,Deep negative filter
SZ_Search_BayArea_ExactPhrase_2026,monogram,Phrase,Campaign negative,Deep negative filter
SZ_Search_BayArea_ExactPhrase_2026,monogram 42 inch refrigerator,Exact,Campaign negative,Deep negative filter
SZ_Search_BayArea_ExactPhrase_2026,monogram 48 inch refrigerator,Exact,Campaign negative,Deep negative filter
SZ_Search_BayArea_ExactPhrase_2026,monogram refrigerator,Phrase,Campaign negative,Deep negative filter
SZ_Search_BayArea_ExactPhrase_2026,monogram refrigerator 36 inch,Exact,Campaign negative,Deep negative filter
SZ_Search_BayArea_ExactPhrase_2026,morgue refrigerator,Phrase,Campaign negative,Deep negative filter
SZ_Search_BayArea_ExactPhrase_2026,mortuary fridge,Phrase,Campaign negative,Deep negative filter
SZ_Search_BayArea_ExactPhrase_2026,motel fridge,Phrase,Campaign negative,Deep negative filter
SZ_Search_BayArea_ExactPhrase_2026,moving,Broad,Campaign negative,Deep negative filter
SZ_Search_BayArea_ExactPhrase_2026,moving,Phrase,Campaign negative,Deep negative filter
SZ_Search_BayArea_ExactPhrase_2026,moving a sub zero fridge,Exact,Campaign negative,Deep negative filter
SZ_Search_BayArea_ExactPhrase_2026,moving sub zero fridge,Exact,Campaign negative,Deep negative filter
SZ_Search_BayArea_ExactPhrase_2026,music fridge,Phrase,Campaign negative,Deep negative filter
SZ_Search_BayArea_ExactPhrase_2026,navy fridge,Phrase,Campaign negative,Deep negative filter
SZ_Search_BayArea_ExactPhrase_2026,new refrigerator,Phrase,Campaign negative,Deep negative filter
SZ_Search_BayArea_ExactPhrase_2026,new sub zero fridge,Exact,Campaign negative,Deep negative filter
SZ_Search_BayArea_ExactPhrase_2026,new york,Broad,Campaign negative,Deep negative filter
SZ_Search_BayArea_ExactPhrase_2026,next day delivery fridge,Phrase,Campaign negative,Deep negative filter
SZ_Search_BayArea_ExactPhrase_2026,nintendo fridge,Phrase,Campaign negative,Deep negative filter
SZ_Search_BayArea_ExactPhrase_2026,nurse fridge,Phrase,Campaign negative,Deep negative filter
SZ_Search_BayArea_ExactPhrase_2026,ny,Broad,Campaign negative,Deep negative filter
SZ_Search_BayArea_ExactPhrase_2026,nyc,Broad,Campaign negative,Deep negative filter
SZ_Search_BayArea_ExactPhrase_2026,office fridge,Phrase,Campaign negative,Deep negative filter
SZ_Search_BayArea_ExactPhrase_2026,office fridge rental,Phrase,Campaign negative,Deep negative filter
SZ_Search_BayArea_ExactPhrase_2026,old fridge,Phrase,Campaign negative,Deep negative filter
SZ_Search_BayArea_ExactPhrase_2026,online course,Phrase,Campaign negative,Deep negative filter
SZ_Search_BayArea_ExactPhrase_2026,owner manual,Phrase,Campaign negative,Deep negative filter
SZ_Search_BayArea_ExactPhrase_2026,package,Broad,Campaign negative,Deep negative filter
SZ_Search_BayArea_ExactPhrase_2026,painted fridge,Phrase,Campaign negative,Deep negative filter
SZ_Search_BayArea_ExactPhrase_2026,panel ready refrigerator sub zero,Exact,Campaign negative,Deep negative filter
SZ_Search_BayArea_ExactPhrase_2026,panel ready sub zero refrigerator,Exact,Campaign negative,Deep negative filter
SZ_Search_BayArea_ExactPhrase_2026,panel ready subzero refrigerator,Exact,Campaign negative,Deep negative filter
SZ_Search_BayArea_ExactPhrase_2026,part number,Phrase,Campaign negative,Deep negative filter
SZ_Search_BayArea_ExactPhrase_2026,parts,Broad,Campaign negative,Deep negative filter
SZ_Search_BayArea_ExactPhrase_2026,parts,Phrase,Campaign negative,Deep negative filter
SZ_Search_BayArea_ExactPhrase_2026,parts fridge,Phrase,Campaign negative,Deep negative filter
SZ_Search_BayArea_ExactPhrase_2026,parts store,Phrase,Campaign negative,Deep negative filter
SZ_Search_BayArea_ExactPhrase_2026,pastry fridge,Phrase,Campaign negative,Deep negative filter
SZ_Search_BayArea_ExactPhrase_2026,patient fridge,Phrase,Campaign negative,Deep negative filter
SZ_Search_BayArea_ExactPhrase_2026,pdf,Broad,Campaign negative,Deep negative filter
SZ_Search_BayArea_ExactPhrase_2026,pdf,Phrase,Campaign negative,Deep negative filter
SZ_Search_BayArea_ExactPhrase_2026,pdf manual,Phrase,Campaign negative,Deep negative filter
SZ_Search_BayArea_ExactPhrase_2026,pdf repair guide,Phrase,Campaign negative,Deep negative filter
SZ_Search_BayArea_ExactPhrase_2026,pet refrigerator,Phrase,Campaign negative,Deep negative filter
SZ_Search_BayArea_ExactPhrase_2026,pharmaceutical fridge,Phrase,Campaign negative,Deep negative filter
SZ_Search_BayArea_ExactPhrase_2026,pharmacy fridge,Phrase,Campaign negative,Deep negative filter
SZ_Search_BayArea_ExactPhrase_2026,pink fridge,Phrase,Campaign negative,Deep negative filter
SZ_Search_BayArea_ExactPhrase_2026,plastic fridge,Phrase,Campaign negative,Deep negative filter
SZ_Search_BayArea_ExactPhrase_2026,playstation fridge,Phrase,Campaign negative,Deep negative filter
SZ_Search_BayArea_ExactPhrase_2026,portable fridge,Phrase,Campaign negative,Deep negative filter
SZ_Search_BayArea_ExactPhrase_2026,poultry fridge,Phrase,Campaign negative,Deep negative filter
SZ_Search_BayArea_ExactPhrase_2026,prank fridge,Phrase,Campaign negative,Deep negative filter
SZ_Search_BayArea_ExactPhrase_2026,pre owned sub zero refrigerator,Exact,Campaign negative,Deep negative filter
SZ_Search_BayArea_ExactPhrase_2026,precio refrigerador sub zero,Exact,Campaign negative,Deep negative filter
SZ_Search_BayArea_ExactPhrase_2026,price of sub zero refrigerator,Exact,Campaign negative,Deep negative filter
SZ_Search_BayArea_ExactPhrase_2026,price of sub zero refrigerator freezer,Exact,Campaign negative,Deep negative filter
SZ_Search_BayArea_ExactPhrase_2026,price sub zero 48 inch refrigerator,Exact,Campaign negative,Deep negative filter
SZ_Search_BayArea_ExactPhrase_2026,price sub zero refrigerator,Exact,Campaign negative,Deep negative filter
SZ_Search_BayArea_ExactPhrase_2026,prices on sub zero refrigerators,Exact,Campaign negative,Deep negative filter
SZ_Search_BayArea_ExactPhrase_2026,printed wrap fridge,Phrase,Campaign negative,Deep negative filter
SZ_Search_BayArea_ExactPhrase_2026,ps5 fridge,Phrase,Campaign negative,Deep negative filter
SZ_Search_BayArea_ExactPhrase_2026,pub fridge,Phrase,Campaign negative,Deep negative filter
SZ_Search_BayArea_ExactPhrase_2026,que hacer cuando el refrigerador no enfria por dentro,Exact,Campaign negative,Deep negative filter
SZ_Search_BayArea_ExactPhrase_2026,rainbow fridge,Phrase,Campaign negative,Deep negative filter
SZ_Search_BayArea_ExactPhrase_2026,rebate,Broad,Campaign negative,Deep negative filter
SZ_Search_BayArea_ExactPhrase_2026,rebates,Broad,Campaign negative,Deep negative filter
SZ_Search_BayArea_ExactPhrase_2026,recharge sub zero refrigerator,Exact,Campaign negative,Deep negative filter
SZ_Search_BayArea_ExactPhrase_2026,recycle center fridge,Phrase,Campaign negative,Deep negative filter
SZ_Search_BayArea_ExactPhrase_2026,recycle fridge,Phrase,Campaign negative,Deep negative filter
SZ_Search_BayArea_ExactPhrase_2026,red fridge,Phrase,Campaign negative,Deep negative filter
SZ_Search_BayArea_ExactPhrase_2026,reddit,Broad,Campaign negative,Deep negative filter
SZ_Search_BayArea_ExactPhrase_2026,reddit,Phrase,Campaign negative,Deep negative filter
SZ_Search_BayArea_ExactPhrase_2026,refrigerador marca sub zero,Exact,Campaign negative,Deep negative filter
SZ_Search_BayArea_ExactPhrase_2026,refrigerador sub zero,Exact,Campaign negative,Deep negative filter
SZ_Search_BayArea_ExactPhrase_2026,refrigerador sub zero precio,Exact,Campaign negative,Deep negative filter
SZ_Search_BayArea_ExactPhrase_2026,refrigerador subzero,Exact,Campaign negative,Deep negative filter
SZ_Search_BayArea_ExactPhrase_2026,refrigerador wolf,Exact,Campaign negative,Deep negative filter
SZ_Search_BayArea_ExactPhrase_2026,refrigeradores sub zero,Exact,Campaign negative,Deep negative filter
SZ_Search_BayArea_ExactPhrase_2026,refrigeradores subzero,Exact,Campaign negative,Deep negative filter
SZ_Search_BayArea_ExactPhrase_2026,refrigerated counter,Phrase,Campaign negative,Deep negative filter
SZ_Search_BayArea_ExactPhrase_2026,refrigerated van,Phrase,Campaign negative,Deep negative filter
SZ_Search_BayArea_ExactPhrase_2026,refrigerator diagram,Phrase,Campaign negative,Deep negative filter
SZ_Search_BayArea_ExactPhrase_2026,refrigerator drawers sub zero,Exact,Campaign negative,Deep negative filter
SZ_Search_BayArea_ExactPhrase_2026,refrigerator schematic,Phrase,Campaign negative,Deep negative filter
SZ_Search_BayArea_ExactPhrase_2026,refrigerator sub zero,Exact,Campaign negative,Deep negative filter
SZ_Search_BayArea_ExactPhrase_2026,refrigerator subzero,Exact,Campaign negative,Deep negative filter
SZ_Search_BayArea_ExactPhrase_2026,refrigerator training,Phrase,Campaign negative,Deep negative filter
SZ_Search_BayArea_ExactPhrase_2026,refrigerator wrap,Phrase,Campaign negative,Deep negative filter
SZ_Search_BayArea_ExactPhrase_2026,refund fridge,Phrase,Campaign negative,Deep negative filter
SZ_Search_BayArea_ExactPhrase_2026,refurbished sub zero fridge,Exact,Campaign negative,Deep negative filter
SZ_Search_BayArea_ExactPhrase_2026,refurbished sub zero refrigerator,Exact,Campaign negative,Deep negative filter
SZ_Search_BayArea_ExactPhrase_2026,relocate,Phrase,Campaign negative,Deep negative filter
SZ_Search_BayArea_ExactPhrase_2026,remove,Phrase,Campaign negative,Deep negative filter
SZ_Search_BayArea_ExactPhrase_2026,removing sub zero refrigerator,Exact,Campaign negative,Deep negative filter
SZ_Search_BayArea_ExactPhrase_2026,rent bar fridge,Phrase,Campaign negative,Deep negative filter
SZ_Search_BayArea_ExactPhrase_2026,rent commercial fridge,Phrase,Campaign negative,Deep negative filter
SZ_Search_BayArea_ExactPhrase_2026,rent display fridge,Phrase,Campaign negative,Deep negative filter
SZ_Search_BayArea_ExactPhrase_2026,rent fridge,Phrase,Campaign negative,Deep negative filter
SZ_Search_BayArea_ExactPhrase_2026,rental fridge,Phrase,Campaign negative,Deep negative filter
SZ_Search_BayArea_ExactPhrase_2026,repair course,Phrase,Campaign negative,Deep negative filter
SZ_Search_BayArea_ExactPhrase_2026,repair kit,Phrase,Campaign negative,Deep negative filter
SZ_Search_BayArea_ExactPhrase_2026,repair manual download,Phrase,Campaign negative,Deep negative filter
SZ_Search_BayArea_ExactPhrase_2026,repair school,Phrase,Campaign negative,Deep negative filter
SZ_Search_BayArea_ExactPhrase_2026,repair training,Phrase,Campaign negative,Deep negative filter
SZ_Search_BayArea_ExactPhrase_2026,replacement parts,Phrase,Campaign negative,Deep negative filter
SZ_Search_BayArea_ExactPhrase_2026,reptile fridge,Phrase,Campaign negative,Deep negative filter
SZ_Search_BayArea_ExactPhrase_2026,reset,Broad,Campaign negative,Deep negative filter
SZ_Search_BayArea_ExactPhrase_2026,reset button,Phrase,Campaign negative,Deep negative filter
SZ_Search_BayArea_ExactPhrase_2026,restaurant fridge,Phrase,Campaign negative,Deep negative filter
SZ_Search_BayArea_ExactPhrase_2026,retro fridge,Phrase,Campaign negative,Deep negative filter
SZ_Search_BayArea_ExactPhrase_2026,return fridge,Phrase,Campaign negative,Deep negative filter
SZ_Search_BayArea_ExactPhrase_2026,reveal subzero wolf,Exact,Campaign negative,Deep negative filter
SZ_Search_BayArea_ExactPhrase_2026,review,Broad,Campaign negative,Deep negative filter
SZ_Search_BayArea_ExactPhrase_2026,reviews,Broad,Campaign negative,Deep negative filter
SZ_Search_BayArea_ExactPhrase_2026,robotic fridge,Phrase,Campaign negative,Deep negative filter
SZ_Search_BayArea_ExactPhrase_2026,rustic fridge,Phrase,Campaign negative,Deep negative filter
SZ_Search_BayArea_ExactPhrase_2026,rv fridge,Phrase,Campaign negative,Deep negative filter
SZ_Search_BayArea_ExactPhrase_2026,salary,Phrase,Campaign negative,Deep negative filter
SZ_Search_BayArea_ExactPhrase_2026,same day delivery fridge,Phrase,Campaign negative,Deep negative filter
SZ_Search_BayArea_ExactPhrase_2026,samsung,Broad,Campaign negative,Deep negative filter
SZ_Search_BayArea_ExactPhrase_2026,samsung,Phrase,Campaign negative,Deep negative filter
SZ_Search_BayArea_ExactPhrase_2026,samsung refrigerator,Phrase,Campaign negative,Deep negative filter
SZ_Search_BayArea_ExactPhrase_2026,samsung smart fridge,Phrase,Campaign negative,Deep negative filter
SZ_Search_BayArea_ExactPhrase_2026,schematic,Broad,Campaign negative,Deep negative filter
SZ_Search_BayArea_ExactPhrase_2026,schematic,Phrase,Campaign negative,Deep negative filter
SZ_Search_BayArea_ExactPhrase_2026,school,Broad,Campaign negative,Deep negative filter
SZ_Search_BayArea_ExactPhrase_2026,school,Phrase,Campaign negative,Deep negative filter
SZ_Search_BayArea_ExactPhrase_2026,school fridge,Phrase,Campaign negative,Deep negative filter
SZ_Search_BayArea_ExactPhrase_2026,science fridge,Phrase,Campaign negative,Deep negative filter
SZ_Search_BayArea_ExactPhrase_2026,scrap fridge,Phrase,Campaign negative,Deep negative filter
SZ_Search_BayArea_ExactPhrase_2026,scrap yard fridge,Phrase,Campaign negative,Deep negative filter
SZ_Search_BayArea_ExactPhrase_2026,scratches on wolf range,Exact,Campaign negative,Deep negative filter
SZ_Search_BayArea_ExactPhrase_2026,seafood fridge,Phrase,Campaign negative,Deep negative filter
SZ_Search_BayArea_ExactPhrase_2026,seattle,Broad,Campaign negative,Deep negative filter
SZ_Search_BayArea_ExactPhrase_2026,second hand fridge,Phrase,Campaign negative,Deep negative filter
SZ_Search_BayArea_ExactPhrase_2026,second hand sub zero fridge freezer,Exact,Campaign negative,Deep negative filter
SZ_Search_BayArea_ExactPhrase_2026,secondhand fridge,Phrase,Campaign negative,Deep negative filter
SZ_Search_BayArea_ExactPhrase_2026,self repair fridge,Phrase,Campaign negative,Deep negative filter
SZ_Search_BayArea_ExactPhrase_2026,sell fridge,Phrase,Campaign negative,Deep negative filter
SZ_Search_BayArea_ExactPhrase_2026,shabby fridge,Phrase,Campaign negative,Deep negative filter
SZ_Search_BayArea_ExactPhrase_2026,shed fridge,Phrase,Campaign negative,Deep negative filter
SZ_Search_BayArea_ExactPhrase_2026,shipping fridge,Phrase,Campaign negative,Deep negative filter
SZ_Search_BayArea_ExactPhrase_2026,shop sub zero fridge,Exact,Campaign negative,Deep negative filter
SZ_Search_BayArea_ExactPhrase_2026,short term fridge rental,Phrase,Campaign negative,Deep negative filter
SZ_Search_BayArea_ExactPhrase_2026,showcase refrigerator,Phrase,Campaign negative,Deep negative filter
SZ_Search_BayArea_ExactPhrase_2026,showroom,Broad,Campaign negative,Deep negative filter
SZ_Search_BayArea_ExactPhrase_2026,showroom,Phrase,Campaign negative,Deep negative filter
SZ_Search_BayArea_ExactPhrase_2026,showrooms,Broad,Campaign negative,Deep negative filter
SZ_Search_BayArea_ExactPhrase_2026,side by side sub zero fridge,Exact,Campaign negative,Deep negative filter
SZ_Search_BayArea_ExactPhrase_2026,silver fridge,Phrase,Campaign negative,Deep negative filter
SZ_Search_BayArea_ExactPhrase_2026,sizes of sub zero refrigerators,Exact,Campaign negative,Deep negative filter
SZ_Search_BayArea_ExactPhrase_2026,small fridge,Phrase,Campaign negative,Deep negative filter
SZ_Search_BayArea_ExactPhrase_2026,small sub zero fridge,Exact,Campaign negative,Deep negative filter
SZ_Search_BayArea_ExactPhrase_2026,smallest sub zero refrigerator,Exact,Campaign negative,Deep negative filter
SZ_Search_BayArea_ExactPhrase_2026,smart fridge,Phrase,Campaign negative,Deep negative filter
SZ_Search_BayArea_ExactPhrase_2026,smoothie fridge,Phrase,Campaign negative,Deep negative filter
SZ_Search_BayArea_ExactPhrase_2026,spare part buy,Phrase,Campaign negative,Deep negative filter
SZ_Search_BayArea_ExactPhrase_2026,spare parts,Broad,Campaign negative,Deep negative filter
SZ_Search_BayArea_ExactPhrase_2026,spotify fridge,Phrase,Campaign negative,Deep negative filter
SZ_Search_BayArea_ExactPhrase_2026,stadium fridge,Phrase,Campaign negative,Deep negative filter
SZ_Search_BayArea_ExactPhrase_2026,steel fridge,Phrase,Campaign negative,Deep negative filter
SZ_Search_BayArea_ExactPhrase_2026,sub 0 fridge,Exact,Campaign negative,Deep negative filter
SZ_Search_BayArea_ExactPhrase_2026,sub 0 refrigerator,Exact,Campaign negative,Deep negative filter
SZ_Search_BayArea_ExactPhrase_2026,sub wolf,Exact,Campaign negative,Deep negative filter
SZ_Search_BayArea_ExactPhrase_2026,sub wolf appliances,Exact,Campaign negative,Deep negative filter
SZ_Search_BayArea_ExactPhrase_2026,sub zero 15 beverage center,Exact,Campaign negative,Deep negative filter
SZ_Search_BayArea_ExactPhrase_2026,sub zero 24 beverage center,Exact,Campaign negative,Deep negative filter
SZ_Search_BayArea_ExactPhrase_2026,sub zero 24 designer undercounter refrigerator,Exact,Campaign negative,Deep negative filter
SZ_Search_BayArea_ExactPhrase_2026,sub zero 24 fridge,Exact,Campaign negative,Deep negative filter
SZ_Search_BayArea_ExactPhrase_2026,sub zero 24 inch fridge,Exact,Campaign negative,Deep negative filter
SZ_Search_BayArea_ExactPhrase_2026,sub zero 24 inch refrigerator,Exact,Campaign negative,Deep negative filter
SZ_Search_BayArea_ExactPhrase_2026,sub zero 24 refrigerator drawers,Exact,Campaign negative,Deep negative filter
SZ_Search_BayArea_ExactPhrase_2026,sub zero 24 refrigerator freezer drawers,Exact,Campaign negative,Deep negative filter
SZ_Search_BayArea_ExactPhrase_2026,sub zero 24 undercounter beverage center,Exact,Campaign negative,Deep negative filter
SZ_Search_BayArea_ExactPhrase_2026,sub zero 24 undercounter beverage center panel ready,Exact,Campaign negative,Deep negative filter
SZ_Search_BayArea_ExactPhrase_2026,sub zero 24 undercounter refrigerator,Exact,Campaign negative,Deep negative filter
SZ_Search_BayArea_ExactPhrase_2026,sub zero 24 undercounter refrigerator drawers,Exact,Campaign negative,Deep negative filter
SZ_Search_BayArea_ExactPhrase_2026,sub zero 24 wine fridge,Exact,Campaign negative,Deep negative filter
SZ_Search_BayArea_ExactPhrase_2026,sub zero 24 wine fridge panel ready,Exact,Campaign negative,Deep negative filter
SZ_Search_BayArea_ExactPhrase_2026,sub zero 27 refrigerator,Exact,Campaign negative,Deep negative filter
SZ_Search_BayArea_ExactPhrase_2026,sub zero 30 column refrigerator,Exact,Campaign negative,Deep negative filter
SZ_Search_BayArea_ExactPhrase_2026,sub zero 30 inch built in refrigerator,Exact,Campaign negative,Deep negative filter
SZ_Search_BayArea_ExactPhrase_2026,sub zero 30 inch fridge,Exact,Campaign negative,Deep negative filter
SZ_Search_BayArea_ExactPhrase_2026,sub zero 30 inch refrigerator,Exact,Campaign negative,Deep negative filter
SZ_Search_BayArea_ExactPhrase_2026,sub zero 30 inch refrigerator panel ready,Exact,Campaign negative,Deep negative filter
SZ_Search_BayArea_ExactPhrase_2026,sub zero 30 integrated refrigerator,Exact,Campaign negative,Deep negative filter
SZ_Search_BayArea_ExactPhrase_2026,sub zero 30 panel ready refrigerator,Exact,Campaign negative,Deep negative filter
SZ_Search_BayArea_ExactPhrase_2026,sub zero 36 built in bottom freezer refrigerator,Exact,Campaign negative,Deep negative filter
SZ_Search_BayArea_ExactPhrase_2026,sub zero 36 built in refrigerator,Exact,Campaign negative,Deep negative filter
SZ_Search_BayArea_ExactPhrase_2026,sub zero 36 classic french door refrigerator freezer,Exact,Campaign negative,Deep negative filter
SZ_Search_BayArea_ExactPhrase_2026,sub zero 36 classic over and under refrigerator freezer,Exact,Campaign negative,Deep negative filter
SZ_Search_BayArea_ExactPhrase_2026,sub zero 36 column refrigerator,Exact,Campaign negative,Deep negative filter
SZ_Search_BayArea_ExactPhrase_2026,sub zero 36 designer column refrigerator,Exact,Campaign negative,Deep negative filter
SZ_Search_BayArea_ExactPhrase_2026,sub zero 36 designer column refrigerator panel ready,Exact,Campaign negative,Deep negative filter
SZ_Search_BayArea_ExactPhrase_2026,sub zero 36 fridge,Exact,Campaign negative,Deep negative filter
SZ_Search_BayArea_ExactPhrase_2026,sub zero 36 glass door refrigerator,Exact,Campaign negative,Deep negative filter
SZ_Search_BayArea_ExactPhrase_2026,sub zero 36 in refrigerator,Exact,Campaign negative,Deep negative filter
SZ_Search_BayArea_ExactPhrase_2026,sub zero 36 inch,Exact,Campaign negative,Deep negative filter
SZ_Search_BayArea_ExactPhrase_2026,sub zero 36 inch fridge,Exact,Campaign negative,Deep negative filter
SZ_Search_BayArea_ExactPhrase_2026,sub zero 36 inch fridge price,Exact,Campaign negative,Deep negative filter
SZ_Search_BayArea_ExactPhrase_2026,sub zero 36 inch refrigerator,Exact,Campaign negative,Deep negative filter
SZ_Search_BayArea_ExactPhrase_2026,sub zero 36 inch refrigerator panel ready,Exact,Campaign negative,Deep negative filter
SZ_Search_BayArea_ExactPhrase_2026,sub zero 36 panel ready fridge,Exact,Campaign negative,Deep negative filter
SZ_Search_BayArea_ExactPhrase_2026,sub zero 36 refrigerator,Exact,Campaign negative,Deep negative filter
SZ_Search_BayArea_ExactPhrase_2026,sub zero 36 refrigerator column,Exact,Campaign negative,Deep negative filter
SZ_Search_BayArea_ExactPhrase_2026,sub zero 36 refrigerator only,Exact,Campaign negative,Deep negative filter
SZ_Search_BayArea_ExactPhrase_2026,sub zero 36 refrigerator price,Exact,Campaign negative,Deep negative filter
SZ_Search_BayArea_ExactPhrase_2026,sub zero 36 side by side refrigerator,Exact,Campaign negative,Deep negative filter
SZ_Search_BayArea_ExactPhrase_2026,sub zero 42 built in french door refrigerator,Exact,Campaign negative,Deep negative filter
SZ_Search_BayArea_ExactPhrase_2026,sub zero 42 built in refrigerator,Exact,Campaign negative,Deep negative filter
SZ_Search_BayArea_ExactPhrase_2026,sub zero 42 classic french door refrigerator freezer,Exact,Campaign negative,Deep negative filter
SZ_Search_BayArea_ExactPhrase_2026,sub zero 42 french door refrigerator,Exact,Campaign negative,Deep negative filter
SZ_Search_BayArea_ExactPhrase_2026,sub zero 42 fridge,Exact,Campaign negative,Deep negative filter
SZ_Search_BayArea_ExactPhrase_2026,sub zero 42 inch,Exact,Campaign negative,Deep negative filter
SZ_Search_BayArea_ExactPhrase_2026,sub zero 42 inch built in refrigerator,Exact,Campaign negative,Deep negative filter
SZ_Search_BayArea_ExactPhrase_2026,sub zero 42 inch built in refrigerator with water dispenser,Exact,Campaign negative,Deep negative filter
SZ_Search_BayArea_ExactPhrase_2026,sub zero 42 inch french door,Exact,Campaign negative,Deep negative filter
SZ_Search_BayArea_ExactPhrase_2026,sub zero 42 inch french door refrigerator specs,Exact,Campaign negative,Deep negative filter
SZ_Search_BayArea_ExactPhrase_2026,sub zero 42 inch refrigerator,Exact,Campaign negative,Deep negative filter
SZ_Search_BayArea_ExactPhrase_2026,sub zero 42 inch refrigerator dimensions,Exact,Campaign negative,Deep negative filter
SZ_Search_BayArea_ExactPhrase_2026,sub zero 42 inch refrigerator prices,Exact,Campaign negative,Deep negative filter
SZ_Search_BayArea_ExactPhrase_2026,sub zero 42 refrigerator,Exact,Campaign negative,Deep negative filter
SZ_Search_BayArea_ExactPhrase_2026,sub zero 42 refrigerator panel ready,Exact,Campaign negative,Deep negative filter
SZ_Search_BayArea_ExactPhrase_2026,sub zero 42 side by side refrigerator,Exact,Campaign negative,Deep negative filter
SZ_Search_BayArea_ExactPhrase_2026,sub zero 48 built in refrigerator,Exact,Campaign negative,Deep negative filter
SZ_Search_BayArea_ExactPhrase_2026,sub zero 48 built in side by side refrigerator,Exact,Campaign negative,Deep negative filter
SZ_Search_BayArea_ExactPhrase_2026,sub zero 48 classic side by side refrigerator freezer,Exact,Campaign negative,Deep negative filter
SZ_Search_BayArea_ExactPhrase_2026,sub zero 48 fridge,Exact,Campaign negative,Deep negative filter
SZ_Search_BayArea_ExactPhrase_2026,sub zero 48 fridge freezer,Exact,Campaign negative,Deep negative filter
SZ_Search_BayArea_ExactPhrase_2026,sub zero 48 inch built in refrigerator,Exact,Campaign negative,Deep negative filter
SZ_Search_BayArea_ExactPhrase_2026,sub zero 48 inch french door refrigerator,Exact,Campaign negative,Deep negative filter
SZ_Search_BayArea_ExactPhrase_2026,sub zero 48 inch pro refrigerator,Exact,Campaign negative,Deep negative filter
SZ_Search_BayArea_ExactPhrase_2026,sub zero 48 inch refrigerator,Exact,Campaign negative,Deep negative filter
SZ_Search_BayArea_ExactPhrase_2026,sub zero 48 inch refrigerator with water dispenser,Exact,Campaign negative,Deep negative filter
SZ_Search_BayArea_ExactPhrase_2026,sub zero 48 inch side by side refrigerator,Exact,Campaign negative,Deep negative filter
SZ_Search_BayArea_ExactPhrase_2026,sub zero 48 pro refrigerator freezer with glass door,Exact,Campaign negative,Deep negative filter
SZ_Search_BayArea_ExactPhrase_2026,sub zero 48 refrigerator,Exact,Campaign negative,Deep negative filter
SZ_Search_BayArea_ExactPhrase_2026,sub zero 48 refrigerator panel ready,Exact,Campaign negative,Deep negative filter
SZ_Search_BayArea_ExactPhrase_2026,sub zero 48 refrigerator price,Exact,Campaign negative,Deep negative filter
SZ_Search_BayArea_ExactPhrase_2026,sub zero 48 side by side refrigerator,Exact,Campaign negative,Deep negative filter
SZ_Search_BayArea_ExactPhrase_2026,sub zero 532 dimensions,Exact,Campaign negative,Deep negative filter
SZ_Search_BayArea_ExactPhrase_2026,sub zero 532 ice maker troubleshooting,Exact,Campaign negative,Deep negative filter
SZ_Search_BayArea_ExactPhrase_2026,sub zero 532 price,Exact,Campaign negative,Deep negative filter
SZ_Search_BayArea_ExactPhrase_2026,sub zero 532 refrigerator door gasket,Exact,Campaign negative,Deep negative filter
SZ_Search_BayArea_ExactPhrase_2026,sub zero 550 refrigerator troubleshooting,Exact,Campaign negative,Deep negative filter
SZ_Search_BayArea_ExactPhrase_2026,sub zero 550 troubleshooting,Exact,Campaign negative,Deep negative filter
SZ_Search_BayArea_ExactPhrase_2026,sub zero 561 dimensions,Exact,Campaign negative,Deep negative filter
SZ_Search_BayArea_ExactPhrase_2026,sub zero 561 price,Exact,Campaign negative,Deep negative filter
SZ_Search_BayArea_ExactPhrase_2026,sub zero 561 refrigerator,Exact,Campaign negative,Deep negative filter
SZ_Search_BayArea_ExactPhrase_2026,sub zero 561 refrigerator door gasket,Exact,Campaign negative,Deep negative filter
SZ_Search_BayArea_ExactPhrase_2026,sub zero 60 inch refrigerator,Exact,Campaign negative,Deep negative filter
SZ_Search_BayArea_ExactPhrase_2026,sub zero 60 refrigerator,Exact,Campaign negative,Deep negative filter
SZ_Search_BayArea_ExactPhrase_2026,sub zero 600 series ice maker troubleshooting,Exact,Campaign negative,Deep negative filter
SZ_Search_BayArea_ExactPhrase_2026,sub zero 600 series troubleshooting,Exact,Campaign negative,Deep negative filter
SZ_Search_BayArea_ExactPhrase_2026,sub zero 601f ice maker troubleshooting,Exact,Campaign negative,Deep negative filter
SZ_Search_BayArea_ExactPhrase_2026,sub zero 601f troubleshooting,Exact,Campaign negative,Deep negative filter
SZ_Search_BayArea_ExactPhrase_2026,sub zero 601r price,Exact,Campaign negative,Deep negative filter
SZ_Search_BayArea_ExactPhrase_2026,sub zero 611 refrigerator troubleshooting,Exact,Campaign negative,Deep negative filter
SZ_Search_BayArea_ExactPhrase_2026,sub zero 632 dimensions,Exact,Campaign negative,Deep negative filter
SZ_Search_BayArea_ExactPhrase_2026,sub zero 632 door gasket part number,Exact,Campaign negative,Deep negative filter
SZ_Search_BayArea_ExactPhrase_2026,sub zero 632 ice maker drawer install,Exact,Campaign negative,Deep negative filter
SZ_Search_BayArea_ExactPhrase_2026,sub zero 632 ice maker troubleshooting,Exact,Campaign negative,Deep negative filter
SZ_Search_BayArea_ExactPhrase_2026,sub zero 632 refrigerator,Exact,Campaign negative,Deep negative filter
SZ_Search_BayArea_ExactPhrase_2026,sub zero 632 refrigerator door gasket,Exact,Campaign negative,Deep negative filter
SZ_Search_BayArea_ExactPhrase_2026,sub zero 642 door gasket part number,Exact,Campaign negative,Deep negative filter
SZ_Search_BayArea_ExactPhrase_2026,sub zero 642 ice maker troubleshooting,Exact,Campaign negative,Deep negative filter
SZ_Search_BayArea_ExactPhrase_2026,sub zero 650 price,Exact,Campaign negative,Deep negative filter
SZ_Search_BayArea_ExactPhrase_2026,sub zero 650 refrigerator,Exact,Campaign negative,Deep negative filter
SZ_Search_BayArea_ExactPhrase_2026,sub zero 680 ice maker troubleshooting,Exact,Campaign negative,Deep negative filter
SZ_Search_BayArea_ExactPhrase_2026,sub zero 685 price,Exact,Campaign negative,Deep negative filter
SZ_Search_BayArea_ExactPhrase_2026,sub zero 690 price,Exact,Campaign negative,Deep negative filter
SZ_Search_BayArea_ExactPhrase_2026,sub zero 690 refrigerator,Exact,Campaign negative,Deep negative filter
SZ_Search_BayArea_ExactPhrase_2026,sub zero 700tc for sale,Exact,Campaign negative,Deep negative filter
SZ_Search_BayArea_ExactPhrase_2026,sub zero 700tc price,Exact,Campaign negative,Deep negative filter
SZ_Search_BayArea_ExactPhrase_2026,sub zero 72 inch refrigerator,Exact,Campaign negative,Deep negative filter
SZ_Search_BayArea_ExactPhrase_2026,sub zero a c recharge,Exact,Campaign negative,Deep negative filter
SZ_Search_BayArea_ExactPhrase_2026,sub zero air purification cartridge,Exact,Campaign negative,Deep negative filter
SZ_Search_BayArea_ExactPhrase_2026,sub zero air purification cartridge 7007067,Exact,Campaign negative,Deep negative filter
SZ_Search_BayArea_ExactPhrase_2026,sub zero air purification cartridge 7042798,Exact,Campaign negative,Deep negative filter
SZ_Search_BayArea_ExactPhrase_2026,sub zero all refrigerator 36,Exact,Campaign negative,Deep negative filter
SZ_Search_BayArea_ExactPhrase_2026,sub zero and wolf,Exact,Campaign negative,Deep negative filter
SZ_Search_BayArea_ExactPhrase_2026,sub zero and wolf appliances,Exact,Campaign negative,Deep negative filter
SZ_Search_BayArea_ExactPhrase_2026,sub zero bar refrigerator,Exact,Campaign negative,Deep negative filter
SZ_Search_BayArea_ExactPhrase_2026,sub zero beverage center 24,Exact,Campaign negative,Deep negative filter
SZ_Search_BayArea_ExactPhrase_2026,sub zero beverage centre,Exact,Campaign negative,Deep negative filter
SZ_Search_BayArea_ExactPhrase_2026,sub zero beverage cooler,Exact,Campaign negative,Deep negative filter
SZ_Search_BayArea_ExactPhrase_2026,sub zero beverage drawers,Exact,Campaign negative,Deep negative filter
SZ_Search_BayArea_ExactPhrase_2026,sub zero beverage fridge,Exact,Campaign negative,Deep negative filter
SZ_Search_BayArea_ExactPhrase_2026,sub zero bottom freezer refrigerator,Exact,Campaign negative,Deep negative filter
SZ_Search_BayArea_ExactPhrase_2026,sub zero brand refrigerator,Exact,Campaign negative,Deep negative filter
SZ_Search_BayArea_ExactPhrase_2026,sub zero brand refrigerators,Exact,Campaign negative,Deep negative filter
SZ_Search_BayArea_ExactPhrase_2026,sub zero built in fridge,Exact,Campaign negative,Deep negative filter
SZ_Search_BayArea_ExactPhrase_2026,sub zero built in refrigerator,Exact,Campaign negative,Deep negative filter
SZ_Search_BayArea_ExactPhrase_2026,sub zero built in refrigerator 36,Exact,Campaign negative,Deep negative filter
SZ_Search_BayArea_ExactPhrase_2026,sub zero built in refrigerator 42,Exact,Campaign negative,Deep negative filter
SZ_Search_BayArea_ExactPhrase_2026,sub zero built in refrigerator 48,Exact,Campaign negative,Deep negative filter
SZ_Search_BayArea_ExactPhrase_2026,sub zero built in refrigerators,Exact,Campaign negative,Deep negative filter
SZ_Search_BayArea_ExactPhrase_2026,sub zero cabinet fridge,Exact,Campaign negative,Deep negative filter
SZ_Search_BayArea_ExactPhrase_2026,sub zero cabinet refrigerator,Exact,Campaign negative,Deep negative filter
SZ_Search_BayArea_ExactPhrase_2026,sub zero cartridge,Exact,Campaign negative,Deep negative filter
SZ_Search_BayArea_ExactPhrase_2026,sub zero classic refrigerator,Exact,Campaign negative,Deep negative filter
SZ_Search_BayArea_ExactPhrase_2026,sub zero classic series refrigerator,Exact,Campaign negative,Deep negative filter
SZ_Search_BayArea_ExactPhrase_2026,sub zero column fridge,Exact,Campaign negative,Deep negative filter
SZ_Search_BayArea_ExactPhrase_2026,sub zero column refrigerator,Exact,Campaign negative,Deep negative filter
SZ_Search_BayArea_ExactPhrase_2026,sub zero column refrigerator 30 inch,Exact,Campaign negative,Deep negative filter
SZ_Search_BayArea_ExactPhrase_2026,sub zero column refrigerator and freezer,Exact,Campaign negative,Deep negative filter
SZ_Search_BayArea_ExactPhrase_2026,sub zero commercial fridge,Exact,Campaign negative,Deep negative filter
SZ_Search_BayArea_ExactPhrase_2026,sub zero compact refrigerators,Exact,Campaign negative,Deep negative filter
SZ_Search_BayArea_ExactPhrase_2026,sub zero company,Exact,Campaign negative,Deep negative filter
SZ_Search_BayArea_ExactPhrase_2026,sub zero company headquarters,Exact,Campaign negative,Deep negative filter
SZ_Search_BayArea_ExactPhrase_2026,sub zero compressor price,Exact,Campaign negative,Deep negative filter
SZ_Search_BayArea_ExactPhrase_2026,sub zero compressor replacement cost,Exact,Campaign negative,Deep negative filter
SZ_Search_BayArea_ExactPhrase_2026,sub zero cove wolf,Exact,Campaign negative,Deep negative filter
SZ_Search_BayArea_ExactPhrase_2026,sub zero crisper drawer disassembly,Exact,Campaign negative,Deep negative filter
SZ_Search_BayArea_ExactPhrase_2026,sub zero custom fridge,Exact,Campaign negative,Deep negative filter
SZ_Search_BayArea_ExactPhrase_2026,sub zero dairy storage component,Exact,Campaign negative,Deep negative filter
SZ_Search_BayArea_ExactPhrase_2026,sub zero designer refrigerator,Exact,Campaign negative,Deep negative filter
SZ_Search_BayArea_ExactPhrase_2026,sub zero designer series refrigerator,Exact,Campaign negative,Deep negative filter
SZ_Search_BayArea_ExactPhrase_2026,sub zero drain tube clogged,Exact,Campaign negative,Deep negative filter
SZ_Search_BayArea_ExactPhrase_2026,sub zero drain tube replacement,Exact,Campaign negative,Deep negative filter
SZ_Search_BayArea_ExactPhrase_2026,sub zero dual refrigeration 650,Exact,Campaign negative,Deep negative filter
SZ_Search_BayArea_ExactPhrase_2026,sub zero flush install,Exact,Campaign negative,Deep negative filter
SZ_Search_BayArea_ExactPhrase_2026,sub zero freezer drain clogged,Exact,Campaign negative,Deep negative filter
SZ_Search_BayArea_ExactPhrase_2026,sub zero freezer for sale,Exact,Campaign negative,Deep negative filter
SZ_Search_BayArea_ExactPhrase_2026,sub zero freezer gasket replacement,Exact,Campaign negative,Deep negative filter
SZ_Search_BayArea_ExactPhrase_2026,sub zero freezer ice maker troubleshooting,Exact,Campaign negative,Deep negative filter
SZ_Search_BayArea_ExactPhrase_2026,sub zero freezer troubleshooting,Exact,Campaign negative,Deep negative filter
SZ_Search_BayArea_ExactPhrase_2026,sub zero french door fridge,Exact,Campaign negative,Deep negative filter
SZ_Search_BayArea_ExactPhrase_2026,sub zero french door refrigerator,Exact,Campaign negative,Deep negative filter
SZ_Search_BayArea_ExactPhrase_2026,sub zero french door refrigerator 36,Exact,Campaign negative,Deep negative filter
SZ_Search_BayArea_ExactPhrase_2026,sub zero french door refrigerator 42,Exact,Campaign negative,Deep negative filter
SZ_Search_BayArea_ExactPhrase_2026,sub zero fridge 30 inch,Exact,Campaign negative,Deep negative filter
SZ_Search_BayArea_ExactPhrase_2026,sub zero fridge 36,Exact,Campaign negative,Deep negative filter
SZ_Search_BayArea_ExactPhrase_2026,sub zero fridge 36 inch,Exact,Campaign negative,Deep negative filter
SZ_Search_BayArea_ExactPhrase_2026,sub zero fridge 48,Exact,Campaign negative,Deep negative filter
SZ_Search_BayArea_ExactPhrase_2026,sub zero fridge 501r,Exact,Campaign negative,Deep negative filter
SZ_Search_BayArea_ExactPhrase_2026,sub zero fridge 60 inch,Exact,Campaign negative,Deep negative filter
SZ_Search_BayArea_ExactPhrase_2026,sub zero fridge accessories,Exact,Campaign negative,Deep negative filter
SZ_Search_BayArea_ExactPhrase_2026,sub zero fridge air filter,Exact,Campaign negative,Deep negative filter
SZ_Search_BayArea_ExactPhrase_2026,sub zero fridge alarm,Exact,Campaign negative,Deep negative filter
SZ_Search_BayArea_ExactPhrase_2026,sub zero fridge and freezer,Exact,Campaign negative,Deep negative filter
SZ_Search_BayArea_ExactPhrase_2026,sub zero fridge and freezer combo,Exact,Campaign negative,Deep negative filter
SZ_Search_BayArea_ExactPhrase_2026,sub zero fridge built in,Exact,Campaign negative,Deep negative filter
SZ_Search_BayArea_ExactPhrase_2026,sub zero fridge cabinet front,Exact,Campaign negative,Deep negative filter
SZ_Search_BayArea_ExactPhrase_2026,sub zero fridge cost,Exact,Campaign negative,Deep negative filter
SZ_Search_BayArea_ExactPhrase_2026,sub zero fridge dimensions,Exact,Campaign negative,Deep negative filter
SZ_Search_BayArea_ExactPhrase_2026,sub zero fridge door handles,Exact,Campaign negative,Deep negative filter
SZ_Search_BayArea_ExactPhrase_2026,sub zero fridge door hard to open,Exact,Campaign negative,Deep negative filter
SZ_Search_BayArea_ExactPhrase_2026,sub zero fridge door seal,Exact,Campaign negative,Deep negative filter
SZ_Search_BayArea_ExactPhrase_2026,sub zero fridge drawers,Exact,Campaign negative,Deep negative filter
SZ_Search_BayArea_ExactPhrase_2026,sub zero fridge filter,Exact,Campaign negative,Deep negative filter
SZ_Search_BayArea_ExactPhrase_2026,sub zero fridge for sale,Exact,Campaign negative,Deep negative filter
SZ_Search_BayArea_ExactPhrase_2026,sub zero fridge freezer,Exact,Campaign negative,Deep negative filter
SZ_Search_BayArea_ExactPhrase_2026,sub zero fridge freezer and wine cooler,Exact,Campaign negative,Deep negative filter
SZ_Search_BayArea_ExactPhrase_2026,sub zero fridge glass door,Exact,Campaign negative,Deep negative filter
SZ_Search_BayArea_ExactPhrase_2026,sub zero fridge handle loose,Exact,Campaign negative,Deep negative filter
SZ_Search_BayArea_ExactPhrase_2026,sub zero fridge hard to open,Exact,Campaign negative,Deep negative filter
SZ_Search_BayArea_ExactPhrase_2026,sub zero fridge height,Exact,Campaign negative,Deep negative filter
SZ_Search_BayArea_ExactPhrase_2026,sub zero fridge ice build up,Exact,Campaign negative,Deep negative filter
SZ_Search_BayArea_ExactPhrase_2026,sub zero fridge install,Exact,Campaign negative,Deep negative filter
SZ_Search_BayArea_ExactPhrase_2026,sub zero fridge interior,Exact,Campaign negative,Deep negative filter
SZ_Search_BayArea_ExactPhrase_2026,sub zero fridge lo c,Exact,Campaign negative,Deep negative filter
SZ_Search_BayArea_ExactPhrase_2026,sub zero fridge manufacturer,Exact,Campaign negative,Deep negative filter
SZ_Search_BayArea_ExactPhrase_2026,sub zero fridge measurements,Exact,Campaign negative,Deep negative filter
SZ_Search_BayArea_ExactPhrase_2026,sub zero fridge near me,Exact,Campaign negative,Deep negative filter
SZ_Search_BayArea_ExactPhrase_2026,sub zero fridge panel ready,Exact,Campaign negative,Deep negative filter
SZ_Search_BayArea_ExactPhrase_2026,sub zero fridge price,Exact,Campaign negative,Deep negative filter
SZ_Search_BayArea_ExactPhrase_2026,sub zero fridge sale,Exact,Campaign negative,Deep negative filter
SZ_Search_BayArea_ExactPhrase_2026,sub zero fridge servicing,Exact,Campaign negative,Deep negative filter
SZ_Search_BayArea_ExactPhrase_2026,sub zero fridge sizes,Exact,Campaign negative,Deep negative filter
SZ_Search_BayArea_ExactPhrase_2026,sub zero fridge temperature,Exact,Campaign negative,Deep negative filter
SZ_Search_BayArea_ExactPhrase_2026,sub zero fridge troubleshooting,Exact,Campaign negative,Deep negative filter
SZ_Search_BayArea_ExactPhrase_2026,sub zero fridge usa,Exact,Campaign negative,Deep negative filter
SZ_Search_BayArea_ExactPhrase_2026,sub zero fridge water filter,Exact,Campaign negative,Deep negative filter
SZ_Search_BayArea_ExactPhrase_2026,sub zero fridge weight,Exact,Campaign negative,Deep negative filter
SZ_Search_BayArea_ExactPhrase_2026,sub zero fridge white,Exact,Campaign negative,Deep negative filter
SZ_Search_BayArea_ExactPhrase_2026,sub zero fridge wine,Exact,Campaign negative,Deep negative filter
SZ_Search_BayArea_ExactPhrase_2026,sub zero fridge with water dispenser,Exact,Campaign negative,Deep negative filter
SZ_Search_BayArea_ExactPhrase_2026,sub zero fridges,Exact,Campaign negative,Deep negative filter
SZ_Search_BayArea_ExactPhrase_2026,sub zero glass door fridge,Exact,Campaign negative,Deep negative filter
SZ_Search_BayArea_ExactPhrase_2026,sub zero glass door refrigerator 36,Exact,Campaign negative,Deep negative filter
SZ_Search_BayArea_ExactPhrase_2026,sub zero glass refrigerator,Exact,Campaign negative,Deep negative filter
SZ_Search_BayArea_ExactPhrase_2026,sub zero handles for refrigerator,Exact,Campaign negative,Deep negative filter
SZ_Search_BayArea_ExactPhrase_2026,sub zero home depot,Exact,Campaign negative,Deep negative filter
SZ_Search_BayArea_ExactPhrase_2026,sub zero ice buildup in refrigerator,Exact,Campaign negative,Deep negative filter
SZ_Search_BayArea_ExactPhrase_2026,sub zero ice maker troubleshooting,Exact,Campaign negative,Deep negative filter
SZ_Search_BayArea_ExactPhrase_2026,sub zero industrial refrigeration,Exact,Campaign negative,Deep negative filter
SZ_Search_BayArea_ExactPhrase_2026,sub zero install,Exact,Campaign negative,Deep negative filter
SZ_Search_BayArea_ExactPhrase_2026,sub zero integrated fridge,Exact,Campaign negative,Deep negative filter
SZ_Search_BayArea_ExactPhrase_2026,sub zero integrated refrigerator,Exact,Campaign negative,Deep negative filter
SZ_Search_BayArea_ExactPhrase_2026,sub zero kitchen,Exact,Campaign negative,Deep negative filter
SZ_Search_BayArea_ExactPhrase_2026,sub zero kitchen appliance,Exact,Campaign negative,Deep negative filter
SZ_Search_BayArea_ExactPhrase_2026,sub zero kitchen appliances,Exact,Campaign negative,Deep negative filter
SZ_Search_BayArea_ExactPhrase_2026,sub zero los angeles,Exact,Campaign negative,Deep negative filter
SZ_Search_BayArea_ExactPhrase_2026,sub zero mini fridge,Exact,Campaign negative,Deep negative filter
SZ_Search_BayArea_ExactPhrase_2026,sub zero model 427 price,Exact,Campaign negative,Deep negative filter
SZ_Search_BayArea_ExactPhrase_2026,sub zero model 561 dimensions,Exact,Campaign negative,Deep negative filter
SZ_Search_BayArea_ExactPhrase_2026,sub zero model 561 for sale,Exact,Campaign negative,Deep negative filter
SZ_Search_BayArea_ExactPhrase_2026,sub zero orange county ca,Exact,Campaign negative,Deep negative filter
SZ_Search_BayArea_ExactPhrase_2026,sub zero panel fridge,Exact,Campaign negative,Deep negative filter
SZ_Search_BayArea_ExactPhrase_2026,sub zero panel kit,Exact,Campaign negative,Deep negative filter
SZ_Search_BayArea_ExactPhrase_2026,sub zero panel ready fridge,Exact,Campaign negative,Deep negative filter
SZ_Search_BayArea_ExactPhrase_2026,sub zero panel refrigerator,Exact,Campaign negative,Deep negative filter
SZ_Search_BayArea_ExactPhrase_2026,sub zero price,Exact,Campaign negative,Deep negative filter
SZ_Search_BayArea_ExactPhrase_2026,sub zero prices,Exact,Campaign negative,Deep negative filter
SZ_Search_BayArea_ExactPhrase_2026,sub zero prices refrigerator,Exact,Campaign negative,Deep negative filter
SZ_Search_BayArea_ExactPhrase_2026,sub zero pro 48 glass door refrigerator,Exact,Campaign negative,Deep negative filter
SZ_Search_BayArea_ExactPhrase_2026,sub zero pro 48 refrigerator,Exact,Campaign negative,Deep negative filter
SZ_Search_BayArea_ExactPhrase_2026,sub zero pro 4850 price,Exact,Campaign negative,Deep negative filter
SZ_Search_BayArea_ExactPhrase_2026,sub zero pro refrigerator,Exact,Campaign negative,Deep negative filter
SZ_Search_BayArea_ExactPhrase_2026,sub zero recharge,Exact,Campaign negative,Deep negative filter
SZ_Search_BayArea_ExactPhrase_2026,sub zero refrigerador,Exact,Campaign negative,Deep negative filter
SZ_Search_BayArea_ExactPhrase_2026,sub zero refrigerador precio,Exact,Campaign negative,Deep negative filter
SZ_Search_BayArea_ExactPhrase_2026,sub zero refrigerant,Exact,Campaign negative,Deep negative filter
SZ_Search_BayArea_ExactPhrase_2026,sub zero refrigeration,Exact,Campaign negative,Deep negative filter
SZ_Search_BayArea_ExactPhrase_2026,sub zero refrigeration system 532,Exact,Campaign negative,Deep negative filter
SZ_Search_BayArea_ExactPhrase_2026,sub zero refrigeration system 561,Exact,Campaign negative,Deep negative filter
SZ_Search_BayArea_ExactPhrase_2026,sub zero refrigerator,Exact,Campaign negative,Deep negative filter
SZ_Search_BayArea_ExactPhrase_2026,sub zero refrigerator 36,Exact,Campaign negative,Deep negative filter
SZ_Search_BayArea_ExactPhrase_2026,sub zero refrigerator 36 inch,Exact,Campaign negative,Deep negative filter
SZ_Search_BayArea_ExactPhrase_2026,sub zero refrigerator 36 inch french door panel ready,Exact,Campaign negative,Deep negative filter
SZ_Search_BayArea_ExactPhrase_2026,sub zero refrigerator 36 inch side by side,Exact,Campaign negative,Deep negative filter
SZ_Search_BayArea_ExactPhrase_2026,sub zero refrigerator 42 inch,Exact,Campaign negative,Deep negative filter
SZ_Search_BayArea_ExactPhrase_2026,sub zero refrigerator 42 inch french door,Exact,Campaign negative,Deep negative filter
SZ_Search_BayArea_ExactPhrase_2026,sub zero refrigerator 48,Exact,Campaign negative,Deep negative filter
SZ_Search_BayArea_ExactPhrase_2026,sub zero refrigerator 48 inch,Exact,Campaign negative,Deep negative filter
SZ_Search_BayArea_ExactPhrase_2026,sub zero refrigerator 600 series,Exact,Campaign negative,Deep negative filter
SZ_Search_BayArea_ExactPhrase_2026,sub zero refrigerator 632,Exact,Campaign negative,Deep negative filter
SZ_Search_BayArea_ExactPhrase_2026,sub zero refrigerator air filter,Exact,Campaign negative,Deep negative filter
SZ_Search_BayArea_ExactPhrase_2026,sub zero refrigerator air purification cartridge,Exact,Campaign negative,Deep negative filter
SZ_Search_BayArea_ExactPhrase_2026,sub zero refrigerator alarm,Exact,Campaign negative,Deep negative filter
SZ_Search_BayArea_ExactPhrase_2026,sub zero refrigerator and freezer,Exact,Campaign negative,Deep negative filter
SZ_Search_BayArea_ExactPhrase_2026,sub zero refrigerator bi 36u o,Exact,Campaign negative,Deep negative filter
SZ_Search_BayArea_ExactPhrase_2026,sub zero refrigerator bottom freezer,Exact,Campaign negative,Deep negative filter
SZ_Search_BayArea_ExactPhrase_2026,sub zero refrigerator codes,Exact,Campaign negative,Deep negative filter
SZ_Search_BayArea_ExactPhrase_2026,sub zero refrigerator cost,Exact,Campaign negative,Deep negative filter
SZ_Search_BayArea_ExactPhrase_2026,sub zero refrigerator custom panel,Exact,Campaign negative,Deep negative filter
SZ_Search_BayArea_ExactPhrase_2026,sub zero refrigerator dimensions,Exact,Campaign negative,Deep negative filter
SZ_Search_BayArea_ExactPhrase_2026,sub zero refrigerator door handle loose,Exact,Campaign negative,Deep negative filter
SZ_Search_BayArea_ExactPhrase_2026,sub zero refrigerator door handles,Exact,Campaign negative,Deep negative filter
SZ_Search_BayArea_ExactPhrase_2026,sub zero refrigerator door seal,Exact,Campaign negative,Deep negative filter
SZ_Search_BayArea_ExactPhrase_2026,sub zero refrigerator door shelf,Exact,Campaign negative,Deep negative filter
SZ_Search_BayArea_ExactPhrase_2026,sub zero refrigerator door suction,Exact,Campaign negative,Deep negative filter
SZ_Search_BayArea_ExactPhrase_2026,sub zero refrigerator doors,Exact,Campaign negative,Deep negative filter
SZ_Search_BayArea_ExactPhrase_2026,sub zero refrigerator drain tube clogged,Exact,Campaign negative,Deep negative filter
SZ_Search_BayArea_ExactPhrase_2026,sub zero refrigerator drawers,Exact,Campaign negative,Deep negative filter
SZ_Search_BayArea_ExactPhrase_2026,sub zero refrigerator dripping water,Exact,Campaign negative,Deep negative filter
SZ_Search_BayArea_ExactPhrase_2026,sub zero refrigerator filter,Exact,Campaign negative,Deep negative filter
SZ_Search_BayArea_ExactPhrase_2026,sub zero refrigerator filters,Exact,Campaign negative,Deep negative filter
SZ_Search_BayArea_ExactPhrase_2026,sub zero refrigerator for sale,Exact,Campaign negative,Deep negative filter
SZ_Search_BayArea_ExactPhrase_2026,sub zero refrigerator for sale near me,Exact,Campaign negative,Deep negative filter
SZ_Search_BayArea_ExactPhrase_2026,sub zero refrigerator freezer combo,Exact,Campaign negative,Deep negative filter
SZ_Search_BayArea_ExactPhrase_2026,sub zero refrigerator freezer on bottom,Exact,Campaign negative,Deep negative filter
SZ_Search_BayArea_ExactPhrase_2026,sub zero refrigerator freezers,Exact,Campaign negative,Deep negative filter
SZ_Search_BayArea_ExactPhrase_2026,sub zero refrigerator freezing up,Exact,Campaign negative,Deep negative filter
SZ_Search_BayArea_ExactPhrase_2026,sub zero refrigerator freon charge,Exact,Campaign negative,Deep negative filter
SZ_Search_BayArea_ExactPhrase_2026,sub zero refrigerator front panels,Exact,Campaign negative,Deep negative filter
SZ_Search_BayArea_ExactPhrase_2026,sub zero refrigerator frost back wall,Exact,Campaign negative,Deep negative filter
SZ_Search_BayArea_ExactPhrase_2026,sub zero refrigerator gasket,Exact,Campaign negative,Deep negative filter
SZ_Search_BayArea_ExactPhrase_2026,sub zero refrigerator handles,Exact,Campaign negative,Deep negative filter
SZ_Search_BayArea_ExactPhrase_2026,sub zero refrigerator height,Exact,Campaign negative,Deep negative filter
SZ_Search_BayArea_ExactPhrase_2026,sub zero refrigerator hot to touch,Exact,Campaign negative,Deep negative filter
SZ_Search_BayArea_ExactPhrase_2026,sub zero refrigerator ice build up,Exact,Campaign negative,Deep negative filter
SZ_Search_BayArea_ExactPhrase_2026,sub zero refrigerator ice on back wall,Exact,Campaign negative,Deep negative filter
SZ_Search_BayArea_ExactPhrase_2026,sub zero refrigerator icing up inside,Exact,Campaign negative,Deep negative filter
SZ_Search_BayArea_ExactPhrase_2026,sub zero refrigerator indicator lights,Exact,Campaign negative,Deep negative filter
SZ_Search_BayArea_ExactPhrase_2026,sub zero refrigerator light,Exact,Campaign negative,Deep negative filter
SZ_Search_BayArea_ExactPhrase_2026,sub zero refrigerator light bulb,Exact,Campaign negative,Deep negative filter
SZ_Search_BayArea_ExactPhrase_2026,sub zero refrigerator light bulbs,Exact,Campaign negative,Deep negative filter
SZ_Search_BayArea_ExactPhrase_2026,sub zero refrigerator light bulbs home depot,Exact,Campaign negative,Deep negative filter
SZ_Search_BayArea_ExactPhrase_2026,sub zero refrigerator model 561,Exact,Campaign negative,Deep negative filter
SZ_Search_BayArea_ExactPhrase_2026,sub zero refrigerator models,Exact,Campaign negative,Deep negative filter
SZ_Search_BayArea_ExactPhrase_2026,sub zero refrigerator near me,Exact,Campaign negative,Deep negative filter
SZ_Search_BayArea_ExactPhrase_2026,sub zero refrigerator new,Exact,Campaign negative,Deep negative filter
SZ_Search_BayArea_ExactPhrase_2026,sub zero refrigerator organization,Exact,Campaign negative,Deep negative filter
SZ_Search_BayArea_ExactPhrase_2026,sub zero refrigerator panel ready,Exact,Campaign negative,Deep negative filter
SZ_Search_BayArea_ExactPhrase_2026,sub zero refrigerator phone number,Exact,Campaign negative,Deep negative filter
SZ_Search_BayArea_ExactPhrase_2026,sub zero refrigerator power consumption,Exact,Campaign negative,Deep negative filter
SZ_Search_BayArea_ExactPhrase_2026,sub zero refrigerator precio,Exact,Campaign negative,Deep negative filter
SZ_Search_BayArea_ExactPhrase_2026,sub zero refrigerator price,Exact,Campaign negative,Deep negative filter
SZ_Search_BayArea_ExactPhrase_2026,sub zero refrigerator prices,Exact,Campaign negative,Deep negative filter
SZ_Search_BayArea_ExactPhrase_2026,sub zero refrigerator prices 36,Exact,Campaign negative,Deep negative filter
SZ_Search_BayArea_ExactPhrase_2026,sub zero refrigerator prices 42,Exact,Campaign negative,Deep negative filter
SZ_Search_BayArea_ExactPhrase_2026,sub zero refrigerator prices 48,Exact,Campaign negative,Deep negative filter
SZ_Search_BayArea_ExactPhrase_2026,sub zero refrigerator pricing,Exact,Campaign negative,Deep negative filter
SZ_Search_BayArea_ExactPhrase_2026,sub zero refrigerator red key light,Exact,Campaign negative,Deep negative filter
SZ_Search_BayArea_ExactPhrase_2026,sub zero refrigerator repair near me,Exact,Campaign negative,Deep negative filter
SZ_Search_BayArea_ExactPhrase_2026,sub zero refrigerator runs continuously,Exact,Campaign negative,Deep negative filter
SZ_Search_BayArea_ExactPhrase_2026,sub zero refrigerator san diego,Exact,Campaign negative,Deep negative filter
SZ_Search_BayArea_ExactPhrase_2026,sub zero refrigerator seal,Exact,Campaign negative,Deep negative filter
SZ_Search_BayArea_ExactPhrase_2026,sub zero refrigerator shelves,Exact,Campaign negative,Deep negative filter
SZ_Search_BayArea_ExactPhrase_2026,sub zero refrigerator sizes,Exact,Campaign negative,Deep negative filter
SZ_Search_BayArea_ExactPhrase_2026,sub zero refrigerator specs,Exact,Campaign negative,Deep negative filter
SZ_Search_BayArea_ExactPhrase_2026,sub zero refrigerator surge protector,Exact,Campaign negative,Deep negative filter
SZ_Search_BayArea_ExactPhrase_2026,sub zero refrigerator symbols,Exact,Campaign negative,Deep negative filter
SZ_Search_BayArea_ExactPhrase_2026,sub zero refrigerator temperature,Exact,Campaign negative,Deep negative filter
SZ_Search_BayArea_ExactPhrase_2026,sub zero refrigerator temperature sensor,Exact,Campaign negative,Deep negative filter
SZ_Search_BayArea_ExactPhrase_2026,sub zero refrigerator temperature setting,Exact,Campaign negative,Deep negative filter
SZ_Search_BayArea_ExactPhrase_2026,sub zero refrigerator tripping breaker,Exact,Campaign negative,Deep negative filter
SZ_Search_BayArea_ExactPhrase_2026,sub zero refrigerator troubleshooting,Exact,Campaign negative,Deep negative filter
SZ_Search_BayArea_ExactPhrase_2026,sub zero refrigerator troubleshooting codes,Exact,Campaign negative,Deep negative filter
SZ_Search_BayArea_ExactPhrase_2026,sub zero refrigerator water filter,Exact,Campaign negative,Deep negative filter
SZ_Search_BayArea_ExactPhrase_2026,sub zero refrigerator water line,Exact,Campaign negative,Deep negative filter
SZ_Search_BayArea_ExactPhrase_2026,sub zero refrigerator website,Exact,Campaign negative,Deep negative filter
SZ_Search_BayArea_ExactPhrase_2026,sub zero refrigerator with glass door,Exact,Campaign negative,Deep negative filter
SZ_Search_BayArea_ExactPhrase_2026,sub zero refrigerator with ice maker,Exact,Campaign negative,Deep negative filter
SZ_Search_BayArea_ExactPhrase_2026,sub zero refrigerator with water dispenser,Exact,Campaign negative,Deep negative filter
SZ_Search_BayArea_ExactPhrase_2026,sub zero refrigerator wood panel,Exact,Campaign negative,Deep negative filter
SZ_Search_BayArea_ExactPhrase_2026,sub zero refrigerator wrench flashing,Exact,Campaign negative,Deep negative filter
SZ_Search_BayArea_ExactPhrase_2026,sub zero refrigerator wrench symbol,Exact,Campaign negative,Deep negative filter
SZ_Search_BayArea_ExactPhrase_2026,sub zero refrigerators for sale,Exact,Campaign negative,Deep negative filter
SZ_Search_BayArea_ExactPhrase_2026,sub zero refrigerators near me,Exact,Campaign negative,Deep negative filter
SZ_Search_BayArea_ExactPhrase_2026,sub zero refrigerators prices,Exact,Campaign negative,Deep negative filter
SZ_Search_BayArea_ExactPhrase_2026,sub zero see through refrigerator,Exact,Campaign negative,Deep negative filter
SZ_Search_BayArea_ExactPhrase_2026,sub zero showrooms,Exact,Campaign negative,Deep negative filter
SZ_Search_BayArea_ExactPhrase_2026,sub zero side by side fridge and freezer,Exact,Campaign negative,Deep negative filter
SZ_Search_BayArea_ExactPhrase_2026,sub zero side by side fridge freezer,Exact,Campaign negative,Deep negative filter
SZ_Search_BayArea_ExactPhrase_2026,sub zero side by side refrigerator,Exact,Campaign negative,Deep negative filter
SZ_Search_BayArea_ExactPhrase_2026,sub zero single door fridge,Exact,Campaign negative,Deep negative filter
SZ_Search_BayArea_ExactPhrase_2026,sub zero size refrigerator,Exact,Campaign negative,Deep negative filter
SZ_Search_BayArea_ExactPhrase_2026,sub zero specs refrigerator,Exact,Campaign negative,Deep negative filter
SZ_Search_BayArea_ExactPhrase_2026,sub zero troubleshooting,Exact,Campaign negative,Deep negative filter
SZ_Search_BayArea_ExactPhrase_2026,sub zero two door refrigerator,Exact,Campaign negative,Deep negative filter
SZ_Search_BayArea_ExactPhrase_2026,sub zero under counter fridge,Exact,Campaign negative,Deep negative filter
SZ_Search_BayArea_ExactPhrase_2026,sub zero under counter wine fridge,Exact,Campaign negative,Deep negative filter
SZ_Search_BayArea_ExactPhrase_2026,sub zero undercounter beverage center,Exact,Campaign negative,Deep negative filter
SZ_Search_BayArea_ExactPhrase_2026,sub zero undercounter fridge,Exact,Campaign negative,Deep negative filter
SZ_Search_BayArea_ExactPhrase_2026,sub zero undercounter refrigerator,Exact,Campaign negative,Deep negative filter
SZ_Search_BayArea_ExactPhrase_2026,sub zero undercounter refrigerator freezer,Exact,Campaign negative,Deep negative filter
SZ_Search_BayArea_ExactPhrase_2026,sub zero undercounter wine fridge,Exact,Campaign negative,Deep negative filter
SZ_Search_BayArea_ExactPhrase_2026,sub zero viking,Exact,Campaign negative,Deep negative filter
SZ_Search_BayArea_ExactPhrase_2026,sub zero water filter cartridge,Exact,Campaign negative,Deep negative filter
SZ_Search_BayArea_ExactPhrase_2026,sub zero wine cooler with refrigerator drawers,Exact,Campaign negative,Deep negative filter
SZ_Search_BayArea_ExactPhrase_2026,sub zero wine fridge,Exact,Campaign negative,Deep negative filter
SZ_Search_BayArea_ExactPhrase_2026,sub zero wine fridge 24,Exact,Campaign negative,Deep negative filter
SZ_Search_BayArea_ExactPhrase_2026,sub zero wine fridge 424,Exact,Campaign negative,Deep negative filter
SZ_Search_BayArea_ExactPhrase_2026,sub zero wine fridge accessories,Exact,Campaign negative,Deep negative filter
SZ_Search_BayArea_ExactPhrase_2026,sub zero wine fridge panel ready,Exact,Campaign negative,Deep negative filter
SZ_Search_BayArea_ExactPhrase_2026,sub zero wine fridge price,Exact,Campaign negative,Deep negative filter
SZ_Search_BayArea_ExactPhrase_2026,sub zero wine refrigerator,Exact,Campaign negative,Deep negative filter
SZ_Search_BayArea_ExactPhrase_2026,sub zero wine refrigerator 24,Exact,Campaign negative,Deep negative filter
SZ_Search_BayArea_ExactPhrase_2026,sub zero wine refrigerators,Exact,Campaign negative,Deep negative filter
SZ_Search_BayArea_ExactPhrase_2026,sub zero wine storage,Exact,Campaign negative,Deep negative filter
SZ_Search_BayArea_ExactPhrase_2026,sub zero wolf,Exact,Campaign negative,Deep negative filter
SZ_Search_BayArea_ExactPhrase_2026,sub zero wolf & cove,Exact,Campaign negative,Deep negative filter
SZ_Search_BayArea_ExactPhrase_2026,sub zero wolf and cove,Exact,Campaign negative,Deep negative filter
SZ_Search_BayArea_ExactPhrase_2026,sub zero wolf appliances,Exact,Campaign negative,Deep negative filter
SZ_Search_BayArea_ExactPhrase_2026,sub zero wolf appliances near me,Exact,Campaign negative,Deep negative filter
SZ_Search_BayArea_ExactPhrase_2026,sub zero wolf com,Exact,Campaign negative,Deep negative filter
SZ_Search_BayArea_ExactPhrase_2026,sub zero wolf com connect,Exact,Campaign negative,Deep negative filter
SZ_Search_BayArea_ExactPhrase_2026,sub zero wolf connect,Exact,Campaign negative,Deep negative filter
SZ_Search_BayArea_ExactPhrase_2026,sub zero wolf costa mesa,Exact,Campaign negative,Deep negative filter
SZ_Search_BayArea_ExactPhrase_2026,sub zero wolf cove,Exact,Campaign negative,Deep negative filter
SZ_Search_BayArea_ExactPhrase_2026,sub zero wolf distributors,Exact,Campaign negative,Deep negative filter
SZ_Search_BayArea_ExactPhrase_2026,sub zero wolf freezer,Exact,Campaign negative,Deep negative filter
SZ_Search_BayArea_ExactPhrase_2026,sub zero wolf fridge,Exact,Campaign negative,Deep negative filter
SZ_Search_BayArea_ExactPhrase_2026,sub zero wolf hawaii,Exact,Campaign negative,Deep negative filter
SZ_Search_BayArea_ExactPhrase_2026,sub zero wolf near me,Exact,Campaign negative,Deep negative filter
SZ_Search_BayArea_ExactPhrase_2026,sub zero wolf phone number,Exact,Campaign negative,Deep negative filter
SZ_Search_BayArea_ExactPhrase_2026,sub zero wolf promotions,Exact,Campaign negative,Deep negative filter
SZ_Search_BayArea_ExactPhrase_2026,sub zero wolf promotions 360incentives com,Exact,Campaign negative,Deep negative filter
SZ_Search_BayArea_ExactPhrase_2026,sub zero wolf range,Exact,Campaign negative,Deep negative filter
SZ_Search_BayArea_ExactPhrase_2026,sub zero wolf refrigerator,Exact,Campaign negative,Deep negative filter
SZ_Search_BayArea_ExactPhrase_2026,sub zero wolf reveal,Exact,Campaign negative,Deep negative filter
SZ_Search_BayArea_ExactPhrase_2026,sub zero wolf training,Exact,Campaign negative,Deep negative filter
SZ_Search_BayArea_ExactPhrase_2026,sub zero wolf usa,Exact,Campaign negative,Deep negative filter
SZ_Search_BayArea_ExactPhrase_2026,sub zero wolf water filter,Exact,Campaign negative,Deep negative filter
SZ_Search_BayArea_ExactPhrase_2026,sub zero wolf website,Exact,Campaign negative,Deep negative filter
SZ_Search_BayArea_ExactPhrase_2026,subzero 24 inch refrigerator,Exact,Campaign negative,Deep negative filter
SZ_Search_BayArea_ExactPhrase_2026,subzero 27 inch refrigerator,Exact,Campaign negative,Deep negative filter
SZ_Search_BayArea_ExactPhrase_2026,subzero 30 column fridge,Exact,Campaign negative,Deep negative filter
SZ_Search_BayArea_ExactPhrase_2026,subzero 30 fridge,Exact,Campaign negative,Deep negative filter
SZ_Search_BayArea_ExactPhrase_2026,subzero 30 inch refrigerator,Exact,Campaign negative,Deep negative filter
SZ_Search_BayArea_ExactPhrase_2026,subzero 36 inch refrigerator,Exact,Campaign negative,Deep negative filter
SZ_Search_BayArea_ExactPhrase_2026,subzero 36 inch refrigerator freezer,Exact,Campaign negative,Deep negative filter
SZ_Search_BayArea_ExactPhrase_2026,subzero 36 inch side by side,Exact,Campaign negative,Deep negative filter
SZ_Search_BayArea_ExactPhrase_2026,subzero 42 inch,Exact,Campaign negative,Deep negative filter
SZ_Search_BayArea_ExactPhrase_2026,subzero 42 inch french door refrigerator,Exact,Campaign negative,Deep negative filter
SZ_Search_BayArea_ExactPhrase_2026,subzero 42 inch fridge,Exact,Campaign negative,Deep negative filter
SZ_Search_BayArea_ExactPhrase_2026,subzero 42 refrigerators,Exact,Campaign negative,Deep negative filter
SZ_Search_BayArea_ExactPhrase_2026,subzero 48 inch built in refrigerator,Exact,Campaign negative,Deep negative filter
SZ_Search_BayArea_ExactPhrase_2026,subzero 48 inch french door,Exact,Campaign negative,Deep negative filter
SZ_Search_BayArea_ExactPhrase_2026,subzero 48 inch fridge,Exact,Campaign negative,Deep negative filter
SZ_Search_BayArea_ExactPhrase_2026,subzero 48 inch refrigerator,Exact,Campaign negative,Deep negative filter
SZ_Search_BayArea_ExactPhrase_2026,subzero 48 refrigerator,Exact,Campaign negative,Deep negative filter
SZ_Search_BayArea_ExactPhrase_2026,subzero 532 dimensions,Exact,Campaign negative,Deep negative filter
SZ_Search_BayArea_ExactPhrase_2026,subzero 60 inch refrigerator,Exact,Campaign negative,Deep negative filter
SZ_Search_BayArea_ExactPhrase_2026,subzero 632 refrigerator,Exact,Campaign negative,Deep negative filter
SZ_Search_BayArea_ExactPhrase_2026,subzero 650 refrigerator,Exact,Campaign negative,Deep negative filter
SZ_Search_BayArea_ExactPhrase_2026,subzero 695 price,Exact,Campaign negative,Deep negative filter
SZ_Search_BayArea_ExactPhrase_2026,subzero air purification cartridge,Exact,Campaign negative,Deep negative filter
SZ_Search_BayArea_ExactPhrase_2026,subzero air purification cartridge 7042798,Exact,Campaign negative,Deep negative filter
SZ_Search_BayArea_ExactPhrase_2026,subzero and wolf,Exact,Campaign negative,Deep negative filter
SZ_Search_BayArea_ExactPhrase_2026,subzero and wolf appliances,Exact,Campaign negative,Deep negative filter
SZ_Search_BayArea_ExactPhrase_2026,subzero beer fridge,Exact,Campaign negative,Deep negative filter
SZ_Search_BayArea_ExactPhrase_2026,subzero beverage center,Exact,Campaign negative,Deep negative filter
SZ_Search_BayArea_ExactPhrase_2026,subzero beverage fridge,Exact,Campaign negative,Deep negative filter
SZ_Search_BayArea_ExactPhrase_2026,subzero built in refrigerator,Exact,Campaign negative,Deep negative filter
SZ_Search_BayArea_ExactPhrase_2026,subzero built in refrigerator 36,Exact,Campaign negative,Deep negative filter
SZ_Search_BayArea_ExactPhrase_2026,subzero built in refrigerator 42,Exact,Campaign negative,Deep negative filter
SZ_Search_BayArea_ExactPhrase_2026,subzero built in refrigerator 48,Exact,Campaign negative,Deep negative filter
SZ_Search_BayArea_ExactPhrase_2026,subzero cabinet fridge,Exact,Campaign negative,Deep negative filter
SZ_Search_BayArea_ExactPhrase_2026,subzero certified installer,Exact,Campaign negative,Deep negative filter
SZ_Search_BayArea_ExactPhrase_2026,subzero classic refrigerator,Exact,Campaign negative,Deep negative filter
SZ_Search_BayArea_ExactPhrase_2026,subzero column fridge,Exact,Campaign negative,Deep negative filter
SZ_Search_BayArea_ExactPhrase_2026,subzero column refrigerator,Exact,Campaign negative,Deep negative filter
SZ_Search_BayArea_ExactPhrase_2026,subzero column refrigerators,Exact,Campaign negative,Deep negative filter
SZ_Search_BayArea_ExactPhrase_2026,subzero company,Exact,Campaign negative,Deep negative filter
SZ_Search_BayArea_ExactPhrase_2026,subzero designer 36 refrigerator,Exact,Campaign negative,Deep negative filter
SZ_Search_BayArea_ExactPhrase_2026,subzero double door fridge,Exact,Campaign negative,Deep negative filter
SZ_Search_BayArea_ExactPhrase_2026,subzero double door refrigerator,Exact,Campaign negative,Deep negative filter
SZ_Search_BayArea_ExactPhrase_2026,subzero drink fridge,Exact,Campaign negative,Deep negative filter
SZ_Search_BayArea_ExactPhrase_2026,subzero freestanding fridge,Exact,Campaign negative,Deep negative filter
SZ_Search_BayArea_ExactPhrase_2026,subzero freezerless refrigerator,Exact,Campaign negative,Deep negative filter
SZ_Search_BayArea_ExactPhrase_2026,subzero french door fridge,Exact,Campaign negative,Deep negative filter
SZ_Search_BayArea_ExactPhrase_2026,subzero french door refrigerator,Exact,Campaign negative,Deep negative filter
SZ_Search_BayArea_ExactPhrase_2026,subzero fridge cost,Exact,Campaign negative,Deep negative filter
SZ_Search_BayArea_ExactPhrase_2026,subzero fridge dimensions,Exact,Campaign negative,Deep negative filter
SZ_Search_BayArea_ExactPhrase_2026,subzero fridge freezer,Exact,Campaign negative,Deep negative filter
SZ_Search_BayArea_ExactPhrase_2026,subzero fridge freezer combo,Exact,Campaign negative,Deep negative filter
SZ_Search_BayArea_ExactPhrase_2026,subzero fridge height,Exact,Campaign negative,Deep negative filter
SZ_Search_BayArea_ExactPhrase_2026,subzero fridge light bulb,Exact,Campaign negative,Deep negative filter
SZ_Search_BayArea_ExactPhrase_2026,subzero fridge models,Exact,Campaign negative,Deep negative filter
SZ_Search_BayArea_ExactPhrase_2026,subzero fridge sizes,Exact,Campaign negative,Deep negative filter
SZ_Search_BayArea_ExactPhrase_2026,subzero fridge temperature,Exact,Campaign negative,Deep negative filter
SZ_Search_BayArea_ExactPhrase_2026,subzero fridge width,Exact,Campaign negative,Deep negative filter
SZ_Search_BayArea_ExactPhrase_2026,subzero frigidaire,Exact,Campaign negative,Deep negative filter
SZ_Search_BayArea_ExactPhrase_2026,subzero glass door refrigerator,Exact,Campaign negative,Deep negative filter
SZ_Search_BayArea_ExactPhrase_2026,subzero ice maker troubleshooting,Exact,Campaign negative,Deep negative filter
SZ_Search_BayArea_ExactPhrase_2026,subzero induction range,Exact,Campaign negative,Deep negative filter
SZ_Search_BayArea_ExactPhrase_2026,subzero integrated fridge,Exact,Campaign negative,Deep negative filter
SZ_Search_BayArea_ExactPhrase_2026,subzero integrated refrigerator,Exact,Campaign negative,Deep negative filter
SZ_Search_BayArea_ExactPhrase_2026,subzero kitchen,Exact,Campaign negative,Deep negative filter
SZ_Search_BayArea_ExactPhrase_2026,subzero kitchen appliances,Exact,Campaign negative,Deep negative filter
SZ_Search_BayArea_ExactPhrase_2026,subzero los angeles,Exact,Campaign negative,Deep negative filter
SZ_Search_BayArea_ExactPhrase_2026,subzero mini fridge,Exact,Campaign negative,Deep negative filter
SZ_Search_BayArea_ExactPhrase_2026,subzero packages,Exact,Campaign negative,Deep negative filter
SZ_Search_BayArea_ExactPhrase_2026,subzero panel ready fridge,Exact,Campaign negative,Deep negative filter
SZ_Search_BayArea_ExactPhrase_2026,subzero panel ready refrigerator,Exact,Campaign negative,Deep negative filter
SZ_Search_BayArea_ExactPhrase_2026,subzero panel refrigerator,Exact,Campaign negative,Deep negative filter
SZ_Search_BayArea_ExactPhrase_2026,subzero refrigerador,Exact,Campaign negative,Deep negative filter
SZ_Search_BayArea_ExactPhrase_2026,subzero refrigeration,Exact,Campaign negative,Deep negative filter
SZ_Search_BayArea_ExactPhrase_2026,subzero refrigerator,Exact,Campaign negative,Deep negative filter
SZ_Search_BayArea_ExactPhrase_2026,subzero refrigerator 36,Exact,Campaign negative,Deep negative filter
SZ_Search_BayArea_ExactPhrase_2026,subzero refrigerator 36 inch,Exact,Campaign negative,Deep negative filter
SZ_Search_BayArea_ExactPhrase_2026,subzero refrigerator 42 inch,Exact,Campaign negative,Deep negative filter
SZ_Search_BayArea_ExactPhrase_2026,subzero refrigerator 48,Exact,Campaign negative,Deep negative filter
SZ_Search_BayArea_ExactPhrase_2026,subzero refrigerator accessories,Exact,Campaign negative,Deep negative filter
SZ_Search_BayArea_ExactPhrase_2026,subzero refrigerator built in,Exact,Campaign negative,Deep negative filter
SZ_Search_BayArea_ExactPhrase_2026,subzero refrigerator column,Exact,Campaign negative,Deep negative filter
SZ_Search_BayArea_ExactPhrase_2026,subzero refrigerator compressor,Exact,Campaign negative,Deep negative filter
SZ_Search_BayArea_ExactPhrase_2026,subzero refrigerator cost,Exact,Campaign negative,Deep negative filter
SZ_Search_BayArea_ExactPhrase_2026,subzero refrigerator costs,Exact,Campaign negative,Deep negative filter
SZ_Search_BayArea_ExactPhrase_2026,subzero refrigerator door gasket,Exact,Campaign negative,Deep negative filter
SZ_Search_BayArea_ExactPhrase_2026,subzero refrigerator door handles,Exact,Campaign negative,Deep negative filter
SZ_Search_BayArea_ExactPhrase_2026,subzero refrigerator drain clogged,Exact,Campaign negative,Deep negative filter
SZ_Search_BayArea_ExactPhrase_2026,subzero refrigerator drawers,Exact,Campaign negative,Deep negative filter
SZ_Search_BayArea_ExactPhrase_2026,subzero refrigerator filter,Exact,Campaign negative,Deep negative filter
SZ_Search_BayArea_ExactPhrase_2026,subzero refrigerator for sale,Exact,Campaign negative,Deep negative filter
SZ_Search_BayArea_ExactPhrase_2026,subzero refrigerator freezer,Exact,Campaign negative,Deep negative filter
SZ_Search_BayArea_ExactPhrase_2026,subzero refrigerator freezer combo,Exact,Campaign negative,Deep negative filter
SZ_Search_BayArea_ExactPhrase_2026,subzero refrigerator french door,Exact,Campaign negative,Deep negative filter
SZ_Search_BayArea_ExactPhrase_2026,subzero refrigerator handles,Exact,Campaign negative,Deep negative filter
SZ_Search_BayArea_ExactPhrase_2026,subzero refrigerator height,Exact,Campaign negative,Deep negative filter
SZ_Search_BayArea_ExactPhrase_2026,subzero refrigerator light bulbs,Exact,Campaign negative,Deep negative filter
SZ_Search_BayArea_ExactPhrase_2026,subzero refrigerator near me,Exact,Campaign negative,Deep negative filter
SZ_Search_BayArea_ExactPhrase_2026,subzero refrigerator new,Exact,Campaign negative,Deep negative filter
SZ_Search_BayArea_ExactPhrase_2026,subzero refrigerator panel ready,Exact,Campaign negative,Deep negative filter
SZ_Search_BayArea_ExactPhrase_2026,subzero refrigerator price,Exact,Campaign negative,Deep negative filter
SZ_Search_BayArea_ExactPhrase_2026,subzero refrigerator prices,Exact,Campaign negative,Deep negative filter
SZ_Search_BayArea_ExactPhrase_2026,subzero refrigerator pricing,Exact,Campaign negative,Deep negative filter
SZ_Search_BayArea_ExactPhrase_2026,subzero refrigerator repair near me,Exact,Campaign negative,Deep negative filter
SZ_Search_BayArea_ExactPhrase_2026,subzero refrigerator sale,Exact,Campaign negative,Deep negative filter
SZ_Search_BayArea_ExactPhrase_2026,subzero refrigerator san diego,Exact,Campaign negative,Deep negative filter
SZ_Search_BayArea_ExactPhrase_2026,subzero refrigerator service,Exact,Campaign negative,Deep negative filter
SZ_Search_BayArea_ExactPhrase_2026,subzero refrigerator side by side,Exact,Campaign negative,Deep negative filter
SZ_Search_BayArea_ExactPhrase_2026,subzero refrigerator temperature setting,Exact,Campaign negative,Deep negative filter
SZ_Search_BayArea_ExactPhrase_2026,subzero refrigerator troubleshooting,Exact,Campaign negative,Deep negative filter
SZ_Search_BayArea_ExactPhrase_2026,subzero refrigerator water dispenser,Exact,Campaign negative,Deep negative filter
SZ_Search_BayArea_ExactPhrase_2026,subzero refrigerator water filter,Exact,Campaign negative,Deep negative filter
SZ_Search_BayArea_ExactPhrase_2026,subzero refrigerator with water dispenser,Exact,Campaign negative,Deep negative filter
SZ_Search_BayArea_ExactPhrase_2026,subzero refrigerators san diego,Exact,Campaign negative,Deep negative filter
SZ_Search_BayArea_ExactPhrase_2026,subzero seattle,Exact,Campaign negative,Deep negative filter
SZ_Search_BayArea_ExactPhrase_2026,subzero side by side fridge,Exact,Campaign negative,Deep negative filter
SZ_Search_BayArea_ExactPhrase_2026,subzero side by side fridge freezer,Exact,Campaign negative,Deep negative filter
SZ_Search_BayArea_ExactPhrase_2026,subzero side by side refrigerator,Exact,Campaign negative,Deep negative filter
SZ_Search_BayArea_ExactPhrase_2026,subzero side by side refrigerator freezer,Exact,Campaign negative,Deep negative filter
SZ_Search_BayArea_ExactPhrase_2026,subzero troubleshooting,Exact,Campaign negative,Deep negative filter
SZ_Search_BayArea_ExactPhrase_2026,subzero under counter fridge,Exact,Campaign negative,Deep negative filter
SZ_Search_BayArea_ExactPhrase_2026,subzero under counter refrigerator,Exact,Campaign negative,Deep negative filter
SZ_Search_BayArea_ExactPhrase_2026,subzero undercounter fridge,Exact,Campaign negative,Deep negative filter
SZ_Search_BayArea_ExactPhrase_2026,subzero undercounter refrigerator,Exact,Campaign negative,Deep negative filter
SZ_Search_BayArea_ExactPhrase_2026,subzero undercounter refrigerator freezer,Exact,Campaign negative,Deep negative filter
SZ_Search_BayArea_ExactPhrase_2026,subzero wine fridge,Exact,Campaign negative,Deep negative filter
SZ_Search_BayArea_ExactPhrase_2026,subzero wine fridge model 424,Exact,Campaign negative,Deep negative filter
SZ_Search_BayArea_ExactPhrase_2026,subzero wine fridge panel ready,Exact,Campaign negative,Deep negative filter
SZ_Search_BayArea_ExactPhrase_2026,subzero wine fridge under counter,Exact,Campaign negative,Deep negative filter
SZ_Search_BayArea_ExactPhrase_2026,subzero wine refrigerator,Exact,Campaign negative,Deep negative filter
SZ_Search_BayArea_ExactPhrase_2026,subzero wine storage,Exact,Campaign negative,Deep negative filter
SZ_Search_BayArea_ExactPhrase_2026,subzero wolf,Exact,Campaign negative,Deep negative filter
SZ_Search_BayArea_ExactPhrase_2026,subzero wolf and cove,Exact,Campaign negative,Deep negative filter
SZ_Search_BayArea_ExactPhrase_2026,subzero wolf appliance,Exact,Campaign negative,Deep negative filter
SZ_Search_BayArea_ExactPhrase_2026,subzero wolf appliances,Exact,Campaign negative,Deep negative filter
SZ_Search_BayArea_ExactPhrase_2026,subzero wolf com,Exact,Campaign negative,Deep negative filter
SZ_Search_BayArea_ExactPhrase_2026,subzero wolf com builtinconfigurator,Exact,Campaign negative,Deep negative filter
SZ_Search_BayArea_ExactPhrase_2026,subzero wolf com connect,Exact,Campaign negative,Deep negative filter
SZ_Search_BayArea_ExactPhrase_2026,subzero wolf com promotion,Exact,Campaign negative,Deep negative filter
SZ_Search_BayArea_ExactPhrase_2026,subzero wolf connect,Exact,Campaign negative,Deep negative filter
SZ_Search_BayArea_ExactPhrase_2026,subzero wolf cove,Exact,Campaign negative,Deep negative filter
SZ_Search_BayArea_ExactPhrase_2026,subzero wolf fridge,Exact,Campaign negative,Deep negative filter
SZ_Search_BayArea_ExactPhrase_2026,subzero wolf kitchen,Exact,Campaign negative,Deep negative filter
SZ_Search_BayArea_ExactPhrase_2026,subzero wolf mexico,Exact,Campaign negative,Deep negative filter
SZ_Search_BayArea_ExactPhrase_2026,subzero wolf near me,Exact,Campaign negative,Deep negative filter
SZ_Search_BayArea_ExactPhrase_2026,subzero wolf oven,Exact,Campaign negative,Deep negative filter
SZ_Search_BayArea_ExactPhrase_2026,subzero wolf promotions,Exact,Campaign negative,Deep negative filter
SZ_Search_BayArea_ExactPhrase_2026,subzero wolf range,Exact,Campaign negative,Deep negative filter
SZ_Search_BayArea_ExactPhrase_2026,subzero wolf refrigerator,Exact,Campaign negative,Deep negative filter
SZ_Search_BayArea_ExactPhrase_2026,subzero wolf reveal,Exact,Campaign negative,Deep negative filter
SZ_Search_BayArea_ExactPhrase_2026,subzero wolf usa,Exact,Campaign negative,Deep negative filter
SZ_Search_BayArea_ExactPhrase_2026,subzero wolf viking,Exact,Campaign negative,Deep negative filter
SZ_Search_BayArea_ExactPhrase_2026,subzero wolff,Exact,Campaign negative,Deep negative filter
SZ_Search_BayArea_ExactPhrase_2026,supermarket fridge,Phrase,Campaign negative,Deep negative filter
SZ_Search_BayArea_ExactPhrase_2026,support fridge,Phrase,Campaign negative,Deep negative filter
SZ_Search_BayArea_ExactPhrase_2026,tablet fridge,Phrase,Campaign negative,Deep negative filter
SZ_Search_BayArea_ExactPhrase_2026,tco open wolf oven,Exact,Campaign negative,Deep negative filter
SZ_Search_BayArea_ExactPhrase_2026,technician jobs,Phrase,Campaign negative,Deep negative filter
SZ_Search_BayArea_ExactPhrase_2026,temperature setting for sub zero refrigerator,Exact,Campaign negative,Deep negative filter
SZ_Search_BayArea_ExactPhrase_2026,texas,Broad,Campaign negative,Deep negative filter
SZ_Search_BayArea_ExactPhrase_2026,thermador,Phrase,Campaign negative,Deep negative filter
SZ_Search_BayArea_ExactPhrase_2026,thermador 36 inch range,Exact,Campaign negative,Deep negative filter
SZ_Search_BayArea_ExactPhrase_2026,thermador 42 inch built in refrigerator,Exact,Campaign negative,Deep negative filter
SZ_Search_BayArea_ExactPhrase_2026,thermador 42 inch side by side refrigerator,Exact,Campaign negative,Deep negative filter
SZ_Search_BayArea_ExactPhrase_2026,thermador 48 inch range,Exact,Campaign negative,Deep negative filter
SZ_Search_BayArea_ExactPhrase_2026,thermador 48 inch range top,Exact,Campaign negative,Deep negative filter
SZ_Search_BayArea_ExactPhrase_2026,thermador range 36 inch,Exact,Campaign negative,Deep negative filter
SZ_Search_BayArea_ExactPhrase_2026,thermador refrigerator,Phrase,Campaign negative,Deep negative filter
SZ_Search_BayArea_ExactPhrase_2026,thermador refrigerator 48 inch,Exact,Campaign negative,Deep negative filter
SZ_Search_BayArea_ExactPhrase_2026,touchscreen fridge,Phrase,Campaign negative,Deep negative filter
SZ_Search_BayArea_ExactPhrase_2026,toy fridge,Phrase,Campaign negative,Deep negative filter
SZ_Search_BayArea_ExactPhrase_2026,training,Broad,Campaign negative,Deep negative filter
SZ_Search_BayArea_ExactPhrase_2026,training,Phrase,Campaign negative,Deep negative filter
SZ_Search_BayArea_ExactPhrase_2026,training class,Phrase,Campaign negative,Deep negative filter
SZ_Search_BayArea_ExactPhrase_2026,trash fridge,Phrase,Campaign negative,Deep negative filter
SZ_Search_BayArea_ExactPhrase_2026,travel fridge,Phrase,Campaign negative,Deep negative filter
SZ_Search_BayArea_ExactPhrase_2026,troubleshoot sub zero ice maker,Exact,Campaign negative,Deep negative filter
SZ_Search_BayArea_ExactPhrase_2026,troubleshooting,Broad,Campaign negative,Deep negative filter
SZ_Search_BayArea_ExactPhrase_2026,troubleshooting,Phrase,Campaign negative,Deep negative filter
SZ_Search_BayArea_ExactPhrase_2026,troubleshooting fridge,Phrase,Campaign negative,Deep negative filter
SZ_Search_BayArea_ExactPhrase_2026,troubleshooting sub zero,Exact,Campaign negative,Deep negative filter
SZ_Search_BayArea_ExactPhrase_2026,troubleshooting sub zero freezer,Exact,Campaign negative,Deep negative filter
SZ_Search_BayArea_ExactPhrase_2026,troubleshooting sub zero ice maker,Exact,Campaign negative,Deep negative filter
SZ_Search_BayArea_ExactPhrase_2026,troubleshooting sub zero refrigerator,Exact,Campaign negative,Deep negative filter
SZ_Search_BayArea_ExactPhrase_2026,truck fridge,Phrase,Campaign negative,Deep negative filter
SZ_Search_BayArea_ExactPhrase_2026,tv fridge,Phrase,Campaign negative,Deep negative filter
SZ_Search_BayArea_ExactPhrase_2026,undercounter sub zero fridge,Exact,Campaign negative,Deep negative filter
SZ_Search_BayArea_ExactPhrase_2026,unlock wolf oven,Exact,Campaign negative,Deep negative filter
SZ_Search_BayArea_ExactPhrase_2026,used refrigerator,Phrase,Campaign negative,Deep negative filter
SZ_Search_BayArea_ExactPhrase_2026,used sub zero for sale,Exact,Campaign negative,Deep negative filter
SZ_Search_BayArea_ExactPhrase_2026,used sub zero fridge,Exact,Campaign negative,Deep negative filter
SZ_Search_BayArea_ExactPhrase_2026,used sub zero refrigerator,Exact,Campaign negative,Deep negative filter
SZ_Search_BayArea_ExactPhrase_2026,used sub zero refrigerator for sale,Exact,Campaign negative,Deep negative filter
SZ_Search_BayArea_ExactPhrase_2026,used subzero fridge for sale,Exact,Campaign negative,Deep negative filter
SZ_Search_BayArea_ExactPhrase_2026,used subzero refrigerator for sale,Exact,Campaign negative,Deep negative filter
SZ_Search_BayArea_ExactPhrase_2026,user manual,Phrase,Campaign negative,Deep negative filter
SZ_Search_BayArea_ExactPhrase_2026,vaccine fridge,Phrase,Campaign negative,Deep negative filter
SZ_Search_BayArea_ExactPhrase_2026,vaccine storage,Phrase,Campaign negative,Deep negative filter
SZ_Search_BayArea_ExactPhrase_2026,viking,Broad,Campaign negative,Deep negative filter
SZ_Search_BayArea_ExactPhrase_2026,viking,Phrase,Campaign negative,Deep negative filter
SZ_Search_BayArea_ExactPhrase_2026,viking refrigerator,Phrase,Campaign negative,Deep negative filter
SZ_Search_BayArea_ExactPhrase_2026,viking subzero fridge,Exact,Campaign negative,Deep negative filter
SZ_Search_BayArea_ExactPhrase_2026,viking wolf subzero,Exact,Campaign negative,Deep negative filter
SZ_Search_BayArea_ExactPhrase_2026,vintage fridge,Phrase,Campaign negative,Deep negative filter
SZ_Search_BayArea_ExactPhrase_2026,vinyl wrap fridge,Phrase,Campaign negative,Deep negative filter
SZ_Search_BayArea_ExactPhrase_2026,virtual assistant fridge,Phrase,Campaign negative,Deep negative filter
SZ_Search_BayArea_ExactPhrase_2026,voice control fridge,Phrase,Campaign negative,Deep negative filter
SZ_Search_BayArea_ExactPhrase_2026,warranty fridge,Phrase,Campaign negative,Deep negative filter
SZ_Search_BayArea_ExactPhrase_2026,water filter for sub zero fridge,Exact,Campaign negative,Deep negative filter
SZ_Search_BayArea_ExactPhrase_2026,water filter for sub zero refrigerator,Exact,Campaign negative,Deep negative filter
SZ_Search_BayArea_ExactPhrase_2026,water filter for subzero refrigerator,Exact,Campaign negative,Deep negative filter
SZ_Search_BayArea_ExactPhrase_2026,water filter sub zero refrigerator,Exact,Campaign negative,Deep negative filter
SZ_Search_BayArea_ExactPhrase_2026,water inside sub zero refrigerator,Exact,Campaign negative,Deep negative filter
SZ_Search_BayArea_ExactPhrase_2026,what do sub zero refrigerators cost,Exact,Campaign negative,Deep negative filter
SZ_Search_BayArea_ExactPhrase_2026,what is a sub zero refrigerator,Exact,Campaign negative,Deep negative filter
SZ_Search_BayArea_ExactPhrase_2026,what is a sub zero refrigerators,Exact,Campaign negative,Deep negative filter
SZ_Search_BayArea_ExactPhrase_2026,what is sub zero fridge,Exact,Campaign negative,Deep negative filter
SZ_Search_BayArea_ExactPhrase_2026,what is the cost of a sub zero refrigerator,Exact,Campaign negative,Deep negative filter
SZ_Search_BayArea_ExactPhrase_2026,what is the price of a sub zero refrigerator,Exact,Campaign negative,Deep negative filter
SZ_Search_BayArea_ExactPhrase_2026,what temperature should a sub zero refrigerator be set at,Exact,Campaign negative,Deep negative filter
SZ_Search_BayArea_ExactPhrase_2026,what temperature should a subzero refrigerator be set at,Exact,Campaign negative,Deep negative filter
SZ_Search_BayArea_ExactPhrase_2026,what temperature should my sub zero refrigerator be set at,Exact,Campaign negative,Deep negative filter
SZ_Search_BayArea_ExactPhrase_2026,where is the drain tube on my sub zero refrigerator,Exact,Campaign negative,Deep negative filter
SZ_Search_BayArea_ExactPhrase_2026,where is the serial number on my sub zero refrigerator,Exact,Campaign negative,Deep negative filter
SZ_Search_BayArea_ExactPhrase_2026,whirlpool,Broad,Campaign negative,Deep negative filter
SZ_Search_BayArea_ExactPhrase_2026,whirlpool,Phrase,Campaign negative,Deep negative filter
SZ_Search_BayArea_ExactPhrase_2026,whirlpool refrigerator,Phrase,Campaign negative,Deep negative filter
SZ_Search_BayArea_ExactPhrase_2026,white fridge,Phrase,Campaign negative,Deep negative filter
SZ_Search_BayArea_ExactPhrase_2026,white sub zero refrigerator,Exact,Campaign negative,Deep negative filter
SZ_Search_BayArea_ExactPhrase_2026,who makes sub zero fridges,Exact,Campaign negative,Deep negative filter
SZ_Search_BayArea_ExactPhrase_2026,who makes subzero refrigerators,Exact,Campaign negative,Deep negative filter
SZ_Search_BayArea_ExactPhrase_2026,who sells sub zero refrigerators,Exact,Campaign negative,Deep negative filter
SZ_Search_BayArea_ExactPhrase_2026,who sells sub zero refrigerators near me,Exact,Campaign negative,Deep negative filter
SZ_Search_BayArea_ExactPhrase_2026,wholesale,Broad,Campaign negative,Deep negative filter
SZ_Search_BayArea_ExactPhrase_2026,wholesale,Phrase,Campaign negative,Deep negative filter
SZ_Search_BayArea_ExactPhrase_2026,wholesale magnet,Phrase,Campaign negative,Deep negative filter
SZ_Search_BayArea_ExactPhrase_2026,width,Phrase,Campaign negative,Deep negative filter
SZ_Search_BayArea_ExactPhrase_2026,wifi fridge,Phrase,Campaign negative,Deep negative filter
SZ_Search_BayArea_ExactPhrase_2026,wine fridge sub zero,Exact,Campaign negative,Deep negative filter
SZ_Search_BayArea_ExactPhrase_2026,wine fridge wolf,Exact,Campaign negative,Deep negative filter
SZ_Search_BayArea_ExactPhrase_2026,wine refrigerator sub zero,Exact,Campaign negative,Deep negative filter
SZ_Search_BayArea_ExactPhrase_2026,wine storage sub zero,Exact,Campaign negative,Deep negative filter
SZ_Search_BayArea_ExactPhrase_2026,wiring diagram,Phrase,Campaign negative,Deep negative filter
SZ_Search_BayArea_ExactPhrase_2026,wolf,Phrase,Campaign negative,Deep negative filter
SZ_Search_BayArea_ExactPhrase_2026,wolf 36 refrigerator,Exact,Campaign negative,Deep negative filter
SZ_Search_BayArea_ExactPhrase_2026,wolf 40 inch gas range,Exact,Campaign negative,Deep negative filter
SZ_Search_BayArea_ExactPhrase_2026,wolf and sub zero,Exact,Campaign negative,Deep negative filter
SZ_Search_BayArea_ExactPhrase_2026,wolf and sub zero appliances,Exact,Campaign negative,Deep negative filter
SZ_Search_BayArea_ExactPhrase_2026,wolf and subzero,Exact,Campaign negative,Deep negative filter
SZ_Search_BayArea_ExactPhrase_2026,wolf appliance,Exact,Campaign negative,Deep negative filter
SZ_Search_BayArea_ExactPhrase_2026,wolf appliance company,Exact,Campaign negative,Deep negative filter
SZ_Search_BayArea_ExactPhrase_2026,wolf appliance near me,Exact,Campaign negative,Deep negative filter
SZ_Search_BayArea_ExactPhrase_2026,wolf appliances,Exact,Campaign negative,Deep negative filter
SZ_Search_BayArea_ExactPhrase_2026,wolf appliances phone number,Exact,Campaign negative,Deep negative filter
SZ_Search_BayArea_ExactPhrase_2026,wolf appliances san diego,Exact,Campaign negative,Deep negative filter
SZ_Search_BayArea_ExactPhrase_2026,wolf beverage center,Exact,Campaign negative,Deep negative filter
SZ_Search_BayArea_ExactPhrase_2026,wolf beverage fridge,Exact,Campaign negative,Deep negative filter
SZ_Search_BayArea_ExactPhrase_2026,wolf built in refrigerator,Exact,Campaign negative,Deep negative filter
SZ_Search_BayArea_ExactPhrase_2026,wolf burner igniter,Exact,Campaign negative,Deep negative filter
SZ_Search_BayArea_ExactPhrase_2026,wolf contact,Exact,Campaign negative,Deep negative filter
SZ_Search_BayArea_ExactPhrase_2026,wolf cooking,Exact,Campaign negative,Deep negative filter
SZ_Search_BayArea_ExactPhrase_2026,wolf cove sub zero,Exact,Campaign negative,Deep negative filter
SZ_Search_BayArea_ExactPhrase_2026,wolf french door refrigerator,Exact,Campaign negative,Deep negative filter
SZ_Search_BayArea_ExactPhrase_2026,wolf fridge,Exact,Campaign negative,Deep negative filter
SZ_Search_BayArea_ExactPhrase_2026,wolf fridge freezer,Exact,Campaign negative,Deep negative filter
SZ_Search_BayArea_ExactPhrase_2026,wolf fridge sub zero,Exact,Campaign negative,Deep negative filter
SZ_Search_BayArea_ExactPhrase_2026,wolf gas range troubleshooting,Exact,Campaign negative,Deep negative filter
SZ_Search_BayArea_ExactPhrase_2026,wolf help,Exact,Campaign negative,Deep negative filter
SZ_Search_BayArea_ExactPhrase_2026,wolf ice maker,Exact,Campaign negative,Deep negative filter
SZ_Search_BayArea_ExactPhrase_2026,wolf induction cooktop troubleshooting,Exact,Campaign negative,Deep negative filter
SZ_Search_BayArea_ExactPhrase_2026,wolf kitchen,Exact,Campaign negative,Deep negative filter
SZ_Search_BayArea_ExactPhrase_2026,wolf kitchen appliances near me,Exact,Campaign negative,Deep negative filter
SZ_Search_BayArea_ExactPhrase_2026,wolf kitchen usa,Exact,Campaign negative,Deep negative filter
SZ_Search_BayArea_ExactPhrase_2026,wolf oven delayed start,Exact,Campaign negative,Deep negative filter
SZ_Search_BayArea_ExactPhrase_2026,wolf oven door hinge,Exact,Campaign negative,Deep negative filter
SZ_Search_BayArea_ExactPhrase_2026,wolf oven door hinge pin,Exact,Campaign negative,Deep negative filter
SZ_Search_BayArea_ExactPhrase_2026,wolf oven enamel chipping,Exact,Campaign negative,Deep negative filter
SZ_Search_BayArea_ExactPhrase_2026,wolf oven fan keeps running,Exact,Campaign negative,Deep negative filter
SZ_Search_BayArea_ExactPhrase_2026,wolf oven pilot light,Exact,Campaign negative,Deep negative filter
SZ_Search_BayArea_ExactPhrase_2026,wolf oven red light,Exact,Campaign negative,Deep negative filter
SZ_Search_BayArea_ExactPhrase_2026,wolf oven self clean,Exact,Campaign negative,Deep negative filter
SZ_Search_BayArea_ExactPhrase_2026,wolf oven takes forever to preheat,Exact,Campaign negative,Deep negative filter
SZ_Search_BayArea_ExactPhrase_2026,wolf oven temperature calibration,Exact,Campaign negative,Deep negative filter
SZ_Search_BayArea_ExactPhrase_2026,wolf oven thermal fuse,Exact,Campaign negative,Deep negative filter
SZ_Search_BayArea_ExactPhrase_2026,wolf oven thermocouple,Exact,Campaign negative,Deep negative filter
SZ_Search_BayArea_ExactPhrase_2026,wolf oven touchpad sensor line fault,Exact,Campaign negative,Deep negative filter
SZ_Search_BayArea_ExactPhrase_2026,wolf oven troubleshooting,Exact,Campaign negative,Deep negative filter
SZ_Search_BayArea_ExactPhrase_2026,wolf oven turns on by itself,Exact,Campaign negative,Deep negative filter
SZ_Search_BayArea_ExactPhrase_2026,wolf panel ready refrigerator,Exact,Campaign negative,Deep negative filter
SZ_Search_BayArea_ExactPhrase_2026,wolf phone number,Exact,Campaign negative,Deep negative filter
SZ_Search_BayArea_ExactPhrase_2026,wolf porcelain chipping,Exact,Campaign negative,Deep negative filter
SZ_Search_BayArea_ExactPhrase_2026,wolf range flashing red light,Exact,Campaign negative,Deep negative filter
SZ_Search_BayArea_ExactPhrase_2026,wolf range knob loose,Exact,Campaign negative,Deep negative filter
SZ_Search_BayArea_ExactPhrase_2026,wolf range rubber grate feet,Exact,Campaign negative,Deep negative filter
SZ_Search_BayArea_ExactPhrase_2026,wolf range sub zero,Exact,Campaign negative,Deep negative filter
SZ_Search_BayArea_ExactPhrase_2026,wolf range troubleshooting,Exact,Campaign negative,Deep negative filter
SZ_Search_BayArea_ExactPhrase_2026,wolf refrigerator,Exact,Campaign negative,Deep negative filter
SZ_Search_BayArea_ExactPhrase_2026,wolf refrigerator,Phrase,Campaign negative,Deep negative filter
SZ_Search_BayArea_ExactPhrase_2026,wolf refrigerator price,Exact,Campaign negative,Deep negative filter
SZ_Search_BayArea_ExactPhrase_2026,wolf refrigerator sub zero,Exact,Campaign negative,Deep negative filter
SZ_Search_BayArea_ExactPhrase_2026,wolf refrigerators,Exact,Campaign negative,Deep negative filter
SZ_Search_BayArea_ExactPhrase_2026,wolf retailer,Exact,Campaign negative,Deep negative filter
SZ_Search_BayArea_ExactPhrase_2026,wolf showrooms,Exact,Campaign negative,Deep negative filter
SZ_Search_BayArea_ExactPhrase_2026,wolf stove,Exact,Campaign negative,Deep negative filter
SZ_Search_BayArea_ExactPhrase_2026,wolf stove keeps sparking,Exact,Campaign negative,Deep negative filter
SZ_Search_BayArea_ExactPhrase_2026,wolf stove top 36 inch,Exact,Campaign negative,Deep negative filter
SZ_Search_BayArea_ExactPhrase_2026,wolf stove troubleshooting,Exact,Campaign negative,Deep negative filter
SZ_Search_BayArea_ExactPhrase_2026,wolf sub,Exact,Campaign negative,Deep negative filter
SZ_Search_BayArea_ExactPhrase_2026,wolf sub zero,Exact,Campaign negative,Deep negative filter
SZ_Search_BayArea_ExactPhrase_2026,wolf sub zero and cove,Exact,Campaign negative,Deep negative filter
SZ_Search_BayArea_ExactPhrase_2026,wolf sub zero appliances,Exact,Campaign negative,Deep negative filter
SZ_Search_BayArea_ExactPhrase_2026,wolf sub zero costa mesa,Exact,Campaign negative,Deep negative filter
SZ_Search_BayArea_ExactPhrase_2026,wolf sub zero cove,Exact,Campaign negative,Deep negative filter
SZ_Search_BayArea_ExactPhrase_2026,wolf sub zero fridge,Exact,Campaign negative,Deep negative filter
SZ_Search_BayArea_ExactPhrase_2026,wolf sub zero refrigerator,Exact,Campaign negative,Deep negative filter
SZ_Search_BayArea_ExactPhrase_2026,wolf sub zero usa,Exact,Campaign negative,Deep negative filter
SZ_Search_BayArea_ExactPhrase_2026,wolf subzero,Exact,Campaign negative,Deep negative filter
SZ_Search_BayArea_ExactPhrase_2026,wolf subzero appliances,Exact,Campaign negative,Deep negative filter
SZ_Search_BayArea_ExactPhrase_2026,wolf subzero cove,Exact,Campaign negative,Deep negative filter
SZ_Search_BayArea_ExactPhrase_2026,wolf subzero fridge,Exact,Campaign negative,Deep negative filter
SZ_Search_BayArea_ExactPhrase_2026,wolf subzero prices,Exact,Campaign negative,Deep negative filter
SZ_Search_BayArea_ExactPhrase_2026,wolf subzero refrigerator,Exact,Campaign negative,Deep negative filter
SZ_Search_BayArea_ExactPhrase_2026,wolf subzero usa,Exact,Campaign negative,Deep negative filter
SZ_Search_BayArea_ExactPhrase_2026,wolf wine fridge,Exact,Campaign negative,Deep negative filter
SZ_Search_BayArea_ExactPhrase_2026,wolf wine refrigerator,Exact,Campaign negative,Deep negative filter
SZ_Search_BayArea_ExactPhrase_2026,wolff subzero,Exact,Campaign negative,Deep negative filter
SZ_Search_BayArea_ExactPhrase_2026,xbox fridge,Phrase,Campaign negative,Deep negative filter
SZ_Search_BayArea_ExactPhrase_2026,xbox mini fridge,Phrase,Campaign negative,Deep negative filter
SZ_Search_BayArea_ExactPhrase_2026,youtube,Broad,Campaign negative,Deep negative filter
SZ_Search_BayArea_ExactPhrase_2026,youtube,Phrase,Campaign negative,Deep negative filter
SZ_Search_BayArea_ExactPhrase_2026,youtube repair fridge,Phrase,Campaign negative,Deep negative filter
